

Microchip MPLAB XC8 Assembler V2.45 build 20230818022343 
                                                                                               Wed Nov 22 00:15:21 2023

Microchip MPLAB XC8 C Compiler v2.45 (Free license) build 20230818022343 Og1 
     1                           	processor	16LF18326
     2                           	pagewidth 120
     3                           	opt	flic
     4                           	psect	idataBANK1,global,class=CODE,delta=2,noexec
     5                           	psect	idataEEDATA,global,class=EEDATA,space=3,delta=2,noexec
     6                           	psect	nvBANK2,global,class=BANK2,space=1,delta=1,noexec
     7                           	psect	cinit,global,class=CODE,merge=1,delta=2
     8                           	psect	bssEEDATA,global,class=EEDATA,space=3,delta=2,noexec
     9                           	psect	dataEEDATA,global,class=EEDATA,space=3,delta=2,noexec
    10                           	psect	bssCOMMON,global,class=COMMON,space=1,delta=1,noexec
    11                           	psect	bssBANK0,global,class=BANK0,space=1,delta=1,noexec
    12                           	psect	bssBANK1,global,class=BANK1,space=1,delta=1,noexec
    13                           	psect	dataBANK1,global,class=BANK1,space=1,delta=1,noexec
    14                           	psect	bssBANK2,global,class=BANK2,space=1,delta=1,noexec
    15                           	psect	bssBANK3,global,class=BANK3,space=1,delta=1,noexec
    16                           	psect	inittext,global,class=CODE,delta=2
    17                           	psect	clrtext,global,class=CODE,delta=2
    18                           	psect	cstackBANK1,global,class=BANK1,space=1,delta=1,noexec
    19                           	psect	cstackCOMMON,global,class=COMMON,space=1,delta=1,noexec
    20                           	psect	cstackBANK0,global,class=BANK0,space=1,delta=1,noexec
    21                           	psect	maintext,global,class=CODE,merge=1,split=1,delta=2
    22                           	psect	text1,local,class=CODE,merge=1,delta=2
    23                           	psect	text2,local,class=CODE,merge=1,delta=2
    24                           	psect	text3,local,class=CODE,merge=1,delta=2
    25                           	psect	text4,local,class=CODE,merge=1,delta=2
    26                           	psect	text5,local,class=CODE,merge=1,delta=2,group=1
    27                           	psect	text6,local,class=CODE,merge=1,delta=2,group=1
    28                           	psect	text7,local,class=CODE,merge=1,delta=2,group=1
    29                           	psect	text8,local,class=CODE,merge=1,delta=2,group=1
    30                           	psect	text9,local,class=CODE,merge=1,delta=2,group=1
    31                           	psect	text10,local,class=CODE,merge=1,delta=2
    32                           	psect	text11,local,class=CODE,merge=1,delta=2
    33                           	psect	text12,local,class=CODE,merge=1,delta=2
    34                           	psect	text13,local,class=CODE,merge=1,delta=2
    35                           	psect	text14,local,class=CODE,merge=1,delta=2
    36                           	psect	text15,local,class=CODE,merge=1,delta=2
    37                           	psect	text16,local,class=CODE,merge=1,delta=2
    38                           	psect	text17,local,class=CODE,merge=1,delta=2
    39                           	psect	text18,local,class=CODE,merge=1,delta=2
    40                           	psect	text19,local,class=CODE,merge=1,delta=2
    41                           	psect	text20,local,class=CODE,merge=1,delta=2
    42                           	psect	text21,local,class=CODE,merge=1,delta=2
    43                           	psect	text22,local,class=CODE,merge=1,delta=2
    44                           	psect	text23,local,class=CODE,merge=1,inline,delta=2
    45                           	psect	text24,local,class=CODE,merge=1,inline,delta=2
    46                           	psect	text25,local,class=CODE,merge=1,delta=2
    47                           	psect	text26,local,class=CODE,merge=1,delta=2
    48                           	psect	text27,local,class=CODE,merge=1,delta=2
    49                           	psect	text28,local,class=CODE,merge=1,delta=2
    50                           	psect	text29,local,class=CODE,merge=1,inline,delta=2
    51                           	psect	text30,local,class=CODE,merge=1,inline,delta=2
    52                           	psect	text31,local,class=CODE,merge=1,delta=2
    53                           	psect	text32,local,class=CODE,merge=1,delta=2
    54                           	psect	text33,local,class=CODE,merge=1,delta=2
    55                           	psect	text34,local,class=CODE,merge=1,delta=2
    56                           	psect	text35,local,class=CODE,merge=1,delta=2
    57                           	psect	text36,local,class=CODE,merge=1,delta=2
    58                           	psect	text37,local,class=CODE,merge=1,delta=2
    59                           	psect	text38,local,class=CODE,merge=1,delta=2,group=1
    60                           	psect	text39,local,class=CODE,merge=1,delta=2,group=1
    61                           	psect	text40,local,class=CODE,merge=1,delta=2,group=1
    62                           	psect	text41,local,class=CODE,merge=1,delta=2
    63                           	psect	text42,local,class=CODE,merge=1,delta=2
    64                           	psect	text43,local,class=CODE,merge=1,delta=2
    65                           	psect	text44,local,class=CODE,merge=1,delta=2
    66                           	psect	text45,local,class=CODE,merge=1,delta=2,group=1
    67                           	psect	intentry,global,class=CODE,delta=2
    68                           	psect	text47,local,class=CODE,merge=1,delta=2
    69                           	psect	text48,local,class=CODE,merge=1,delta=2
    70                           	psect	text49,local,class=CODE,merge=1,delta=2
    71                           	psect	text50,local,class=CODE,merge=1,delta=2
    72                           	psect	text51,local,class=CODE,merge=1,delta=2
    73                           	psect	text52,local,class=CODE,merge=1,delta=2
    74                           	psect	text53,local,class=CODE,merge=1,delta=2
    75                           	psect	text54,local,class=CODE,merge=1,delta=2
    76                           	psect	text55,local,class=CODE,merge=1,inline,delta=2
    77                           	psect	text56,local,class=CODE,merge=1,inline,delta=2
    78                           	psect	text57,local,class=CODE,merge=1,delta=2
    79                           	psect	text58,local,class=CODE,merge=1,delta=2
    80                           	psect	text59,local,class=CODE,merge=1,delta=2
    81                           	psect	text60,local,class=CODE,merge=1,delta=2
    82                           	psect	text61,local,class=CODE,merge=1,delta=2
    83                           	psect	text62,local,class=CODE,merge=1,inline,delta=2
    84                           	psect	text63,local,class=CODE,merge=1,inline,delta=2
    85                           	psect	text64,local,class=CODE,merge=1,inline,delta=2
    86                           	psect	text65,local,class=CODE,merge=1,inline,delta=2
    87                           	psect	text66,local,class=CODE,merge=1,inline,delta=2
    88                           	psect	text67,local,class=CODE,merge=1,delta=2
    89                           	psect	text68,local,class=CODE,merge=1,delta=2
    90                           	psect	text69,local,class=CODE,merge=1,delta=2
    91                           	psect	text70,local,class=CODE,merge=1,delta=2
    92                           	psect	text71,local,class=CODE,merge=1,inline,delta=2
    93                           	psect	idloc,global,abs,ovrld,class=IDLOC,space=5,delta=2,noexec
    94                           	psect	config,global,abs,ovrld,class=CONFIG,space=4,delta=2,noexec
    95                           	dabs	1,0xCA0,32
    96                           	dabs	1,0xC20,80
    97                           	dabs	1,0xBA0,80
    98                           	dabs	1,0xB20,80
    99                           	dabs	1,0xAC0,48
   100                           	dabs	1,0x26B0,0,_Line_Data
   101                           	dabs	1,0x7E,2
   102     0000                     
   103                           ; Generated 21/06/2023 GMT
   104                           ; 
   105                           ; Copyright © 2023, Microchip Technology Inc. and its subsidiaries ("Microchip")
   106                           ; All rights reserved.
   107                           ; 
   108                           ; This software is developed by Microchip Technology Inc. and its subsidiaries ("Microch
      +                          ip").
   109                           ; 
   110                           ; Redistribution and use in source and binary forms, with or without modification, are
   111                           ; permitted provided that the following conditions are met:
   112                           ; 
   113                           ;     1. Redistributions of source code must retain the above copyright notice, this lis
      +                          t of
   114                           ;        conditions and the following disclaimer.
   115                           ; 
   116                           ;     2. Redistributions in binary form must reproduce the above copyright notice, this 
      +                          list
   117                           ;        of conditions and the following disclaimer in the documentation and/or other
   118                           ;        materials provided with the distribution. Publication is not required when
   119                           ;        this file is used in an embedded application.
   120                           ; 
   121                           ;     3. Microchip's name may not be used to endorse or promote products derived from th
      +                          is
   122                           ;        software without specific prior written permission.
   123                           ; 
   124                           ; THIS SOFTWARE IS PROVIDED BY MICROCHIP "AS IS" AND ANY EXPRESS OR IMPLIED WARRANTIES,
   125                           ; INCLUDING, BUT NOT LIMITED TO, THE IMPLIED WARRANTIES OF MERCHANTABILITY AND FITNESS F
      +                          OR
   126                           ; PURPOSE ARE DISCLAIMED.  IN NO EVENT SHALL MICROCHIP BE LIABLE FOR ANY DIRECT, INDIREC
      +                          T,
   127                           ; INCIDENTAL, SPECIAL, EXEMPLARY, OR CONSEQUENTIAL DAMAGES (INCLUDING BUT NOT LIMITED TO
   128                           ; PROCUREMENT OF SUBSTITUTE GOODS OR SERVICES; LOSS OF USE, DATA OR PROFITS; OR BUSINESS
   129                           ; INTERRUPTION) HOWSOEVER CAUSED AND ON ANY THEORY OF LIABILITY, WHETHER IN CONTRACT, ST
      +                          RICT
   130                           ; LIABILITY, OR TORT (INCLUDING NEGLIGENCE OR OTHERWISE) ARISING IN ANY WAY OUT OF THE U
      +                          SE OF
   131                           ; THIS SOFTWARE, EVEN IF ADVISED OF THE POSSIBILITY OF SUCH DAMAGE.
   132                           ; 
   133                           ; 
   134                           ; Code-generator required, PIC16LF18326 Definitions
   135                           ; 
   136                           ; SFR Addresses
   137     0000                     	;# 
   138     0001                     	;# 
   139     0002                     	;# 
   140     0003                     	;# 
   141     0004                     	;# 
   142     0005                     	;# 
   143     0006                     	;# 
   144     0007                     	;# 
   145     0008                     	;# 
   146     0009                     	;# 
   147     000A                     	;# 
   148     000B                     	;# 
   149     000C                     	;# 
   150     000E                     	;# 
   151     0010                     	;# 
   152     0011                     	;# 
   153     0012                     	;# 
   154     0013                     	;# 
   155     0014                     	;# 
   156     0015                     	;# 
   157     0015                     	;# 
   158     0016                     	;# 
   159     0016                     	;# 
   160     0017                     	;# 
   161     0018                     	;# 
   162     0019                     	;# 
   163     0019                     	;# 
   164     001A                     	;# 
   165     001B                     	;# 
   166     001C                     	;# 
   167     001D                     	;# 
   168     001E                     	;# 
   169     001F                     	;# 
   170     008C                     	;# 
   171     008E                     	;# 
   172     0090                     	;# 
   173     0091                     	;# 
   174     0092                     	;# 
   175     0093                     	;# 
   176     0094                     	;# 
   177     0097                     	;# 
   178     009B                     	;# 
   179     009B                     	;# 
   180     009C                     	;# 
   181     009D                     	;# 
   182     009E                     	;# 
   183     009F                     	;# 
   184     010C                     	;# 
   185     010E                     	;# 
   186     0111                     	;# 
   187     0112                     	;# 
   188     0113                     	;# 
   189     0114                     	;# 
   190     0115                     	;# 
   191     0116                     	;# 
   192     0117                     	;# 
   193     0118                     	;# 
   194     0119                     	;# 
   195     018C                     	;# 
   196     018E                     	;# 
   197     0199                     	;# 
   198     0199                     	;# 
   199     0199                     	;# 
   200     019A                     	;# 
   201     019A                     	;# 
   202     019A                     	;# 
   203     019B                     	;# 
   204     019B                     	;# 
   205     019B                     	;# 
   206     019B                     	;# 
   207     019B                     	;# 
   208     019C                     	;# 
   209     019C                     	;# 
   210     019C                     	;# 
   211     019D                     	;# 
   212     019D                     	;# 
   213     019D                     	;# 
   214     019E                     	;# 
   215     019E                     	;# 
   216     019E                     	;# 
   217     019F                     	;# 
   218     019F                     	;# 
   219     019F                     	;# 
   220     019F                     	;# 
   221     019F                     	;# 
   222     020C                     	;# 
   223     020E                     	;# 
   224     0211                     	;# 
   225     0211                     	;# 
   226     0212                     	;# 
   227     0212                     	;# 
   228     0213                     	;# 
   229     0213                     	;# 
   230     0214                     	;# 
   231     0214                     	;# 
   232     0215                     	;# 
   233     0215                     	;# 
   234     0215                     	;# 
   235     0215                     	;# 
   236     0216                     	;# 
   237     0216                     	;# 
   238     0217                     	;# 
   239     0217                     	;# 
   240     0219                     	;# 
   241     021A                     	;# 
   242     021B                     	;# 
   243     021C                     	;# 
   244     021D                     	;# 
   245     021D                     	;# 
   246     021E                     	;# 
   247     021F                     	;# 
   248     028C                     	;# 
   249     028E                     	;# 
   250     0291                     	;# 
   251     0291                     	;# 
   252     0292                     	;# 
   253     0293                     	;# 
   254     0294                     	;# 
   255     0295                     	;# 
   256     0295                     	;# 
   257     0296                     	;# 
   258     0297                     	;# 
   259     0298                     	;# 
   260     029F                     	;# 
   261     030C                     	;# 
   262     030E                     	;# 
   263     0311                     	;# 
   264     0311                     	;# 
   265     0312                     	;# 
   266     0313                     	;# 
   267     0314                     	;# 
   268     0315                     	;# 
   269     0315                     	;# 
   270     0316                     	;# 
   271     0317                     	;# 
   272     0318                     	;# 
   273     038C                     	;# 
   274     038E                     	;# 
   275     0391                     	;# 
   276     0392                     	;# 
   277     0393                     	;# 
   278     0397                     	;# 
   279     0398                     	;# 
   280     0399                     	;# 
   281     039A                     	;# 
   282     039C                     	;# 
   283     039D                     	;# 
   284     039E                     	;# 
   285     039F                     	;# 
   286     0411                     	;# 
   287     0411                     	;# 
   288     0412                     	;# 
   289     0413                     	;# 
   290     0414                     	;# 
   291     0415                     	;# 
   292     0416                     	;# 
   293     0417                     	;# 
   294     0418                     	;# 
   295     0418                     	;# 
   296     0419                     	;# 
   297     041A                     	;# 
   298     041B                     	;# 
   299     041C                     	;# 
   300     041D                     	;# 
   301     041E                     	;# 
   302     041F                     	;# 
   303     0498                     	;# 
   304     0498                     	;# 
   305     0499                     	;# 
   306     049A                     	;# 
   307     049B                     	;# 
   308     049B                     	;# 
   309     049C                     	;# 
   310     049D                     	;# 
   311     049E                     	;# 
   312     049F                     	;# 
   313     0617                     	;# 
   314     0618                     	;# 
   315     0619                     	;# 
   316     0619                     	;# 
   317     061A                     	;# 
   318     061B                     	;# 
   319     061C                     	;# 
   320     061C                     	;# 
   321     061F                     	;# 
   322     0691                     	;# 
   323     0692                     	;# 
   324     0693                     	;# 
   325     0694                     	;# 
   326     0695                     	;# 
   327     0696                     	;# 
   328     0697                     	;# 
   329     0698                     	;# 
   330     0699                     	;# 
   331     0711                     	;# 
   332     0712                     	;# 
   333     0713                     	;# 
   334     0714                     	;# 
   335     0715                     	;# 
   336     0716                     	;# 
   337     0717                     	;# 
   338     0718                     	;# 
   339     0719                     	;# 
   340     0891                     	;# 
   341     0891                     	;# 
   342     0891                     	;# 
   343     0891                     	;# 
   344     0891                     	;# 
   345     0891                     	;# 
   346     0892                     	;# 
   347     0892                     	;# 
   348     0892                     	;# 
   349     0893                     	;# 
   350     0893                     	;# 
   351     0893                     	;# 
   352     0893                     	;# 
   353     0893                     	;# 
   354     0893                     	;# 
   355     0894                     	;# 
   356     0894                     	;# 
   357     0894                     	;# 
   358     0895                     	;# 
   359     0895                     	;# 
   360     0895                     	;# 
   361     0896                     	;# 
   362     0896                     	;# 
   363     0896                     	;# 
   364     089B                     	;# 
   365     0911                     	;# 
   366     0912                     	;# 
   367     0913                     	;# 
   368     0914                     	;# 
   369     0915                     	;# 
   370     0916                     	;# 
   371     0918                     	;# 
   372     0919                     	;# 
   373     091A                     	;# 
   374     091B                     	;# 
   375     091C                     	;# 
   376     091D                     	;# 
   377     091E                     	;# 
   378     091F                     	;# 
   379     0E0F                     	;# 
   380     0E10                     	;# 
   381     0E11                     	;# 
   382     0E12                     	;# 
   383     0E13                     	;# 
   384     0E14                     	;# 
   385     0E15                     	;# 
   386     0E16                     	;# 
   387     0E17                     	;# 
   388     0E18                     	;# 
   389     0E19                     	;# 
   390     0E1A                     	;# 
   391     0E1B                     	;# 
   392     0E1C                     	;# 
   393     0E1D                     	;# 
   394     0E1E                     	;# 
   395     0E1F                     	;# 
   396     0E20                     	;# 
   397     0E21                     	;# 
   398     0E22                     	;# 
   399     0E24                     	;# 
   400     0E25                     	;# 
   401     0E28                     	;# 
   402     0E29                     	;# 
   403     0E2A                     	;# 
   404     0E2B                     	;# 
   405     0E2C                     	;# 
   406     0E2D                     	;# 
   407     0E2E                     	;# 
   408     0E2F                     	;# 
   409     0E90                     	;# 
   410     0E91                     	;# 
   411     0E92                     	;# 
   412     0E94                     	;# 
   413     0E95                     	;# 
   414     0EA0                     	;# 
   415     0EA1                     	;# 
   416     0EA2                     	;# 
   417     0EA3                     	;# 
   418     0EA4                     	;# 
   419     0EA5                     	;# 
   420     0F0F                     	;# 
   421     0F10                     	;# 
   422     0F11                     	;# 
   423     0F12                     	;# 
   424     0F13                     	;# 
   425     0F14                     	;# 
   426     0F15                     	;# 
   427     0F16                     	;# 
   428     0F17                     	;# 
   429     0F18                     	;# 
   430     0F19                     	;# 
   431     0F1A                     	;# 
   432     0F1B                     	;# 
   433     0F1C                     	;# 
   434     0F1D                     	;# 
   435     0F1E                     	;# 
   436     0F1F                     	;# 
   437     0F20                     	;# 
   438     0F21                     	;# 
   439     0F22                     	;# 
   440     0F23                     	;# 
   441     0F24                     	;# 
   442     0F25                     	;# 
   443     0F26                     	;# 
   444     0F27                     	;# 
   445     0F28                     	;# 
   446     0F29                     	;# 
   447     0F2A                     	;# 
   448     0F2B                     	;# 
   449     0F2C                     	;# 
   450     0F2D                     	;# 
   451     0F2E                     	;# 
   452     0F2F                     	;# 
   453     0F30                     	;# 
   454     0F31                     	;# 
   455     0F32                     	;# 
   456     0F33                     	;# 
   457     0F34                     	;# 
   458     0F35                     	;# 
   459     0F36                     	;# 
   460     0F37                     	;# 
   461     0FE4                     	;# 
   462     0FE5                     	;# 
   463     0FE6                     	;# 
   464     0FE7                     	;# 
   465     0FE8                     	;# 
   466     0FE9                     	;# 
   467     0FEA                     	;# 
   468     0FEB                     	;# 
   469     0FED                     	;# 
   470     0FEE                     	;# 
   471     0FEF                     	;# 
   472     0000                     	;# 
   473     0001                     	;# 
   474     0002                     	;# 
   475     0003                     	;# 
   476     0004                     	;# 
   477     0005                     	;# 
   478     0006                     	;# 
   479     0007                     	;# 
   480     0008                     	;# 
   481     0009                     	;# 
   482     000A                     	;# 
   483     000B                     	;# 
   484     000C                     	;# 
   485     000E                     	;# 
   486     0010                     	;# 
   487     0011                     	;# 
   488     0012                     	;# 
   489     0013                     	;# 
   490     0014                     	;# 
   491     0015                     	;# 
   492     0015                     	;# 
   493     0016                     	;# 
   494     0016                     	;# 
   495     0017                     	;# 
   496     0018                     	;# 
   497     0019                     	;# 
   498     0019                     	;# 
   499     001A                     	;# 
   500     001B                     	;# 
   501     001C                     	;# 
   502     001D                     	;# 
   503     001E                     	;# 
   504     001F                     	;# 
   505     008C                     	;# 
   506     008E                     	;# 
   507     0090                     	;# 
   508     0091                     	;# 
   509     0092                     	;# 
   510     0093                     	;# 
   511     0094                     	;# 
   512     0097                     	;# 
   513     009B                     	;# 
   514     009B                     	;# 
   515     009C                     	;# 
   516     009D                     	;# 
   517     009E                     	;# 
   518     009F                     	;# 
   519     010C                     	;# 
   520     010E                     	;# 
   521     0111                     	;# 
   522     0112                     	;# 
   523     0113                     	;# 
   524     0114                     	;# 
   525     0115                     	;# 
   526     0116                     	;# 
   527     0117                     	;# 
   528     0118                     	;# 
   529     0119                     	;# 
   530     018C                     	;# 
   531     018E                     	;# 
   532     0199                     	;# 
   533     0199                     	;# 
   534     0199                     	;# 
   535     019A                     	;# 
   536     019A                     	;# 
   537     019A                     	;# 
   538     019B                     	;# 
   539     019B                     	;# 
   540     019B                     	;# 
   541     019B                     	;# 
   542     019B                     	;# 
   543     019C                     	;# 
   544     019C                     	;# 
   545     019C                     	;# 
   546     019D                     	;# 
   547     019D                     	;# 
   548     019D                     	;# 
   549     019E                     	;# 
   550     019E                     	;# 
   551     019E                     	;# 
   552     019F                     	;# 
   553     019F                     	;# 
   554     019F                     	;# 
   555     019F                     	;# 
   556     019F                     	;# 
   557     020C                     	;# 
   558     020E                     	;# 
   559     0211                     	;# 
   560     0211                     	;# 
   561     0212                     	;# 
   562     0212                     	;# 
   563     0213                     	;# 
   564     0213                     	;# 
   565     0214                     	;# 
   566     0214                     	;# 
   567     0215                     	;# 
   568     0215                     	;# 
   569     0215                     	;# 
   570     0215                     	;# 
   571     0216                     	;# 
   572     0216                     	;# 
   573     0217                     	;# 
   574     0217                     	;# 
   575     0219                     	;# 
   576     021A                     	;# 
   577     021B                     	;# 
   578     021C                     	;# 
   579     021D                     	;# 
   580     021D                     	;# 
   581     021E                     	;# 
   582     021F                     	;# 
   583     028C                     	;# 
   584     028E                     	;# 
   585     0291                     	;# 
   586     0291                     	;# 
   587     0292                     	;# 
   588     0293                     	;# 
   589     0294                     	;# 
   590     0295                     	;# 
   591     0295                     	;# 
   592     0296                     	;# 
   593     0297                     	;# 
   594     0298                     	;# 
   595     029F                     	;# 
   596     030C                     	;# 
   597     030E                     	;# 
   598     0311                     	;# 
   599     0311                     	;# 
   600     0312                     	;# 
   601     0313                     	;# 
   602     0314                     	;# 
   603     0315                     	;# 
   604     0315                     	;# 
   605     0316                     	;# 
   606     0317                     	;# 
   607     0318                     	;# 
   608     038C                     	;# 
   609     038E                     	;# 
   610     0391                     	;# 
   611     0392                     	;# 
   612     0393                     	;# 
   613     0397                     	;# 
   614     0398                     	;# 
   615     0399                     	;# 
   616     039A                     	;# 
   617     039C                     	;# 
   618     039D                     	;# 
   619     039E                     	;# 
   620     039F                     	;# 
   621     0411                     	;# 
   622     0411                     	;# 
   623     0412                     	;# 
   624     0413                     	;# 
   625     0414                     	;# 
   626     0415                     	;# 
   627     0416                     	;# 
   628     0417                     	;# 
   629     0418                     	;# 
   630     0418                     	;# 
   631     0419                     	;# 
   632     041A                     	;# 
   633     041B                     	;# 
   634     041C                     	;# 
   635     041D                     	;# 
   636     041E                     	;# 
   637     041F                     	;# 
   638     0498                     	;# 
   639     0498                     	;# 
   640     0499                     	;# 
   641     049A                     	;# 
   642     049B                     	;# 
   643     049B                     	;# 
   644     049C                     	;# 
   645     049D                     	;# 
   646     049E                     	;# 
   647     049F                     	;# 
   648     0617                     	;# 
   649     0618                     	;# 
   650     0619                     	;# 
   651     0619                     	;# 
   652     061A                     	;# 
   653     061B                     	;# 
   654     061C                     	;# 
   655     061C                     	;# 
   656     061F                     	;# 
   657     0691                     	;# 
   658     0692                     	;# 
   659     0693                     	;# 
   660     0694                     	;# 
   661     0695                     	;# 
   662     0696                     	;# 
   663     0697                     	;# 
   664     0698                     	;# 
   665     0699                     	;# 
   666     0711                     	;# 
   667     0712                     	;# 
   668     0713                     	;# 
   669     0714                     	;# 
   670     0715                     	;# 
   671     0716                     	;# 
   672     0717                     	;# 
   673     0718                     	;# 
   674     0719                     	;# 
   675     0891                     	;# 
   676     0891                     	;# 
   677     0891                     	;# 
   678     0891                     	;# 
   679     0891                     	;# 
   680     0891                     	;# 
   681     0892                     	;# 
   682     0892                     	;# 
   683     0892                     	;# 
   684     0893                     	;# 
   685     0893                     	;# 
   686     0893                     	;# 
   687     0893                     	;# 
   688     0893                     	;# 
   689     0893                     	;# 
   690     0894                     	;# 
   691     0894                     	;# 
   692     0894                     	;# 
   693     0895                     	;# 
   694     0895                     	;# 
   695     0895                     	;# 
   696     0896                     	;# 
   697     0896                     	;# 
   698     0896                     	;# 
   699     089B                     	;# 
   700     0911                     	;# 
   701     0912                     	;# 
   702     0913                     	;# 
   703     0914                     	;# 
   704     0915                     	;# 
   705     0916                     	;# 
   706     0918                     	;# 
   707     0919                     	;# 
   708     091A                     	;# 
   709     091B                     	;# 
   710     091C                     	;# 
   711     091D                     	;# 
   712     091E                     	;# 
   713     091F                     	;# 
   714     0E0F                     	;# 
   715     0E10                     	;# 
   716     0E11                     	;# 
   717     0E12                     	;# 
   718     0E13                     	;# 
   719     0E14                     	;# 
   720     0E15                     	;# 
   721     0E16                     	;# 
   722     0E17                     	;# 
   723     0E18                     	;# 
   724     0E19                     	;# 
   725     0E1A                     	;# 
   726     0E1B                     	;# 
   727     0E1C                     	;# 
   728     0E1D                     	;# 
   729     0E1E                     	;# 
   730     0E1F                     	;# 
   731     0E20                     	;# 
   732     0E21                     	;# 
   733     0E22                     	;# 
   734     0E24                     	;# 
   735     0E25                     	;# 
   736     0E28                     	;# 
   737     0E29                     	;# 
   738     0E2A                     	;# 
   739     0E2B                     	;# 
   740     0E2C                     	;# 
   741     0E2D                     	;# 
   742     0E2E                     	;# 
   743     0E2F                     	;# 
   744     0E90                     	;# 
   745     0E91                     	;# 
   746     0E92                     	;# 
   747     0E94                     	;# 
   748     0E95                     	;# 
   749     0EA0                     	;# 
   750     0EA1                     	;# 
   751     0EA2                     	;# 
   752     0EA3                     	;# 
   753     0EA4                     	;# 
   754     0EA5                     	;# 
   755     0F0F                     	;# 
   756     0F10                     	;# 
   757     0F11                     	;# 
   758     0F12                     	;# 
   759     0F13                     	;# 
   760     0F14                     	;# 
   761     0F15                     	;# 
   762     0F16                     	;# 
   763     0F17                     	;# 
   764     0F18                     	;# 
   765     0F19                     	;# 
   766     0F1A                     	;# 
   767     0F1B                     	;# 
   768     0F1C                     	;# 
   769     0F1D                     	;# 
   770     0F1E                     	;# 
   771     0F1F                     	;# 
   772     0F20                     	;# 
   773     0F21                     	;# 
   774     0F22                     	;# 
   775     0F23                     	;# 
   776     0F24                     	;# 
   777     0F25                     	;# 
   778     0F26                     	;# 
   779     0F27                     	;# 
   780     0F28                     	;# 
   781     0F29                     	;# 
   782     0F2A                     	;# 
   783     0F2B                     	;# 
   784     0F2C                     	;# 
   785     0F2D                     	;# 
   786     0F2E                     	;# 
   787     0F2F                     	;# 
   788     0F30                     	;# 
   789     0F31                     	;# 
   790     0F32                     	;# 
   791     0F33                     	;# 
   792     0F34                     	;# 
   793     0F35                     	;# 
   794     0F36                     	;# 
   795     0F37                     	;# 
   796     0FE4                     	;# 
   797     0FE5                     	;# 
   798     0FE6                     	;# 
   799     0FE7                     	;# 
   800     0FE8                     	;# 
   801     0FE9                     	;# 
   802     0FEA                     	;# 
   803     0FEB                     	;# 
   804     0FED                     	;# 
   805     0FEE                     	;# 
   806     0FEF                     	;# 
   807     0000                     	;# 
   808     0001                     	;# 
   809     0002                     	;# 
   810     0003                     	;# 
   811     0004                     	;# 
   812     0005                     	;# 
   813     0006                     	;# 
   814     0007                     	;# 
   815     0008                     	;# 
   816     0009                     	;# 
   817     000A                     	;# 
   818     000B                     	;# 
   819     000C                     	;# 
   820     000E                     	;# 
   821     0010                     	;# 
   822     0011                     	;# 
   823     0012                     	;# 
   824     0013                     	;# 
   825     0014                     	;# 
   826     0015                     	;# 
   827     0015                     	;# 
   828     0016                     	;# 
   829     0016                     	;# 
   830     0017                     	;# 
   831     0018                     	;# 
   832     0019                     	;# 
   833     0019                     	;# 
   834     001A                     	;# 
   835     001B                     	;# 
   836     001C                     	;# 
   837     001D                     	;# 
   838     001E                     	;# 
   839     001F                     	;# 
   840     008C                     	;# 
   841     008E                     	;# 
   842     0090                     	;# 
   843     0091                     	;# 
   844     0092                     	;# 
   845     0093                     	;# 
   846     0094                     	;# 
   847     0097                     	;# 
   848     009B                     	;# 
   849     009B                     	;# 
   850     009C                     	;# 
   851     009D                     	;# 
   852     009E                     	;# 
   853     009F                     	;# 
   854     010C                     	;# 
   855     010E                     	;# 
   856     0111                     	;# 
   857     0112                     	;# 
   858     0113                     	;# 
   859     0114                     	;# 
   860     0115                     	;# 
   861     0116                     	;# 
   862     0117                     	;# 
   863     0118                     	;# 
   864     0119                     	;# 
   865     018C                     	;# 
   866     018E                     	;# 
   867     0199                     	;# 
   868     0199                     	;# 
   869     0199                     	;# 
   870     019A                     	;# 
   871     019A                     	;# 
   872     019A                     	;# 
   873     019B                     	;# 
   874     019B                     	;# 
   875     019B                     	;# 
   876     019B                     	;# 
   877     019B                     	;# 
   878     019C                     	;# 
   879     019C                     	;# 
   880     019C                     	;# 
   881     019D                     	;# 
   882     019D                     	;# 
   883     019D                     	;# 
   884     019E                     	;# 
   885     019E                     	;# 
   886     019E                     	;# 
   887     019F                     	;# 
   888     019F                     	;# 
   889     019F                     	;# 
   890     019F                     	;# 
   891     019F                     	;# 
   892     020C                     	;# 
   893     020E                     	;# 
   894     0211                     	;# 
   895     0211                     	;# 
   896     0212                     	;# 
   897     0212                     	;# 
   898     0213                     	;# 
   899     0213                     	;# 
   900     0214                     	;# 
   901     0214                     	;# 
   902     0215                     	;# 
   903     0215                     	;# 
   904     0215                     	;# 
   905     0215                     	;# 
   906     0216                     	;# 
   907     0216                     	;# 
   908     0217                     	;# 
   909     0217                     	;# 
   910     0219                     	;# 
   911     021A                     	;# 
   912     021B                     	;# 
   913     021C                     	;# 
   914     021D                     	;# 
   915     021D                     	;# 
   916     021E                     	;# 
   917     021F                     	;# 
   918     028C                     	;# 
   919     028E                     	;# 
   920     0291                     	;# 
   921     0291                     	;# 
   922     0292                     	;# 
   923     0293                     	;# 
   924     0294                     	;# 
   925     0295                     	;# 
   926     0295                     	;# 
   927     0296                     	;# 
   928     0297                     	;# 
   929     0298                     	;# 
   930     029F                     	;# 
   931     030C                     	;# 
   932     030E                     	;# 
   933     0311                     	;# 
   934     0311                     	;# 
   935     0312                     	;# 
   936     0313                     	;# 
   937     0314                     	;# 
   938     0315                     	;# 
   939     0315                     	;# 
   940     0316                     	;# 
   941     0317                     	;# 
   942     0318                     	;# 
   943     038C                     	;# 
   944     038E                     	;# 
   945     0391                     	;# 
   946     0392                     	;# 
   947     0393                     	;# 
   948     0397                     	;# 
   949     0398                     	;# 
   950     0399                     	;# 
   951     039A                     	;# 
   952     039C                     	;# 
   953     039D                     	;# 
   954     039E                     	;# 
   955     039F                     	;# 
   956     0411                     	;# 
   957     0411                     	;# 
   958     0412                     	;# 
   959     0413                     	;# 
   960     0414                     	;# 
   961     0415                     	;# 
   962     0416                     	;# 
   963     0417                     	;# 
   964     0418                     	;# 
   965     0418                     	;# 
   966     0419                     	;# 
   967     041A                     	;# 
   968     041B                     	;# 
   969     041C                     	;# 
   970     041D                     	;# 
   971     041E                     	;# 
   972     041F                     	;# 
   973     0498                     	;# 
   974     0498                     	;# 
   975     0499                     	;# 
   976     049A                     	;# 
   977     049B                     	;# 
   978     049B                     	;# 
   979     049C                     	;# 
   980     049D                     	;# 
   981     049E                     	;# 
   982     049F                     	;# 
   983     0617                     	;# 
   984     0618                     	;# 
   985     0619                     	;# 
   986     0619                     	;# 
   987     061A                     	;# 
   988     061B                     	;# 
   989     061C                     	;# 
   990     061C                     	;# 
   991     061F                     	;# 
   992     0691                     	;# 
   993     0692                     	;# 
   994     0693                     	;# 
   995     0694                     	;# 
   996     0695                     	;# 
   997     0696                     	;# 
   998     0697                     	;# 
   999     0698                     	;# 
  1000     0699                     	;# 
  1001     0711                     	;# 
  1002     0712                     	;# 
  1003     0713                     	;# 
  1004     0714                     	;# 
  1005     0715                     	;# 
  1006     0716                     	;# 
  1007     0717                     	;# 
  1008     0718                     	;# 
  1009     0719                     	;# 
  1010     0891                     	;# 
  1011     0891                     	;# 
  1012     0891                     	;# 
  1013     0891                     	;# 
  1014     0891                     	;# 
  1015     0891                     	;# 
  1016     0892                     	;# 
  1017     0892                     	;# 
  1018     0892                     	;# 
  1019     0893                     	;# 
  1020     0893                     	;# 
  1021     0893                     	;# 
  1022     0893                     	;# 
  1023     0893                     	;# 
  1024     0893                     	;# 
  1025     0894                     	;# 
  1026     0894                     	;# 
  1027     0894                     	;# 
  1028     0895                     	;# 
  1029     0895                     	;# 
  1030     0895                     	;# 
  1031     0896                     	;# 
  1032     0896                     	;# 
  1033     0896                     	;# 
  1034     089B                     	;# 
  1035     0911                     	;# 
  1036     0912                     	;# 
  1037     0913                     	;# 
  1038     0914                     	;# 
  1039     0915                     	;# 
  1040     0916                     	;# 
  1041     0918                     	;# 
  1042     0919                     	;# 
  1043     091A                     	;# 
  1044     091B                     	;# 
  1045     091C                     	;# 
  1046     091D                     	;# 
  1047     091E                     	;# 
  1048     091F                     	;# 
  1049     0E0F                     	;# 
  1050     0E10                     	;# 
  1051     0E11                     	;# 
  1052     0E12                     	;# 
  1053     0E13                     	;# 
  1054     0E14                     	;# 
  1055     0E15                     	;# 
  1056     0E16                     	;# 
  1057     0E17                     	;# 
  1058     0E18                     	;# 
  1059     0E19                     	;# 
  1060     0E1A                     	;# 
  1061     0E1B                     	;# 
  1062     0E1C                     	;# 
  1063     0E1D                     	;# 
  1064     0E1E                     	;# 
  1065     0E1F                     	;# 
  1066     0E20                     	;# 
  1067     0E21                     	;# 
  1068     0E22                     	;# 
  1069     0E24                     	;# 
  1070     0E25                     	;# 
  1071     0E28                     	;# 
  1072     0E29                     	;# 
  1073     0E2A                     	;# 
  1074     0E2B                     	;# 
  1075     0E2C                     	;# 
  1076     0E2D                     	;# 
  1077     0E2E                     	;# 
  1078     0E2F                     	;# 
  1079     0E90                     	;# 
  1080     0E91                     	;# 
  1081     0E92                     	;# 
  1082     0E94                     	;# 
  1083     0E95                     	;# 
  1084     0EA0                     	;# 
  1085     0EA1                     	;# 
  1086     0EA2                     	;# 
  1087     0EA3                     	;# 
  1088     0EA4                     	;# 
  1089     0EA5                     	;# 
  1090     0F0F                     	;# 
  1091     0F10                     	;# 
  1092     0F11                     	;# 
  1093     0F12                     	;# 
  1094     0F13                     	;# 
  1095     0F14                     	;# 
  1096     0F15                     	;# 
  1097     0F16                     	;# 
  1098     0F17                     	;# 
  1099     0F18                     	;# 
  1100     0F19                     	;# 
  1101     0F1A                     	;# 
  1102     0F1B                     	;# 
  1103     0F1C                     	;# 
  1104     0F1D                     	;# 
  1105     0F1E                     	;# 
  1106     0F1F                     	;# 
  1107     0F20                     	;# 
  1108     0F21                     	;# 
  1109     0F22                     	;# 
  1110     0F23                     	;# 
  1111     0F24                     	;# 
  1112     0F25                     	;# 
  1113     0F26                     	;# 
  1114     0F27                     	;# 
  1115     0F28                     	;# 
  1116     0F29                     	;# 
  1117     0F2A                     	;# 
  1118     0F2B                     	;# 
  1119     0F2C                     	;# 
  1120     0F2D                     	;# 
  1121     0F2E                     	;# 
  1122     0F2F                     	;# 
  1123     0F30                     	;# 
  1124     0F31                     	;# 
  1125     0F32                     	;# 
  1126     0F33                     	;# 
  1127     0F34                     	;# 
  1128     0F35                     	;# 
  1129     0F36                     	;# 
  1130     0F37                     	;# 
  1131     0FE4                     	;# 
  1132     0FE5                     	;# 
  1133     0FE6                     	;# 
  1134     0FE7                     	;# 
  1135     0FE8                     	;# 
  1136     0FE9                     	;# 
  1137     0FEA                     	;# 
  1138     0FEB                     	;# 
  1139     0FED                     	;# 
  1140     0FEE                     	;# 
  1141     0FEF                     	;# 
  1142     0000                     	;# 
  1143     0001                     	;# 
  1144     0002                     	;# 
  1145     0003                     	;# 
  1146     0004                     	;# 
  1147     0005                     	;# 
  1148     0006                     	;# 
  1149     0007                     	;# 
  1150     0008                     	;# 
  1151     0009                     	;# 
  1152     000A                     	;# 
  1153     000B                     	;# 
  1154     000C                     	;# 
  1155     000E                     	;# 
  1156     0010                     	;# 
  1157     0011                     	;# 
  1158     0012                     	;# 
  1159     0013                     	;# 
  1160     0014                     	;# 
  1161     0015                     	;# 
  1162     0015                     	;# 
  1163     0016                     	;# 
  1164     0016                     	;# 
  1165     0017                     	;# 
  1166     0018                     	;# 
  1167     0019                     	;# 
  1168     0019                     	;# 
  1169     001A                     	;# 
  1170     001B                     	;# 
  1171     001C                     	;# 
  1172     001D                     	;# 
  1173     001E                     	;# 
  1174     001F                     	;# 
  1175     008C                     	;# 
  1176     008E                     	;# 
  1177     0090                     	;# 
  1178     0091                     	;# 
  1179     0092                     	;# 
  1180     0093                     	;# 
  1181     0094                     	;# 
  1182     0097                     	;# 
  1183     009B                     	;# 
  1184     009B                     	;# 
  1185     009C                     	;# 
  1186     009D                     	;# 
  1187     009E                     	;# 
  1188     009F                     	;# 
  1189     010C                     	;# 
  1190     010E                     	;# 
  1191     0111                     	;# 
  1192     0112                     	;# 
  1193     0113                     	;# 
  1194     0114                     	;# 
  1195     0115                     	;# 
  1196     0116                     	;# 
  1197     0117                     	;# 
  1198     0118                     	;# 
  1199     0119                     	;# 
  1200     018C                     	;# 
  1201     018E                     	;# 
  1202     0199                     	;# 
  1203     0199                     	;# 
  1204     0199                     	;# 
  1205     019A                     	;# 
  1206     019A                     	;# 
  1207     019A                     	;# 
  1208     019B                     	;# 
  1209     019B                     	;# 
  1210     019B                     	;# 
  1211     019B                     	;# 
  1212     019B                     	;# 
  1213     019C                     	;# 
  1214     019C                     	;# 
  1215     019C                     	;# 
  1216     019D                     	;# 
  1217     019D                     	;# 
  1218     019D                     	;# 
  1219     019E                     	;# 
  1220     019E                     	;# 
  1221     019E                     	;# 
  1222     019F                     	;# 
  1223     019F                     	;# 
  1224     019F                     	;# 
  1225     019F                     	;# 
  1226     019F                     	;# 
  1227     020C                     	;# 
  1228     020E                     	;# 
  1229     0211                     	;# 
  1230     0211                     	;# 
  1231     0212                     	;# 
  1232     0212                     	;# 
  1233     0213                     	;# 
  1234     0213                     	;# 
  1235     0214                     	;# 
  1236     0214                     	;# 
  1237     0215                     	;# 
  1238     0215                     	;# 
  1239     0215                     	;# 
  1240     0215                     	;# 
  1241     0216                     	;# 
  1242     0216                     	;# 
  1243     0217                     	;# 
  1244     0217                     	;# 
  1245     0219                     	;# 
  1246     021A                     	;# 
  1247     021B                     	;# 
  1248     021C                     	;# 
  1249     021D                     	;# 
  1250     021D                     	;# 
  1251     021E                     	;# 
  1252     021F                     	;# 
  1253     028C                     	;# 
  1254     028E                     	;# 
  1255     0291                     	;# 
  1256     0291                     	;# 
  1257     0292                     	;# 
  1258     0293                     	;# 
  1259     0294                     	;# 
  1260     0295                     	;# 
  1261     0295                     	;# 
  1262     0296                     	;# 
  1263     0297                     	;# 
  1264     0298                     	;# 
  1265     029F                     	;# 
  1266     030C                     	;# 
  1267     030E                     	;# 
  1268     0311                     	;# 
  1269     0311                     	;# 
  1270     0312                     	;# 
  1271     0313                     	;# 
  1272     0314                     	;# 
  1273     0315                     	;# 
  1274     0315                     	;# 
  1275     0316                     	;# 
  1276     0317                     	;# 
  1277     0318                     	;# 
  1278     038C                     	;# 
  1279     038E                     	;# 
  1280     0391                     	;# 
  1281     0392                     	;# 
  1282     0393                     	;# 
  1283     0397                     	;# 
  1284     0398                     	;# 
  1285     0399                     	;# 
  1286     039A                     	;# 
  1287     039C                     	;# 
  1288     039D                     	;# 
  1289     039E                     	;# 
  1290     039F                     	;# 
  1291     0411                     	;# 
  1292     0411                     	;# 
  1293     0412                     	;# 
  1294     0413                     	;# 
  1295     0414                     	;# 
  1296     0415                     	;# 
  1297     0416                     	;# 
  1298     0417                     	;# 
  1299     0418                     	;# 
  1300     0418                     	;# 
  1301     0419                     	;# 
  1302     041A                     	;# 
  1303     041B                     	;# 
  1304     041C                     	;# 
  1305     041D                     	;# 
  1306     041E                     	;# 
  1307     041F                     	;# 
  1308     0498                     	;# 
  1309     0498                     	;# 
  1310     0499                     	;# 
  1311     049A                     	;# 
  1312     049B                     	;# 
  1313     049B                     	;# 
  1314     049C                     	;# 
  1315     049D                     	;# 
  1316     049E                     	;# 
  1317     049F                     	;# 
  1318     0617                     	;# 
  1319     0618                     	;# 
  1320     0619                     	;# 
  1321     0619                     	;# 
  1322     061A                     	;# 
  1323     061B                     	;# 
  1324     061C                     	;# 
  1325     061C                     	;# 
  1326     061F                     	;# 
  1327     0691                     	;# 
  1328     0692                     	;# 
  1329     0693                     	;# 
  1330     0694                     	;# 
  1331     0695                     	;# 
  1332     0696                     	;# 
  1333     0697                     	;# 
  1334     0698                     	;# 
  1335     0699                     	;# 
  1336     0711                     	;# 
  1337     0712                     	;# 
  1338     0713                     	;# 
  1339     0714                     	;# 
  1340     0715                     	;# 
  1341     0716                     	;# 
  1342     0717                     	;# 
  1343     0718                     	;# 
  1344     0719                     	;# 
  1345     0891                     	;# 
  1346     0891                     	;# 
  1347     0891                     	;# 
  1348     0891                     	;# 
  1349     0891                     	;# 
  1350     0891                     	;# 
  1351     0892                     	;# 
  1352     0892                     	;# 
  1353     0892                     	;# 
  1354     0893                     	;# 
  1355     0893                     	;# 
  1356     0893                     	;# 
  1357     0893                     	;# 
  1358     0893                     	;# 
  1359     0893                     	;# 
  1360     0894                     	;# 
  1361     0894                     	;# 
  1362     0894                     	;# 
  1363     0895                     	;# 
  1364     0895                     	;# 
  1365     0895                     	;# 
  1366     0896                     	;# 
  1367     0896                     	;# 
  1368     0896                     	;# 
  1369     089B                     	;# 
  1370     0911                     	;# 
  1371     0912                     	;# 
  1372     0913                     	;# 
  1373     0914                     	;# 
  1374     0915                     	;# 
  1375     0916                     	;# 
  1376     0918                     	;# 
  1377     0919                     	;# 
  1378     091A                     	;# 
  1379     091B                     	;# 
  1380     091C                     	;# 
  1381     091D                     	;# 
  1382     091E                     	;# 
  1383     091F                     	;# 
  1384     0E0F                     	;# 
  1385     0E10                     	;# 
  1386     0E11                     	;# 
  1387     0E12                     	;# 
  1388     0E13                     	;# 
  1389     0E14                     	;# 
  1390     0E15                     	;# 
  1391     0E16                     	;# 
  1392     0E17                     	;# 
  1393     0E18                     	;# 
  1394     0E19                     	;# 
  1395     0E1A                     	;# 
  1396     0E1B                     	;# 
  1397     0E1C                     	;# 
  1398     0E1D                     	;# 
  1399     0E1E                     	;# 
  1400     0E1F                     	;# 
  1401     0E20                     	;# 
  1402     0E21                     	;# 
  1403     0E22                     	;# 
  1404     0E24                     	;# 
  1405     0E25                     	;# 
  1406     0E28                     	;# 
  1407     0E29                     	;# 
  1408     0E2A                     	;# 
  1409     0E2B                     	;# 
  1410     0E2C                     	;# 
  1411     0E2D                     	;# 
  1412     0E2E                     	;# 
  1413     0E2F                     	;# 
  1414     0E90                     	;# 
  1415     0E91                     	;# 
  1416     0E92                     	;# 
  1417     0E94                     	;# 
  1418     0E95                     	;# 
  1419     0EA0                     	;# 
  1420     0EA1                     	;# 
  1421     0EA2                     	;# 
  1422     0EA3                     	;# 
  1423     0EA4                     	;# 
  1424     0EA5                     	;# 
  1425     0F0F                     	;# 
  1426     0F10                     	;# 
  1427     0F11                     	;# 
  1428     0F12                     	;# 
  1429     0F13                     	;# 
  1430     0F14                     	;# 
  1431     0F15                     	;# 
  1432     0F16                     	;# 
  1433     0F17                     	;# 
  1434     0F18                     	;# 
  1435     0F19                     	;# 
  1436     0F1A                     	;# 
  1437     0F1B                     	;# 
  1438     0F1C                     	;# 
  1439     0F1D                     	;# 
  1440     0F1E                     	;# 
  1441     0F1F                     	;# 
  1442     0F20                     	;# 
  1443     0F21                     	;# 
  1444     0F22                     	;# 
  1445     0F23                     	;# 
  1446     0F24                     	;# 
  1447     0F25                     	;# 
  1448     0F26                     	;# 
  1449     0F27                     	;# 
  1450     0F28                     	;# 
  1451     0F29                     	;# 
  1452     0F2A                     	;# 
  1453     0F2B                     	;# 
  1454     0F2C                     	;# 
  1455     0F2D                     	;# 
  1456     0F2E                     	;# 
  1457     0F2F                     	;# 
  1458     0F30                     	;# 
  1459     0F31                     	;# 
  1460     0F32                     	;# 
  1461     0F33                     	;# 
  1462     0F34                     	;# 
  1463     0F35                     	;# 
  1464     0F36                     	;# 
  1465     0F37                     	;# 
  1466     0FE4                     	;# 
  1467     0FE5                     	;# 
  1468     0FE6                     	;# 
  1469     0FE7                     	;# 
  1470     0FE8                     	;# 
  1471     0FE9                     	;# 
  1472     0FEA                     	;# 
  1473     0FEB                     	;# 
  1474     0FED                     	;# 
  1475     0FEE                     	;# 
  1476     0FEF                     	;# 
  1477     0000                     	;# 
  1478     0001                     	;# 
  1479     0002                     	;# 
  1480     0003                     	;# 
  1481     0004                     	;# 
  1482     0005                     	;# 
  1483     0006                     	;# 
  1484     0007                     	;# 
  1485     0008                     	;# 
  1486     0009                     	;# 
  1487     000A                     	;# 
  1488     000B                     	;# 
  1489     000C                     	;# 
  1490     000E                     	;# 
  1491     0010                     	;# 
  1492     0011                     	;# 
  1493     0012                     	;# 
  1494     0013                     	;# 
  1495     0014                     	;# 
  1496     0015                     	;# 
  1497     0015                     	;# 
  1498     0016                     	;# 
  1499     0016                     	;# 
  1500     0017                     	;# 
  1501     0018                     	;# 
  1502     0019                     	;# 
  1503     0019                     	;# 
  1504     001A                     	;# 
  1505     001B                     	;# 
  1506     001C                     	;# 
  1507     001D                     	;# 
  1508     001E                     	;# 
  1509     001F                     	;# 
  1510     008C                     	;# 
  1511     008E                     	;# 
  1512     0090                     	;# 
  1513     0091                     	;# 
  1514     0092                     	;# 
  1515     0093                     	;# 
  1516     0094                     	;# 
  1517     0097                     	;# 
  1518     009B                     	;# 
  1519     009B                     	;# 
  1520     009C                     	;# 
  1521     009D                     	;# 
  1522     009E                     	;# 
  1523     009F                     	;# 
  1524     010C                     	;# 
  1525     010E                     	;# 
  1526     0111                     	;# 
  1527     0112                     	;# 
  1528     0113                     	;# 
  1529     0114                     	;# 
  1530     0115                     	;# 
  1531     0116                     	;# 
  1532     0117                     	;# 
  1533     0118                     	;# 
  1534     0119                     	;# 
  1535     018C                     	;# 
  1536     018E                     	;# 
  1537     0199                     	;# 
  1538     0199                     	;# 
  1539     0199                     	;# 
  1540     019A                     	;# 
  1541     019A                     	;# 
  1542     019A                     	;# 
  1543     019B                     	;# 
  1544     019B                     	;# 
  1545     019B                     	;# 
  1546     019B                     	;# 
  1547     019B                     	;# 
  1548     019C                     	;# 
  1549     019C                     	;# 
  1550     019C                     	;# 
  1551     019D                     	;# 
  1552     019D                     	;# 
  1553     019D                     	;# 
  1554     019E                     	;# 
  1555     019E                     	;# 
  1556     019E                     	;# 
  1557     019F                     	;# 
  1558     019F                     	;# 
  1559     019F                     	;# 
  1560     019F                     	;# 
  1561     019F                     	;# 
  1562     020C                     	;# 
  1563     020E                     	;# 
  1564     0211                     	;# 
  1565     0211                     	;# 
  1566     0212                     	;# 
  1567     0212                     	;# 
  1568     0213                     	;# 
  1569     0213                     	;# 
  1570     0214                     	;# 
  1571     0214                     	;# 
  1572     0215                     	;# 
  1573     0215                     	;# 
  1574     0215                     	;# 
  1575     0215                     	;# 
  1576     0216                     	;# 
  1577     0216                     	;# 
  1578     0217                     	;# 
  1579     0217                     	;# 
  1580     0219                     	;# 
  1581     021A                     	;# 
  1582     021B                     	;# 
  1583     021C                     	;# 
  1584     021D                     	;# 
  1585     021D                     	;# 
  1586     021E                     	;# 
  1587     021F                     	;# 
  1588     028C                     	;# 
  1589     028E                     	;# 
  1590     0291                     	;# 
  1591     0291                     	;# 
  1592     0292                     	;# 
  1593     0293                     	;# 
  1594     0294                     	;# 
  1595     0295                     	;# 
  1596     0295                     	;# 
  1597     0296                     	;# 
  1598     0297                     	;# 
  1599     0298                     	;# 
  1600     029F                     	;# 
  1601     030C                     	;# 
  1602     030E                     	;# 
  1603     0311                     	;# 
  1604     0311                     	;# 
  1605     0312                     	;# 
  1606     0313                     	;# 
  1607     0314                     	;# 
  1608     0315                     	;# 
  1609     0315                     	;# 
  1610     0316                     	;# 
  1611     0317                     	;# 
  1612     0318                     	;# 
  1613     038C                     	;# 
  1614     038E                     	;# 
  1615     0391                     	;# 
  1616     0392                     	;# 
  1617     0393                     	;# 
  1618     0397                     	;# 
  1619     0398                     	;# 
  1620     0399                     	;# 
  1621     039A                     	;# 
  1622     039C                     	;# 
  1623     039D                     	;# 
  1624     039E                     	;# 
  1625     039F                     	;# 
  1626     0411                     	;# 
  1627     0411                     	;# 
  1628     0412                     	;# 
  1629     0413                     	;# 
  1630     0414                     	;# 
  1631     0415                     	;# 
  1632     0416                     	;# 
  1633     0417                     	;# 
  1634     0418                     	;# 
  1635     0418                     	;# 
  1636     0419                     	;# 
  1637     041A                     	;# 
  1638     041B                     	;# 
  1639     041C                     	;# 
  1640     041D                     	;# 
  1641     041E                     	;# 
  1642     041F                     	;# 
  1643     0498                     	;# 
  1644     0498                     	;# 
  1645     0499                     	;# 
  1646     049A                     	;# 
  1647     049B                     	;# 
  1648     049B                     	;# 
  1649     049C                     	;# 
  1650     049D                     	;# 
  1651     049E                     	;# 
  1652     049F                     	;# 
  1653     0617                     	;# 
  1654     0618                     	;# 
  1655     0619                     	;# 
  1656     0619                     	;# 
  1657     061A                     	;# 
  1658     061B                     	;# 
  1659     061C                     	;# 
  1660     061C                     	;# 
  1661     061F                     	;# 
  1662     0691                     	;# 
  1663     0692                     	;# 
  1664     0693                     	;# 
  1665     0694                     	;# 
  1666     0695                     	;# 
  1667     0696                     	;# 
  1668     0697                     	;# 
  1669     0698                     	;# 
  1670     0699                     	;# 
  1671     0711                     	;# 
  1672     0712                     	;# 
  1673     0713                     	;# 
  1674     0714                     	;# 
  1675     0715                     	;# 
  1676     0716                     	;# 
  1677     0717                     	;# 
  1678     0718                     	;# 
  1679     0719                     	;# 
  1680     0891                     	;# 
  1681     0891                     	;# 
  1682     0891                     	;# 
  1683     0891                     	;# 
  1684     0891                     	;# 
  1685     0891                     	;# 
  1686     0892                     	;# 
  1687     0892                     	;# 
  1688     0892                     	;# 
  1689     0893                     	;# 
  1690     0893                     	;# 
  1691     0893                     	;# 
  1692     0893                     	;# 
  1693     0893                     	;# 
  1694     0893                     	;# 
  1695     0894                     	;# 
  1696     0894                     	;# 
  1697     0894                     	;# 
  1698     0895                     	;# 
  1699     0895                     	;# 
  1700     0895                     	;# 
  1701     0896                     	;# 
  1702     0896                     	;# 
  1703     0896                     	;# 
  1704     089B                     	;# 
  1705     0911                     	;# 
  1706     0912                     	;# 
  1707     0913                     	;# 
  1708     0914                     	;# 
  1709     0915                     	;# 
  1710     0916                     	;# 
  1711     0918                     	;# 
  1712     0919                     	;# 
  1713     091A                     	;# 
  1714     091B                     	;# 
  1715     091C                     	;# 
  1716     091D                     	;# 
  1717     091E                     	;# 
  1718     091F                     	;# 
  1719     0E0F                     	;# 
  1720     0E10                     	;# 
  1721     0E11                     	;# 
  1722     0E12                     	;# 
  1723     0E13                     	;# 
  1724     0E14                     	;# 
  1725     0E15                     	;# 
  1726     0E16                     	;# 
  1727     0E17                     	;# 
  1728     0E18                     	;# 
  1729     0E19                     	;# 
  1730     0E1A                     	;# 
  1731     0E1B                     	;# 
  1732     0E1C                     	;# 
  1733     0E1D                     	;# 
  1734     0E1E                     	;# 
  1735     0E1F                     	;# 
  1736     0E20                     	;# 
  1737     0E21                     	;# 
  1738     0E22                     	;# 
  1739     0E24                     	;# 
  1740     0E25                     	;# 
  1741     0E28                     	;# 
  1742     0E29                     	;# 
  1743     0E2A                     	;# 
  1744     0E2B                     	;# 
  1745     0E2C                     	;# 
  1746     0E2D                     	;# 
  1747     0E2E                     	;# 
  1748     0E2F                     	;# 
  1749     0E90                     	;# 
  1750     0E91                     	;# 
  1751     0E92                     	;# 
  1752     0E94                     	;# 
  1753     0E95                     	;# 
  1754     0EA0                     	;# 
  1755     0EA1                     	;# 
  1756     0EA2                     	;# 
  1757     0EA3                     	;# 
  1758     0EA4                     	;# 
  1759     0EA5                     	;# 
  1760     0F0F                     	;# 
  1761     0F10                     	;# 
  1762     0F11                     	;# 
  1763     0F12                     	;# 
  1764     0F13                     	;# 
  1765     0F14                     	;# 
  1766     0F15                     	;# 
  1767     0F16                     	;# 
  1768     0F17                     	;# 
  1769     0F18                     	;# 
  1770     0F19                     	;# 
  1771     0F1A                     	;# 
  1772     0F1B                     	;# 
  1773     0F1C                     	;# 
  1774     0F1D                     	;# 
  1775     0F1E                     	;# 
  1776     0F1F                     	;# 
  1777     0F20                     	;# 
  1778     0F21                     	;# 
  1779     0F22                     	;# 
  1780     0F23                     	;# 
  1781     0F24                     	;# 
  1782     0F25                     	;# 
  1783     0F26                     	;# 
  1784     0F27                     	;# 
  1785     0F28                     	;# 
  1786     0F29                     	;# 
  1787     0F2A                     	;# 
  1788     0F2B                     	;# 
  1789     0F2C                     	;# 
  1790     0F2D                     	;# 
  1791     0F2E                     	;# 
  1792     0F2F                     	;# 
  1793     0F30                     	;# 
  1794     0F31                     	;# 
  1795     0F32                     	;# 
  1796     0F33                     	;# 
  1797     0F34                     	;# 
  1798     0F35                     	;# 
  1799     0F36                     	;# 
  1800     0F37                     	;# 
  1801     0FE4                     	;# 
  1802     0FE5                     	;# 
  1803     0FE6                     	;# 
  1804     0FE7                     	;# 
  1805     0FE8                     	;# 
  1806     0FE9                     	;# 
  1807     0FEA                     	;# 
  1808     0FEB                     	;# 
  1809     0FED                     	;# 
  1810     0FEE                     	;# 
  1811     0FEF                     	;# 
  1812     0000                     	;# 
  1813     0001                     	;# 
  1814     0002                     	;# 
  1815     0003                     	;# 
  1816     0004                     	;# 
  1817     0005                     	;# 
  1818     0006                     	;# 
  1819     0007                     	;# 
  1820     0008                     	;# 
  1821     0009                     	;# 
  1822     000A                     	;# 
  1823     000B                     	;# 
  1824     000C                     	;# 
  1825     000E                     	;# 
  1826     0010                     	;# 
  1827     0011                     	;# 
  1828     0012                     	;# 
  1829     0013                     	;# 
  1830     0014                     	;# 
  1831     0015                     	;# 
  1832     0015                     	;# 
  1833     0016                     	;# 
  1834     0016                     	;# 
  1835     0017                     	;# 
  1836     0018                     	;# 
  1837     0019                     	;# 
  1838     0019                     	;# 
  1839     001A                     	;# 
  1840     001B                     	;# 
  1841     001C                     	;# 
  1842     001D                     	;# 
  1843     001E                     	;# 
  1844     001F                     	;# 
  1845     008C                     	;# 
  1846     008E                     	;# 
  1847     0090                     	;# 
  1848     0091                     	;# 
  1849     0092                     	;# 
  1850     0093                     	;# 
  1851     0094                     	;# 
  1852     0097                     	;# 
  1853     009B                     	;# 
  1854     009B                     	;# 
  1855     009C                     	;# 
  1856     009D                     	;# 
  1857     009E                     	;# 
  1858     009F                     	;# 
  1859     010C                     	;# 
  1860     010E                     	;# 
  1861     0111                     	;# 
  1862     0112                     	;# 
  1863     0113                     	;# 
  1864     0114                     	;# 
  1865     0115                     	;# 
  1866     0116                     	;# 
  1867     0117                     	;# 
  1868     0118                     	;# 
  1869     0119                     	;# 
  1870     018C                     	;# 
  1871     018E                     	;# 
  1872     0199                     	;# 
  1873     0199                     	;# 
  1874     0199                     	;# 
  1875     019A                     	;# 
  1876     019A                     	;# 
  1877     019A                     	;# 
  1878     019B                     	;# 
  1879     019B                     	;# 
  1880     019B                     	;# 
  1881     019B                     	;# 
  1882     019B                     	;# 
  1883     019C                     	;# 
  1884     019C                     	;# 
  1885     019C                     	;# 
  1886     019D                     	;# 
  1887     019D                     	;# 
  1888     019D                     	;# 
  1889     019E                     	;# 
  1890     019E                     	;# 
  1891     019E                     	;# 
  1892     019F                     	;# 
  1893     019F                     	;# 
  1894     019F                     	;# 
  1895     019F                     	;# 
  1896     019F                     	;# 
  1897     020C                     	;# 
  1898     020E                     	;# 
  1899     0211                     	;# 
  1900     0211                     	;# 
  1901     0212                     	;# 
  1902     0212                     	;# 
  1903     0213                     	;# 
  1904     0213                     	;# 
  1905     0214                     	;# 
  1906     0214                     	;# 
  1907     0215                     	;# 
  1908     0215                     	;# 
  1909     0215                     	;# 
  1910     0215                     	;# 
  1911     0216                     	;# 
  1912     0216                     	;# 
  1913     0217                     	;# 
  1914     0217                     	;# 
  1915     0219                     	;# 
  1916     021A                     	;# 
  1917     021B                     	;# 
  1918     021C                     	;# 
  1919     021D                     	;# 
  1920     021D                     	;# 
  1921     021E                     	;# 
  1922     021F                     	;# 
  1923     028C                     	;# 
  1924     028E                     	;# 
  1925     0291                     	;# 
  1926     0291                     	;# 
  1927     0292                     	;# 
  1928     0293                     	;# 
  1929     0294                     	;# 
  1930     0295                     	;# 
  1931     0295                     	;# 
  1932     0296                     	;# 
  1933     0297                     	;# 
  1934     0298                     	;# 
  1935     029F                     	;# 
  1936     030C                     	;# 
  1937     030E                     	;# 
  1938     0311                     	;# 
  1939     0311                     	;# 
  1940     0312                     	;# 
  1941     0313                     	;# 
  1942     0314                     	;# 
  1943     0315                     	;# 
  1944     0315                     	;# 
  1945     0316                     	;# 
  1946     0317                     	;# 
  1947     0318                     	;# 
  1948     038C                     	;# 
  1949     038E                     	;# 
  1950     0391                     	;# 
  1951     0392                     	;# 
  1952     0393                     	;# 
  1953     0397                     	;# 
  1954     0398                     	;# 
  1955     0399                     	;# 
  1956     039A                     	;# 
  1957     039C                     	;# 
  1958     039D                     	;# 
  1959     039E                     	;# 
  1960     039F                     	;# 
  1961     0411                     	;# 
  1962     0411                     	;# 
  1963     0412                     	;# 
  1964     0413                     	;# 
  1965     0414                     	;# 
  1966     0415                     	;# 
  1967     0416                     	;# 
  1968     0417                     	;# 
  1969     0418                     	;# 
  1970     0418                     	;# 
  1971     0419                     	;# 
  1972     041A                     	;# 
  1973     041B                     	;# 
  1974     041C                     	;# 
  1975     041D                     	;# 
  1976     041E                     	;# 
  1977     041F                     	;# 
  1978     0498                     	;# 
  1979     0498                     	;# 
  1980     0499                     	;# 
  1981     049A                     	;# 
  1982     049B                     	;# 
  1983     049B                     	;# 
  1984     049C                     	;# 
  1985     049D                     	;# 
  1986     049E                     	;# 
  1987     049F                     	;# 
  1988     0617                     	;# 
  1989     0618                     	;# 
  1990     0619                     	;# 
  1991     0619                     	;# 
  1992     061A                     	;# 
  1993     061B                     	;# 
  1994     061C                     	;# 
  1995     061C                     	;# 
  1996     061F                     	;# 
  1997     0691                     	;# 
  1998     0692                     	;# 
  1999     0693                     	;# 
  2000     0694                     	;# 
  2001     0695                     	;# 
  2002     0696                     	;# 
  2003     0697                     	;# 
  2004     0698                     	;# 
  2005     0699                     	;# 
  2006     0711                     	;# 
  2007     0712                     	;# 
  2008     0713                     	;# 
  2009     0714                     	;# 
  2010     0715                     	;# 
  2011     0716                     	;# 
  2012     0717                     	;# 
  2013     0718                     	;# 
  2014     0719                     	;# 
  2015     0891                     	;# 
  2016     0891                     	;# 
  2017     0891                     	;# 
  2018     0891                     	;# 
  2019     0891                     	;# 
  2020     0891                     	;# 
  2021     0892                     	;# 
  2022     0892                     	;# 
  2023     0892                     	;# 
  2024     0893                     	;# 
  2025     0893                     	;# 
  2026     0893                     	;# 
  2027     0893                     	;# 
  2028     0893                     	;# 
  2029     0893                     	;# 
  2030     0894                     	;# 
  2031     0894                     	;# 
  2032     0894                     	;# 
  2033     0895                     	;# 
  2034     0895                     	;# 
  2035     0895                     	;# 
  2036     0896                     	;# 
  2037     0896                     	;# 
  2038     0896                     	;# 
  2039     089B                     	;# 
  2040     0911                     	;# 
  2041     0912                     	;# 
  2042     0913                     	;# 
  2043     0914                     	;# 
  2044     0915                     	;# 
  2045     0916                     	;# 
  2046     0918                     	;# 
  2047     0919                     	;# 
  2048     091A                     	;# 
  2049     091B                     	;# 
  2050     091C                     	;# 
  2051     091D                     	;# 
  2052     091E                     	;# 
  2053     091F                     	;# 
  2054     0E0F                     	;# 
  2055     0E10                     	;# 
  2056     0E11                     	;# 
  2057     0E12                     	;# 
  2058     0E13                     	;# 
  2059     0E14                     	;# 
  2060     0E15                     	;# 
  2061     0E16                     	;# 
  2062     0E17                     	;# 
  2063     0E18                     	;# 
  2064     0E19                     	;# 
  2065     0E1A                     	;# 
  2066     0E1B                     	;# 
  2067     0E1C                     	;# 
  2068     0E1D                     	;# 
  2069     0E1E                     	;# 
  2070     0E1F                     	;# 
  2071     0E20                     	;# 
  2072     0E21                     	;# 
  2073     0E22                     	;# 
  2074     0E24                     	;# 
  2075     0E25                     	;# 
  2076     0E28                     	;# 
  2077     0E29                     	;# 
  2078     0E2A                     	;# 
  2079     0E2B                     	;# 
  2080     0E2C                     	;# 
  2081     0E2D                     	;# 
  2082     0E2E                     	;# 
  2083     0E2F                     	;# 
  2084     0E90                     	;# 
  2085     0E91                     	;# 
  2086     0E92                     	;# 
  2087     0E94                     	;# 
  2088     0E95                     	;# 
  2089     0EA0                     	;# 
  2090     0EA1                     	;# 
  2091     0EA2                     	;# 
  2092     0EA3                     	;# 
  2093     0EA4                     	;# 
  2094     0EA5                     	;# 
  2095     0F0F                     	;# 
  2096     0F10                     	;# 
  2097     0F11                     	;# 
  2098     0F12                     	;# 
  2099     0F13                     	;# 
  2100     0F14                     	;# 
  2101     0F15                     	;# 
  2102     0F16                     	;# 
  2103     0F17                     	;# 
  2104     0F18                     	;# 
  2105     0F19                     	;# 
  2106     0F1A                     	;# 
  2107     0F1B                     	;# 
  2108     0F1C                     	;# 
  2109     0F1D                     	;# 
  2110     0F1E                     	;# 
  2111     0F1F                     	;# 
  2112     0F20                     	;# 
  2113     0F21                     	;# 
  2114     0F22                     	;# 
  2115     0F23                     	;# 
  2116     0F24                     	;# 
  2117     0F25                     	;# 
  2118     0F26                     	;# 
  2119     0F27                     	;# 
  2120     0F28                     	;# 
  2121     0F29                     	;# 
  2122     0F2A                     	;# 
  2123     0F2B                     	;# 
  2124     0F2C                     	;# 
  2125     0F2D                     	;# 
  2126     0F2E                     	;# 
  2127     0F2F                     	;# 
  2128     0F30                     	;# 
  2129     0F31                     	;# 
  2130     0F32                     	;# 
  2131     0F33                     	;# 
  2132     0F34                     	;# 
  2133     0F35                     	;# 
  2134     0F36                     	;# 
  2135     0F37                     	;# 
  2136     0FE4                     	;# 
  2137     0FE5                     	;# 
  2138     0FE6                     	;# 
  2139     0FE7                     	;# 
  2140     0FE8                     	;# 
  2141     0FE9                     	;# 
  2142     0FEA                     	;# 
  2143     0FEB                     	;# 
  2144     0FED                     	;# 
  2145     0FEE                     	;# 
  2146     0FEF                     	;# 
  2147     0000                     	;# 
  2148     0001                     	;# 
  2149     0002                     	;# 
  2150     0003                     	;# 
  2151     0004                     	;# 
  2152     0005                     	;# 
  2153     0006                     	;# 
  2154     0007                     	;# 
  2155     0008                     	;# 
  2156     0009                     	;# 
  2157     000A                     	;# 
  2158     000B                     	;# 
  2159     000C                     	;# 
  2160     000E                     	;# 
  2161     0010                     	;# 
  2162     0011                     	;# 
  2163     0012                     	;# 
  2164     0013                     	;# 
  2165     0014                     	;# 
  2166     0015                     	;# 
  2167     0015                     	;# 
  2168     0016                     	;# 
  2169     0016                     	;# 
  2170     0017                     	;# 
  2171     0018                     	;# 
  2172     0019                     	;# 
  2173     0019                     	;# 
  2174     001A                     	;# 
  2175     001B                     	;# 
  2176     001C                     	;# 
  2177     001D                     	;# 
  2178     001E                     	;# 
  2179     001F                     	;# 
  2180     008C                     	;# 
  2181     008E                     	;# 
  2182     0090                     	;# 
  2183     0091                     	;# 
  2184     0092                     	;# 
  2185     0093                     	;# 
  2186     0094                     	;# 
  2187     0097                     	;# 
  2188     009B                     	;# 
  2189     009B                     	;# 
  2190     009C                     	;# 
  2191     009D                     	;# 
  2192     009E                     	;# 
  2193     009F                     	;# 
  2194     010C                     	;# 
  2195     010E                     	;# 
  2196     0111                     	;# 
  2197     0112                     	;# 
  2198     0113                     	;# 
  2199     0114                     	;# 
  2200     0115                     	;# 
  2201     0116                     	;# 
  2202     0117                     	;# 
  2203     0118                     	;# 
  2204     0119                     	;# 
  2205     018C                     	;# 
  2206     018E                     	;# 
  2207     0199                     	;# 
  2208     0199                     	;# 
  2209     0199                     	;# 
  2210     019A                     	;# 
  2211     019A                     	;# 
  2212     019A                     	;# 
  2213     019B                     	;# 
  2214     019B                     	;# 
  2215     019B                     	;# 
  2216     019B                     	;# 
  2217     019B                     	;# 
  2218     019C                     	;# 
  2219     019C                     	;# 
  2220     019C                     	;# 
  2221     019D                     	;# 
  2222     019D                     	;# 
  2223     019D                     	;# 
  2224     019E                     	;# 
  2225     019E                     	;# 
  2226     019E                     	;# 
  2227     019F                     	;# 
  2228     019F                     	;# 
  2229     019F                     	;# 
  2230     019F                     	;# 
  2231     019F                     	;# 
  2232     020C                     	;# 
  2233     020E                     	;# 
  2234     0211                     	;# 
  2235     0211                     	;# 
  2236     0212                     	;# 
  2237     0212                     	;# 
  2238     0213                     	;# 
  2239     0213                     	;# 
  2240     0214                     	;# 
  2241     0214                     	;# 
  2242     0215                     	;# 
  2243     0215                     	;# 
  2244     0215                     	;# 
  2245     0215                     	;# 
  2246     0216                     	;# 
  2247     0216                     	;# 
  2248     0217                     	;# 
  2249     0217                     	;# 
  2250     0219                     	;# 
  2251     021A                     	;# 
  2252     021B                     	;# 
  2253     021C                     	;# 
  2254     021D                     	;# 
  2255     021D                     	;# 
  2256     021E                     	;# 
  2257     021F                     	;# 
  2258     028C                     	;# 
  2259     028E                     	;# 
  2260     0291                     	;# 
  2261     0291                     	;# 
  2262     0292                     	;# 
  2263     0293                     	;# 
  2264     0294                     	;# 
  2265     0295                     	;# 
  2266     0295                     	;# 
  2267     0296                     	;# 
  2268     0297                     	;# 
  2269     0298                     	;# 
  2270     029F                     	;# 
  2271     030C                     	;# 
  2272     030E                     	;# 
  2273     0311                     	;# 
  2274     0311                     	;# 
  2275     0312                     	;# 
  2276     0313                     	;# 
  2277     0314                     	;# 
  2278     0315                     	;# 
  2279     0315                     	;# 
  2280     0316                     	;# 
  2281     0317                     	;# 
  2282     0318                     	;# 
  2283     038C                     	;# 
  2284     038E                     	;# 
  2285     0391                     	;# 
  2286     0392                     	;# 
  2287     0393                     	;# 
  2288     0397                     	;# 
  2289     0398                     	;# 
  2290     0399                     	;# 
  2291     039A                     	;# 
  2292     039C                     	;# 
  2293     039D                     	;# 
  2294     039E                     	;# 
  2295     039F                     	;# 
  2296     0411                     	;# 
  2297     0411                     	;# 
  2298     0412                     	;# 
  2299     0413                     	;# 
  2300     0414                     	;# 
  2301     0415                     	;# 
  2302     0416                     	;# 
  2303     0417                     	;# 
  2304     0418                     	;# 
  2305     0418                     	;# 
  2306     0419                     	;# 
  2307     041A                     	;# 
  2308     041B                     	;# 
  2309     041C                     	;# 
  2310     041D                     	;# 
  2311     041E                     	;# 
  2312     041F                     	;# 
  2313     0498                     	;# 
  2314     0498                     	;# 
  2315     0499                     	;# 
  2316     049A                     	;# 
  2317     049B                     	;# 
  2318     049B                     	;# 
  2319     049C                     	;# 
  2320     049D                     	;# 
  2321     049E                     	;# 
  2322     049F                     	;# 
  2323     0617                     	;# 
  2324     0618                     	;# 
  2325     0619                     	;# 
  2326     0619                     	;# 
  2327     061A                     	;# 
  2328     061B                     	;# 
  2329     061C                     	;# 
  2330     061C                     	;# 
  2331     061F                     	;# 
  2332     0691                     	;# 
  2333     0692                     	;# 
  2334     0693                     	;# 
  2335     0694                     	;# 
  2336     0695                     	;# 
  2337     0696                     	;# 
  2338     0697                     	;# 
  2339     0698                     	;# 
  2340     0699                     	;# 
  2341     0711                     	;# 
  2342     0712                     	;# 
  2343     0713                     	;# 
  2344     0714                     	;# 
  2345     0715                     	;# 
  2346     0716                     	;# 
  2347     0717                     	;# 
  2348     0718                     	;# 
  2349     0719                     	;# 
  2350     0891                     	;# 
  2351     0891                     	;# 
  2352     0891                     	;# 
  2353     0891                     	;# 
  2354     0891                     	;# 
  2355     0891                     	;# 
  2356     0892                     	;# 
  2357     0892                     	;# 
  2358     0892                     	;# 
  2359     0893                     	;# 
  2360     0893                     	;# 
  2361     0893                     	;# 
  2362     0893                     	;# 
  2363     0893                     	;# 
  2364     0893                     	;# 
  2365     0894                     	;# 
  2366     0894                     	;# 
  2367     0894                     	;# 
  2368     0895                     	;# 
  2369     0895                     	;# 
  2370     0895                     	;# 
  2371     0896                     	;# 
  2372     0896                     	;# 
  2373     0896                     	;# 
  2374     089B                     	;# 
  2375     0911                     	;# 
  2376     0912                     	;# 
  2377     0913                     	;# 
  2378     0914                     	;# 
  2379     0915                     	;# 
  2380     0916                     	;# 
  2381     0918                     	;# 
  2382     0919                     	;# 
  2383     091A                     	;# 
  2384     091B                     	;# 
  2385     091C                     	;# 
  2386     091D                     	;# 
  2387     091E                     	;# 
  2388     091F                     	;# 
  2389     0E0F                     	;# 
  2390     0E10                     	;# 
  2391     0E11                     	;# 
  2392     0E12                     	;# 
  2393     0E13                     	;# 
  2394     0E14                     	;# 
  2395     0E15                     	;# 
  2396     0E16                     	;# 
  2397     0E17                     	;# 
  2398     0E18                     	;# 
  2399     0E19                     	;# 
  2400     0E1A                     	;# 
  2401     0E1B                     	;# 
  2402     0E1C                     	;# 
  2403     0E1D                     	;# 
  2404     0E1E                     	;# 
  2405     0E1F                     	;# 
  2406     0E20                     	;# 
  2407     0E21                     	;# 
  2408     0E22                     	;# 
  2409     0E24                     	;# 
  2410     0E25                     	;# 
  2411     0E28                     	;# 
  2412     0E29                     	;# 
  2413     0E2A                     	;# 
  2414     0E2B                     	;# 
  2415     0E2C                     	;# 
  2416     0E2D                     	;# 
  2417     0E2E                     	;# 
  2418     0E2F                     	;# 
  2419     0E90                     	;# 
  2420     0E91                     	;# 
  2421     0E92                     	;# 
  2422     0E94                     	;# 
  2423     0E95                     	;# 
  2424     0EA0                     	;# 
  2425     0EA1                     	;# 
  2426     0EA2                     	;# 
  2427     0EA3                     	;# 
  2428     0EA4                     	;# 
  2429     0EA5                     	;# 
  2430     0F0F                     	;# 
  2431     0F10                     	;# 
  2432     0F11                     	;# 
  2433     0F12                     	;# 
  2434     0F13                     	;# 
  2435     0F14                     	;# 
  2436     0F15                     	;# 
  2437     0F16                     	;# 
  2438     0F17                     	;# 
  2439     0F18                     	;# 
  2440     0F19                     	;# 
  2441     0F1A                     	;# 
  2442     0F1B                     	;# 
  2443     0F1C                     	;# 
  2444     0F1D                     	;# 
  2445     0F1E                     	;# 
  2446     0F1F                     	;# 
  2447     0F20                     	;# 
  2448     0F21                     	;# 
  2449     0F22                     	;# 
  2450     0F23                     	;# 
  2451     0F24                     	;# 
  2452     0F25                     	;# 
  2453     0F26                     	;# 
  2454     0F27                     	;# 
  2455     0F28                     	;# 
  2456     0F29                     	;# 
  2457     0F2A                     	;# 
  2458     0F2B                     	;# 
  2459     0F2C                     	;# 
  2460     0F2D                     	;# 
  2461     0F2E                     	;# 
  2462     0F2F                     	;# 
  2463     0F30                     	;# 
  2464     0F31                     	;# 
  2465     0F32                     	;# 
  2466     0F33                     	;# 
  2467     0F34                     	;# 
  2468     0F35                     	;# 
  2469     0F36                     	;# 
  2470     0F37                     	;# 
  2471     0FE4                     	;# 
  2472     0FE5                     	;# 
  2473     0FE6                     	;# 
  2474     0FE7                     	;# 
  2475     0FE8                     	;# 
  2476     0FE9                     	;# 
  2477     0FEA                     	;# 
  2478     0FEB                     	;# 
  2479     0FED                     	;# 
  2480     0FEE                     	;# 
  2481     0FEF                     	;# 
  2482     0000                     	;# 
  2483     0001                     	;# 
  2484     0002                     	;# 
  2485     0003                     	;# 
  2486     0004                     	;# 
  2487     0005                     	;# 
  2488     0006                     	;# 
  2489     0007                     	;# 
  2490     0008                     	;# 
  2491     0009                     	;# 
  2492     000A                     	;# 
  2493     000B                     	;# 
  2494     000C                     	;# 
  2495     000E                     	;# 
  2496     0010                     	;# 
  2497     0011                     	;# 
  2498     0012                     	;# 
  2499     0013                     	;# 
  2500     0014                     	;# 
  2501     0015                     	;# 
  2502     0015                     	;# 
  2503     0016                     	;# 
  2504     0016                     	;# 
  2505     0017                     	;# 
  2506     0018                     	;# 
  2507     0019                     	;# 
  2508     0019                     	;# 
  2509     001A                     	;# 
  2510     001B                     	;# 
  2511     001C                     	;# 
  2512     001D                     	;# 
  2513     001E                     	;# 
  2514     001F                     	;# 
  2515     008C                     	;# 
  2516     008E                     	;# 
  2517     0090                     	;# 
  2518     0091                     	;# 
  2519     0092                     	;# 
  2520     0093                     	;# 
  2521     0094                     	;# 
  2522     0097                     	;# 
  2523     009B                     	;# 
  2524     009B                     	;# 
  2525     009C                     	;# 
  2526     009D                     	;# 
  2527     009E                     	;# 
  2528     009F                     	;# 
  2529     010C                     	;# 
  2530     010E                     	;# 
  2531     0111                     	;# 
  2532     0112                     	;# 
  2533     0113                     	;# 
  2534     0114                     	;# 
  2535     0115                     	;# 
  2536     0116                     	;# 
  2537     0117                     	;# 
  2538     0118                     	;# 
  2539     0119                     	;# 
  2540     018C                     	;# 
  2541     018E                     	;# 
  2542     0199                     	;# 
  2543     0199                     	;# 
  2544     0199                     	;# 
  2545     019A                     	;# 
  2546     019A                     	;# 
  2547     019A                     	;# 
  2548     019B                     	;# 
  2549     019B                     	;# 
  2550     019B                     	;# 
  2551     019B                     	;# 
  2552     019B                     	;# 
  2553     019C                     	;# 
  2554     019C                     	;# 
  2555     019C                     	;# 
  2556     019D                     	;# 
  2557     019D                     	;# 
  2558     019D                     	;# 
  2559     019E                     	;# 
  2560     019E                     	;# 
  2561     019E                     	;# 
  2562     019F                     	;# 
  2563     019F                     	;# 
  2564     019F                     	;# 
  2565     019F                     	;# 
  2566     019F                     	;# 
  2567     020C                     	;# 
  2568     020E                     	;# 
  2569     0211                     	;# 
  2570     0211                     	;# 
  2571     0212                     	;# 
  2572     0212                     	;# 
  2573     0213                     	;# 
  2574     0213                     	;# 
  2575     0214                     	;# 
  2576     0214                     	;# 
  2577     0215                     	;# 
  2578     0215                     	;# 
  2579     0215                     	;# 
  2580     0215                     	;# 
  2581     0216                     	;# 
  2582     0216                     	;# 
  2583     0217                     	;# 
  2584     0217                     	;# 
  2585     0219                     	;# 
  2586     021A                     	;# 
  2587     021B                     	;# 
  2588     021C                     	;# 
  2589     021D                     	;# 
  2590     021D                     	;# 
  2591     021E                     	;# 
  2592     021F                     	;# 
  2593     028C                     	;# 
  2594     028E                     	;# 
  2595     0291                     	;# 
  2596     0291                     	;# 
  2597     0292                     	;# 
  2598     0293                     	;# 
  2599     0294                     	;# 
  2600     0295                     	;# 
  2601     0295                     	;# 
  2602     0296                     	;# 
  2603     0297                     	;# 
  2604     0298                     	;# 
  2605     029F                     	;# 
  2606     030C                     	;# 
  2607     030E                     	;# 
  2608     0311                     	;# 
  2609     0311                     	;# 
  2610     0312                     	;# 
  2611     0313                     	;# 
  2612     0314                     	;# 
  2613     0315                     	;# 
  2614     0315                     	;# 
  2615     0316                     	;# 
  2616     0317                     	;# 
  2617     0318                     	;# 
  2618     038C                     	;# 
  2619     038E                     	;# 
  2620     0391                     	;# 
  2621     0392                     	;# 
  2622     0393                     	;# 
  2623     0397                     	;# 
  2624     0398                     	;# 
  2625     0399                     	;# 
  2626     039A                     	;# 
  2627     039C                     	;# 
  2628     039D                     	;# 
  2629     039E                     	;# 
  2630     039F                     	;# 
  2631     0411                     	;# 
  2632     0411                     	;# 
  2633     0412                     	;# 
  2634     0413                     	;# 
  2635     0414                     	;# 
  2636     0415                     	;# 
  2637     0416                     	;# 
  2638     0417                     	;# 
  2639     0418                     	;# 
  2640     0418                     	;# 
  2641     0419                     	;# 
  2642     041A                     	;# 
  2643     041B                     	;# 
  2644     041C                     	;# 
  2645     041D                     	;# 
  2646     041E                     	;# 
  2647     041F                     	;# 
  2648     0498                     	;# 
  2649     0498                     	;# 
  2650     0499                     	;# 
  2651     049A                     	;# 
  2652     049B                     	;# 
  2653     049B                     	;# 
  2654     049C                     	;# 
  2655     049D                     	;# 
  2656     049E                     	;# 
  2657     049F                     	;# 
  2658     0617                     	;# 
  2659     0618                     	;# 
  2660     0619                     	;# 
  2661     0619                     	;# 
  2662     061A                     	;# 
  2663     061B                     	;# 
  2664     061C                     	;# 
  2665     061C                     	;# 
  2666     061F                     	;# 
  2667     0691                     	;# 
  2668     0692                     	;# 
  2669     0693                     	;# 
  2670     0694                     	;# 
  2671     0695                     	;# 
  2672     0696                     	;# 
  2673     0697                     	;# 
  2674     0698                     	;# 
  2675     0699                     	;# 
  2676     0711                     	;# 
  2677     0712                     	;# 
  2678     0713                     	;# 
  2679     0714                     	;# 
  2680     0715                     	;# 
  2681     0716                     	;# 
  2682     0717                     	;# 
  2683     0718                     	;# 
  2684     0719                     	;# 
  2685     0891                     	;# 
  2686     0891                     	;# 
  2687     0891                     	;# 
  2688     0891                     	;# 
  2689     0891                     	;# 
  2690     0891                     	;# 
  2691     0892                     	;# 
  2692     0892                     	;# 
  2693     0892                     	;# 
  2694     0893                     	;# 
  2695     0893                     	;# 
  2696     0893                     	;# 
  2697     0893                     	;# 
  2698     0893                     	;# 
  2699     0893                     	;# 
  2700     0894                     	;# 
  2701     0894                     	;# 
  2702     0894                     	;# 
  2703     0895                     	;# 
  2704     0895                     	;# 
  2705     0895                     	;# 
  2706     0896                     	;# 
  2707     0896                     	;# 
  2708     0896                     	;# 
  2709     089B                     	;# 
  2710     0911                     	;# 
  2711     0912                     	;# 
  2712     0913                     	;# 
  2713     0914                     	;# 
  2714     0915                     	;# 
  2715     0916                     	;# 
  2716     0918                     	;# 
  2717     0919                     	;# 
  2718     091A                     	;# 
  2719     091B                     	;# 
  2720     091C                     	;# 
  2721     091D                     	;# 
  2722     091E                     	;# 
  2723     091F                     	;# 
  2724     0E0F                     	;# 
  2725     0E10                     	;# 
  2726     0E11                     	;# 
  2727     0E12                     	;# 
  2728     0E13                     	;# 
  2729     0E14                     	;# 
  2730     0E15                     	;# 
  2731     0E16                     	;# 
  2732     0E17                     	;# 
  2733     0E18                     	;# 
  2734     0E19                     	;# 
  2735     0E1A                     	;# 
  2736     0E1B                     	;# 
  2737     0E1C                     	;# 
  2738     0E1D                     	;# 
  2739     0E1E                     	;# 
  2740     0E1F                     	;# 
  2741     0E20                     	;# 
  2742     0E21                     	;# 
  2743     0E22                     	;# 
  2744     0E24                     	;# 
  2745     0E25                     	;# 
  2746     0E28                     	;# 
  2747     0E29                     	;# 
  2748     0E2A                     	;# 
  2749     0E2B                     	;# 
  2750     0E2C                     	;# 
  2751     0E2D                     	;# 
  2752     0E2E                     	;# 
  2753     0E2F                     	;# 
  2754     0E90                     	;# 
  2755     0E91                     	;# 
  2756     0E92                     	;# 
  2757     0E94                     	;# 
  2758     0E95                     	;# 
  2759     0EA0                     	;# 
  2760     0EA1                     	;# 
  2761     0EA2                     	;# 
  2762     0EA3                     	;# 
  2763     0EA4                     	;# 
  2764     0EA5                     	;# 
  2765     0F0F                     	;# 
  2766     0F10                     	;# 
  2767     0F11                     	;# 
  2768     0F12                     	;# 
  2769     0F13                     	;# 
  2770     0F14                     	;# 
  2771     0F15                     	;# 
  2772     0F16                     	;# 
  2773     0F17                     	;# 
  2774     0F18                     	;# 
  2775     0F19                     	;# 
  2776     0F1A                     	;# 
  2777     0F1B                     	;# 
  2778     0F1C                     	;# 
  2779     0F1D                     	;# 
  2780     0F1E                     	;# 
  2781     0F1F                     	;# 
  2782     0F20                     	;# 
  2783     0F21                     	;# 
  2784     0F22                     	;# 
  2785     0F23                     	;# 
  2786     0F24                     	;# 
  2787     0F25                     	;# 
  2788     0F26                     	;# 
  2789     0F27                     	;# 
  2790     0F28                     	;# 
  2791     0F29                     	;# 
  2792     0F2A                     	;# 
  2793     0F2B                     	;# 
  2794     0F2C                     	;# 
  2795     0F2D                     	;# 
  2796     0F2E                     	;# 
  2797     0F2F                     	;# 
  2798     0F30                     	;# 
  2799     0F31                     	;# 
  2800     0F32                     	;# 
  2801     0F33                     	;# 
  2802     0F34                     	;# 
  2803     0F35                     	;# 
  2804     0F36                     	;# 
  2805     0F37                     	;# 
  2806     0FE4                     	;# 
  2807     0FE5                     	;# 
  2808     0FE6                     	;# 
  2809     0FE7                     	;# 
  2810     0FE8                     	;# 
  2811     0FE9                     	;# 
  2812     0FEA                     	;# 
  2813     0FEB                     	;# 
  2814     0FED                     	;# 
  2815     0FEE                     	;# 
  2816     0FEF                     	;# 
  2817     0000                     	;# 
  2818     0001                     	;# 
  2819     0002                     	;# 
  2820     0003                     	;# 
  2821     0004                     	;# 
  2822     0005                     	;# 
  2823     0006                     	;# 
  2824     0007                     	;# 
  2825     0008                     	;# 
  2826     0009                     	;# 
  2827     000A                     	;# 
  2828     000B                     	;# 
  2829     000C                     	;# 
  2830     000E                     	;# 
  2831     0010                     	;# 
  2832     0011                     	;# 
  2833     0012                     	;# 
  2834     0013                     	;# 
  2835     0014                     	;# 
  2836     0015                     	;# 
  2837     0015                     	;# 
  2838     0016                     	;# 
  2839     0016                     	;# 
  2840     0017                     	;# 
  2841     0018                     	;# 
  2842     0019                     	;# 
  2843     0019                     	;# 
  2844     001A                     	;# 
  2845     001B                     	;# 
  2846     001C                     	;# 
  2847     001D                     	;# 
  2848     001E                     	;# 
  2849     001F                     	;# 
  2850     008C                     	;# 
  2851     008E                     	;# 
  2852     0090                     	;# 
  2853     0091                     	;# 
  2854     0092                     	;# 
  2855     0093                     	;# 
  2856     0094                     	;# 
  2857     0097                     	;# 
  2858     009B                     	;# 
  2859     009B                     	;# 
  2860     009C                     	;# 
  2861     009D                     	;# 
  2862     009E                     	;# 
  2863     009F                     	;# 
  2864     010C                     	;# 
  2865     010E                     	;# 
  2866     0111                     	;# 
  2867     0112                     	;# 
  2868     0113                     	;# 
  2869     0114                     	;# 
  2870     0115                     	;# 
  2871     0116                     	;# 
  2872     0117                     	;# 
  2873     0118                     	;# 
  2874     0119                     	;# 
  2875     018C                     	;# 
  2876     018E                     	;# 
  2877     0199                     	;# 
  2878     0199                     	;# 
  2879     0199                     	;# 
  2880     019A                     	;# 
  2881     019A                     	;# 
  2882     019A                     	;# 
  2883     019B                     	;# 
  2884     019B                     	;# 
  2885     019B                     	;# 
  2886     019B                     	;# 
  2887     019B                     	;# 
  2888     019C                     	;# 
  2889     019C                     	;# 
  2890     019C                     	;# 
  2891     019D                     	;# 
  2892     019D                     	;# 
  2893     019D                     	;# 
  2894     019E                     	;# 
  2895     019E                     	;# 
  2896     019E                     	;# 
  2897     019F                     	;# 
  2898     019F                     	;# 
  2899     019F                     	;# 
  2900     019F                     	;# 
  2901     019F                     	;# 
  2902     020C                     	;# 
  2903     020E                     	;# 
  2904     0211                     	;# 
  2905     0211                     	;# 
  2906     0212                     	;# 
  2907     0212                     	;# 
  2908     0213                     	;# 
  2909     0213                     	;# 
  2910     0214                     	;# 
  2911     0214                     	;# 
  2912     0215                     	;# 
  2913     0215                     	;# 
  2914     0215                     	;# 
  2915     0215                     	;# 
  2916     0216                     	;# 
  2917     0216                     	;# 
  2918     0217                     	;# 
  2919     0217                     	;# 
  2920     0219                     	;# 
  2921     021A                     	;# 
  2922     021B                     	;# 
  2923     021C                     	;# 
  2924     021D                     	;# 
  2925     021D                     	;# 
  2926     021E                     	;# 
  2927     021F                     	;# 
  2928     028C                     	;# 
  2929     028E                     	;# 
  2930     0291                     	;# 
  2931     0291                     	;# 
  2932     0292                     	;# 
  2933     0293                     	;# 
  2934     0294                     	;# 
  2935     0295                     	;# 
  2936     0295                     	;# 
  2937     0296                     	;# 
  2938     0297                     	;# 
  2939     0298                     	;# 
  2940     029F                     	;# 
  2941     030C                     	;# 
  2942     030E                     	;# 
  2943     0311                     	;# 
  2944     0311                     	;# 
  2945     0312                     	;# 
  2946     0313                     	;# 
  2947     0314                     	;# 
  2948     0315                     	;# 
  2949     0315                     	;# 
  2950     0316                     	;# 
  2951     0317                     	;# 
  2952     0318                     	;# 
  2953     038C                     	;# 
  2954     038E                     	;# 
  2955     0391                     	;# 
  2956     0392                     	;# 
  2957     0393                     	;# 
  2958     0397                     	;# 
  2959     0398                     	;# 
  2960     0399                     	;# 
  2961     039A                     	;# 
  2962     039C                     	;# 
  2963     039D                     	;# 
  2964     039E                     	;# 
  2965     039F                     	;# 
  2966     0411                     	;# 
  2967     0411                     	;# 
  2968     0412                     	;# 
  2969     0413                     	;# 
  2970     0414                     	;# 
  2971     0415                     	;# 
  2972     0416                     	;# 
  2973     0417                     	;# 
  2974     0418                     	;# 
  2975     0418                     	;# 
  2976     0419                     	;# 
  2977     041A                     	;# 
  2978     041B                     	;# 
  2979     041C                     	;# 
  2980     041D                     	;# 
  2981     041E                     	;# 
  2982     041F                     	;# 
  2983     0498                     	;# 
  2984     0498                     	;# 
  2985     0499                     	;# 
  2986     049A                     	;# 
  2987     049B                     	;# 
  2988     049B                     	;# 
  2989     049C                     	;# 
  2990     049D                     	;# 
  2991     049E                     	;# 
  2992     049F                     	;# 
  2993     0617                     	;# 
  2994     0618                     	;# 
  2995     0619                     	;# 
  2996     0619                     	;# 
  2997     061A                     	;# 
  2998     061B                     	;# 
  2999     061C                     	;# 
  3000     061C                     	;# 
  3001     061F                     	;# 
  3002     0691                     	;# 
  3003     0692                     	;# 
  3004     0693                     	;# 
  3005     0694                     	;# 
  3006     0695                     	;# 
  3007     0696                     	;# 
  3008     0697                     	;# 
  3009     0698                     	;# 
  3010     0699                     	;# 
  3011     0711                     	;# 
  3012     0712                     	;# 
  3013     0713                     	;# 
  3014     0714                     	;# 
  3015     0715                     	;# 
  3016     0716                     	;# 
  3017     0717                     	;# 
  3018     0718                     	;# 
  3019     0719                     	;# 
  3020     0891                     	;# 
  3021     0891                     	;# 
  3022     0891                     	;# 
  3023     0891                     	;# 
  3024     0891                     	;# 
  3025     0891                     	;# 
  3026     0892                     	;# 
  3027     0892                     	;# 
  3028     0892                     	;# 
  3029     0893                     	;# 
  3030     0893                     	;# 
  3031     0893                     	;# 
  3032     0893                     	;# 
  3033     0893                     	;# 
  3034     0893                     	;# 
  3035     0894                     	;# 
  3036     0894                     	;# 
  3037     0894                     	;# 
  3038     0895                     	;# 
  3039     0895                     	;# 
  3040     0895                     	;# 
  3041     0896                     	;# 
  3042     0896                     	;# 
  3043     0896                     	;# 
  3044     089B                     	;# 
  3045     0911                     	;# 
  3046     0912                     	;# 
  3047     0913                     	;# 
  3048     0914                     	;# 
  3049     0915                     	;# 
  3050     0916                     	;# 
  3051     0918                     	;# 
  3052     0919                     	;# 
  3053     091A                     	;# 
  3054     091B                     	;# 
  3055     091C                     	;# 
  3056     091D                     	;# 
  3057     091E                     	;# 
  3058     091F                     	;# 
  3059     0E0F                     	;# 
  3060     0E10                     	;# 
  3061     0E11                     	;# 
  3062     0E12                     	;# 
  3063     0E13                     	;# 
  3064     0E14                     	;# 
  3065     0E15                     	;# 
  3066     0E16                     	;# 
  3067     0E17                     	;# 
  3068     0E18                     	;# 
  3069     0E19                     	;# 
  3070     0E1A                     	;# 
  3071     0E1B                     	;# 
  3072     0E1C                     	;# 
  3073     0E1D                     	;# 
  3074     0E1E                     	;# 
  3075     0E1F                     	;# 
  3076     0E20                     	;# 
  3077     0E21                     	;# 
  3078     0E22                     	;# 
  3079     0E24                     	;# 
  3080     0E25                     	;# 
  3081     0E28                     	;# 
  3082     0E29                     	;# 
  3083     0E2A                     	;# 
  3084     0E2B                     	;# 
  3085     0E2C                     	;# 
  3086     0E2D                     	;# 
  3087     0E2E                     	;# 
  3088     0E2F                     	;# 
  3089     0E90                     	;# 
  3090     0E91                     	;# 
  3091     0E92                     	;# 
  3092     0E94                     	;# 
  3093     0E95                     	;# 
  3094     0EA0                     	;# 
  3095     0EA1                     	;# 
  3096     0EA2                     	;# 
  3097     0EA3                     	;# 
  3098     0EA4                     	;# 
  3099     0EA5                     	;# 
  3100     0F0F                     	;# 
  3101     0F10                     	;# 
  3102     0F11                     	;# 
  3103     0F12                     	;# 
  3104     0F13                     	;# 
  3105     0F14                     	;# 
  3106     0F15                     	;# 
  3107     0F16                     	;# 
  3108     0F17                     	;# 
  3109     0F18                     	;# 
  3110     0F19                     	;# 
  3111     0F1A                     	;# 
  3112     0F1B                     	;# 
  3113     0F1C                     	;# 
  3114     0F1D                     	;# 
  3115     0F1E                     	;# 
  3116     0F1F                     	;# 
  3117     0F20                     	;# 
  3118     0F21                     	;# 
  3119     0F22                     	;# 
  3120     0F23                     	;# 
  3121     0F24                     	;# 
  3122     0F25                     	;# 
  3123     0F26                     	;# 
  3124     0F27                     	;# 
  3125     0F28                     	;# 
  3126     0F29                     	;# 
  3127     0F2A                     	;# 
  3128     0F2B                     	;# 
  3129     0F2C                     	;# 
  3130     0F2D                     	;# 
  3131     0F2E                     	;# 
  3132     0F2F                     	;# 
  3133     0F30                     	;# 
  3134     0F31                     	;# 
  3135     0F32                     	;# 
  3136     0F33                     	;# 
  3137     0F34                     	;# 
  3138     0F35                     	;# 
  3139     0F36                     	;# 
  3140     0F37                     	;# 
  3141     0FE4                     	;# 
  3142     0FE5                     	;# 
  3143     0FE6                     	;# 
  3144     0FE7                     	;# 
  3145     0FE8                     	;# 
  3146     0FE9                     	;# 
  3147     0FEA                     	;# 
  3148     0FEB                     	;# 
  3149     0FED                     	;# 
  3150     0FEE                     	;# 
  3151     0FEF                     	;# 
  3152     0000                     	;# 
  3153     0001                     	;# 
  3154     0002                     	;# 
  3155     0003                     	;# 
  3156     0004                     	;# 
  3157     0005                     	;# 
  3158     0006                     	;# 
  3159     0007                     	;# 
  3160     0008                     	;# 
  3161     0009                     	;# 
  3162     000A                     	;# 
  3163     000B                     	;# 
  3164     000C                     	;# 
  3165     000E                     	;# 
  3166     0010                     	;# 
  3167     0011                     	;# 
  3168     0012                     	;# 
  3169     0013                     	;# 
  3170     0014                     	;# 
  3171     0015                     	;# 
  3172     0015                     	;# 
  3173     0016                     	;# 
  3174     0016                     	;# 
  3175     0017                     	;# 
  3176     0018                     	;# 
  3177     0019                     	;# 
  3178     0019                     	;# 
  3179     001A                     	;# 
  3180     001B                     	;# 
  3181     001C                     	;# 
  3182     001D                     	;# 
  3183     001E                     	;# 
  3184     001F                     	;# 
  3185     008C                     	;# 
  3186     008E                     	;# 
  3187     0090                     	;# 
  3188     0091                     	;# 
  3189     0092                     	;# 
  3190     0093                     	;# 
  3191     0094                     	;# 
  3192     0097                     	;# 
  3193     009B                     	;# 
  3194     009B                     	;# 
  3195     009C                     	;# 
  3196     009D                     	;# 
  3197     009E                     	;# 
  3198     009F                     	;# 
  3199     010C                     	;# 
  3200     010E                     	;# 
  3201     0111                     	;# 
  3202     0112                     	;# 
  3203     0113                     	;# 
  3204     0114                     	;# 
  3205     0115                     	;# 
  3206     0116                     	;# 
  3207     0117                     	;# 
  3208     0118                     	;# 
  3209     0119                     	;# 
  3210     018C                     	;# 
  3211     018E                     	;# 
  3212     0199                     	;# 
  3213     0199                     	;# 
  3214     0199                     	;# 
  3215     019A                     	;# 
  3216     019A                     	;# 
  3217     019A                     	;# 
  3218     019B                     	;# 
  3219     019B                     	;# 
  3220     019B                     	;# 
  3221     019B                     	;# 
  3222     019B                     	;# 
  3223     019C                     	;# 
  3224     019C                     	;# 
  3225     019C                     	;# 
  3226     019D                     	;# 
  3227     019D                     	;# 
  3228     019D                     	;# 
  3229     019E                     	;# 
  3230     019E                     	;# 
  3231     019E                     	;# 
  3232     019F                     	;# 
  3233     019F                     	;# 
  3234     019F                     	;# 
  3235     019F                     	;# 
  3236     019F                     	;# 
  3237     020C                     	;# 
  3238     020E                     	;# 
  3239     0211                     	;# 
  3240     0211                     	;# 
  3241     0212                     	;# 
  3242     0212                     	;# 
  3243     0213                     	;# 
  3244     0213                     	;# 
  3245     0214                     	;# 
  3246     0214                     	;# 
  3247     0215                     	;# 
  3248     0215                     	;# 
  3249     0215                     	;# 
  3250     0215                     	;# 
  3251     0216                     	;# 
  3252     0216                     	;# 
  3253     0217                     	;# 
  3254     0217                     	;# 
  3255     0219                     	;# 
  3256     021A                     	;# 
  3257     021B                     	;# 
  3258     021C                     	;# 
  3259     021D                     	;# 
  3260     021D                     	;# 
  3261     021E                     	;# 
  3262     021F                     	;# 
  3263     028C                     	;# 
  3264     028E                     	;# 
  3265     0291                     	;# 
  3266     0291                     	;# 
  3267     0292                     	;# 
  3268     0293                     	;# 
  3269     0294                     	;# 
  3270     0295                     	;# 
  3271     0295                     	;# 
  3272     0296                     	;# 
  3273     0297                     	;# 
  3274     0298                     	;# 
  3275     029F                     	;# 
  3276     030C                     	;# 
  3277     030E                     	;# 
  3278     0311                     	;# 
  3279     0311                     	;# 
  3280     0312                     	;# 
  3281     0313                     	;# 
  3282     0314                     	;# 
  3283     0315                     	;# 
  3284     0315                     	;# 
  3285     0316                     	;# 
  3286     0317                     	;# 
  3287     0318                     	;# 
  3288     038C                     	;# 
  3289     038E                     	;# 
  3290     0391                     	;# 
  3291     0392                     	;# 
  3292     0393                     	;# 
  3293     0397                     	;# 
  3294     0398                     	;# 
  3295     0399                     	;# 
  3296     039A                     	;# 
  3297     039C                     	;# 
  3298     039D                     	;# 
  3299     039E                     	;# 
  3300     039F                     	;# 
  3301     0411                     	;# 
  3302     0411                     	;# 
  3303     0412                     	;# 
  3304     0413                     	;# 
  3305     0414                     	;# 
  3306     0415                     	;# 
  3307     0416                     	;# 
  3308     0417                     	;# 
  3309     0418                     	;# 
  3310     0418                     	;# 
  3311     0419                     	;# 
  3312     041A                     	;# 
  3313     041B                     	;# 
  3314     041C                     	;# 
  3315     041D                     	;# 
  3316     041E                     	;# 
  3317     041F                     	;# 
  3318     0498                     	;# 
  3319     0498                     	;# 
  3320     0499                     	;# 
  3321     049A                     	;# 
  3322     049B                     	;# 
  3323     049B                     	;# 
  3324     049C                     	;# 
  3325     049D                     	;# 
  3326     049E                     	;# 
  3327     049F                     	;# 
  3328     0617                     	;# 
  3329     0618                     	;# 
  3330     0619                     	;# 
  3331     0619                     	;# 
  3332     061A                     	;# 
  3333     061B                     	;# 
  3334     061C                     	;# 
  3335     061C                     	;# 
  3336     061F                     	;# 
  3337     0691                     	;# 
  3338     0692                     	;# 
  3339     0693                     	;# 
  3340     0694                     	;# 
  3341     0695                     	;# 
  3342     0696                     	;# 
  3343     0697                     	;# 
  3344     0698                     	;# 
  3345     0699                     	;# 
  3346     0711                     	;# 
  3347     0712                     	;# 
  3348     0713                     	;# 
  3349     0714                     	;# 
  3350     0715                     	;# 
  3351     0716                     	;# 
  3352     0717                     	;# 
  3353     0718                     	;# 
  3354     0719                     	;# 
  3355     0891                     	;# 
  3356     0891                     	;# 
  3357     0891                     	;# 
  3358     0891                     	;# 
  3359     0891                     	;# 
  3360     0891                     	;# 
  3361     0892                     	;# 
  3362     0892                     	;# 
  3363     0892                     	;# 
  3364     0893                     	;# 
  3365     0893                     	;# 
  3366     0893                     	;# 
  3367     0893                     	;# 
  3368     0893                     	;# 
  3369     0893                     	;# 
  3370     0894                     	;# 
  3371     0894                     	;# 
  3372     0894                     	;# 
  3373     0895                     	;# 
  3374     0895                     	;# 
  3375     0895                     	;# 
  3376     0896                     	;# 
  3377     0896                     	;# 
  3378     0896                     	;# 
  3379     089B                     	;# 
  3380     0911                     	;# 
  3381     0912                     	;# 
  3382     0913                     	;# 
  3383     0914                     	;# 
  3384     0915                     	;# 
  3385     0916                     	;# 
  3386     0918                     	;# 
  3387     0919                     	;# 
  3388     091A                     	;# 
  3389     091B                     	;# 
  3390     091C                     	;# 
  3391     091D                     	;# 
  3392     091E                     	;# 
  3393     091F                     	;# 
  3394     0E0F                     	;# 
  3395     0E10                     	;# 
  3396     0E11                     	;# 
  3397     0E12                     	;# 
  3398     0E13                     	;# 
  3399     0E14                     	;# 
  3400     0E15                     	;# 
  3401     0E16                     	;# 
  3402     0E17                     	;# 
  3403     0E18                     	;# 
  3404     0E19                     	;# 
  3405     0E1A                     	;# 
  3406     0E1B                     	;# 
  3407     0E1C                     	;# 
  3408     0E1D                     	;# 
  3409     0E1E                     	;# 
  3410     0E1F                     	;# 
  3411     0E20                     	;# 
  3412     0E21                     	;# 
  3413     0E22                     	;# 
  3414     0E24                     	;# 
  3415     0E25                     	;# 
  3416     0E28                     	;# 
  3417     0E29                     	;# 
  3418     0E2A                     	;# 
  3419     0E2B                     	;# 
  3420     0E2C                     	;# 
  3421     0E2D                     	;# 
  3422     0E2E                     	;# 
  3423     0E2F                     	;# 
  3424     0E90                     	;# 
  3425     0E91                     	;# 
  3426     0E92                     	;# 
  3427     0E94                     	;# 
  3428     0E95                     	;# 
  3429     0EA0                     	;# 
  3430     0EA1                     	;# 
  3431     0EA2                     	;# 
  3432     0EA3                     	;# 
  3433     0EA4                     	;# 
  3434     0EA5                     	;# 
  3435     0F0F                     	;# 
  3436     0F10                     	;# 
  3437     0F11                     	;# 
  3438     0F12                     	;# 
  3439     0F13                     	;# 
  3440     0F14                     	;# 
  3441     0F15                     	;# 
  3442     0F16                     	;# 
  3443     0F17                     	;# 
  3444     0F18                     	;# 
  3445     0F19                     	;# 
  3446     0F1A                     	;# 
  3447     0F1B                     	;# 
  3448     0F1C                     	;# 
  3449     0F1D                     	;# 
  3450     0F1E                     	;# 
  3451     0F1F                     	;# 
  3452     0F20                     	;# 
  3453     0F21                     	;# 
  3454     0F22                     	;# 
  3455     0F23                     	;# 
  3456     0F24                     	;# 
  3457     0F25                     	;# 
  3458     0F26                     	;# 
  3459     0F27                     	;# 
  3460     0F28                     	;# 
  3461     0F29                     	;# 
  3462     0F2A                     	;# 
  3463     0F2B                     	;# 
  3464     0F2C                     	;# 
  3465     0F2D                     	;# 
  3466     0F2E                     	;# 
  3467     0F2F                     	;# 
  3468     0F30                     	;# 
  3469     0F31                     	;# 
  3470     0F32                     	;# 
  3471     0F33                     	;# 
  3472     0F34                     	;# 
  3473     0F35                     	;# 
  3474     0F36                     	;# 
  3475     0F37                     	;# 
  3476     0FE4                     	;# 
  3477     0FE5                     	;# 
  3478     0FE6                     	;# 
  3479     0FE7                     	;# 
  3480     0FE8                     	;# 
  3481     0FE9                     	;# 
  3482     0FEA                     	;# 
  3483     0FEB                     	;# 
  3484     0FED                     	;# 
  3485     0FEE                     	;# 
  3486     0FEF                     	;_Line_Data
  3487                           
  3488 ;; Function _I2C1_SlaveDefWrColInterruptHandler is unused but had its address taken
  3489     0000                     
  3490 ;; Function _I2C1_SlaveDefBusColInterruptHandler is unused but had its address taken
  3491     0000                     
  3492 ;; Function _I2C_SlaveCollisionCallbackHandler is unused but had its address taken
  3493     0000                     
  3494                           	psect	idataBANK1
  3495     17EB                     __pidataBANK1:
  3496                           
  3497                           ;initializer for _CMD_queue_rear
  3498     17EB  34FF               	retlw	255
  3499     17EC  34FF               	retlw	255
  3500                           
  3501                           ;initializer for _CMD_queue_front
  3502     17ED  34FF               	retlw	255
  3503     17EE  34FF               	retlw	255
  3504                           
  3505                           ;initializer for key_loop@mcode
  3506     17EF  3480               	retlw	128
  3507                           
  3508                           ;initializer for key_loop@state
  3509     17F0  3403               	retlw	3
  3510                           
  3511                           ;initializer for key_loop@spacing
  3512     17F1  3402               	retlw	2
  3513                           
  3514                           ;initializer for _tx_flag
  3515     17F2  3401               	retlw	1
  3516                           
  3517                           ;initializer for _Message_queue_status
  3518     17F3  3401               	retlw	1
  3519                           
  3520                           ;initializer for _first_pass
  3521     17F4  3401               	retlw	1
  3522                           
  3523                           	psect	idataEEDATA
  3524     0000                     __pidataEEDATA:
  3525     0000                     _weight__eeprom:	
  3526                           ;initializer for _weight__eeprom
  3527                           
  3528     0000  0000               	db	0
  3529     0001  0000               	db	0
  3530     0002  0048               	db	72
  3531     0003  0042               	db	66
  3532     0004                     _speed_wpm__eeprom:	
  3533                           ;initializer for _speed_wpm__eeprom
  3534                           
  3535     0004  0000               	db	0
  3536     0005  0000               	db	0
  3537     0006  0090               	db	144
  3538     0007  0041               	db	65
  3539     0008                     _spacing__eeprom:	
  3540                           ;initializer for _spacing__eeprom
  3541                           
  3542     0008  0001               	db	1
  3543     0009                     _memory__eeprom:	
  3544                           ;initializer for _memory__eeprom
  3545                           
  3546     0009  0003               	db	3
  3547                           
  3548                           	psect	nvBANK2
  3549     0159                     __pnvBANK2:
  3550     0159                     _TMR0_InterruptHandler:
  3551     0159                     	ds	2
  3552     0003                     _STATUSbits	set	3
  3553     000C                     _PORTAbits	set	12
  3554     0017                     _T0CON0bits	set	23
  3555     0017                     _T0CON0	set	23
  3556     0015                     _TMR0L	set	21
  3557     0016                     _TMR0H	set	22
  3558     0018                     _T0CON1	set	24
  3559     0011                     _PIR1bits	set	17
  3560     000B                     _INTCONbits	set	11
  3561     0010                     _PIR0bits	set	16
  3562     0097                     _WDTCON	set	151
  3563     008E                     _TRISC	set	142
  3564     008C                     _TRISA	set	140
  3565     0091                     _PIE1bits	set	145
  3566     0090                     _PIE0bits	set	144
  3567     010C                     _LATAbits	set	268
  3568     010E                     _LATCbits	set	270
  3569     010E                     _LATC	set	270
  3570     010C                     _LATA	set	268
  3571     018C                     _ANSELA	set	396
  3572     018E                     _ANSELC	set	398
  3573     020C                     _WPUAbits	set	524
  3574     0211                     _SSP1BUF	set	529
  3575     0216                     _SSP1CON2bits	set	534
  3576     0214                     _SSP1STATbits	set	532
  3577     0213                     _SSP1MSK	set	531
  3578     0212                     _SSP1ADD	set	530
  3579     0215                     _SSP1CON1bits	set	533
  3580     0216                     _SSP1CON2	set	534
  3581     0215                     _SSP1CON1	set	533
  3582     0214                     _SSP1STAT	set	532
  3583     020E                     _WPUC	set	526
  3584     020C                     _WPUA	set	524
  3585     028E                     _ODCONC	set	654
  3586     028C                     _ODCONA	set	652
  3587     030E                     _SLRCONC	set	782
  3588     030C                     _SLRCONA	set	780
  3589     038E                     _INLVLC	set	910
  3590     038C                     _INLVLA	set	908
  3591     049E                     _NCO1CONbits	set	1182
  3592     049B                     _NCO1INCL	set	1179
  3593     049C                     _NCO1INCH	set	1180
  3594     049D                     _NCO1INCU	set	1181
  3595     0498                     _NCO1ACCL	set	1176
  3596     0499                     _NCO1ACCH	set	1177
  3597     049A                     _NCO1ACCU	set	1178
  3598     049F                     _NCO1CLK	set	1183
  3599     049E                     _NCO1CON	set	1182
  3600     0896                     _NVMCON2	set	2198
  3601     0893                     _NVMDATL	set	2195
  3602     0894                     _NVMDATH	set	2196
  3603     0895                     _NVMCON1bits	set	2197
  3604     0892                     _NVMADRH	set	2194
  3605     0891                     _NVMADRL	set	2193
  3606     0916                     _PMD5	set	2326
  3607     0915                     _PMD4	set	2325
  3608     0914                     _PMD3	set	2324
  3609     0913                     _PMD2	set	2323
  3610     0912                     _PMD1	set	2322
  3611     0911                     _PMD0	set	2321
  3612     091E                     _OSCTUNE	set	2334
  3613     091F                     _OSCFRQ	set	2335
  3614     091D                     _OSCEN	set	2333
  3615     091B                     _OSCCON3	set	2331
  3616     0919                     _OSCCON1	set	2329
  3617     0E21                     _SSP1DATPPS	set	3617
  3618     0E20                     _SSP1CLKPPS	set	3616
  3619     0EA2                     _RC2PPS	set	3746
  3620     0EA1                     _RC1PPS	set	3745
  3621     0EA0                     _RC0PPS	set	3744
  3622                           
  3623                           	psect	cinit
  3624     0027                     start_initialization:	
  3625                           ; #config settings
  3626                           
  3627     0027                     __initialization:	;BIGRAM
  3628                           
  3629                           ; Initialize objects allocated to BANK1
  3630     0027  30EB               	movlw	low __pidataBANK1
  3631     0028  0084               	movwf	4
  3632     0029  3097               	movlw	(high __pidataBANK1)| (0+128)
  3633     002A  0085               	movwf	5
  3634     002B  30E1               	movlw	low __pdataBANK1
  3635     002C  0086               	movwf	6
  3636     002D  3000               	movlw	high __pdataBANK1
  3637     002E  0087               	movwf	7
  3638     002F  3000               	movlw	0
  3639     0030  00FF               	movwf	btemp+1
  3640     0031  300A               	movlw	10
  3641     0032  3188  203C  3180   	fcall	init_ram
  3642                           
  3643                           ; Clear objects allocated to BIGRAM
  3644     0035  30B0               	movlw	low (0+9904)
  3645     0036  0084               	movwf	4
  3646     0037  3026               	movlw	high (0+9904)
  3647     0038  0085               	movwf	5
  3648     0039  3040               	movlw	64
  3649     003A  00FE               	movwf	btemp
  3650     003B  3001               	movlw	1
  3651     003C  00FF               	movwf	btemp+1
  3652     003D  3188  2030  3180   	fcall	clear_ram0
  3653                           
  3654                           ; Clear objects allocated to COMMON
  3655     0040  01FD               	clrf	__pbssCOMMON& (0+127)
  3656                           
  3657                           ; Clear objects allocated to BANK0
  3658     0041  01EF               	clrf	__pbssBANK0& (0+127)
  3659                           
  3660                           ; Clear objects allocated to BANK1
  3661     0042  30A0               	movlw	low __pbssBANK1
  3662     0043  0084               	movwf	4
  3663     0044  3000               	movlw	high __pbssBANK1
  3664     0045  0085               	movwf	5
  3665     0046  3024               	movlw	36
  3666     0047  00FE               	movwf	btemp
  3667     0048  3000               	movlw	0
  3668     0049  00FF               	movwf	btemp+1
  3669     004A  3188  2030  3180   	fcall	clear_ram0
  3670                           
  3671                           ; Clear objects allocated to BANK2
  3672     004D  3020               	movlw	low __pbssBANK2
  3673     004E  0084               	movwf	4
  3674     004F  3001               	movlw	high __pbssBANK2
  3675     0050  0085               	movwf	5
  3676     0051  3039               	movlw	57
  3677     0052  00FE               	movwf	btemp
  3678     0053  3000               	movlw	0
  3679     0054  00FF               	movwf	btemp+1
  3680     0055  3188  2030  3180   	fcall	clear_ram0
  3681                           
  3682                           ; Clear objects allocated to BANK3
  3683     0058  30A0               	movlw	low __pbssBANK3
  3684     0059  0084               	movwf	4
  3685     005A  3001               	movlw	high __pbssBANK3
  3686     005B  0085               	movwf	5
  3687     005C  3030               	movlw	48
  3688     005D  00FE               	movwf	btemp
  3689     005E  3000               	movlw	0
  3690     005F  00FF               	movwf	btemp+1
  3691     0060  3188  2030         	fcall	clear_ram0
  3692     0062                     end_of_initialization:	
  3693                           ;End of C runtime variable initialization code
  3694                           
  3695     0062                     __end_of__initialization:
  3696     0062  107E               	bcf	int$flags,0	;clear compiler interrupt flag (level 1)
  3697     0063  0020               	movlb	0
  3698     0064  3187  2FA9         	ljmp	_main	;jump to C main() function
  3699                           
  3700                           	psect	bssEEDATA
  3701     000A                     __pbssEEDATA:
  3702     000A                     _mode__eeprom:
  3703     000A  0000               	db	0
  3704     000B                     _paddle__eeprom:
  3705     000B  0000               	db	0
  3706                           
  3707                           	psect	dataEEDATA
  3708     0000                     __pdataEEDATA:
  3709                           
  3710                           	psect	bssCOMMON
  3711     007D                     __pbssCOMMON:
  3712     007D                     _tmpSlaveAddr:
  3713     007D                     	ds	1
  3714                           
  3715                           	psect	bssBANK0
  3716     006F                     __pbssBANK0:
  3717     006F                     _CMD_add_queue_busy:
  3718     006F                     	ds	1
  3719                           
  3720                           	psect	bssBANK1
  3721     00A0                     __pbssBANK1:
  3722     00A0                     key_loop@start_after:
  3723     00A0                     	ds	4
  3724     00A4                     _cfg_speed_micros:
  3725     00A4                     	ds	4
  3726     00A8                     _timer0ReloadVal16bit:
  3727     00A8                     	ds	2
  3728     00AA                     key_loop@staged:
  3729     00AA                     	ds	1
  3730     00AB                     key_loop@ultimatic:
  3731     00AB                     	ds	1
  3732     00AC                     key_loop@last:
  3733     00AC                     	ds	1
  3734     00AD                     _cw_tx:
  3735     00AD                     	ds	1
  3736     00AE                     _Return_Queue_count:
  3737     00AE                     	ds	1
  3738     00AF                     _Queue_Overrun:
  3739     00AF                     	ds	1
  3740     00B0                     _CMD_queue_count:
  3741     00B0                     	ds	1
  3742     00B1                     _CMD_dequeue_busy:
  3743     00B1                     	ds	1
  3744     00B2                     _param2:
  3745     00B2                     	ds	1
  3746     00B3                     _param1:
  3747     00B3                     	ds	1
  3748     00B4                     _cmd_read:
  3749     00B4                     	ds	1
  3750     00B5                     _msg_size_read:
  3751     00B5                     	ds	1
  3752     00B6                     _LineDataIndex:
  3753     00B6                     	ds	1
  3754     00B7                     _msg:
  3755     00B7                     	ds	1
  3756     00B8                     _SlaveTransmit:
  3757     00B8                     	ds	1
  3758     00B9                     _SlaveInit:
  3759     00B9                     	ds	1
  3760     00BA                     _Scan_Row_Index:
  3761     00BA                     	ds	1
  3762     00BB                     _cursor_column:
  3763     00BB                     	ds	1
  3764     00BC                     _cursor_row:
  3765     00BC                     	ds	1
  3766     00BD                     _SlaveR_W:
  3767     00BD                     	ds	1
  3768     00BE                     _SlaveAddress:
  3769     00BE                     	ds	1
  3770     00BF                     _LineDataRow:
  3771     00BF                     	ds	1
  3772     00C0                     _i2c1SlaveState:
  3773     00C0                     	ds	1
  3774     00C1                     _i2c1SlaveAddr:
  3775     00C1                     	ds	1
  3776     00C2                     _i2c1RdData:
  3777     00C2                     	ds	1
  3778     00C3                     _i2c1WrData:
  3779     00C3                     	ds	1
  3780                           
  3781                           	psect	dataBANK1
  3782     00E1                     __pdataBANK1:
  3783     00E1                     _CMD_queue_rear:
  3784     00E1                     	ds	2
  3785     00E3                     _CMD_queue_front:
  3786     00E3                     	ds	2
  3787     00E5                     key_loop@mcode:
  3788     00E5                     	ds	1
  3789     00E6                     key_loop@state:
  3790     00E6                     	ds	1
  3791     00E7                     key_loop@spacing:
  3792     00E7                     	ds	1
  3793     00E8                     _tx_flag:
  3794     00E8                     	ds	1
  3795     00E9                     _Message_queue_status:
  3796     00E9                     	ds	1
  3797     00EA                     _first_pass:
  3798     00EA                     	ds	1
  3799                           
  3800                           	psect	bssBANK2
  3801     0120                     __pbssBANK2:
  3802     0120                     _message:
  3803     0120                     	ds	16
  3804     0130                     _cfg:
  3805     0130                     	ds	13
  3806     013D                     key_loop@read_after:
  3807     013D                     	ds	4
  3808     0141                     _tx_timer:
  3809     0141                     	ds	4
  3810     0145                     _micro_tick_B:
  3811     0145                     	ds	4
  3812     0149                     _micro_tick_A:
  3813     0149                     	ds	4
  3814     014D                     _I2C1_SlaveWrColInterruptHandler:
  3815     014D                     	ds	2
  3816     014F                     _I2C1_SlaveBusColInterruptHandler:
  3817     014F                     	ds	2
  3818     0151                     _I2C1_SlaveAddrInterruptHandler:
  3819     0151                     	ds	2
  3820     0153                     _I2C1_SlaveWrInterruptHandler:
  3821     0153                     	ds	2
  3822     0155                     _I2C1_SlaveRdInterruptHandler:
  3823     0155                     	ds	2
  3824     0157                     _MSSP1_InterruptHandler:
  3825     0157                     	ds	2
  3826                           
  3827                           	psect	bssBANK3
  3828     01A0                     __pbssBANK3:
  3829     01A0                     _CMD_Queue:
  3830     01A0                     	ds	48
  3831                           
  3832                           	psect	inittext
  3833     083C                     init_ram:
  3834     083C  00FE               	movwf	126
  3835     083D                     initloop:
  3836     083D  0012               	moviw fsr0++
  3837     083E  001E               	movwi fsr1++
  3838     083F  3001               	movlw	1
  3839     0840  02FE               	subwf	126,f
  3840     0841  3000               	movlw	0
  3841     0842  3BFF               	subwfb	127,f
  3842     0843  087F               	movf	127,w
  3843     0844  047E               	iorwf	126,w
  3844     0845  1903               	btfsc	3,2
  3845     0846  3400               	retlw	0
  3846     0847  283D               	goto	initloop
  3847                           
  3848                           	psect	clrtext
  3849     0830                     clear_ram0:	
  3850                           ;	Called with FSR0 containing the base address, and
  3851                           ;	btemp/btemp+1 has the size to clear
  3852                           
  3853     0830  0064               	clrwdt	;clear the watchdog before getting into this loop
  3854     0831                     clrloop0:
  3855     0831  0180               	clrf	0	;clear RAM location pointed to by FSR
  3856     0832  3101               	addfsr 0,1
  3857     0833  3001               	movlw	1
  3858     0834  02FE               	subwf	126,f
  3859     0835  3000               	movlw	0
  3860     0836  3BFF               	subwfb	127,f
  3861     0837  087F               	movf	127,w
  3862     0838  047E               	iorwf	126,w
  3863     0839  1903               	btfsc	3,2
  3864     083A  3400               	retlw	0	;all done for this memory range, return
  3865     083B  2831               	goto	clrloop0	;have we reached the end yet?
  3866                           
  3867                           	psect	cstackBANK1
  3868     00C4                     __pcstackBANK1:
  3869     00C4                     ?_key_loop:
  3870     00C4                     ?___aldiv:	
  3871                           ; 1 bytes @ 0x0
  3872                           
  3873     00C4                     key_loop@mark:	
  3874                           ; 4 bytes @ 0x0
  3875                           
  3876     00C4                     ___aldiv@divisor:	
  3877                           ; 4 bytes @ 0x0
  3878                           
  3879                           
  3880                           ; 4 bytes @ 0x0
  3881     00C4                     	ds	4
  3882     00C8                     ??_key_loop:
  3883     00C8                     ___aldiv@dividend:	
  3884                           ; 1 bytes @ 0x4
  3885                           
  3886                           
  3887                           ; 4 bytes @ 0x4
  3888     00C8                     	ds	4
  3889     00CC                     ___aldiv@counter:
  3890                           
  3891                           ; 1 bytes @ 0x8
  3892     00CC                     	ds	1
  3893     00CD                     ___aldiv@sign:
  3894                           
  3895                           ; 1 bytes @ 0x9
  3896     00CD                     	ds	1
  3897     00CE                     ___aldiv@quotient:
  3898                           
  3899                           ; 4 bytes @ 0xA
  3900     00CE                     	ds	2
  3901     00D0                     _key_loop$1840:
  3902                           
  3903                           ; 4 bytes @ 0xC
  3904     00D0                     	ds	2
  3905     00D2                     ?_cfg_set_speed:
  3906     00D2                     cfg_set_speed@wpm:	
  3907                           ; 1 bytes @ 0xE
  3908                           
  3909                           
  3910                           ; 4 bytes @ 0xE
  3911     00D2                     	ds	2
  3912     00D4                     key_loop@k1:
  3913                           
  3914                           ; 1 bytes @ 0x10
  3915     00D4                     	ds	1
  3916     00D5                     key_loop@k0:
  3917                           
  3918                           ; 1 bytes @ 0x11
  3919     00D5                     	ds	1
  3920     00D6                     ??_CW_Config:
  3921     00D6                     key_loop@i:	
  3922                           ; 1 bytes @ 0x12
  3923                           
  3924                           
  3925                           ; 4 bytes @ 0x12
  3926     00D6                     	ds	4
  3927     00DA                     CW_Config@wpm:
  3928                           
  3929                           ; 4 bytes @ 0x16
  3930     00DA                     	ds	4
  3931     00DE                     CW_Config@param2:
  3932                           
  3933                           ; 1 bytes @ 0x1A
  3934     00DE                     	ds	1
  3935     00DF                     CW_Config@scan_msg:
  3936                           
  3937                           ; 1 bytes @ 0x1B
  3938     00DF                     	ds	1
  3939     00E0                     CW_Config@param1:
  3940                           
  3941                           ; 1 bytes @ 0x1C
  3942     00E0                     	ds	1
  3943                           
  3944                           	psect	cstackCOMMON
  3945     0070                     __pcstackCOMMON:
  3946     0070                     ?_TMR0_ISR:
  3947     0070                     ??_TMR0_ISR:	
  3948                           ; 1 bytes @ 0x0
  3949                           
  3950     0070                     ?_TMR0_DefaultInterruptHandler:	
  3951                           ; 1 bytes @ 0x0
  3952                           
  3953     0070                     ??_TMR0_DefaultInterruptHandler:	
  3954                           ; 1 bytes @ 0x0
  3955                           
  3956     0070                     ?_PMD_Initialize:	
  3957                           ; 1 bytes @ 0x0
  3958                           
  3959     0070                     ?_I2C1_Initialize:	
  3960                           ; 1 bytes @ 0x0
  3961                           
  3962     0070                     ?_OSCILLATOR_Initialize:	
  3963                           ; 1 bytes @ 0x0
  3964                           
  3965     0070                     ?_WDT_Initialize:	
  3966                           ; 1 bytes @ 0x0
  3967                           
  3968     0070                     ?_NCO1_Initialize:	
  3969                           ; 1 bytes @ 0x0
  3970                           
  3971     0070                     ?_I2C1_SlaveOpen:	
  3972                           ; 1 bytes @ 0x0
  3973                           
  3974     0070                     ?_I2C1_SlaveSetSlaveAddr:	
  3975                           ; 1 bytes @ 0x0
  3976                           
  3977     0070                     ?_I2C1_SlaveSetSlaveMask:	
  3978                           ; 1 bytes @ 0x0
  3979                           
  3980     0070                     ?_I2C1_Isr:	
  3981                           ; 1 bytes @ 0x0
  3982                           
  3983     0070                     ?_I2C1_SlaveDefWrInterruptHandler:	
  3984                           ; 1 bytes @ 0x0
  3985                           
  3986     0070                     ?_I2C1_SlaveDefRdInterruptHandler:	
  3987                           ; 1 bytes @ 0x0
  3988                           
  3989     0070                     ??_I2C1_SlaveDefRdInterruptHandler:	
  3990                           ; 1 bytes @ 0x0
  3991                           
  3992     0070                     ?_I2C1_SlaveDefAddrInterruptHandler:	
  3993                           ; 1 bytes @ 0x0
  3994                           
  3995     0070                     ??_I2C1_SlaveDefAddrInterruptHandler:	
  3996                           ; 1 bytes @ 0x0
  3997                           
  3998     0070                     ?_I2C1_SlaveEnableIrq:	
  3999                           ; 1 bytes @ 0x0
  4000                           
  4001     0070                     ?_I2C1_SlaveGetRxData:	
  4002                           ; 1 bytes @ 0x0
  4003                           
  4004     0070                     ??_I2C1_SlaveGetRxData:	
  4005                           ; 1 bytes @ 0x0
  4006                           
  4007     0070                     ?_I2C1_SlaveSendTxData:	
  4008                           ; 1 bytes @ 0x0
  4009                           
  4010     0070                     ??_I2C1_SlaveSendTxData:	
  4011                           ; 1 bytes @ 0x0
  4012                           
  4013     0070                     ?_I2C1_SlaveIsRead:	
  4014                           ; 1 bytes @ 0x0
  4015                           
  4016     0070                     ??_I2C1_SlaveIsRead:	
  4017                           ; 1 bytes @ 0x0
  4018                           
  4019     0070                     ?_I2C1_SlaveClearIrq:	
  4020                           ; 1 bytes @ 0x0
  4021                           
  4022     0070                     ??_I2C1_SlaveClearIrq:	
  4023                           ; 1 bytes @ 0x0
  4024                           
  4025     0070                     ?_I2C1_SlaveIsAddr:	
  4026                           ; 1 bytes @ 0x0
  4027                           
  4028     0070                     ??_I2C1_SlaveIsAddr:	
  4029                           ; 1 bytes @ 0x0
  4030                           
  4031     0070                     ?_I2C1_SlaveAddrCallBack:	
  4032                           ; 1 bytes @ 0x0
  4033                           
  4034     0070                     ??_I2C1_SlaveAddrCallBack:	
  4035                           ; 1 bytes @ 0x0
  4036                           
  4037     0070                     ?_I2C1_SlaveIsTxBufEmpty:	
  4038                           ; 1 bytes @ 0x0
  4039                           
  4040     0070                     ??_I2C1_SlaveIsTxBufEmpty:	
  4041                           ; 1 bytes @ 0x0
  4042                           
  4043     0070                     ?_I2C1_SlaveWrCallBack:	
  4044                           ; 1 bytes @ 0x0
  4045                           
  4046     0070                     ?_I2C1_SlaveIsRxBufFull:	
  4047                           ; 1 bytes @ 0x0
  4048                           
  4049     0070                     ??_I2C1_SlaveIsRxBufFull:	
  4050                           ; 1 bytes @ 0x0
  4051                           
  4052     0070                     ?_I2C1_SlaveRdCallBack:	
  4053                           ; 1 bytes @ 0x0
  4054                           
  4055     0070                     ?_I2C1_SlaveReleaseClock:	
  4056                           ; 1 bytes @ 0x0
  4057                           
  4058     0070                     ??_I2C1_SlaveReleaseClock:	
  4059                           ; 1 bytes @ 0x0
  4060                           
  4061     0070                     ?_INTERRUPT_InterruptManager:	
  4062                           ; 1 bytes @ 0x0
  4063                           
  4064     0070                     ?_TMR0_Initialize:	
  4065                           ; 1 bytes @ 0x0
  4066                           
  4067     0070                     ?_TMR0_StartTimer:	
  4068                           ; 1 bytes @ 0x0
  4069                           
  4070     0070                     ?_PIN_MANAGER_Initialize:	
  4071                           ; 1 bytes @ 0x0
  4072                           
  4073     0070                     ?_SYSTEM_Initialize:	
  4074                           ; 1 bytes @ 0x0
  4075                           
  4076     0070                     ?_I2C1_Open:	
  4077                           ; 1 bytes @ 0x0
  4078                           
  4079     0070                     ?_I2C1_Read:	
  4080                           ; 1 bytes @ 0x0
  4081                           
  4082     0070                     ??_I2C1_Read:	
  4083                           ; 1 bytes @ 0x0
  4084                           
  4085     0070                     ?_I2C1_Write:	
  4086                           ; 1 bytes @ 0x0
  4087                           
  4088     0070                     ?_I2C_SlaveAddressCallbackHandler:	
  4089                           ; 1 bytes @ 0x0
  4090                           
  4091     0070                     ??_I2C_SlaveAddressCallbackHandler:	
  4092                           ; 1 bytes @ 0x0
  4093                           
  4094     0070                     ?_I2C_SlaveReceiveCallbackHandler:	
  4095                           ; 1 bytes @ 0x0
  4096                           
  4097     0070                     ?_I2C_SlaveTransmitCallbackHandler:	
  4098                           ; 1 bytes @ 0x0
  4099                           
  4100     0070                     ?_CW_Config:	
  4101                           ; 1 bytes @ 0x0
  4102                           
  4103     0070                     ?_CW_Initialize:	
  4104                           ; 1 bytes @ 0x0
  4105                           
  4106     0070                     ?_I2C_Initialize:	
  4107                           ; 1 bytes @ 0x0
  4108                           
  4109     0070                     ?_micros:	
  4110                           ; 1 bytes @ 0x0
  4111                           
  4112     0070                     ??_micros:	
  4113                           ; 1 bytes @ 0x0
  4114                           
  4115     0070                     ?_main:	
  4116                           ; 1 bytes @ 0x0
  4117                           
  4118     0070                     ?_key_read:	
  4119                           ; 1 bytes @ 0x0
  4120                           
  4121     0070                     ?___eetoc:	
  4122                           ; 1 bytes @ 0x0
  4123                           
  4124     0070                     ?i1___bmul:	
  4125                           ; 1 bytes @ 0x0
  4126                           
  4127     0070                     I2C1_SlaveSendTxData@data:	
  4128                           ; 1 bytes @ 0x0
  4129                           
  4130     0070                     i1___bmul@multiplicand:	
  4131                           ; 1 bytes @ 0x0
  4132                           
  4133                           
  4134                           ; 1 bytes @ 0x0
  4135     0070                     	ds	1
  4136     0071                     ??_I2C1_SlaveDefWrInterruptHandler:
  4137     0071                     ??_I2C1_Write:	
  4138                           ; 1 bytes @ 0x1
  4139                           
  4140     0071                     ??i1___bmul:	
  4141                           ; 1 bytes @ 0x1
  4142                           
  4143     0071                     I2C1_Write@data:	
  4144                           ; 1 bytes @ 0x1
  4145                           
  4146                           
  4147                           ; 1 bytes @ 0x1
  4148     0071                     	ds	1
  4149     0072                     ??_I2C1_SlaveWrCallBack:
  4150     0072                     ??_I2C_SlaveTransmitCallbackHandler:	
  4151                           ; 1 bytes @ 0x2
  4152                           
  4153     0072                     i1___bmul@product:	
  4154                           ; 1 bytes @ 0x2
  4155                           
  4156                           
  4157                           ; 1 bytes @ 0x2
  4158     0072                     	ds	1
  4159     0073                     i1___bmul@multiplier:
  4160                           
  4161                           ; 1 bytes @ 0x3
  4162     0073                     	ds	1
  4163     0074                     ?_CMD_queue_add:
  4164     0074                     CMD_queue_add@param1:	
  4165                           ; 1 bytes @ 0x4
  4166                           
  4167                           
  4168                           ; 1 bytes @ 0x4
  4169     0074                     	ds	1
  4170     0075                     CMD_queue_add@param2:
  4171                           
  4172                           ; 1 bytes @ 0x5
  4173     0075                     	ds	1
  4174     0076                     ??_CMD_queue_add:
  4175                           
  4176                           ; 1 bytes @ 0x6
  4177     0076                     	ds	4
  4178     007A                     CMD_queue_add@command:
  4179                           
  4180                           ; 1 bytes @ 0xA
  4181     007A                     	ds	1
  4182     007B                     ??_I2C1_Isr:
  4183     007B                     ??_I2C1_SlaveRdCallBack:	
  4184                           ; 1 bytes @ 0xB
  4185                           
  4186     007B                     ??_I2C_SlaveReceiveCallbackHandler:	
  4187                           ; 1 bytes @ 0xB
  4188                           
  4189                           
  4190                           ; 1 bytes @ 0xB
  4191     007B                     	ds	2
  4192     007D                     ??_INTERRUPT_InterruptManager:
  4193                           
  4194                           	psect	cstackBANK0
  4195     0020                     __pcstackBANK0:	
  4196                           ; 1 bytes @ 0xD
  4197                           
  4198     0020                     ?_TMR0_SetInterruptHandler:
  4199     0020                     ??_PMD_Initialize:	
  4200                           ; 1 bytes @ 0x0
  4201                           
  4202     0020                     ??_I2C1_Initialize:	
  4203                           ; 1 bytes @ 0x0
  4204                           
  4205     0020                     ??_OSCILLATOR_Initialize:	
  4206                           ; 1 bytes @ 0x0
  4207                           
  4208     0020                     ??_WDT_Initialize:	
  4209                           ; 1 bytes @ 0x0
  4210                           
  4211     0020                     ??_NCO1_Initialize:	
  4212                           ; 1 bytes @ 0x0
  4213                           
  4214     0020                     ??_I2C1_SlaveOpen:	
  4215                           ; 1 bytes @ 0x0
  4216                           
  4217     0020                     ??_I2C1_SlaveSetSlaveAddr:	
  4218                           ; 1 bytes @ 0x0
  4219                           
  4220     0020                     ??_I2C1_SlaveSetSlaveMask:	
  4221                           ; 1 bytes @ 0x0
  4222                           
  4223     0020                     ?_I2C1_SlaveSetIsrHandler:	
  4224                           ; 1 bytes @ 0x0
  4225                           
  4226     0020                     ?_I2C1_SlaveSetBusColIntHandler:	
  4227                           ; 1 bytes @ 0x0
  4228                           
  4229     0020                     ?_I2C1_SlaveSetWriteIntHandler:	
  4230                           ; 1 bytes @ 0x0
  4231                           
  4232     0020                     ?_I2C1_SlaveSetReadIntHandler:	
  4233                           ; 1 bytes @ 0x0
  4234                           
  4235     0020                     ?_I2C1_SlaveSetAddrIntHandler:	
  4236                           ; 1 bytes @ 0x0
  4237                           
  4238     0020                     ?_I2C1_SlaveSetWrColIntHandler:	
  4239                           ; 1 bytes @ 0x0
  4240                           
  4241     0020                     ??_I2C1_SlaveEnableIrq:	
  4242                           ; 1 bytes @ 0x0
  4243                           
  4244     0020                     ?_tx_loop:	
  4245                           ; 1 bytes @ 0x0
  4246                           
  4247     0020                     ??_TMR0_StartTimer:	
  4248                           ; 1 bytes @ 0x0
  4249                           
  4250     0020                     ??_PIN_MANAGER_Initialize:	
  4251                           ; 1 bytes @ 0x0
  4252                           
  4253     0020                     ?_tx_send:	
  4254                           ; 1 bytes @ 0x0
  4255                           
  4256     0020                     ??_key_read:	
  4257                           ; 1 bytes @ 0x0
  4258                           
  4259     0020                     ?___eecpymem:	
  4260                           ; 1 bytes @ 0x0
  4261                           
  4262     0020                     ?___memcpyee:	
  4263                           ; 1 bytes @ 0x0
  4264                           
  4265     0020                     ?___bmul:	
  4266                           ; 1 bytes @ 0x0
  4267                           
  4268     0020                     ?__Umul8_16:	
  4269                           ; 1 bytes @ 0x0
  4270                           
  4271     0020                     ?___lmul:	
  4272                           ; 2 bytes @ 0x0
  4273                           
  4274     0020                     ?___xxtofl:	
  4275                           ; 4 bytes @ 0x0
  4276                           
  4277     0020                     I2C1_SlaveSetSlaveAddr@slaveAddr:	
  4278                           ; 4 bytes @ 0x0
  4279                           
  4280     0020                     I2C1_SlaveSetSlaveMask@maskAddr:	
  4281                           ; 1 bytes @ 0x0
  4282                           
  4283     0020                     key_read@k0:	
  4284                           ; 1 bytes @ 0x0
  4285                           
  4286     0020                     ___eecpymem@from:	
  4287                           ; 1 bytes @ 0x0
  4288                           
  4289     0020                     ___memcpyee@from:	
  4290                           ; 1 bytes @ 0x0
  4291                           
  4292     0020                     ___bmul@multiplicand:	
  4293                           ; 1 bytes @ 0x0
  4294                           
  4295     0020                     __Umul8_16@multiplicand:	
  4296                           ; 1 bytes @ 0x0
  4297                           
  4298     0020                     TMR0_SetInterruptHandler@InterruptHandler:	
  4299                           ; 1 bytes @ 0x0
  4300                           
  4301     0020                     I2C1_SlaveSetIsrHandler@handler:	
  4302                           ; 2 bytes @ 0x0
  4303                           
  4304     0020                     I2C1_SlaveSetReadIntHandler@handler:	
  4305                           ; 2 bytes @ 0x0
  4306                           
  4307     0020                     I2C1_SlaveSetWriteIntHandler@handler:	
  4308                           ; 2 bytes @ 0x0
  4309                           
  4310     0020                     I2C1_SlaveSetAddrIntHandler@handler:	
  4311                           ; 2 bytes @ 0x0
  4312                           
  4313     0020                     I2C1_SlaveSetWrColIntHandler@handler:	
  4314                           ; 2 bytes @ 0x0
  4315                           
  4316     0020                     I2C1_SlaveSetBusColIntHandler@handler:	
  4317                           ; 2 bytes @ 0x0
  4318                           
  4319     0020                     tx_send@mark:	
  4320                           ; 2 bytes @ 0x0
  4321                           
  4322     0020                     tx_loop@mark:	
  4323                           ; 4 bytes @ 0x0
  4324                           
  4325     0020                     ___lmul@multiplier:	
  4326                           ; 4 bytes @ 0x0
  4327                           
  4328     0020                     ___xxtofl@val:	
  4329                           ; 4 bytes @ 0x0
  4330                           
  4331                           
  4332                           ; 4 bytes @ 0x0
  4333     0020                     	ds	1
  4334     0021                     ??___bmul:
  4335     0021                     key_read@k1:	
  4336                           ; 1 bytes @ 0x1
  4337                           
  4338     0021                     ___eecpymem@size:	
  4339                           ; 1 bytes @ 0x1
  4340                           
  4341     0021                     ___memcpyee@size:	
  4342                           ; 1 bytes @ 0x1
  4343                           
  4344                           
  4345                           ; 1 bytes @ 0x1
  4346     0021                     	ds	1
  4347     0022                     ??_TMR0_SetInterruptHandler:
  4348     0022                     ??_I2C1_SlaveSetIsrHandler:	
  4349                           ; 1 bytes @ 0x2
  4350                           
  4351     0022                     ??_I2C1_SlaveSetBusColIntHandler:	
  4352                           ; 1 bytes @ 0x2
  4353                           
  4354     0022                     ??_I2C1_SlaveSetWriteIntHandler:	
  4355                           ; 1 bytes @ 0x2
  4356                           
  4357     0022                     ??_I2C1_SlaveSetReadIntHandler:	
  4358                           ; 1 bytes @ 0x2
  4359                           
  4360     0022                     ??_I2C1_SlaveSetAddrIntHandler:	
  4361                           ; 1 bytes @ 0x2
  4362                           
  4363     0022                     ??_I2C1_SlaveSetWrColIntHandler:	
  4364                           ; 1 bytes @ 0x2
  4365                           
  4366     0022                     ??__Umul8_16:	
  4367                           ; 1 bytes @ 0x2
  4368                           
  4369     0022                     ??_TMR0_Initialize:	
  4370                           ; 1 bytes @ 0x2
  4371                           
  4372     0022                     ??_SYSTEM_Initialize:	
  4373                           ; 1 bytes @ 0x2
  4374                           
  4375     0022                     ??_I2C1_Open:	
  4376                           ; 1 bytes @ 0x2
  4377                           
  4378     0022                     ??_I2C_Initialize:	
  4379                           ; 1 bytes @ 0x2
  4380                           
  4381     0022                     ??___eecpymem:	
  4382                           ; 1 bytes @ 0x2
  4383                           
  4384     0022                     ??___memcpyee:	
  4385                           ; 1 bytes @ 0x2
  4386                           
  4387     0022                     ___bmul@product:	
  4388                           ; 1 bytes @ 0x2
  4389                           
  4390                           
  4391                           ; 1 bytes @ 0x2
  4392     0022                     	ds	1
  4393     0023                     ___eecpymem@cp:
  4394     0023                     ___memcpyee@ptr:	
  4395                           ; 1 bytes @ 0x3
  4396                           
  4397     0023                     ___bmul@multiplier:	
  4398                           ; 1 bytes @ 0x3
  4399                           
  4400                           
  4401                           ; 1 bytes @ 0x3
  4402     0023                     	ds	1
  4403     0024                     ??_tx_loop:
  4404     0024                     ?_CMD_dequeue:	
  4405                           ; 1 bytes @ 0x4
  4406                           
  4407     0024                     ??_tx_send:	
  4408                           ; 1 bytes @ 0x4
  4409                           
  4410     0024                     ??___xxtofl:	
  4411                           ; 1 bytes @ 0x4
  4412                           
  4413     0024                     CMD_dequeue@param2:	
  4414                           ; 1 bytes @ 0x4
  4415                           
  4416     0024                     ___eecpymem@to:	
  4417                           ; 1 bytes @ 0x4
  4418                           
  4419     0024                     ___memcpyee@to:	
  4420                           ; 1 bytes @ 0x4
  4421                           
  4422     0024                     __Umul8_16@product:	
  4423                           ; 1 bytes @ 0x4
  4424                           
  4425     0024                     ___lmul@multiplicand:	
  4426                           ; 2 bytes @ 0x4
  4427                           
  4428                           
  4429                           ; 4 bytes @ 0x4
  4430     0024                     	ds	1
  4431     0025                     ??_CMD_dequeue:
  4432     0025                     ??___eetoc:	
  4433                           ; 1 bytes @ 0x5
  4434                           
  4435     0025                     ?___ctoee:	
  4436                           ; 1 bytes @ 0x5
  4437                           
  4438     0025                     ?___eetofl:	
  4439                           ; 1 bytes @ 0x5
  4440                           
  4441     0025                     ___eetoc@addr:	
  4442                           ; 4 bytes @ 0x5
  4443                           
  4444     0025                     ___ctoee@data:	
  4445                           ; 1 bytes @ 0x5
  4446                           
  4447                           
  4448                           ; 1 bytes @ 0x5
  4449     0025                     	ds	1
  4450     0026                     ??___ctoee:
  4451     0026                     ___eetoc@data:	
  4452                           ; 1 bytes @ 0x6
  4453                           
  4454     0026                     ___ctoee@addr:	
  4455                           ; 1 bytes @ 0x6
  4456                           
  4457     0026                     __Umul8_16@word_mpld:	
  4458                           ; 1 bytes @ 0x6
  4459                           
  4460                           
  4461                           ; 2 bytes @ 0x6
  4462     0026                     	ds	1
  4463     0027                     CMD_dequeue@param1:
  4464                           
  4465                           ; 1 bytes @ 0x7
  4466     0027                     	ds	1
  4467     0028                     ??___lmul:
  4468     0028                     CMD_dequeue@ret:	
  4469                           ; 1 bytes @ 0x8
  4470                           
  4471     0028                     __Umul8_16@multiplier:	
  4472                           ; 1 bytes @ 0x8
  4473                           
  4474     0028                     ___xxtofl@sign:	
  4475                           ; 1 bytes @ 0x8
  4476                           
  4477     0028                     ___lmul@product:	
  4478                           ; 1 bytes @ 0x8
  4479                           
  4480                           
  4481                           ; 4 bytes @ 0x8
  4482     0028                     	ds	1
  4483     0029                     ??___eetofl:
  4484     0029                     ___eetofl@addr:	
  4485                           ; 1 bytes @ 0x9
  4486                           
  4487     0029                     ___xxtofl@exp:	
  4488                           ; 1 bytes @ 0x9
  4489                           
  4490                           
  4491                           ; 1 bytes @ 0x9
  4492     0029                     	ds	1
  4493     002A                     ___eetofl@data:
  4494     002A                     ___xxtofl@arg:	
  4495                           ; 4 bytes @ 0xA
  4496                           
  4497                           
  4498                           ; 4 bytes @ 0xA
  4499     002A                     	ds	4
  4500     002E                     ?___fltoee:
  4501     002E                     ?___flmul:	
  4502                           ; 4 bytes @ 0xE
  4503                           
  4504     002E                     ___fltoee@data:	
  4505                           ; 4 bytes @ 0xE
  4506                           
  4507     002E                     ___flmul@b:	
  4508                           ; 4 bytes @ 0xE
  4509                           
  4510                           
  4511                           ; 4 bytes @ 0xE
  4512     002E                     	ds	4
  4513     0032                     ??___fltoee:
  4514     0032                     ___fltoee@addr:	
  4515                           ; 1 bytes @ 0x12
  4516                           
  4517     0032                     ___flmul@a:	
  4518                           ; 1 bytes @ 0x12
  4519                           
  4520                           
  4521                           ; 4 bytes @ 0x12
  4522     0032                     	ds	4
  4523     0036                     ??___flmul:
  4524                           
  4525                           ; 1 bytes @ 0x16
  4526     0036                     	ds	5
  4527     003B                     ___flmul@sign:
  4528                           
  4529                           ; 1 bytes @ 0x1B
  4530     003B                     	ds	1
  4531     003C                     ___flmul@grs:
  4532                           
  4533                           ; 4 bytes @ 0x1C
  4534     003C                     	ds	4
  4535     0040                     ___flmul@aexp:
  4536                           
  4537                           ; 1 bytes @ 0x20
  4538     0040                     	ds	1
  4539     0041                     ___flmul@bexp:
  4540                           
  4541                           ; 1 bytes @ 0x21
  4542     0041                     	ds	1
  4543     0042                     ___flmul@prod:
  4544                           
  4545                           ; 4 bytes @ 0x22
  4546     0042                     	ds	4
  4547     0046                     ___flmul@temp:
  4548                           
  4549                           ; 2 bytes @ 0x26
  4550     0046                     	ds	2
  4551     0048                     ?___fladd:
  4552     0048                     ___fladd@b:	
  4553                           ; 4 bytes @ 0x28
  4554                           
  4555                           
  4556                           ; 4 bytes @ 0x28
  4557     0048                     	ds	4
  4558     004C                     ___fladd@a:
  4559                           
  4560                           ; 4 bytes @ 0x2C
  4561     004C                     	ds	4
  4562     0050                     ??___fladd:
  4563                           
  4564                           ; 1 bytes @ 0x30
  4565     0050                     	ds	8
  4566     0058                     ___fladd@signs:
  4567                           
  4568                           ; 1 bytes @ 0x38
  4569     0058                     	ds	1
  4570     0059                     ___fladd@aexp:
  4571                           
  4572                           ; 1 bytes @ 0x39
  4573     0059                     	ds	1
  4574     005A                     ___fladd@bexp:
  4575                           
  4576                           ; 1 bytes @ 0x3A
  4577     005A                     	ds	1
  4578     005B                     ___fladd@grs:
  4579                           
  4580                           ; 1 bytes @ 0x3B
  4581     005B                     	ds	1
  4582     005C                     ?___flsub:
  4583     005C                     ___flsub@a:	
  4584                           ; 4 bytes @ 0x3C
  4585                           
  4586                           
  4587                           ; 4 bytes @ 0x3C
  4588     005C                     	ds	4
  4589     0060                     ___flsub@b:
  4590                           
  4591                           ; 4 bytes @ 0x40
  4592     0060                     	ds	4
  4593     0064                     ??___flsub:
  4594     0064                     ?___fltol:	
  4595                           ; 1 bytes @ 0x44
  4596                           
  4597     0064                     ___fltol@f1:	
  4598                           ; 4 bytes @ 0x44
  4599                           
  4600                           
  4601                           ; 4 bytes @ 0x44
  4602     0064                     	ds	4
  4603     0068                     ??___fltol:
  4604                           
  4605                           ; 1 bytes @ 0x48
  4606     0068                     	ds	4
  4607     006C                     ___fltol@sign1:
  4608                           
  4609                           ; 1 bytes @ 0x4C
  4610     006C                     	ds	1
  4611     006D                     ___fltol@exp1:
  4612                           
  4613                           ; 1 bytes @ 0x4D
  4614     006D                     	ds	1
  4615     006E                     ??___aldiv:
  4616                           
  4617                           ; 1 bytes @ 0x4E
  4618     006E                     	ds	1
  4619     006F                     ??_cfg_set_speed:
  4620     006F                     ??_CW_Initialize:	
  4621                           ; 1 bytes @ 0x4F
  4622                           
  4623     006F                     ??_main:	
  4624                           ; 1 bytes @ 0x4F
  4625                           
  4626                           
  4627                           	psect	maintext
  4628     07A9                     __pmaintext:	
  4629                           ; 1 bytes @ 0x4F
  4630 ;;
  4631 ;;Main: autosize = 0, tempsize = 0, incstack = 0, save=0
  4632 ;;
  4633 ;; *************** function _main *****************
  4634 ;; Defined at:
  4635 ;;		line 260 in file "D:/Microchip/MPLABProjects/PSoC3-PCIe-MKIII.X/main.c"
  4636 ;; Parameters:    Size  Location     Type
  4637 ;;		None
  4638 ;; Auto vars:     Size  Location     Type
  4639 ;;		None
  4640 ;; Return value:  Size  Location     Type
  4641 ;;                  1    wreg      void 
  4642 ;; Registers used:
  4643 ;;		wreg, fsr0l, fsr0h, fsr1l, fsr1h, status,2, status,0, pclath, cstack
  4644 ;; Tracked objects:
  4645 ;;		On entry : B1F/0
  4646 ;;		On exit  : 0/0
  4647 ;;		Unchanged: 0/0
  4648 ;; Data sizes:     COMMON   BANK0   BANK1   BANK2   BANK3   BANK4   BANK5   BANK6   BANK7   BANK8   BANK9  BANK10  BANK1
      +1  BANK12  BANK13  BANK14  BANK15  BANK16  BANK17  BANK18  BANK19  BANK20  BANK21  BANK22  BANK23  BANK24  BANK25
  4649 ;;      Params:         0       0       0       0       0       0       0       0       0       0       0       0       
      +0       0       0       0       0       0       0       0       0       0       0       0       0       0       0
  4650 ;;      Locals:         0       0       0       0       0       0       0       0       0       0       0       0       
      +0       0       0       0       0       0       0       0       0       0       0       0       0       0       0
  4651 ;;      Temps:          0       0       0       0       0       0       0       0       0       0       0       0       
      +0       0       0       0       0       0       0       0       0       0       0       0       0       0       0
  4652 ;;      Totals:         0       0       0       0       0       0       0       0       0       0       0       0       
      +0       0       0       0       0       0       0       0       0       0       0       0       0       0       0
  4653 ;;Total ram usage:        0 bytes
  4654 ;; Hardware stack levels required when called: 9
  4655 ;; This function calls:
  4656 ;;		_CW_Config
  4657 ;;		_CW_Initialize
  4658 ;;		_I2C_Initialize
  4659 ;;		_NCO1_Initialize
  4660 ;;		_SYSTEM_Initialize
  4661 ;;		_TMR0_Initialize
  4662 ;;		_TMR0_SetInterruptHandler
  4663 ;;		_TMR0_StartTimer
  4664 ;;		_key_loop
  4665 ;;		_tx_loop
  4666 ;; This function is called by:
  4667 ;;		Startup code after reset
  4668 ;; This function uses a non-reentrant model
  4669 ;;
  4670                           
  4671     07A9                     _main:	
  4672                           ;psect for function _main
  4673                           
  4674                           
  4675                           ;D:/Microchip/MPLABProjects/PSoC3-PCIe-MKIII.X/main.c: 263:     SYSTEM_Initialize();
  4676                           
  4677                           ;incstack = 0
  4678                           ; Regs used in _main: [wreg-fsr1h+status,2+status,0+pclath+cstack]
  4679     07A9  3188  20C2  3187   	fcall	_SYSTEM_Initialize
  4680                           
  4681                           ;D:/Microchip/MPLABProjects/PSoC3-PCIe-MKIII.X/main.c: 264:     (INTCONbits.GIE = 1);
  4682     07AC  178B               	bsf	11,7	;volatile
  4683                           
  4684                           ;D:/Microchip/MPLABProjects/PSoC3-PCIe-MKIII.X/main.c: 265:     (INTCONbits.PEIE = 1);
  4685     07AD  170B               	bsf	11,6	;volatile
  4686                           
  4687                           ;D:/Microchip/MPLABProjects/PSoC3-PCIe-MKIII.X/main.c: 266:     I2C_Initialize();
  4688     07AE  3189  21A0  3187   	fcall	_I2C_Initialize
  4689                           
  4690                           ;D:/Microchip/MPLABProjects/PSoC3-PCIe-MKIII.X/main.c: 267:     TMR0_Initialize();
  4691     07B1  3189  2144  3187   	fcall	_TMR0_Initialize
  4692                           
  4693                           ;D:/Microchip/MPLABProjects/PSoC3-PCIe-MKIII.X/main.c: 268:     TMR0_StartTimer();
  4694     07B4  3197  273E  3187   	fcall	_TMR0_StartTimer
  4695                           
  4696                           ;D:/Microchip/MPLABProjects/PSoC3-PCIe-MKIII.X/main.c: 269:     TMR0_SetInterruptHandler
      +                          (micros);
  4697     07B7  300B               	movlw	low _micros
  4698     07B8  0020               	movlb	0	; select bank0
  4699     07B9  00A0               	movwf	TMR0_SetInterruptHandler@InterruptHandler
  4700     07BA  3009               	movlw	high _micros
  4701     07BB  00A1               	movwf	TMR0_SetInterruptHandler@InterruptHandler+1
  4702     07BC  3197  27C4  3187   	fcall	_TMR0_SetInterruptHandler
  4703                           
  4704                           ;D:/Microchip/MPLABProjects/PSoC3-PCIe-MKIII.X/main.c: 270:     NCO1_Initialize();
  4705     07BF  3188  2048  3187   	fcall	_NCO1_Initialize
  4706                           
  4707                           ;D:/Microchip/MPLABProjects/PSoC3-PCIe-MKIII.X/main.c: 273:     CW_Initialize();
  4708     07C2  318B  2331  3187   	fcall	_CW_Initialize
  4709     07C5  0024               	movlb	4	; select bank4
  4710     07C6  168C               	bsf	12,5	;volatile
  4711     07C7  160C               	bsf	12,4	;volatile
  4712     07C8  0022               	movlb	2	; select bank2
  4713     07C9  120C               	bcf	12,4	;volatile
  4714     07CA  128C               	bcf	12,5	;volatile
  4715     07CB  120E               	bcf	14,4	;volatile
  4716     07CC  128E               	bcf	14,5	;volatile
  4717     07CD  118E               	bcf	14,3	;volatile
  4718     07CE                     l5601:
  4719                           
  4720                           ;D:/Microchip/MPLABProjects/PSoC3-PCIe-MKIII.X/main.c: 282:         if (Queue_Overrun ==
      +                           1) {
  4721     07CE  0021               	movlb	1	; select bank1
  4722     07CF  032F               	decf	_Queue_Overrun^(0+128),w	;volatile
  4723     07D0  1903               	btfsc	3,2
  4724                           
  4725                           ;D:/Microchip/MPLABProjects/PSoC3-PCIe-MKIII.X/main.c: 283:             Queue_Overrun = 
      +                          0;
  4726     07D1  01AF               	clrf	_Queue_Overrun^(0+128)	;volatile
  4727                           
  4728                           ;D:/Microchip/MPLABProjects/PSoC3-PCIe-MKIII.X/main.c: 285:         key_loop(micro_tick_
      +                          A);
  4729     07D2  0022               	movlb	2	; select bank2
  4730     07D3  084C               	movf	(_micro_tick_A+3)^(0+256),w
  4731     07D4  0021               	movlb	1	; select bank1
  4732     07D5  00C7               	movwf	(key_loop@mark+3)^(0+128)
  4733     07D6  0022               	movlb	2	; select bank2
  4734     07D7  084B               	movf	(_micro_tick_A+2)^(0+256),w
  4735     07D8  0021               	movlb	1	; select bank1
  4736     07D9  00C6               	movwf	(key_loop@mark+2)^(0+128)
  4737     07DA  0022               	movlb	2	; select bank2
  4738     07DB  084A               	movf	(_micro_tick_A+1)^(0+256),w
  4739     07DC  0021               	movlb	1	; select bank1
  4740     07DD  00C5               	movwf	(key_loop@mark+1)^(0+128)
  4741     07DE  0022               	movlb	2	; select bank2
  4742     07DF  0849               	movf	_micro_tick_A^(0+256),w
  4743     07E0  0021               	movlb	1	; select bank1
  4744     07E1  00C4               	movwf	key_loop@mark^(0+128)
  4745     07E2  3180  2066  3187   	fcall	_key_loop
  4746                           
  4747                           ;D:/Microchip/MPLABProjects/PSoC3-PCIe-MKIII.X/main.c: 286:         tx_loop(micro_tick_B
      +                          );
  4748     07E5  0022               	movlb	2	; select bank2
  4749     07E6  0848               	movf	(_micro_tick_B+3)^(0+256),w
  4750     07E7  0020               	movlb	0	; select bank0
  4751     07E8  00A3               	movwf	tx_loop@mark+3
  4752     07E9  0022               	movlb	2	; select bank2
  4753     07EA  0847               	movf	(_micro_tick_B+2)^(0+256),w
  4754     07EB  0020               	movlb	0	; select bank0
  4755     07EC  00A2               	movwf	tx_loop@mark+2
  4756     07ED  0022               	movlb	2	; select bank2
  4757     07EE  0846               	movf	(_micro_tick_B+1)^(0+256),w
  4758     07EF  0020               	movlb	0	; select bank0
  4759     07F0  00A1               	movwf	tx_loop@mark+1
  4760     07F1  0022               	movlb	2	; select bank2
  4761     07F2  0845               	movf	_micro_tick_B^(0+256),w
  4762     07F3  0020               	movlb	0	; select bank0
  4763     07F4  00A0               	movwf	tx_loop@mark
  4764     07F5  3188  20F0  3187   	fcall	_tx_loop
  4765                           
  4766                           ;D:/Microchip/MPLABProjects/PSoC3-PCIe-MKIII.X/main.c: 297:         if (CMD_add_queue_bu
      +                          sy == 0) {
  4767     07F8  0020               	movlb	0	; select bank0
  4768     07F9  086F               	movf	_CMD_add_queue_busy,w	;volatile
  4769     07FA  1D03               	btfss	3,2
  4770     07FB  2FCE               	goto	l5601
  4771                           
  4772                           ;D:/Microchip/MPLABProjects/PSoC3-PCIe-MKIII.X/main.c: 298:             CW_Config();
  4773     07FC  3186  26A8  3187   	fcall	_CW_Config
  4774     07FF  2FCE               	goto	l5601
  4775     0800                     __end_of_main:
  4776                           
  4777                           	psect	text1
  4778     08F0                     __ptext1:	
  4779 ;; *************** function _tx_loop *****************
  4780 ;; Defined at:
  4781 ;;		line 37 in file "D:/Microchip/MPLABProjects/PSoC3-PCIe-MKIII.X/cw-gen.c"
  4782 ;; Parameters:    Size  Location     Type
  4783 ;;  mark            4    0[BANK0 ] long 
  4784 ;; Auto vars:     Size  Location     Type
  4785 ;;		None
  4786 ;; Return value:  Size  Location     Type
  4787 ;;                  1    wreg      void 
  4788 ;; Registers used:
  4789 ;;		wreg
  4790 ;; Tracked objects:
  4791 ;;		On entry : 0/0
  4792 ;;		On exit  : 0/0
  4793 ;;		Unchanged: 0/0
  4794 ;; Data sizes:     COMMON   BANK0   BANK1   BANK2   BANK3   BANK4   BANK5   BANK6   BANK7   BANK8   BANK9  BANK10  BANK1
      +1  BANK12  BANK13  BANK14  BANK15  BANK16  BANK17  BANK18  BANK19  BANK20  BANK21  BANK22  BANK23  BANK24  BANK25
  4795 ;;      Params:         0       4       0       0       0       0       0       0       0       0       0       0       
      +0       0       0       0       0       0       0       0       0       0       0       0       0       0       0
  4796 ;;      Locals:         0       0       0       0       0       0       0       0       0       0       0       0       
      +0       0       0       0       0       0       0       0       0       0       0       0       0       0       0
  4797 ;;      Temps:          0       4       0       0       0       0       0       0       0       0       0       0       
      +0       0       0       0       0       0       0       0       0       0       0       0       0       0       0
  4798 ;;      Totals:         0       8       0       0       0       0       0       0       0       0       0       0       
      +0       0       0       0       0       0       0       0       0       0       0       0       0       0       0
  4799 ;;Total ram usage:        8 bytes
  4800 ;; Hardware stack levels used: 1
  4801 ;; Hardware stack levels required when called: 6
  4802 ;; This function calls:
  4803 ;;		Nothing
  4804 ;; This function is called by:
  4805 ;;		_main
  4806 ;; This function uses a non-reentrant model
  4807 ;;
  4808                           
  4809     08F0                     _tx_loop:	
  4810                           ;psect for function _tx_loop
  4811                           
  4812                           
  4813                           ;D:/Microchip/MPLABProjects/PSoC3-PCIe-MKIII.X/cw-gen.c: 39:     if ((tx_timer - mark) <
      +                           0) {
  4814                           
  4815                           ;incstack = 0
  4816                           ; Regs used in _tx_loop: [wreg]
  4817     08F0  0020               	movlb	0	; select bank0
  4818     08F1  0820               	movf	tx_loop@mark,w
  4819     08F2  0022               	movlb	2	; select bank2
  4820     08F3  0241               	subwf	_tx_timer^(0+256),w
  4821     08F4  0020               	movlb	0	; select bank0
  4822     08F5  00A4               	movwf	??_tx_loop
  4823     08F6  0821               	movf	tx_loop@mark+1,w
  4824     08F7  0022               	movlb	2	; select bank2
  4825     08F8  3B42               	subwfb	(_tx_timer+1)^(0+256),w
  4826     08F9  0020               	movlb	0	; select bank0
  4827     08FA  00A5               	movwf	??_tx_loop+1
  4828     08FB  0822               	movf	tx_loop@mark+2,w
  4829     08FC  0022               	movlb	2	; select bank2
  4830     08FD  3B43               	subwfb	(_tx_timer+2)^(0+256),w
  4831     08FE  0020               	movlb	0	; select bank0
  4832     08FF  00A6               	movwf	??_tx_loop+2
  4833     0900  0823               	movf	tx_loop@mark+3,w
  4834     0901  0022               	movlb	2	; select bank2
  4835     0902  3B44               	subwfb	(_tx_timer+3)^(0+256),w
  4836     0903  0020               	movlb	0	; select bank0
  4837     0904  00A7               	movwf	??_tx_loop+3
  4838     0905  1FA7               	btfss	??_tx_loop+3,7
  4839     0906  0008               	return
  4840                           
  4841                           ;D:/Microchip/MPLABProjects/PSoC3-PCIe-MKIII.X/cw-gen.c: 40:         do { LATCbits.LATC5
      +                           = 0; } while(0);
  4842     0907  0022               	movlb	2	; select bank2
  4843     0908  128E               	bcf	14,5	;volatile
  4844                           
  4845                           ;D:/Microchip/MPLABProjects/PSoC3-PCIe-MKIII.X/cw-gen.c: 41:         do { LATAbits.LATA2
      +                           = 0; } while(0);
  4846     0909  110C               	bcf	12,2	;volatile
  4847     090A  0008               	return
  4848     090B                     __end_of_tx_loop:
  4849                           
  4850                           	psect	text2
  4851     0066                     __ptext2:	
  4852 ;; *************** function _key_loop *****************
  4853 ;; Defined at:
  4854 ;;		line 65 in file "D:/Microchip/MPLABProjects/PSoC3-PCIe-MKIII.X/cw-gen.c"
  4855 ;; Parameters:    Size  Location     Type
  4856 ;;  mark            4    0[BANK1 ] long 
  4857 ;; Auto vars:     Size  Location     Type
  4858 ;;  i               4   18[BANK1 ] long 
  4859 ;;  k0              1   17[BANK1 ] unsigned char 
  4860 ;;  k1              1   16[BANK1 ] unsigned char 
  4861 ;;  ret             1    0        unsigned char 
  4862 ;; Return value:  Size  Location     Type
  4863 ;;                  1    wreg      unsigned char 
  4864 ;; Registers used:
  4865 ;;		wreg, fsr0l, fsr0h, fsr1l, fsr1h, status,2, status,0, pclath, cstack
  4866 ;; Tracked objects:
  4867 ;;		On entry : 0/0
  4868 ;;		On exit  : 0/0
  4869 ;;		Unchanged: 0/0
  4870 ;; Data sizes:     COMMON   BANK0   BANK1   BANK2   BANK3   BANK4   BANK5   BANK6   BANK7   BANK8   BANK9  BANK10  BANK1
      +1  BANK12  BANK13  BANK14  BANK15  BANK16  BANK17  BANK18  BANK19  BANK20  BANK21  BANK22  BANK23  BANK24  BANK25
  4871 ;;      Params:         0       0       4       0       0       0       0       0       0       0       0       0       
      +0       0       0       0       0       0       0       0       0       0       0       0       0       0       0
  4872 ;;      Locals:         0       0      10       0       0       0       0       0       0       0       0       0       
      +0       0       0       0       0       0       0       0       0       0       0       0       0       0       0
  4873 ;;      Temps:          0       0       8       0       0       0       0       0       0       0       0       0       
      +0       0       0       0       0       0       0       0       0       0       0       0       0       0       0
  4874 ;;      Totals:         0       0      22       0       0       0       0       0       0       0       0       0       
      +0       0       0       0       0       0       0       0       0       0       0       0       0       0       0
  4875 ;;Total ram usage:       22 bytes
  4876 ;; Hardware stack levels used: 1
  4877 ;; Hardware stack levels required when called: 8
  4878 ;; This function calls:
  4879 ;;		___fladd
  4880 ;;		___flmul
  4881 ;;		___flsub
  4882 ;;		___fltol
  4883 ;;		___lmul
  4884 ;;		___xxtofl
  4885 ;;		_key_read
  4886 ;;		_tx_send
  4887 ;; This function is called by:
  4888 ;;		_main
  4889 ;; This function uses a non-reentrant model
  4890 ;;
  4891                           
  4892     0066                     _key_loop:	
  4893                           ;psect for function _key_loop
  4894                           
  4895                           
  4896                           ;D:/Microchip/MPLABProjects/PSoC3-PCIe-MKIII.X/cw-gen.c: 69:     long i;;D:/Microchip/MP
      +                          LABProjects/PSoC3-PCIe-MKIII.X/cw-gen.c: 71:     k0 = key_read();
  4897                           
  4898                           ;incstack = 0
  4899                           ; Regs used in _key_loop: [wreg-fsr1h+status,2+status,0+pclath+cstack]
  4900     0066  3189  21C6  3180   	fcall	_key_read
  4901     0069  0021               	movlb	1	; select bank1
  4902     006A  00D5               	movwf	key_loop@k0^(0+128)
  4903                           
  4904                           ;D:/Microchip/MPLABProjects/PSoC3-PCIe-MKIII.X/cw-gen.c: 72:     k1 = k0 & 2;
  4905     006B  0855               	movf	key_loop@k0^(0+128),w
  4906     006C  3902               	andlw	2
  4907     006D  00D4               	movwf	key_loop@k1^(0+128)
  4908                           
  4909                           ;D:/Microchip/MPLABProjects/PSoC3-PCIe-MKIII.X/cw-gen.c: 73:     k0 = k0 & 1;
  4910     006E  0855               	movf	key_loop@k0^(0+128),w
  4911     006F  3901               	andlw	1
  4912     0070  00D5               	movwf	key_loop@k0^(0+128)
  4913                           
  4914                           ;D:/Microchip/MPLABProjects/PSoC3-PCIe-MKIII.X/cw-gen.c: 75:     switch (state) {
  4915     0071  2963               	goto	l5421
  4916     0072                     l5357:
  4917                           
  4918                           ;D:/Microchip/MPLABProjects/PSoC3-PCIe-MKIII.X/cw-gen.c: 77:             if (cfg.spacing
      +                           == 0)
  4919     0072  0022               	movlb	2	; select bank2
  4920     0073  0836               	movf	(_cfg^(0+256)+6),w
  4921     0074  1D03               	btfss	3,2
  4922     0075  2893               	goto	l819
  4923                           
  4924                           ;D:/Microchip/MPLABProjects/PSoC3-PCIe-MKIII.X/cw-gen.c: 78:                 if ((k0 && 
      +                          last == 1) || (k1 && last == 3))
  4925     0076  0021               	movlb	1	; select bank1
  4926     0077  0855               	movf	key_loop@k0^(0+128),w
  4927     0078  1903               	btfsc	3,2
  4928     0079  287D               	goto	l5363
  4929     007A  032C               	decf	key_loop@last^(0+128),w
  4930     007B  1903               	btfsc	3,2
  4931     007C  2884               	goto	l5367
  4932     007D                     l5363:
  4933     007D  0854               	movf	key_loop@k1^(0+128),w
  4934     007E  1903               	btfsc	3,2
  4935     007F  2893               	goto	l819
  4936     0080  3003               	movlw	3
  4937     0081  062C               	xorwf	key_loop@last^(0+128),w
  4938     0082  1D03               	btfss	3,2
  4939     0083  2893               	goto	l819
  4940     0084                     l5367:
  4941                           
  4942                           ;D:/Microchip/MPLABProjects/PSoC3-PCIe-MKIII.X/cw-gen.c: 79:                     read_af
      +                          ter = mark ;
  4943     0084  0847               	movf	(key_loop@mark+3)^(0+128),w
  4944     0085  0022               	movlb	2	; select bank2
  4945     0086  00C0               	movwf	(key_loop@read_after+3)^(0+256)
  4946     0087  0021               	movlb	1	; select bank1
  4947     0088  0846               	movf	(key_loop@mark+2)^(0+128),w
  4948     0089  0022               	movlb	2	; select bank2
  4949     008A  00BF               	movwf	(key_loop@read_after+2)^(0+256)
  4950     008B  0021               	movlb	1	; select bank1
  4951     008C  0845               	movf	(key_loop@mark+1)^(0+128),w
  4952     008D  0022               	movlb	2	; select bank2
  4953     008E  00BE               	movwf	(key_loop@read_after+1)^(0+256)
  4954     008F  0021               	movlb	1	; select bank1
  4955     0090  0844               	movf	key_loop@mark^(0+128),w
  4956     0091  0022               	movlb	2	; select bank2
  4957     0092  00BD               	movwf	key_loop@read_after^(0+256)
  4958     0093                     l819:
  4959                           
  4960                           ;D:/Microchip/MPLABProjects/PSoC3-PCIe-MKIII.X/cw-gen.c: 80:             if (read_after 
      +                          - mark < 0) state = 2;
  4961     0093  0021               	movlb	1	; select bank1
  4962     0094  0844               	movf	key_loop@mark^(0+128),w
  4963     0095  0022               	movlb	2	; select bank2
  4964     0096  023D               	subwf	key_loop@read_after^(0+256),w
  4965     0097  0021               	movlb	1	; select bank1
  4966     0098  00C8               	movwf	??_key_loop^(0+128)
  4967     0099  0845               	movf	(key_loop@mark+1)^(0+128),w
  4968     009A  0022               	movlb	2	; select bank2
  4969     009B  3B3E               	subwfb	(key_loop@read_after+1)^(0+256),w
  4970     009C  0021               	movlb	1	; select bank1
  4971     009D  00C9               	movwf	(??_key_loop^(0+128)+1)
  4972     009E  0846               	movf	(key_loop@mark+2)^(0+128),w
  4973     009F  0022               	movlb	2	; select bank2
  4974     00A0  3B3F               	subwfb	(key_loop@read_after+2)^(0+256),w
  4975     00A1  0021               	movlb	1	; select bank1
  4976     00A2  00CA               	movwf	(??_key_loop^(0+128)+2)
  4977     00A3  0847               	movf	(key_loop@mark+3)^(0+128),w
  4978     00A4  0022               	movlb	2	; select bank2
  4979     00A5  3B40               	subwfb	(key_loop@read_after+3)^(0+256),w
  4980     00A6  0021               	movlb	1	; select bank1
  4981     00A7  00CB               	movwf	(??_key_loop^(0+128)+3)
  4982     00A8  1FCB               	btfss	(??_key_loop+3)^(0+128),7
  4983     00A9  297F               	goto	l5423
  4984     00AA  3002               	movlw	2
  4985     00AB  292A               	goto	L1
  4986     00AC                     l5371:
  4987                           
  4988                           ;D:/Microchip/MPLABProjects/PSoC3-PCIe-MKIII.X/cw-gen.c: 83:             if (start_after
      +                           - mark < 0) state = 3;
  4989     00AC  0844               	movf	key_loop@mark^(0+128),w
  4990     00AD  0220               	subwf	key_loop@start_after^(0+128),w
  4991     00AE  00C8               	movwf	??_key_loop^(0+128)
  4992     00AF  0845               	movf	(key_loop@mark+1)^(0+128),w
  4993     00B0  3B21               	subwfb	(key_loop@start_after+1)^(0+128),w
  4994     00B1  00C9               	movwf	(??_key_loop^(0+128)+1)
  4995     00B2  0846               	movf	(key_loop@mark+2)^(0+128),w
  4996     00B3  3B22               	subwfb	(key_loop@start_after+2)^(0+128),w
  4997     00B4  00CA               	movwf	(??_key_loop^(0+128)+2)
  4998     00B5  0847               	movf	(key_loop@mark+3)^(0+128),w
  4999     00B6  3B23               	subwfb	(key_loop@start_after+3)^(0+128),w
  5000     00B7  00CB               	movwf	(??_key_loop^(0+128)+3)
  5001     00B8  1FCB               	btfss	(??_key_loop+3)^(0+128),7
  5002     00B9  28BC               	goto	l828
  5003     00BA  3003               	movlw	3
  5004     00BB  00E6               	movwf	key_loop@state^(0+128)
  5005     00BC                     l828:
  5006                           
  5007                           ;D:/Microchip/MPLABProjects/PSoC3-PCIe-MKIII.X/cw-gen.c: 84:             if (spacing < 4
      +                          ) break;
  5008     00BC  3004               	movlw	4
  5009     00BD  0267               	subwf	key_loop@spacing^(0+128),w
  5010     00BE  1C03               	btfss	3,0
  5011     00BF  297F               	goto	l5423
  5012     00C0                     l5377:
  5013                           
  5014                           ;D:/Microchip/MPLABProjects/PSoC3-PCIe-MKIII.X/cw-gen.c: 87:             if (start_after
      +                           - mark < 0) {
  5015     00C0  0844               	movf	key_loop@mark^(0+128),w
  5016     00C1  0220               	subwf	key_loop@start_after^(0+128),w
  5017     00C2  00C8               	movwf	??_key_loop^(0+128)
  5018     00C3  0845               	movf	(key_loop@mark+1)^(0+128),w
  5019     00C4  3B21               	subwfb	(key_loop@start_after+1)^(0+128),w
  5020     00C5  00C9               	movwf	(??_key_loop^(0+128)+1)
  5021     00C6  0846               	movf	(key_loop@mark+2)^(0+128),w
  5022     00C7  3B22               	subwfb	(key_loop@start_after+2)^(0+128),w
  5023     00C8  00CA               	movwf	(??_key_loop^(0+128)+2)
  5024     00C9  0847               	movf	(key_loop@mark+3)^(0+128),w
  5025     00CA  3B23               	subwfb	(key_loop@start_after+3)^(0+128),w
  5026     00CB  00CB               	movwf	(??_key_loop^(0+128)+3)
  5027     00CC  1BCB               	btfsc	(??_key_loop+3)^(0+128),7
  5028     00CD  28E1               	goto	l5391
  5029     00CE  297F               	goto	l5423
  5030     00CF                     l835:	
  5031                           ;D:/Microchip/MPLABProjects/PSoC3-PCIe-MKIII.X/cw-gen.c: 91:                     case 3:
  5032                           
  5033                           
  5034                           ;D:/Microchip/MPLABProjects/PSoC3-PCIe-MKIII.X/cw-gen.c: 92:                         bre
      +                          ak;
  5035     00CF  2900               	goto	l5393
  5036     00D0                     l5381:
  5037                           
  5038                           ;D:/Microchip/MPLABProjects/PSoC3-PCIe-MKIII.X/cw-gen.c: 95:                         mco
      +                          de = 0x80;
  5039     00D0  3080               	movlw	128
  5040     00D1  00E5               	movwf	key_loop@mcode^(0+128)
  5041                           
  5042                           ;D:/Microchip/MPLABProjects/PSoC3-PCIe-MKIII.X/cw-gen.c: 96:                         if 
      +                          (cfg.spacing >= 2) state = 2;
  5043     00D2  0022               	movlb	2	; select bank2
  5044     00D3  0836               	movf	(_cfg^(0+256)+6),w
  5045     00D4  3A80               	xorlw	128
  5046     00D5  3E7E               	addlw	-130
  5047     00D6                     L2:
  5048     00D6  1C03               	skipc
  5049     00D7  2900               	goto	l5393
  5050     00D8  3002               	movlw	2
  5051     00D9  0021               	movlb	1	; select bank1
  5052     00DA  00E6               	movwf	key_loop@state^(0+128)
  5053     00DB  2900               	goto	l5393
  5054     00DC                     l5385:
  5055     00DC                     l841:	
  5056                           ;D:/Microchip/MPLABProjects/PSoC3-PCIe-MKIII.X/cw-gen.c: 102:                     case 6
      +                          :
  5057                           
  5058                           
  5059                           ;D:/Microchip/MPLABProjects/PSoC3-PCIe-MKIII.X/cw-gen.c: 103:                         if
      +                           (cfg.spacing >= 3) state = 2;
  5060     00DC  0022               	movlb	2	; select bank2
  5061     00DD  0836               	movf	(_cfg^(0+256)+6),w
  5062     00DE  3A80               	xorlw	128
  5063     00DF  3E7D               	addlw	-131
  5064     00E0  28D6               	goto	L2
  5065     00E1                     l5391:
  5066     00E1  0867               	movf	key_loop@spacing^(0+128),w
  5067     00E2  00C8               	movwf	??_key_loop^(0+128)
  5068     00E3  01C9               	clrf	(??_key_loop^(0+128)+1)
  5069                           
  5070                           ; Switch on 2 bytes has been partitioned into a top level switch of size 1, and 1 sub-sw
      +                          itches
  5071                           ; Switch size 1, requested type "simple"
  5072                           ; Number of cases is 1, Range of values is 0 to 0
  5073                           ; switch strategies available:
  5074                           ; Name         Instructions Cycles
  5075                           ; simple_byte            4     3 (average)
  5076                           ; direct_byte            8     6 (fixed)
  5077                           ; jumptable            260     6 (fixed)
  5078                           ;	Chosen strategy is simple_byte
  5079     00E4  0849               	movf	(??_key_loop+1)^(0+128),w
  5080     00E5  3A00               	xorlw	0	; case 0
  5081     00E6  1903               	skipnz
  5082     00E7  28E9               	goto	l5733
  5083     00E8  2900               	goto	l5393
  5084     00E9                     l5733:
  5085                           
  5086                           ; Switch size 1, requested type "simple"
  5087                           ; Number of cases is 7, Range of values is 0 to 6
  5088                           ; switch strategies available:
  5089                           ; Name         Instructions Cycles
  5090                           ; direct_byte           20     6 (fixed)
  5091                           ; simple_byte           22    12 (average)
  5092                           ; jumptable            260     6 (fixed)
  5093                           ;	Chosen strategy is simple_byte
  5094     00E9  0848               	movf	??_key_loop^(0+128),w
  5095     00EA  3A00               	xorlw	0	; case 0
  5096     00EB  1903               	skipnz
  5097     00EC  28CF               	goto	l835
  5098     00ED  3A01               	xorlw	1	; case 1
  5099     00EE  1903               	skipnz
  5100     00EF  28D0               	goto	l5381
  5101     00F0  3A03               	xorlw	3	; case 2
  5102     00F1  1903               	skipnz
  5103     00F2  2900               	goto	l5393
  5104     00F3  3A01               	xorlw	1	; case 3
  5105     00F4  1903               	skipnz
  5106     00F5  2900               	goto	l5393
  5107     00F6  3A07               	xorlw	7	; case 4
  5108     00F7  1903               	skipnz
  5109     00F8  28DC               	goto	l5385
  5110     00F9  3A01               	xorlw	1	; case 5
  5111     00FA  1903               	skipnz
  5112     00FB  28DC               	goto	l841
  5113     00FC  3A03               	xorlw	3	; case 6
  5114     00FD  1903               	skipnz
  5115     00FE  28DC               	goto	l841
  5116     00FF  2900               	goto	l5393
  5117     0100                     l5393:
  5118                           
  5119                           ;D:/Microchip/MPLABProjects/PSoC3-PCIe-MKIII.X/cw-gen.c: 106:                 if (spacin
      +                          g < 7) spacing += 1;
  5120     0100  3007               	movlw	7
  5121     0101  0021               	movlb	1	; select bank1
  5122     0102  0267               	subwf	key_loop@spacing^(0+128),w
  5123     0103  1803               	skipnc
  5124     0104  2909               	goto	l843
  5125     0105  3001               	movlw	1
  5126     0106  00C8               	movwf	??_key_loop^(0+128)
  5127     0107  0848               	movf	??_key_loop^(0+128),w
  5128     0108  07E7               	addwf	key_loop@spacing^(0+128),f
  5129     0109                     l843:
  5130                           
  5131                           ;D:/Microchip/MPLABProjects/PSoC3-PCIe-MKIII.X/cw-gen.c: 107:                 if (cfg.mo
      +                          de == 2) state = 3;
  5132     0109  3002               	movlw	2
  5133     010A  0022               	movlb	2	; select bank2
  5134     010B  0634               	xorwf	(_cfg^(0+256)+4),w
  5135     010C  1D03               	btfss	3,2
  5136     010D  2911               	goto	l844
  5137     010E  3003               	movlw	3
  5138     010F  0021               	movlb	1	; select bank1
  5139     0110  00E6               	movwf	key_loop@state^(0+128)
  5140     0111                     l844:
  5141                           
  5142                           ;D:/Microchip/MPLABProjects/PSoC3-PCIe-MKIII.X/cw-gen.c: 108:                 start_afte
      +                          r += 1 * cfg_speed_micros;
  5143     0111  0021               	movlb	1	; select bank1
  5144     0112  0824               	movf	_cfg_speed_micros^(0+128),w
  5145     0113  07A0               	addwf	key_loop@start_after^(0+128),f
  5146     0114  0825               	movf	(_cfg_speed_micros+1)^(0+128),w
  5147     0115  3DA1               	addwfc	(key_loop@start_after+1)^(0+128),f
  5148     0116  0826               	movf	(_cfg_speed_micros+2)^(0+128),w
  5149     0117  3DA2               	addwfc	(key_loop@start_after+2)^(0+128),f
  5150     0118  0827               	movf	(_cfg_speed_micros+3)^(0+128),w
  5151     0119  3DA3               	addwfc	(key_loop@start_after+3)^(0+128),f
  5152     011A  297F               	goto	l5423
  5153     011B                     l5399:
  5154                           
  5155                           ;D:/Microchip/MPLABProjects/PSoC3-PCIe-MKIII.X/cw-gen.c: 112:             if (start_afte
      +                          r - mark < 0) state = 5;
  5156     011B  0844               	movf	key_loop@mark^(0+128),w
  5157     011C  0220               	subwf	key_loop@start_after^(0+128),w
  5158     011D  00C8               	movwf	??_key_loop^(0+128)
  5159     011E  0845               	movf	(key_loop@mark+1)^(0+128),w
  5160     011F  3B21               	subwfb	(key_loop@start_after+1)^(0+128),w
  5161     0120  00C9               	movwf	(??_key_loop^(0+128)+1)
  5162     0121  0846               	movf	(key_loop@mark+2)^(0+128),w
  5163     0122  3B22               	subwfb	(key_loop@start_after+2)^(0+128),w
  5164     0123  00CA               	movwf	(??_key_loop^(0+128)+2)
  5165     0124  0847               	movf	(key_loop@mark+3)^(0+128),w
  5166     0125  3B23               	subwfb	(key_loop@start_after+3)^(0+128),w
  5167     0126  00CB               	movwf	(??_key_loop^(0+128)+3)
  5168     0127  1FCB               	btfss	(??_key_loop+3)^(0+128),7
  5169     0128  297F               	goto	l5423
  5170     0129  3005               	movlw	5
  5171     012A                     L1:
  5172     012A  00E6               	movwf	key_loop@state^(0+128)
  5173     012B  297F               	goto	l5423
  5174     012C                     l5403:
  5175                           
  5176                           ;D:/Microchip/MPLABProjects/PSoC3-PCIe-MKIII.X/cw-gen.c: 117:             if (read_after
      +                           - mark < 0) {
  5177     012C  0844               	movf	key_loop@mark^(0+128),w
  5178     012D  0022               	movlb	2	; select bank2
  5179     012E  023D               	subwf	key_loop@read_after^(0+256),w
  5180     012F  0021               	movlb	1	; select bank1
  5181     0130  00C8               	movwf	??_key_loop^(0+128)
  5182     0131  0845               	movf	(key_loop@mark+1)^(0+128),w
  5183     0132  0022               	movlb	2	; select bank2
  5184     0133  3B3E               	subwfb	(key_loop@read_after+1)^(0+256),w
  5185     0134  0021               	movlb	1	; select bank1
  5186     0135  00C9               	movwf	(??_key_loop^(0+128)+1)
  5187     0136  0846               	movf	(key_loop@mark+2)^(0+128),w
  5188     0137  0022               	movlb	2	; select bank2
  5189     0138  3B3F               	subwfb	(key_loop@read_after+2)^(0+256),w
  5190     0139  0021               	movlb	1	; select bank1
  5191     013A  00CA               	movwf	(??_key_loop^(0+128)+2)
  5192     013B  0847               	movf	(key_loop@mark+3)^(0+128),w
  5193     013C  0022               	movlb	2	; select bank2
  5194     013D  3B40               	subwfb	(key_loop@read_after+3)^(0+256),w
  5195     013E  0021               	movlb	1	; select bank1
  5196     013F  00CB               	movwf	(??_key_loop^(0+128)+3)
  5197     0140  1FCB               	btfss	(??_key_loop+3)^(0+128),7
  5198     0141  297F               	goto	l5423
  5199                           
  5200                           ;D:/Microchip/MPLABProjects/PSoC3-PCIe-MKIII.X/cw-gen.c: 118:                 state = 3;
  5201     0142  3003               	movlw	3
  5202     0143  00E6               	movwf	key_loop@state^(0+128)
  5203                           
  5204                           ;D:/Microchip/MPLABProjects/PSoC3-PCIe-MKIII.X/cw-gen.c: 119:                 staged = 0
      +                          ;
  5205     0144  01AA               	clrf	key_loop@staged^(0+128)
  5206                           
  5207                           ;D:/Microchip/MPLABProjects/PSoC3-PCIe-MKIII.X/cw-gen.c: 120:                 start_afte
      +                          r = mark + 1 * cfg_speed_micros;
  5208     0145  0824               	movf	_cfg_speed_micros^(0+128),w
  5209     0146  0744               	addwf	key_loop@mark^(0+128),w
  5210     0147  00C8               	movwf	??_key_loop^(0+128)
  5211     0148  0825               	movf	(_cfg_speed_micros+1)^(0+128),w
  5212     0149  3D45               	addwfc	(key_loop@mark+1)^(0+128),w
  5213     014A  00C9               	movwf	(??_key_loop^(0+128)+1)
  5214     014B  0826               	movf	(_cfg_speed_micros+2)^(0+128),w
  5215     014C  3D46               	addwfc	(key_loop@mark+2)^(0+128),w
  5216     014D  00CA               	movwf	(??_key_loop^(0+128)+2)
  5217     014E  0827               	movf	(_cfg_speed_micros+3)^(0+128),w
  5218     014F  3D47               	addwfc	(key_loop@mark+3)^(0+128),w
  5219     0150  00CB               	movwf	(??_key_loop^(0+128)+3)
  5220     0151  084B               	movf	(??_key_loop+3)^(0+128),w
  5221     0152  00A3               	movwf	(key_loop@start_after+3)^(0+128)
  5222     0153  084A               	movf	(??_key_loop+2)^(0+128),w
  5223     0154  00A2               	movwf	(key_loop@start_after+2)^(0+128)
  5224     0155  0849               	movf	(??_key_loop+1)^(0+128),w
  5225     0156  00A1               	movwf	(key_loop@start_after+1)^(0+128)
  5226     0157  0848               	movf	??_key_loop^(0+128),w
  5227     0158  00A0               	movwf	key_loop@start_after^(0+128)
  5228                           
  5229                           ;D:/Microchip/MPLABProjects/PSoC3-PCIe-MKIII.X/cw-gen.c: 121:                 spacing = 
      +                          0;
  5230     0159  01E7               	clrf	key_loop@spacing^(0+128)
  5231                           
  5232                           ;D:/Microchip/MPLABProjects/PSoC3-PCIe-MKIII.X/cw-gen.c: 122:                 if (mcode 
      +                          & 0x01) {
  5233     015A  1C65               	btfss	key_loop@mcode^(0+128),0
  5234     015B  295F               	goto	l5415
  5235                           
  5236                           ;D:/Microchip/MPLABProjects/PSoC3-PCIe-MKIII.X/cw-gen.c: 123:                     mcode 
      +                          = 0xFF;
  5237     015C  30FF               	movlw	255
  5238     015D  00E5               	movwf	key_loop@mcode^(0+128)
  5239                           
  5240                           ;D:/Microchip/MPLABProjects/PSoC3-PCIe-MKIII.X/cw-gen.c: 124:                 } else {
  5241     015E  297F               	goto	l5423
  5242     015F                     l5415:
  5243                           
  5244                           ;D:/Microchip/MPLABProjects/PSoC3-PCIe-MKIII.X/cw-gen.c: 125:                     mcode 
      +                          >>= 1;
  5245     015F  1003               	clrc
  5246     0160  0CE5               	rrf	key_loop@mcode^(0+128),f
  5247                           
  5248                           ;D:/Microchip/MPLABProjects/PSoC3-PCIe-MKIII.X/cw-gen.c: 126:                     mcode 
      +                          |= 0x80;
  5249     0161  17E5               	bsf	key_loop@mcode^(0+128),7
  5250     0162  297F               	goto	l5423
  5251     0163                     l5421:
  5252     0163  0866               	movf	key_loop@state^(0+128),w
  5253     0164  00C8               	movwf	??_key_loop^(0+128)
  5254     0165  01C9               	clrf	(??_key_loop^(0+128)+1)
  5255                           
  5256                           ; Switch on 2 bytes has been partitioned into a top level switch of size 1, and 1 sub-sw
      +                          itches
  5257                           ; Switch size 1, requested type "simple"
  5258                           ; Number of cases is 1, Range of values is 0 to 0
  5259                           ; switch strategies available:
  5260                           ; Name         Instructions Cycles
  5261                           ; simple_byte            4     3 (average)
  5262                           ; direct_byte            8     6 (fixed)
  5263                           ; jumptable            260     6 (fixed)
  5264                           ;	Chosen strategy is simple_byte
  5265     0166  0849               	movf	(??_key_loop+1)^(0+128),w
  5266     0167  3A00               	xorlw	0	; case 0
  5267     0168  1903               	skipnz
  5268     0169  296B               	goto	l5735
  5269     016A  297F               	goto	l5423
  5270     016B                     l5735:
  5271                           
  5272                           ; Switch size 1, requested type "simple"
  5273                           ; Number of cases is 6, Range of values is 1 to 6
  5274                           ; switch strategies available:
  5275                           ; Name         Instructions Cycles
  5276                           ; simple_byte           19    10 (average)
  5277                           ; direct_byte           21     9 (fixed)
  5278                           ; jumptable            263     9 (fixed)
  5279                           ;	Chosen strategy is simple_byte
  5280     016B  0848               	movf	??_key_loop^(0+128),w
  5281     016C  3A01               	xorlw	1	; case 1
  5282     016D  1903               	skipnz
  5283     016E  2872               	goto	l5357
  5284     016F  3A03               	xorlw	3	; case 2
  5285     0170  1903               	skipnz
  5286     0171  28AC               	goto	l5371
  5287     0172  3A01               	xorlw	1	; case 3
  5288     0173  1903               	skipnz
  5289     0174  28C0               	goto	l5377
  5290     0175  3A07               	xorlw	7	; case 4
  5291     0176  1903               	skipnz
  5292     0177  291B               	goto	l5399
  5293     0178  3A01               	xorlw	1	; case 5
  5294     0179  1903               	skipnz
  5295     017A  297F               	goto	l5423
  5296     017B  3A03               	xorlw	3	; case 6
  5297     017C  1903               	skipnz
  5298     017D  292C               	goto	l5403
  5299     017E  297F               	goto	l5423
  5300     017F                     l5423:
  5301                           
  5302                           ;D:/Microchip/MPLABProjects/PSoC3-PCIe-MKIII.X/cw-gen.c: 132:     if (cfg.mode == 3 || c
      +                          fg.mode == 2) {
  5303     017F  3003               	movlw	3
  5304     0180  0022               	movlb	2	; select bank2
  5305     0181  0634               	xorwf	(_cfg^(0+256)+4),w
  5306     0182  1903               	btfsc	3,2
  5307     0183  2988               	goto	l5427
  5308     0184  3002               	movlw	2
  5309     0185  0634               	xorwf	(_cfg^(0+256)+4),w
  5310     0186  1D03               	btfss	3,2
  5311     0187  29EB               	goto	l5455
  5312     0188                     l5427:
  5313                           
  5314                           ;D:/Microchip/MPLABProjects/PSoC3-PCIe-MKIII.X/cw-gen.c: 133:         if (k1) {
  5315     0188  0021               	movlb	1	; select bank1
  5316     0189  0854               	movf	key_loop@k1^(0+128),w
  5317     018A  1903               	btfsc	3,2
  5318     018B  29CD               	goto	l5443
  5319                           
  5320                           ;D:/Microchip/MPLABProjects/PSoC3-PCIe-MKIII.X/cw-gen.c: 134:             i = mark ;
  5321     018C  0847               	movf	(key_loop@mark+3)^(0+128),w
  5322     018D  00D9               	movwf	(key_loop@i+3)^(0+128)
  5323     018E  0846               	movf	(key_loop@mark+2)^(0+128),w
  5324     018F  00D8               	movwf	(key_loop@i+2)^(0+128)
  5325     0190  0845               	movf	(key_loop@mark+1)^(0+128),w
  5326     0191  00D7               	movwf	(key_loop@i+1)^(0+128)
  5327     0192  0844               	movf	key_loop@mark^(0+128),w
  5328     0193  00D6               	movwf	key_loop@i^(0+128)
  5329                           
  5330                           ;D:/Microchip/MPLABProjects/PSoC3-PCIe-MKIII.X/cw-gen.c: 135:             if (state < 4)
      +                           {
  5331     0194  3004               	movlw	4
  5332     0195  0266               	subwf	key_loop@state^(0+128),w
  5333     0196  1803               	skipnc
  5334     0197  29A2               	goto	l856
  5335                           
  5336                           ;D:/Microchip/MPLABProjects/PSoC3-PCIe-MKIII.X/cw-gen.c: 136:                 state = 4;
  5337     0198  3004               	movlw	4
  5338     0199  00E6               	movwf	key_loop@state^(0+128)
  5339                           
  5340                           ;D:/Microchip/MPLABProjects/PSoC3-PCIe-MKIII.X/cw-gen.c: 137:                 start_afte
      +                          r = i;
  5341     019A  0859               	movf	(key_loop@i+3)^(0+128),w
  5342     019B  00A3               	movwf	(key_loop@start_after+3)^(0+128)
  5343     019C  0858               	movf	(key_loop@i+2)^(0+128),w
  5344     019D  00A2               	movwf	(key_loop@start_after+2)^(0+128)
  5345     019E  0857               	movf	(key_loop@i+1)^(0+128),w
  5346     019F  00A1               	movwf	(key_loop@start_after+1)^(0+128)
  5347     01A0  0856               	movf	key_loop@i^(0+128),w
  5348     01A1  00A0               	movwf	key_loop@start_after^(0+128)
  5349     01A2                     l856:	
  5350                           ;D:/Microchip/MPLABProjects/PSoC3-PCIe-MKIII.X/cw-gen.c: 138:             }
  5351                           
  5352                           
  5353                           ;D:/Microchip/MPLABProjects/PSoC3-PCIe-MKIII.X/cw-gen.c: 139:             if (state < 6)
      +                           {
  5354     01A2  3006               	movlw	6
  5355     01A3  0266               	subwf	key_loop@state^(0+128),w
  5356     01A4  1803               	skipnc
  5357     01A5  29C8               	goto	l5439
  5358                           
  5359                           ;D:/Microchip/MPLABProjects/PSoC3-PCIe-MKIII.X/cw-gen.c: 140:                 read_after
      +                           = i;
  5360     01A6  0859               	movf	(key_loop@i+3)^(0+128),w
  5361     01A7  0022               	movlb	2	; select bank2
  5362     01A8  00C0               	movwf	(key_loop@read_after+3)^(0+256)
  5363     01A9  0021               	movlb	1	; select bank1
  5364     01AA  0858               	movf	(key_loop@i+2)^(0+128),w
  5365     01AB  0022               	movlb	2	; select bank2
  5366     01AC  00BF               	movwf	(key_loop@read_after+2)^(0+256)
  5367     01AD  0021               	movlb	1	; select bank1
  5368     01AE  0857               	movf	(key_loop@i+1)^(0+128),w
  5369     01AF  0022               	movlb	2	; select bank2
  5370     01B0  00BE               	movwf	(key_loop@read_after+1)^(0+256)
  5371     01B1  0021               	movlb	1	; select bank1
  5372     01B2  0856               	movf	key_loop@i^(0+128),w
  5373     01B3  0022               	movlb	2	; select bank2
  5374     01B4  00BD               	movwf	key_loop@read_after^(0+256)
  5375                           
  5376                           ;D:/Microchip/MPLABProjects/PSoC3-PCIe-MKIII.X/cw-gen.c: 141:                 tx_send(i)
      +                          ;
  5377     01B5  0021               	movlb	1	; select bank1
  5378     01B6  0859               	movf	(key_loop@i+3)^(0+128),w
  5379     01B7  0020               	movlb	0	; select bank0
  5380     01B8  00A3               	movwf	tx_send@mark+3
  5381     01B9  0021               	movlb	1	; select bank1
  5382     01BA  0858               	movf	(key_loop@i+2)^(0+128),w
  5383     01BB  0020               	movlb	0	; select bank0
  5384     01BC  00A2               	movwf	tx_send@mark+2
  5385     01BD  0021               	movlb	1	; select bank1
  5386     01BE  0857               	movf	(key_loop@i+1)^(0+128),w
  5387     01BF  0020               	movlb	0	; select bank0
  5388     01C0  00A1               	movwf	tx_send@mark+1
  5389     01C1  0021               	movlb	1	; select bank1
  5390     01C2  0856               	movf	key_loop@i^(0+128),w
  5391     01C3  0020               	movlb	0	; select bank0
  5392     01C4  00A0               	movwf	tx_send@mark
  5393     01C5  3188  2099  3180   	fcall	_tx_send
  5394     01C8                     l5439:
  5395                           
  5396                           ;D:/Microchip/MPLABProjects/PSoC3-PCIe-MKIII.X/cw-gen.c: 144:             last = 3;
  5397     01C8  3003               	movlw	3
  5398     01C9  0021               	movlb	1	; select bank1
  5399     01CA  00AC               	movwf	key_loop@last^(0+128)
  5400                           
  5401                           ;D:/Microchip/MPLABProjects/PSoC3-PCIe-MKIII.X/cw-gen.c: 145:             staged = 0;
  5402     01CB  01AA               	clrf	key_loop@staged^(0+128)
  5403                           
  5404                           ;D:/Microchip/MPLABProjects/PSoC3-PCIe-MKIII.X/cw-gen.c: 146:         } else if (state =
      +                          = 5) {
  5405     01CC  29F2               	goto	l5459
  5406     01CD                     l5443:
  5407     01CD  3005               	movlw	5
  5408     01CE  0666               	xorwf	key_loop@state^(0+128),w
  5409     01CF  1D03               	btfss	3,2
  5410     01D0  29F2               	goto	l5459
  5411                           
  5412                           ;D:/Microchip/MPLABProjects/PSoC3-PCIe-MKIII.X/cw-gen.c: 147:             if (staged == 
      +                          1) {
  5413     01D1  032A               	decf	key_loop@staged^(0+128),w
  5414     01D2  1D03               	btfss	3,2
  5415     01D3  29D6               	goto	l5449
  5416                           
  5417                           ;D:/Microchip/MPLABProjects/PSoC3-PCIe-MKIII.X/cw-gen.c: 148:                 state = 3;
  5418     01D4  3003               	movlw	3
  5419     01D5  29F1               	goto	L3
  5420     01D6                     l5449:	
  5421                           ;D:/Microchip/MPLABProjects/PSoC3-PCIe-MKIII.X/cw-gen.c: 149:             } else {
  5422                           
  5423                           
  5424                           ;D:/Microchip/MPLABProjects/PSoC3-PCIe-MKIII.X/cw-gen.c: 150:                 state = 6;
  5425     01D6  3006               	movlw	6
  5426     01D7  00E6               	movwf	key_loop@state^(0+128)
  5427                           
  5428                           ;D:/Microchip/MPLABProjects/PSoC3-PCIe-MKIII.X/cw-gen.c: 151:                 tx_send(ma
      +                          rk);
  5429     01D8  0847               	movf	(key_loop@mark+3)^(0+128),w
  5430     01D9  0020               	movlb	0	; select bank0
  5431     01DA  00A3               	movwf	tx_send@mark+3
  5432     01DB  0021               	movlb	1	; select bank1
  5433     01DC  0846               	movf	(key_loop@mark+2)^(0+128),w
  5434     01DD  0020               	movlb	0	; select bank0
  5435     01DE  00A2               	movwf	tx_send@mark+2
  5436     01DF  0021               	movlb	1	; select bank1
  5437     01E0  0845               	movf	(key_loop@mark+1)^(0+128),w
  5438     01E1  0020               	movlb	0	; select bank0
  5439     01E2  00A1               	movwf	tx_send@mark+1
  5440     01E3  0021               	movlb	1	; select bank1
  5441     01E4  0844               	movf	key_loop@mark^(0+128),w
  5442     01E5  0020               	movlb	0	; select bank0
  5443     01E6  00A0               	movwf	tx_send@mark
  5444     01E7  3188  2099  3180   	fcall	_tx_send
  5445     01EA  29F2               	goto	l5459
  5446     01EB                     l5455:
  5447                           
  5448                           ;D:/Microchip/MPLABProjects/PSoC3-PCIe-MKIII.X/cw-gen.c: 156:         if (state > 3) sta
      +                          te = 6;
  5449     01EB  3004               	movlw	4
  5450     01EC  0021               	movlb	1	; select bank1
  5451     01ED  0266               	subwf	key_loop@state^(0+128),w
  5452     01EE  1C03               	skipc
  5453     01EF  29F2               	goto	l5459
  5454     01F0  3006               	movlw	6
  5455     01F1                     L3:
  5456     01F1  00E6               	movwf	key_loop@state^(0+128)
  5457     01F2                     l5459:
  5458                           
  5459                           ;D:/Microchip/MPLABProjects/PSoC3-PCIe-MKIII.X/cw-gen.c: 159:     if (!staged) {
  5460     01F2  0021               	movlb	1	; select bank1
  5461     01F3  082A               	movf	key_loop@staged^(0+128),w
  5462     01F4  1D03               	btfss	3,2
  5463     01F5  2A53               	goto	l5513
  5464                           
  5465                           ;D:/Microchip/MPLABProjects/PSoC3-PCIe-MKIII.X/cw-gen.c: 160:         if (state > 1) {
  5466     01F6  3002               	movlw	2
  5467     01F7  0266               	subwf	key_loop@state^(0+128),w
  5468     01F8  1C03               	skipc
  5469     01F9  2A22               	goto	l5487
  5470                           
  5471                           ;D:/Microchip/MPLABProjects/PSoC3-PCIe-MKIII.X/cw-gen.c: 161:             if (k0 && k1) 
      +                          {
  5472     01FA  0855               	movf	key_loop@k0^(0+128),w
  5473     01FB  1903               	btfsc	3,2
  5474     01FC  2A16               	goto	l5477
  5475     01FD  0854               	movf	key_loop@k1^(0+128),w
  5476     01FE  1903               	btfsc	3,2
  5477     01FF  2A16               	goto	l5477
  5478                           
  5479                           ;D:/Microchip/MPLABProjects/PSoC3-PCIe-MKIII.X/cw-gen.c: 162:                 if (ultima
      +                          tic && cfg.mode == 1) staged = last;
  5480     0200  082B               	movf	key_loop@ultimatic^(0+128),w
  5481     0201  1903               	btfsc	3,2
  5482     0202  2A0A               	goto	l5473
  5483     0203  0022               	movlb	2	; select bank2
  5484     0204  0334               	decf	(_cfg^(0+256)+4),w
  5485     0205  1D03               	btfss	3,2
  5486     0206  2A0A               	goto	l5473
  5487     0207  0021               	movlb	1	; select bank1
  5488     0208  082C               	movf	key_loop@last^(0+128),w
  5489     0209  2A0F               	goto	L4
  5490     020A                     l5473:
  5491     020A  0021               	movlb	1	; select bank1
  5492     020B  032C               	decf	key_loop@last^(0+128),w
  5493     020C  1D03               	btfss	3,2
  5494     020D  2A11               	goto	l869
  5495     020E                     l5475:
  5496     020E  3003               	movlw	3
  5497     020F                     L4:
  5498     020F  00AA               	movwf	key_loop@staged^(0+128)
  5499     0210  2A13               	goto	l868
  5500     0211                     l869:	
  5501                           ;D:/Microchip/MPLABProjects/PSoC3-PCIe-MKIII.X/cw-gen.c: 164:                 else stage
      +                          d = 1;
  5502                           
  5503     0211  01AA               	clrf	key_loop@staged^(0+128)
  5504     0212  0AAA               	incf	key_loop@staged^(0+128),f
  5505     0213                     l868:
  5506                           
  5507                           ;D:/Microchip/MPLABProjects/PSoC3-PCIe-MKIII.X/cw-gen.c: 165:                 ultimatic 
      +                          = 1;
  5508     0213  01AB               	clrf	key_loop@ultimatic^(0+128)
  5509     0214  0AAB               	incf	key_loop@ultimatic^(0+128),f
  5510                           
  5511                           ;D:/Microchip/MPLABProjects/PSoC3-PCIe-MKIII.X/cw-gen.c: 166:             } else {
  5512     0215  2A53               	goto	l5513
  5513     0216                     l5477:
  5514                           
  5515                           ;D:/Microchip/MPLABProjects/PSoC3-PCIe-MKIII.X/cw-gen.c: 167:                 if (k0) st
      +                          aged = 1;
  5516     0216  0855               	movf	key_loop@k0^(0+128),w
  5517     0217  1903               	btfsc	3,2
  5518     0218  2A1B               	goto	l5481
  5519     0219  01AA               	clrf	key_loop@staged^(0+128)
  5520     021A  0AAA               	incf	key_loop@staged^(0+128),f
  5521     021B                     l5481:
  5522                           
  5523                           ;D:/Microchip/MPLABProjects/PSoC3-PCIe-MKIII.X/cw-gen.c: 168:                 if (k1) st
      +                          aged = 3;
  5524     021B  0854               	movf	key_loop@k1^(0+128),w
  5525     021C  1903               	btfsc	3,2
  5526     021D  2A20               	goto	l5485
  5527     021E  3003               	movlw	3
  5528     021F  00AA               	movwf	key_loop@staged^(0+128)
  5529     0220                     l5485:
  5530                           
  5531                           ;D:/Microchip/MPLABProjects/PSoC3-PCIe-MKIII.X/cw-gen.c: 169:                 ultimatic 
      +                          = 0;
  5532     0220  01AB               	clrf	key_loop@ultimatic^(0+128)
  5533     0221  2A53               	goto	l5513
  5534     0222                     l5487:
  5535     0222  082B               	movf	key_loop@ultimatic^(0+128),w
  5536     0223  1903               	btfsc	3,2
  5537     0224  2A29               	goto	l5491
  5538     0225  0022               	movlb	2	; select bank2
  5539     0226  0334               	decf	(_cfg^(0+256)+4),w
  5540     0227  1903               	btfsc	3,2
  5541     0228  2A53               	goto	l5513
  5542     0229                     l5491:
  5543                           
  5544                           ;D:/Microchip/MPLABProjects/PSoC3-PCIe-MKIII.X/cw-gen.c: 172:             if (k0 && (las
      +                          t == 3 || spacing > 0)) {
  5545     0229  0021               	movlb	1	; select bank1
  5546     022A  0855               	movf	key_loop@k0^(0+128),w
  5547     022B  1903               	btfsc	3,2
  5548     022C  2A41               	goto	l5501
  5549     022D  3003               	movlw	3
  5550     022E  062C               	xorwf	key_loop@last^(0+128),w
  5551     022F  1903               	btfsc	3,2
  5552     0230  2A34               	goto	l5497
  5553     0231  0867               	movf	key_loop@spacing^(0+128),w
  5554     0232  1903               	btfsc	3,2
  5555     0233  2A41               	goto	l5501
  5556     0234                     l5497:
  5557                           
  5558                           ;D:/Microchip/MPLABProjects/PSoC3-PCIe-MKIII.X/cw-gen.c: 173:                 if (cfg.me
      +                          mory & 2) {
  5559     0234  0022               	movlb	2	; select bank2
  5560     0235  0835               	movf	(_cfg^(0+256)+5),w
  5561     0236  0021               	movlb	1	; select bank1
  5562     0237  00C8               	movwf	??_key_loop^(0+128)
  5563     0238  01C9               	clrf	(??_key_loop^(0+128)+1)
  5564     0239  1BC8               	btfsc	??_key_loop^(0+128),7
  5565     023A  03C9               	decf	(??_key_loop^(0+128)+1),f
  5566     023B  1CC8               	btfss	??_key_loop^(0+128),1
  5567     023C  2A41               	goto	l5501
  5568                           
  5569                           ;D:/Microchip/MPLABProjects/PSoC3-PCIe-MKIII.X/cw-gen.c: 174:                     staged
      +                           = 1;
  5570     023D  01AA               	clrf	key_loop@staged^(0+128)
  5571     023E  0AAA               	incf	key_loop@staged^(0+128),f
  5572                           
  5573                           ;D:/Microchip/MPLABProjects/PSoC3-PCIe-MKIII.X/cw-gen.c: 175:                     ultima
      +                          tic = 1;
  5574     023F  01AB               	clrf	key_loop@ultimatic^(0+128)
  5575     0240  0AAB               	incf	key_loop@ultimatic^(0+128),f
  5576     0241                     l5501:
  5577                           
  5578                           ;D:/Microchip/MPLABProjects/PSoC3-PCIe-MKIII.X/cw-gen.c: 178:             if (k1 && (las
      +                          t == 1 || spacing > 0)) {
  5579     0241  0854               	movf	key_loop@k1^(0+128),w
  5580     0242  1903               	btfsc	3,2
  5581     0243  2A53               	goto	l5513
  5582     0244  032C               	decf	key_loop@last^(0+128),w
  5583     0245  1903               	btfsc	3,2
  5584     0246  2A4A               	goto	l5507
  5585     0247  0867               	movf	key_loop@spacing^(0+128),w
  5586     0248  1903               	btfsc	3,2
  5587     0249  2A53               	goto	l5513
  5588     024A                     l5507:
  5589                           
  5590                           ;D:/Microchip/MPLABProjects/PSoC3-PCIe-MKIII.X/cw-gen.c: 179:                 if (cfg.me
      +                          mory & 1) {
  5591     024A  0022               	movlb	2	; select bank2
  5592     024B  0835               	movf	(_cfg^(0+256)+5),w
  5593     024C  0021               	movlb	1	; select bank1
  5594     024D  00C8               	movwf	??_key_loop^(0+128)
  5595     024E  01C9               	clrf	(??_key_loop^(0+128)+1)
  5596     024F  1BC8               	btfsc	??_key_loop^(0+128),7
  5597     0250  03C9               	decf	(??_key_loop^(0+128)+1),f
  5598     0251  1848               	btfsc	??_key_loop^(0+128),0
  5599     0252  2A0E               	goto	l5475
  5600     0253                     l5513:
  5601                           
  5602                           ;D:/Microchip/MPLABProjects/PSoC3-PCIe-MKIII.X/cw-gen.c: 187:     if (state == 3 && stag
      +                          ed) {
  5603     0253  3003               	movlw	3
  5604     0254  0021               	movlb	1	; select bank1
  5605     0255  0666               	xorwf	key_loop@state^(0+128),w
  5606     0256  1D03               	btfss	3,2
  5607     0257  0008               	return
  5608     0258  082A               	movf	key_loop@staged^(0+128),w
  5609     0259  1903               	btfsc	3,2
  5610     025A  0008               	return
  5611                           
  5612                           ;D:/Microchip/MPLABProjects/PSoC3-PCIe-MKIII.X/cw-gen.c: 188:         i = mark + (long) 
      +                          staged * cfg_speed_micros;
  5613     025B  082A               	movf	key_loop@staged^(0+128),w
  5614     025C  00C8               	movwf	??_key_loop^(0+128)
  5615     025D  01C9               	clrf	(??_key_loop^(0+128)+1)
  5616     025E  01CA               	clrf	(??_key_loop^(0+128)+2)
  5617     025F  01CB               	clrf	(??_key_loop^(0+128)+3)
  5618     0260  084B               	movf	(??_key_loop+3)^(0+128),w
  5619     0261  0020               	movlb	0	; select bank0
  5620     0262  00A3               	movwf	___lmul@multiplier+3
  5621     0263  0021               	movlb	1	; select bank1
  5622     0264  084A               	movf	(??_key_loop+2)^(0+128),w
  5623     0265  0020               	movlb	0	; select bank0
  5624     0266  00A2               	movwf	___lmul@multiplier+2
  5625     0267  0021               	movlb	1	; select bank1
  5626     0268  0849               	movf	(??_key_loop+1)^(0+128),w
  5627     0269  0020               	movlb	0	; select bank0
  5628     026A  00A1               	movwf	___lmul@multiplier+1
  5629     026B  0021               	movlb	1	; select bank1
  5630     026C  0848               	movf	??_key_loop^(0+128),w
  5631     026D  0020               	movlb	0	; select bank0
  5632     026E  00A0               	movwf	___lmul@multiplier
  5633     026F  0021               	movlb	1	; select bank1
  5634     0270  0827               	movf	(_cfg_speed_micros+3)^(0+128),w
  5635     0271  0020               	movlb	0	; select bank0
  5636     0272  00A7               	movwf	___lmul@multiplicand+3
  5637     0273  0021               	movlb	1	; select bank1
  5638     0274  0826               	movf	(_cfg_speed_micros+2)^(0+128),w
  5639     0275  0020               	movlb	0	; select bank0
  5640     0276  00A6               	movwf	___lmul@multiplicand+2
  5641     0277  0021               	movlb	1	; select bank1
  5642     0278  0825               	movf	(_cfg_speed_micros+1)^(0+128),w
  5643     0279  0020               	movlb	0	; select bank0
  5644     027A  00A5               	movwf	___lmul@multiplicand+1
  5645     027B  0021               	movlb	1	; select bank1
  5646     027C  0824               	movf	_cfg_speed_micros^(0+128),w
  5647     027D  0020               	movlb	0	; select bank0
  5648     027E  00A4               	movwf	___lmul@multiplicand
  5649     027F  318A  223F  3180   	fcall	___lmul
  5650     0282  0020               	movlb	0	; select bank0
  5651     0283  0820               	movf	?___lmul,w
  5652     0284  0021               	movlb	1	; select bank1
  5653     0285  0744               	addwf	key_loop@mark^(0+128),w
  5654     0286  00CC               	movwf	(??_key_loop+4)^(0+128)
  5655     0287  0020               	movlb	0	; select bank0
  5656     0288  0821               	movf	?___lmul+1,w
  5657     0289  0021               	movlb	1	; select bank1
  5658     028A  3D45               	addwfc	(key_loop@mark+1)^(0+128),w
  5659     028B  00CD               	movwf	((??_key_loop+4)^(0+128)+1)
  5660     028C  0020               	movlb	0	; select bank0
  5661     028D  0822               	movf	?___lmul+2,w
  5662     028E  0021               	movlb	1	; select bank1
  5663     028F  3D46               	addwfc	(key_loop@mark+2)^(0+128),w
  5664     0290  00CE               	movwf	((??_key_loop+4)^(0+128)+2)
  5665     0291  0020               	movlb	0	; select bank0
  5666     0292  0823               	movf	?___lmul+3,w
  5667     0293  0021               	movlb	1	; select bank1
  5668     0294  3D47               	addwfc	(key_loop@mark+3)^(0+128),w
  5669     0295  00CF               	movwf	((??_key_loop+4)^(0+128)+3)
  5670     0296  084F               	movf	(??_key_loop+7)^(0+128),w
  5671     0297  00D9               	movwf	(key_loop@i+3)^(0+128)
  5672     0298  084E               	movf	(??_key_loop+6)^(0+128),w
  5673     0299  00D8               	movwf	(key_loop@i+2)^(0+128)
  5674     029A  084D               	movf	(??_key_loop+5)^(0+128),w
  5675     029B  00D7               	movwf	(key_loop@i+1)^(0+128)
  5676     029C  084C               	movf	(??_key_loop+4)^(0+128),w
  5677     029D  00D6               	movwf	key_loop@i^(0+128)
  5678                           
  5679                           ;D:/Microchip/MPLABProjects/PSoC3-PCIe-MKIII.X/cw-gen.c: 189:         i += 1 * cfg_speed
      +                          _micros * (cfg.weight * 2 - 1);
  5680     029E  3007               	movlw	7
  5681     029F  3E30               	addlw	(low (_cfg| (0+256)))& (0+255)
  5682     02A0  0086               	movwf	6
  5683     02A1  3001               	movlw	1	; select bank2/3
  5684     02A2  0087               	movwf	7
  5685     02A3  3F40               	moviw [0]fsr1
  5686     02A4  0020               	movlb	0	; select bank0
  5687     02A5  00B2               	movwf	___flmul@a
  5688     02A6  3F41               	moviw [1]fsr1
  5689     02A7  00B3               	movwf	___flmul@a+1
  5690     02A8  3F42               	moviw [2]fsr1
  5691     02A9  00B4               	movwf	___flmul@a+2
  5692     02AA  3F43               	moviw [3]fsr1
  5693     02AB  00B5               	movwf	___flmul@a+3
  5694     02AC  3040               	movlw	64
  5695     02AD  00B1               	movwf	___flmul@b+3
  5696     02AE  3000               	movlw	0
  5697     02AF  00B0               	movwf	___flmul@b+2
  5698     02B0  3000               	movlw	0
  5699     02B1  00AF               	movwf	___flmul@b+1
  5700     02B2  3000               	movlw	0
  5701     02B3  00AE               	movwf	___flmul@b
  5702     02B4  3184  2498  3180   	fcall	___flmul
  5703     02B7  0020               	movlb	0	; select bank0
  5704     02B8  0831               	movf	?___flmul+3,w
  5705     02B9  00CF               	movwf	___fladd@a+3
  5706     02BA  0830               	movf	?___flmul+2,w
  5707     02BB  00CE               	movwf	___fladd@a+2
  5708     02BC  082F               	movf	?___flmul+1,w
  5709     02BD  00CD               	movwf	___fladd@a+1
  5710     02BE  082E               	movf	?___flmul,w
  5711     02BF  00CC               	movwf	___fladd@a
  5712     02C0  30BF               	movlw	191
  5713     02C1  00CB               	movwf	___fladd@b+3
  5714     02C2  3080               	movlw	128
  5715     02C3  00CA               	movwf	___fladd@b+2
  5716     02C4  3000               	movlw	0
  5717     02C5  00C9               	movwf	___fladd@b+1
  5718     02C6  3000               	movlw	0
  5719     02C7  00C8               	movwf	___fladd@b
  5720     02C8  318E  264E  3180   	fcall	___fladd
  5721     02CB  0020               	movlb	0	; select bank0
  5722     02CC  084B               	movf	?___fladd+3,w
  5723     02CD  0021               	movlb	1	; select bank1
  5724     02CE  00D3               	movwf	(_key_loop$1840+3)^(0+128)
  5725     02CF  0020               	movlb	0	; select bank0
  5726     02D0  084A               	movf	?___fladd+2,w
  5727     02D1  0021               	movlb	1	; select bank1
  5728     02D2  00D2               	movwf	(_key_loop$1840+2)^(0+128)
  5729     02D3  0020               	movlb	0	; select bank0
  5730     02D4  0849               	movf	?___fladd+1,w
  5731     02D5  0021               	movlb	1	; select bank1
  5732     02D6  00D1               	movwf	(_key_loop$1840+1)^(0+128)
  5733     02D7  0020               	movlb	0	; select bank0
  5734     02D8  0848               	movf	?___fladd,w
  5735     02D9  0021               	movlb	1	; select bank1
  5736     02DA  00D0               	movwf	_key_loop$1840^(0+128)
  5737                           
  5738                           ;D:/Microchip/MPLABProjects/PSoC3-PCIe-MKIII.X/cw-gen.c: 189:         i += 1 * cfg_speed
      +                          _micros * (cfg.weight * 2 - 1);
  5739     02DB  0859               	movf	(key_loop@i+3)^(0+128),w
  5740     02DC  0020               	movlb	0	; select bank0
  5741     02DD  00A3               	movwf	___xxtofl@val+3
  5742     02DE  0021               	movlb	1	; select bank1
  5743     02DF  0858               	movf	(key_loop@i+2)^(0+128),w
  5744     02E0  0020               	movlb	0	; select bank0
  5745     02E1  00A2               	movwf	___xxtofl@val+2
  5746     02E2  0021               	movlb	1	; select bank1
  5747     02E3  0857               	movf	(key_loop@i+1)^(0+128),w
  5748     02E4  0020               	movlb	0	; select bank0
  5749     02E5  00A1               	movwf	___xxtofl@val+1
  5750     02E6  0021               	movlb	1	; select bank1
  5751     02E7  0856               	movf	key_loop@i^(0+128),w
  5752     02E8  0020               	movlb	0	; select bank0
  5753     02E9  00A0               	movwf	___xxtofl@val
  5754     02EA  3001               	movlw	1
  5755     02EB  318D  25BA  3180   	fcall	___xxtofl
  5756     02EE  0020               	movlb	0	; select bank0
  5757     02EF  0823               	movf	?___xxtofl+3,w
  5758     02F0  00CF               	movwf	___fladd@a+3
  5759     02F1  0822               	movf	?___xxtofl+2,w
  5760     02F2  00CE               	movwf	___fladd@a+2
  5761     02F3  0821               	movf	?___xxtofl+1,w
  5762     02F4  00CD               	movwf	___fladd@a+1
  5763     02F5  0820               	movf	?___xxtofl,w
  5764     02F6  00CC               	movwf	___fladd@a
  5765     02F7  0021               	movlb	1	; select bank1
  5766     02F8  0853               	movf	(_key_loop$1840+3)^(0+128),w
  5767     02F9  0020               	movlb	0	; select bank0
  5768     02FA  00B5               	movwf	___flmul@a+3
  5769     02FB  0021               	movlb	1	; select bank1
  5770     02FC  0852               	movf	(_key_loop$1840+2)^(0+128),w
  5771     02FD  0020               	movlb	0	; select bank0
  5772     02FE  00B4               	movwf	___flmul@a+2
  5773     02FF  0021               	movlb	1	; select bank1
  5774     0300  0851               	movf	(_key_loop$1840+1)^(0+128),w
  5775     0301  0020               	movlb	0	; select bank0
  5776     0302  00B3               	movwf	___flmul@a+1
  5777     0303  0021               	movlb	1	; select bank1
  5778     0304  0850               	movf	_key_loop$1840^(0+128),w
  5779     0305  0020               	movlb	0	; select bank0
  5780     0306  00B2               	movwf	___flmul@a
  5781     0307  0021               	movlb	1	; select bank1
  5782     0308  0827               	movf	(_cfg_speed_micros+3)^(0+128),w
  5783     0309  0020               	movlb	0	; select bank0
  5784     030A  00A3               	movwf	___xxtofl@val+3
  5785     030B  0021               	movlb	1	; select bank1
  5786     030C  0826               	movf	(_cfg_speed_micros+2)^(0+128),w
  5787     030D  0020               	movlb	0	; select bank0
  5788     030E  00A2               	movwf	___xxtofl@val+2
  5789     030F  0021               	movlb	1	; select bank1
  5790     0310  0825               	movf	(_cfg_speed_micros+1)^(0+128),w
  5791     0311  0020               	movlb	0	; select bank0
  5792     0312  00A1               	movwf	___xxtofl@val+1
  5793     0313  0021               	movlb	1	; select bank1
  5794     0314  0824               	movf	_cfg_speed_micros^(0+128),w
  5795     0315  0020               	movlb	0	; select bank0
  5796     0316  00A0               	movwf	___xxtofl@val
  5797     0317  3001               	movlw	1
  5798     0318  318D  25BA  3180   	fcall	___xxtofl
  5799     031B  0020               	movlb	0	; select bank0
  5800     031C  0823               	movf	?___xxtofl+3,w
  5801     031D  00B1               	movwf	___flmul@b+3
  5802     031E  0822               	movf	?___xxtofl+2,w
  5803     031F  00B0               	movwf	___flmul@b+2
  5804     0320  0821               	movf	?___xxtofl+1,w
  5805     0321  00AF               	movwf	___flmul@b+1
  5806     0322  0820               	movf	?___xxtofl,w
  5807     0323  00AE               	movwf	___flmul@b
  5808     0324  3184  2498  3180   	fcall	___flmul
  5809     0327  0020               	movlb	0	; select bank0
  5810     0328  0831               	movf	?___flmul+3,w
  5811     0329  00CB               	movwf	___fladd@b+3
  5812     032A  0830               	movf	?___flmul+2,w
  5813     032B  00CA               	movwf	___fladd@b+2
  5814     032C  082F               	movf	?___flmul+1,w
  5815     032D  00C9               	movwf	___fladd@b+1
  5816     032E  082E               	movf	?___flmul,w
  5817     032F  00C8               	movwf	___fladd@b
  5818     0330  318E  264E  3180   	fcall	___fladd
  5819     0333  0020               	movlb	0	; select bank0
  5820     0334  084B               	movf	?___fladd+3,w
  5821     0335  00E7               	movwf	___fltol@f1+3
  5822     0336  084A               	movf	?___fladd+2,w
  5823     0337  00E6               	movwf	___fltol@f1+2
  5824     0338  0849               	movf	?___fladd+1,w
  5825     0339  00E5               	movwf	___fltol@f1+1
  5826     033A  0848               	movf	?___fladd,w
  5827     033B  00E4               	movwf	___fltol@f1
  5828     033C  318B  23D7  3180   	fcall	___fltol
  5829     033F  0020               	movlb	0	; select bank0
  5830     0340  0867               	movf	?___fltol+3,w
  5831     0341  0021               	movlb	1	; select bank1
  5832     0342  00D9               	movwf	(key_loop@i+3)^(0+128)
  5833     0343  0020               	movlb	0	; select bank0
  5834     0344  0866               	movf	?___fltol+2,w
  5835     0345  0021               	movlb	1	; select bank1
  5836     0346  00D8               	movwf	(key_loop@i+2)^(0+128)
  5837     0347  0020               	movlb	0	; select bank0
  5838     0348  0865               	movf	?___fltol+1,w
  5839     0349  0021               	movlb	1	; select bank1
  5840     034A  00D7               	movwf	(key_loop@i+1)^(0+128)
  5841     034B  0020               	movlb	0	; select bank0
  5842     034C  0864               	movf	?___fltol,w
  5843     034D  0021               	movlb	1	; select bank1
  5844     034E  00D6               	movwf	key_loop@i^(0+128)
  5845                           
  5846                           ;D:/Microchip/MPLABProjects/PSoC3-PCIe-MKIII.X/cw-gen.c: 190:         read_after = start
      +                          _after = i + (long) cfg.lag * 1000;
  5847     034F  0022               	movlb	2	; select bank2
  5848     0350  083C               	movf	(_cfg^(0+256)+12),w
  5849     0351  0021               	movlb	1	; select bank1
  5850     0352  00C8               	movwf	??_key_loop^(0+128)
  5851     0353  01C9               	clrf	(??_key_loop^(0+128)+1)
  5852     0354  01CA               	clrf	(??_key_loop^(0+128)+2)
  5853     0355  01CB               	clrf	(??_key_loop^(0+128)+3)
  5854     0356  084B               	movf	(??_key_loop+3)^(0+128),w
  5855     0357  0020               	movlb	0	; select bank0
  5856     0358  00A3               	movwf	___lmul@multiplier+3
  5857     0359  0021               	movlb	1	; select bank1
  5858     035A  084A               	movf	(??_key_loop+2)^(0+128),w
  5859     035B  0020               	movlb	0	; select bank0
  5860     035C  00A2               	movwf	___lmul@multiplier+2
  5861     035D  0021               	movlb	1	; select bank1
  5862     035E  0849               	movf	(??_key_loop+1)^(0+128),w
  5863     035F  0020               	movlb	0	; select bank0
  5864     0360  00A1               	movwf	___lmul@multiplier+1
  5865     0361  0021               	movlb	1	; select bank1
  5866     0362  0848               	movf	??_key_loop^(0+128),w
  5867     0363  0020               	movlb	0	; select bank0
  5868     0364  00A0               	movwf	___lmul@multiplier
  5869     0365  3000               	movlw	0
  5870     0366  00A7               	movwf	___lmul@multiplicand+3
  5871     0367  3000               	movlw	0
  5872     0368  00A6               	movwf	___lmul@multiplicand+2
  5873     0369  3003               	movlw	3
  5874     036A  00A5               	movwf	___lmul@multiplicand+1
  5875     036B  30E8               	movlw	232
  5876     036C  00A4               	movwf	___lmul@multiplicand
  5877     036D  318A  223F  3180   	fcall	___lmul
  5878     0370  0020               	movlb	0	; select bank0
  5879     0371  0820               	movf	?___lmul,w
  5880     0372  0021               	movlb	1	; select bank1
  5881     0373  0756               	addwf	key_loop@i^(0+128),w
  5882     0374  00CC               	movwf	(??_key_loop+4)^(0+128)
  5883     0375  0020               	movlb	0	; select bank0
  5884     0376  0821               	movf	?___lmul+1,w
  5885     0377  0021               	movlb	1	; select bank1
  5886     0378  3D57               	addwfc	(key_loop@i+1)^(0+128),w
  5887     0379  00CD               	movwf	((??_key_loop+4)^(0+128)+1)
  5888     037A  0020               	movlb	0	; select bank0
  5889     037B  0822               	movf	?___lmul+2,w
  5890     037C  0021               	movlb	1	; select bank1
  5891     037D  3D58               	addwfc	(key_loop@i+2)^(0+128),w
  5892     037E  00CE               	movwf	((??_key_loop+4)^(0+128)+2)
  5893     037F  0020               	movlb	0	; select bank0
  5894     0380  0823               	movf	?___lmul+3,w
  5895     0381  0021               	movlb	1	; select bank1
  5896     0382  3D59               	addwfc	(key_loop@i+3)^(0+128),w
  5897     0383  00CF               	movwf	((??_key_loop+4)^(0+128)+3)
  5898     0384  084F               	movf	(??_key_loop+7)^(0+128),w
  5899     0385  00A3               	movwf	(key_loop@start_after+3)^(0+128)
  5900     0386  084E               	movf	(??_key_loop+6)^(0+128),w
  5901     0387  00A2               	movwf	(key_loop@start_after+2)^(0+128)
  5902     0388  084D               	movf	(??_key_loop+5)^(0+128),w
  5903     0389  00A1               	movwf	(key_loop@start_after+1)^(0+128)
  5904     038A  084C               	movf	(??_key_loop+4)^(0+128),w
  5905     038B  00A0               	movwf	key_loop@start_after^(0+128)
  5906     038C  0823               	movf	(key_loop@start_after+3)^(0+128),w
  5907     038D  0022               	movlb	2	; select bank2
  5908     038E  00C0               	movwf	(key_loop@read_after+3)^(0+256)
  5909     038F  0021               	movlb	1	; select bank1
  5910     0390  0822               	movf	(key_loop@start_after+2)^(0+128),w
  5911     0391  0022               	movlb	2	; select bank2
  5912     0392  00BF               	movwf	(key_loop@read_after+2)^(0+256)
  5913     0393  0021               	movlb	1	; select bank1
  5914     0394  0821               	movf	(key_loop@start_after+1)^(0+128),w
  5915     0395  0022               	movlb	2	; select bank2
  5916     0396  00BE               	movwf	(key_loop@read_after+1)^(0+256)
  5917     0397  0021               	movlb	1	; select bank1
  5918     0398  0820               	movf	key_loop@start_after^(0+128),w
  5919     0399  0022               	movlb	2	; select bank2
  5920     039A  00BD               	movwf	key_loop@read_after^(0+256)
  5921                           
  5922                           ;D:/Microchip/MPLABProjects/PSoC3-PCIe-MKIII.X/cw-gen.c: 191:         tx_send(start_afte
      +                          r);
  5923     039B  0021               	movlb	1	; select bank1
  5924     039C  0823               	movf	(key_loop@start_after+3)^(0+128),w
  5925     039D  0020               	movlb	0	; select bank0
  5926     039E  00A3               	movwf	tx_send@mark+3
  5927     039F  0021               	movlb	1	; select bank1
  5928     03A0  0822               	movf	(key_loop@start_after+2)^(0+128),w
  5929     03A1  0020               	movlb	0	; select bank0
  5930     03A2  00A2               	movwf	tx_send@mark+2
  5931     03A3  0021               	movlb	1	; select bank1
  5932     03A4  0821               	movf	(key_loop@start_after+1)^(0+128),w
  5933     03A5  0020               	movlb	0	; select bank0
  5934     03A6  00A1               	movwf	tx_send@mark+1
  5935     03A7  0021               	movlb	1	; select bank1
  5936     03A8  0820               	movf	key_loop@start_after^(0+128),w
  5937     03A9  0020               	movlb	0	; select bank0
  5938     03AA  00A0               	movwf	tx_send@mark
  5939     03AB  3188  2099  3180   	fcall	_tx_send
  5940                           
  5941                           ;D:/Microchip/MPLABProjects/PSoC3-PCIe-MKIII.X/cw-gen.c: 193:         i += 1 * cfg_speed
      +                          _micros * (2.0 - cfg.weight * 2);
  5942     03AE  3040               	movlw	64
  5943     03AF  0020               	movlb	0	; select bank0
  5944     03B0  00E3               	movwf	___flsub@b+3
  5945     03B1  3000               	movlw	0
  5946     03B2  00E2               	movwf	___flsub@b+2
  5947     03B3  3000               	movlw	0
  5948     03B4  00E1               	movwf	___flsub@b+1
  5949     03B5  3000               	movlw	0
  5950     03B6  00E0               	movwf	___flsub@b
  5951     03B7  3007               	movlw	7
  5952     03B8  3E30               	addlw	(low (_cfg| (0+256)))& (0+255)
  5953     03B9  0086               	movwf	6
  5954     03BA  3001               	movlw	1	; select bank2/3
  5955     03BB  0087               	movwf	7
  5956     03BC  3F40               	moviw [0]fsr1
  5957     03BD  00B2               	movwf	___flmul@a
  5958     03BE  3F41               	moviw [1]fsr1
  5959     03BF  00B3               	movwf	___flmul@a+1
  5960     03C0  3F42               	moviw [2]fsr1
  5961     03C1  00B4               	movwf	___flmul@a+2
  5962     03C2  3F43               	moviw [3]fsr1
  5963     03C3  00B5               	movwf	___flmul@a+3
  5964     03C4  3040               	movlw	64
  5965     03C5  00B1               	movwf	___flmul@b+3
  5966     03C6  3000               	movlw	0
  5967     03C7  00B0               	movwf	___flmul@b+2
  5968     03C8  3000               	movlw	0
  5969     03C9  00AF               	movwf	___flmul@b+1
  5970     03CA  3000               	movlw	0
  5971     03CB  00AE               	movwf	___flmul@b
  5972     03CC  3184  2498  3180   	fcall	___flmul
  5973     03CF  0020               	movlb	0	; select bank0
  5974     03D0  0831               	movf	?___flmul+3,w
  5975     03D1  00DF               	movwf	___flsub@a+3
  5976     03D2  0830               	movf	?___flmul+2,w
  5977     03D3  00DE               	movwf	___flsub@a+2
  5978     03D4  082F               	movf	?___flmul+1,w
  5979     03D5  00DD               	movwf	___flsub@a+1
  5980     03D6  082E               	movf	?___flmul,w
  5981     03D7  00DC               	movwf	___flsub@a
  5982     03D8  3189  2161  3180   	fcall	___flsub
  5983     03DB  0020               	movlb	0	; select bank0
  5984     03DC  085F               	movf	?___flsub+3,w
  5985     03DD  0021               	movlb	1	; select bank1
  5986     03DE  00D3               	movwf	(_key_loop$1840+3)^(0+128)
  5987     03DF  0020               	movlb	0	; select bank0
  5988     03E0  085E               	movf	?___flsub+2,w
  5989     03E1  0021               	movlb	1	; select bank1
  5990     03E2  00D2               	movwf	(_key_loop$1840+2)^(0+128)
  5991     03E3  0020               	movlb	0	; select bank0
  5992     03E4  085D               	movf	?___flsub+1,w
  5993     03E5  0021               	movlb	1	; select bank1
  5994     03E6  00D1               	movwf	(_key_loop$1840+1)^(0+128)
  5995     03E7  0020               	movlb	0	; select bank0
  5996     03E8  085C               	movf	?___flsub,w
  5997     03E9  0021               	movlb	1	; select bank1
  5998     03EA  00D0               	movwf	_key_loop$1840^(0+128)
  5999                           
  6000                           ;D:/Microchip/MPLABProjects/PSoC3-PCIe-MKIII.X/cw-gen.c: 193:         i += 1 * cfg_speed
      +                          _micros * (2.0 - cfg.weight * 2);
  6001     03EB  0859               	movf	(key_loop@i+3)^(0+128),w
  6002     03EC  0020               	movlb	0	; select bank0
  6003     03ED  00A3               	movwf	___xxtofl@val+3
  6004     03EE  0021               	movlb	1	; select bank1
  6005     03EF  0858               	movf	(key_loop@i+2)^(0+128),w
  6006     03F0  0020               	movlb	0	; select bank0
  6007     03F1  00A2               	movwf	___xxtofl@val+2
  6008     03F2  0021               	movlb	1	; select bank1
  6009     03F3  0857               	movf	(key_loop@i+1)^(0+128),w
  6010     03F4  0020               	movlb	0	; select bank0
  6011     03F5  00A1               	movwf	___xxtofl@val+1
  6012     03F6  0021               	movlb	1	; select bank1
  6013     03F7  0856               	movf	key_loop@i^(0+128),w
  6014     03F8  0020               	movlb	0	; select bank0
  6015     03F9  00A0               	movwf	___xxtofl@val
  6016     03FA  3001               	movlw	1
  6017     03FB  318D  25BA  3180   	fcall	___xxtofl
  6018     03FE  0020               	movlb	0	; select bank0
  6019     03FF  0823               	movf	?___xxtofl+3,w
  6020     0400  00CF               	movwf	___fladd@a+3
  6021     0401  0822               	movf	?___xxtofl+2,w
  6022     0402  00CE               	movwf	___fladd@a+2
  6023     0403  0821               	movf	?___xxtofl+1,w
  6024     0404  00CD               	movwf	___fladd@a+1
  6025     0405  0820               	movf	?___xxtofl,w
  6026     0406  00CC               	movwf	___fladd@a
  6027     0407  0021               	movlb	1	; select bank1
  6028     0408  0827               	movf	(_cfg_speed_micros+3)^(0+128),w
  6029     0409  0020               	movlb	0	; select bank0
  6030     040A  00A3               	movwf	___xxtofl@val+3
  6031     040B  0021               	movlb	1	; select bank1
  6032     040C  0826               	movf	(_cfg_speed_micros+2)^(0+128),w
  6033     040D  0020               	movlb	0	; select bank0
  6034     040E  00A2               	movwf	___xxtofl@val+2
  6035     040F  0021               	movlb	1	; select bank1
  6036     0410  0825               	movf	(_cfg_speed_micros+1)^(0+128),w
  6037     0411  0020               	movlb	0	; select bank0
  6038     0412  00A1               	movwf	___xxtofl@val+1
  6039     0413  0021               	movlb	1	; select bank1
  6040     0414  0824               	movf	_cfg_speed_micros^(0+128),w
  6041     0415  0020               	movlb	0	; select bank0
  6042     0416  00A0               	movwf	___xxtofl@val
  6043     0417  3001               	movlw	1
  6044     0418  318D  25BA  3180   	fcall	___xxtofl
  6045     041B  0020               	movlb	0	; select bank0
  6046     041C  0823               	movf	?___xxtofl+3,w
  6047     041D  00B5               	movwf	___flmul@a+3
  6048     041E  0822               	movf	?___xxtofl+2,w
  6049     041F  00B4               	movwf	___flmul@a+2
  6050     0420  0821               	movf	?___xxtofl+1,w
  6051     0421  00B3               	movwf	___flmul@a+1
  6052     0422  0820               	movf	?___xxtofl,w
  6053     0423  00B2               	movwf	___flmul@a
  6054     0424  0021               	movlb	1	; select bank1
  6055     0425  0853               	movf	(_key_loop$1840+3)^(0+128),w
  6056     0426  0020               	movlb	0	; select bank0
  6057     0427  00B1               	movwf	___flmul@b+3
  6058     0428  0021               	movlb	1	; select bank1
  6059     0429  0852               	movf	(_key_loop$1840+2)^(0+128),w
  6060     042A  0020               	movlb	0	; select bank0
  6061     042B  00B0               	movwf	___flmul@b+2
  6062     042C  0021               	movlb	1	; select bank1
  6063     042D  0851               	movf	(_key_loop$1840+1)^(0+128),w
  6064     042E  0020               	movlb	0	; select bank0
  6065     042F  00AF               	movwf	___flmul@b+1
  6066     0430  0021               	movlb	1	; select bank1
  6067     0431  0850               	movf	_key_loop$1840^(0+128),w
  6068     0432  0020               	movlb	0	; select bank0
  6069     0433  00AE               	movwf	___flmul@b
  6070     0434  3184  2498  3180   	fcall	___flmul
  6071     0437  0020               	movlb	0	; select bank0
  6072     0438  0831               	movf	?___flmul+3,w
  6073     0439  00CB               	movwf	___fladd@b+3
  6074     043A  0830               	movf	?___flmul+2,w
  6075     043B  00CA               	movwf	___fladd@b+2
  6076     043C  082F               	movf	?___flmul+1,w
  6077     043D  00C9               	movwf	___fladd@b+1
  6078     043E  082E               	movf	?___flmul,w
  6079     043F  00C8               	movwf	___fladd@b
  6080     0440  318E  264E  3180   	fcall	___fladd
  6081     0443  0020               	movlb	0	; select bank0
  6082     0444  084B               	movf	?___fladd+3,w
  6083     0445  00E7               	movwf	___fltol@f1+3
  6084     0446  084A               	movf	?___fladd+2,w
  6085     0447  00E6               	movwf	___fltol@f1+2
  6086     0448  0849               	movf	?___fladd+1,w
  6087     0449  00E5               	movwf	___fltol@f1+1
  6088     044A  0848               	movf	?___fladd,w
  6089     044B  00E4               	movwf	___fltol@f1
  6090     044C  318B  23D7  3180   	fcall	___fltol
  6091     044F  0020               	movlb	0	; select bank0
  6092     0450  0867               	movf	?___fltol+3,w
  6093     0451  0021               	movlb	1	; select bank1
  6094     0452  00D9               	movwf	(key_loop@i+3)^(0+128)
  6095     0453  0020               	movlb	0	; select bank0
  6096     0454  0866               	movf	?___fltol+2,w
  6097     0455  0021               	movlb	1	; select bank1
  6098     0456  00D8               	movwf	(key_loop@i+2)^(0+128)
  6099     0457  0020               	movlb	0	; select bank0
  6100     0458  0865               	movf	?___fltol+1,w
  6101     0459  0021               	movlb	1	; select bank1
  6102     045A  00D7               	movwf	(key_loop@i+1)^(0+128)
  6103     045B  0020               	movlb	0	; select bank0
  6104     045C  0864               	movf	?___fltol,w
  6105     045D  0021               	movlb	1	; select bank1
  6106     045E  00D6               	movwf	key_loop@i^(0+128)
  6107                           
  6108                           ;D:/Microchip/MPLABProjects/PSoC3-PCIe-MKIII.X/cw-gen.c: 194:         if (cfg.spacing >=
      +                           1) {
  6109     045F  0022               	movlb	2	; select bank2
  6110     0460  0836               	movf	(_cfg^(0+256)+6),w
  6111     0461  3A80               	xorlw	128
  6112     0462  3E7F               	addlw	-129
  6113     0463  1C03               	skipc
  6114     0464  2C7E               	goto	l5535
  6115                           
  6116                           ;D:/Microchip/MPLABProjects/PSoC3-PCIe-MKIII.X/cw-gen.c: 195:             read_after = i
      +                           ;
  6117     0465  0021               	movlb	1	; select bank1
  6118     0466  0859               	movf	(key_loop@i+3)^(0+128),w
  6119     0467  0022               	movlb	2	; select bank2
  6120     0468  00C0               	movwf	(key_loop@read_after+3)^(0+256)
  6121     0469  0021               	movlb	1	; select bank1
  6122     046A  0858               	movf	(key_loop@i+2)^(0+128),w
  6123     046B  0022               	movlb	2	; select bank2
  6124     046C  00BF               	movwf	(key_loop@read_after+2)^(0+256)
  6125     046D  0021               	movlb	1	; select bank1
  6126     046E  0857               	movf	(key_loop@i+1)^(0+128),w
  6127     046F  0022               	movlb	2	; select bank2
  6128     0470  00BE               	movwf	(key_loop@read_after+1)^(0+256)
  6129     0471  0021               	movlb	1	; select bank1
  6130     0472  0856               	movf	key_loop@i^(0+128),w
  6131     0473  0022               	movlb	2	; select bank2
  6132     0474  00BD               	movwf	key_loop@read_after^(0+256)
  6133                           
  6134                           ;D:/Microchip/MPLABProjects/PSoC3-PCIe-MKIII.X/cw-gen.c: 196:             start_after = 
      +                          i;
  6135     0475  0021               	movlb	1	; select bank1
  6136     0476  0859               	movf	(key_loop@i+3)^(0+128),w
  6137     0477  00A3               	movwf	(key_loop@start_after+3)^(0+128)
  6138     0478  0858               	movf	(key_loop@i+2)^(0+128),w
  6139     0479  00A2               	movwf	(key_loop@start_after+2)^(0+128)
  6140     047A  0857               	movf	(key_loop@i+1)^(0+128),w
  6141     047B  00A1               	movwf	(key_loop@start_after+1)^(0+128)
  6142     047C  0856               	movf	key_loop@i^(0+128),w
  6143     047D  00A0               	movwf	key_loop@start_after^(0+128)
  6144     047E                     l5535:
  6145                           
  6146                           ;D:/Microchip/MPLABProjects/PSoC3-PCIe-MKIII.X/cw-gen.c: 198:         spacing = 0;
  6147     047E  0021               	movlb	1	; select bank1
  6148     047F  01E7               	clrf	key_loop@spacing^(0+128)
  6149                           
  6150                           ;D:/Microchip/MPLABProjects/PSoC3-PCIe-MKIII.X/cw-gen.c: 199:         if (mcode & 0x01) 
      +                          {
  6151     0480  1C65               	btfss	key_loop@mcode^(0+128),0
  6152     0481  2C8C               	goto	l5545
  6153                           
  6154                           ;D:/Microchip/MPLABProjects/PSoC3-PCIe-MKIII.X/cw-gen.c: 200:             if (mcode != 0
      +                          x01 || staged == 3) mcode = 0xFF;
  6155     0482  0365               	decf	key_loop@mcode^(0+128),w
  6156     0483  1D03               	btfss	3,2
  6157     0484  2C89               	goto	l5543
  6158     0485  3003               	movlw	3
  6159     0486  062A               	xorwf	key_loop@staged^(0+128),w
  6160     0487  1D03               	btfss	3,2
  6161     0488  2C92               	goto	l5551
  6162     0489                     l5543:
  6163     0489  30FF               	movlw	255
  6164     048A  00E5               	movwf	key_loop@mcode^(0+128)
  6165     048B  2C92               	goto	l5551
  6166     048C                     l5545:
  6167                           
  6168                           ;D:/Microchip/MPLABProjects/PSoC3-PCIe-MKIII.X/cw-gen.c: 202:             mcode >>= 1;
  6169     048C  1003               	clrc
  6170     048D  0CE5               	rrf	key_loop@mcode^(0+128),f
  6171                           
  6172                           ;D:/Microchip/MPLABProjects/PSoC3-PCIe-MKIII.X/cw-gen.c: 203:             if (staged == 
      +                          3) mcode |= 0x80;
  6173     048E  3003               	movlw	3
  6174     048F  062A               	xorwf	key_loop@staged^(0+128),w
  6175     0490  1903               	btfsc	3,2
  6176     0491  17E5               	bsf	key_loop@mcode^(0+128),7
  6177     0492                     l5551:
  6178                           
  6179                           ;D:/Microchip/MPLABProjects/PSoC3-PCIe-MKIII.X/cw-gen.c: 205:         last = staged;
  6180     0492  082A               	movf	key_loop@staged^(0+128),w
  6181     0493  00AC               	movwf	key_loop@last^(0+128)
  6182                           
  6183                           ;D:/Microchip/MPLABProjects/PSoC3-PCIe-MKIII.X/cw-gen.c: 206:         staged = 0;
  6184     0494  01AA               	clrf	key_loop@staged^(0+128)
  6185                           
  6186                           ;D:/Microchip/MPLABProjects/PSoC3-PCIe-MKIII.X/cw-gen.c: 207:         state = 1;
  6187     0495  01E6               	clrf	key_loop@state^(0+128)
  6188     0496  0AE6               	incf	key_loop@state^(0+128),f
  6189     0497  0008               	return
  6190     0498                     __end_of_key_loop:
  6191                           
  6192                           	psect	text3
  6193     0899                     __ptext3:	
  6194 ;; *************** function _tx_send *****************
  6195 ;; Defined at:
  6196 ;;		line 30 in file "D:/Microchip/MPLABProjects/PSoC3-PCIe-MKIII.X/cw-gen.c"
  6197 ;; Parameters:    Size  Location     Type
  6198 ;;  mark            4    0[BANK0 ] long 
  6199 ;; Auto vars:     Size  Location     Type
  6200 ;;		None
  6201 ;; Return value:  Size  Location     Type
  6202 ;;                  1    wreg      void 
  6203 ;; Registers used:
  6204 ;;		wreg
  6205 ;; Tracked objects:
  6206 ;;		On entry : 0/0
  6207 ;;		On exit  : 0/0
  6208 ;;		Unchanged: 0/0
  6209 ;; Data sizes:     COMMON   BANK0   BANK1   BANK2   BANK3   BANK4   BANK5   BANK6   BANK7   BANK8   BANK9  BANK10  BANK1
      +1  BANK12  BANK13  BANK14  BANK15  BANK16  BANK17  BANK18  BANK19  BANK20  BANK21  BANK22  BANK23  BANK24  BANK25
  6210 ;;      Params:         0       4       0       0       0       0       0       0       0       0       0       0       
      +0       0       0       0       0       0       0       0       0       0       0       0       0       0       0
  6211 ;;      Locals:         0       0       0       0       0       0       0       0       0       0       0       0       
      +0       0       0       0       0       0       0       0       0       0       0       0       0       0       0
  6212 ;;      Temps:          0       0       0       0       0       0       0       0       0       0       0       0       
      +0       0       0       0       0       0       0       0       0       0       0       0       0       0       0
  6213 ;;      Totals:         0       4       0       0       0       0       0       0       0       0       0       0       
      +0       0       0       0       0       0       0       0       0       0       0       0       0       0       0
  6214 ;;Total ram usage:        4 bytes
  6215 ;; Hardware stack levels used: 1
  6216 ;; Hardware stack levels required when called: 6
  6217 ;; This function calls:
  6218 ;;		Nothing
  6219 ;; This function is called by:
  6220 ;;		_key_loop
  6221 ;; This function uses a non-reentrant model
  6222 ;;
  6223                           
  6224     0899                     _tx_send:	
  6225                           ;psect for function _tx_send
  6226                           
  6227                           
  6228                           ;incstack = 0
  6229                           ; Regs used in _tx_send: [wreg]
  6230                           ;D:/Microchip/MPLABProjects/PSoC3-PCIe-MKIII.X/cw-gen.c: 32:     do { LATCbits.LATC5 = 1
      +                          ; } while(0);
  6231     0899  0022               	movlb	2	; select bank2
  6232     089A  168E               	bsf	14,5	;volatile
  6233                           
  6234                           ;D:/Microchip/MPLABProjects/PSoC3-PCIe-MKIII.X/cw-gen.c: 33:     tx_timer = mark;
  6235     089B  0020               	movlb	0	; select bank0
  6236     089C  0823               	movf	tx_send@mark+3,w
  6237     089D  0022               	movlb	2	; select bank2
  6238     089E  00C4               	movwf	(_tx_timer+3)^(0+256)
  6239     089F  0020               	movlb	0	; select bank0
  6240     08A0  0822               	movf	tx_send@mark+2,w
  6241     08A1  0022               	movlb	2	; select bank2
  6242     08A2  00C3               	movwf	(_tx_timer+2)^(0+256)
  6243     08A3  0020               	movlb	0	; select bank0
  6244     08A4  0821               	movf	tx_send@mark+1,w
  6245     08A5  0022               	movlb	2	; select bank2
  6246     08A6  00C2               	movwf	(_tx_timer+1)^(0+256)
  6247     08A7  0020               	movlb	0	; select bank0
  6248     08A8  0820               	movf	tx_send@mark,w
  6249     08A9  0022               	movlb	2	; select bank2
  6250     08AA  00C1               	movwf	_tx_timer^(0+256)
  6251     08AB  150C               	bsf	12,2	;volatile
  6252     08AC  0008               	return
  6253     08AD                     __end_of_tx_send:
  6254                           
  6255                           	psect	text4
  6256     09C6                     __ptext4:	
  6257 ;; *************** function _key_read *****************
  6258 ;; Defined at:
  6259 ;;		line 45 in file "D:/Microchip/MPLABProjects/PSoC3-PCIe-MKIII.X/cw-gen.c"
  6260 ;; Parameters:    Size  Location     Type
  6261 ;;		None
  6262 ;; Auto vars:     Size  Location     Type
  6263 ;;  k1              1    1[BANK0 ] unsigned char 
  6264 ;;  k0              1    0[BANK0 ] unsigned char 
  6265 ;; Return value:  Size  Location     Type
  6266 ;;                  1    wreg      unsigned char 
  6267 ;; Registers used:
  6268 ;;		wreg, status,2, status,0
  6269 ;; Tracked objects:
  6270 ;;		On entry : 0/0
  6271 ;;		On exit  : 0/0
  6272 ;;		Unchanged: 0/0
  6273 ;; Data sizes:     COMMON   BANK0   BANK1   BANK2   BANK3   BANK4   BANK5   BANK6   BANK7   BANK8   BANK9  BANK10  BANK1
      +1  BANK12  BANK13  BANK14  BANK15  BANK16  BANK17  BANK18  BANK19  BANK20  BANK21  BANK22  BANK23  BANK24  BANK25
  6274 ;;      Params:         0       0       0       0       0       0       0       0       0       0       0       0       
      +0       0       0       0       0       0       0       0       0       0       0       0       0       0       0
  6275 ;;      Locals:         0       2       0       0       0       0       0       0       0       0       0       0       
      +0       0       0       0       0       0       0       0       0       0       0       0       0       0       0
  6276 ;;      Temps:          0       0       0       0       0       0       0       0       0       0       0       0       
      +0       0       0       0       0       0       0       0       0       0       0       0       0       0       0
  6277 ;;      Totals:         0       2       0       0       0       0       0       0       0       0       0       0       
      +0       0       0       0       0       0       0       0       0       0       0       0       0       0       0
  6278 ;;Total ram usage:        2 bytes
  6279 ;; Hardware stack levels used: 1
  6280 ;; Hardware stack levels required when called: 6
  6281 ;; This function calls:
  6282 ;;		Nothing
  6283 ;; This function is called by:
  6284 ;;		_key_loop
  6285 ;; This function uses a non-reentrant model
  6286 ;;
  6287                           
  6288     09C6                     _key_read:	
  6289                           ;psect for function _key_read
  6290                           
  6291                           
  6292                           ;D:/Microchip/MPLABProjects/PSoC3-PCIe-MKIII.X/cw-gen.c: 46:     uint8_t k0, k1;;D:/Micr
      +                          ochip/MPLABProjects/PSoC3-PCIe-MKIII.X/cw-gen.c: 48:     k0 = (PORTAbits.RA5) ^ 1;
  6293                           
  6294                           ;incstack = 0
  6295                           ; Regs used in _key_read: [wreg+status,2+status,0]
  6296     09C6  1003               	clrc
  6297     09C7  0020               	movlb	0	; select bank0
  6298     09C8  1E8C               	btfss	12,5	;volatile
  6299     09C9  1403               	setc
  6300     09CA  3000               	movlw	0
  6301     09CB  1803               	btfsc	3,0
  6302     09CC  3001               	movlw	1
  6303     09CD  00A0               	movwf	key_read@k0
  6304                           
  6305                           ;D:/Microchip/MPLABProjects/PSoC3-PCIe-MKIII.X/cw-gen.c: 49:     k1 = (PORTAbits.RA4) ^ 
      +                          1;
  6306     09CE  1003               	clrc
  6307     09CF  1E0C               	btfss	12,4	;volatile
  6308     09D0  1403               	setc
  6309     09D1  3000               	movlw	0
  6310     09D2  1803               	btfsc	3,0
  6311     09D3  3001               	movlw	1
  6312     09D4  00A1               	movwf	key_read@k1
  6313                           
  6314                           ;D:/Microchip/MPLABProjects/PSoC3-PCIe-MKIII.X/cw-gen.c: 54:     if (cfg.mode == 3) {
  6315     09D5  3003               	movlw	3
  6316     09D6  0022               	movlb	2	; select bank2
  6317     09D7  0634               	xorwf	(_cfg^(0+256)+4),w
  6318     09D8  1D03               	btfss	3,2
  6319     09D9  29DF               	goto	l3735
  6320                           
  6321                           ;D:/Microchip/MPLABProjects/PSoC3-PCIe-MKIII.X/cw-gen.c: 55:         k0 <<= 1;
  6322     09DA  1003               	clrc
  6323     09DB  0020               	movlb	0	; select bank0
  6324     09DC  0DA0               	rlf	key_read@k0,f
  6325                           
  6326                           ;D:/Microchip/MPLABProjects/PSoC3-PCIe-MKIII.X/cw-gen.c: 56:         k1 = 0;
  6327     09DD  01A1               	clrf	key_read@k1
  6328                           
  6329                           ;D:/Microchip/MPLABProjects/PSoC3-PCIe-MKIII.X/cw-gen.c: 57:     } else if (cfg.paddle =
      +                          = 0) {
  6330     09DE  29E9               	goto	l3741
  6331     09DF                     l3735:
  6332     09DF  083B               	movf	(_cfg^(0+256)+11),w
  6333     09E0  1D03               	btfss	3,2
  6334     09E1  29E6               	goto	l3739
  6335                           
  6336                           ;D:/Microchip/MPLABProjects/PSoC3-PCIe-MKIII.X/cw-gen.c: 58:         k1 <<= 1;
  6337     09E2  1003               	clrc
  6338     09E3  0020               	movlb	0	; select bank0
  6339     09E4  0DA1               	rlf	key_read@k1,f
  6340                           
  6341                           ;D:/Microchip/MPLABProjects/PSoC3-PCIe-MKIII.X/cw-gen.c: 59:     } else {
  6342     09E5  29E9               	goto	l3741
  6343     09E6                     l3739:
  6344                           
  6345                           ;D:/Microchip/MPLABProjects/PSoC3-PCIe-MKIII.X/cw-gen.c: 60:         k0 <<= 1;
  6346     09E6  1003               	clrc
  6347     09E7  0020               	movlb	0	; select bank0
  6348     09E8  0DA0               	rlf	key_read@k0,f
  6349     09E9                     l3741:
  6350                           
  6351                           ;D:/Microchip/MPLABProjects/PSoC3-PCIe-MKIII.X/cw-gen.c: 62:     return (k0 | k1);
  6352     09E9  0820               	movf	key_read@k0,w
  6353     09EA  0421               	iorwf	key_read@k1,w
  6354     09EB  0008               	return
  6355     09EC                     __end_of_key_read:
  6356                           
  6357                           	psect	text5
  6358     0A3F                     __ptext5:	
  6359 ;; *************** function ___lmul *****************
  6360 ;; Defined at:
  6361 ;;		line 15 in file "C:\Program Files\Microchip\xc8\v2.45\pic\sources\c99\common\Umul32.c"
  6362 ;; Parameters:    Size  Location     Type
  6363 ;;  multiplier      4    0[BANK0 ] unsigned long 
  6364 ;;  multiplicand    4    4[BANK0 ] unsigned long 
  6365 ;; Auto vars:     Size  Location     Type
  6366 ;;  product         4    8[BANK0 ] unsigned long 
  6367 ;; Return value:  Size  Location     Type
  6368 ;;                  4    0[BANK0 ] unsigned long 
  6369 ;; Registers used:
  6370 ;;		wreg, status,2, status,0
  6371 ;; Tracked objects:
  6372 ;;		On entry : 0/0
  6373 ;;		On exit  : 0/0
  6374 ;;		Unchanged: 0/0
  6375 ;; Data sizes:     COMMON   BANK0   BANK1   BANK2   BANK3   BANK4   BANK5   BANK6   BANK7   BANK8   BANK9  BANK10  BANK1
      +1  BANK12  BANK13  BANK14  BANK15  BANK16  BANK17  BANK18  BANK19  BANK20  BANK21  BANK22  BANK23  BANK24  BANK25
  6376 ;;      Params:         0       8       0       0       0       0       0       0       0       0       0       0       
      +0       0       0       0       0       0       0       0       0       0       0       0       0       0       0
  6377 ;;      Locals:         0       4       0       0       0       0       0       0       0       0       0       0       
      +0       0       0       0       0       0       0       0       0       0       0       0       0       0       0
  6378 ;;      Temps:          0       0       0       0       0       0       0       0       0       0       0       0       
      +0       0       0       0       0       0       0       0       0       0       0       0       0       0       0
  6379 ;;      Totals:         0      12       0       0       0       0       0       0       0       0       0       0       
      +0       0       0       0       0       0       0       0       0       0       0       0       0       0       0
  6380 ;;Total ram usage:       12 bytes
  6381 ;; Hardware stack levels used: 1
  6382 ;; Hardware stack levels required when called: 6
  6383 ;; This function calls:
  6384 ;;		Nothing
  6385 ;; This function is called by:
  6386 ;;		_key_loop
  6387 ;; This function uses a non-reentrant model
  6388 ;;
  6389                           
  6390     0A3F                     ___lmul:	
  6391                           ;psect for function ___lmul
  6392                           
  6393                           
  6394                           ;incstack = 0
  6395                           ; Regs used in ___lmul: [wreg+status,2+status,0]
  6396     0A3F  3000               	movlw	0
  6397     0A40  0020               	movlb	0	; select bank0
  6398     0A41  00AB               	movwf	___lmul@product+3
  6399     0A42  3000               	movlw	0
  6400     0A43  00AA               	movwf	___lmul@product+2
  6401     0A44  3000               	movlw	0
  6402     0A45  00A9               	movwf	___lmul@product+1
  6403     0A46  3000               	movlw	0
  6404     0A47  00A8               	movwf	___lmul@product
  6405     0A48                     l3767:
  6406     0A48  1C20               	btfss	___lmul@multiplier,0
  6407     0A49  2A52               	goto	l3771
  6408     0A4A  0824               	movf	___lmul@multiplicand,w
  6409     0A4B  07A8               	addwf	___lmul@product,f
  6410     0A4C  0825               	movf	___lmul@multiplicand+1,w
  6411     0A4D  3DA9               	addwfc	___lmul@product+1,f
  6412     0A4E  0826               	movf	___lmul@multiplicand+2,w
  6413     0A4F  3DAA               	addwfc	___lmul@product+2,f
  6414     0A50  0827               	movf	___lmul@multiplicand+3,w
  6415     0A51  3DAB               	addwfc	___lmul@product+3,f
  6416     0A52                     l3771:
  6417     0A52  3001               	movlw	1
  6418     0A53                     u3155:
  6419     0A53  35A4               	lslf	___lmul@multiplicand,f
  6420     0A54  0DA5               	rlf	___lmul@multiplicand+1,f
  6421     0A55  0DA6               	rlf	___lmul@multiplicand+2,f
  6422     0A56  0DA7               	rlf	___lmul@multiplicand+3,f
  6423     0A57  0B89               	decfsz	9,f
  6424     0A58  2A53               	goto	u3155
  6425     0A59  3001               	movlw	1
  6426     0A5A                     u3165:
  6427     0A5A  36A3               	lsrf	___lmul@multiplier+3,f
  6428     0A5B  0CA2               	rrf	___lmul@multiplier+2,f
  6429     0A5C  0CA1               	rrf	___lmul@multiplier+1,f
  6430     0A5D  0CA0               	rrf	___lmul@multiplier,f
  6431     0A5E  0B89               	decfsz	9,f
  6432     0A5F  2A5A               	goto	u3165
  6433     0A60  0823               	movf	___lmul@multiplier+3,w
  6434     0A61  0422               	iorwf	___lmul@multiplier+2,w
  6435     0A62  0421               	iorwf	___lmul@multiplier+1,w
  6436     0A63  0420               	iorwf	___lmul@multiplier,w
  6437     0A64  1D03               	skipz
  6438     0A65  2A48               	goto	l3767
  6439     0A66  082B               	movf	___lmul@product+3,w
  6440     0A67  00A3               	movwf	?___lmul+3
  6441     0A68  082A               	movf	___lmul@product+2,w
  6442     0A69  00A2               	movwf	?___lmul+2
  6443     0A6A  0829               	movf	___lmul@product+1,w
  6444     0A6B  00A1               	movwf	?___lmul+1
  6445     0A6C  0828               	movf	___lmul@product,w
  6446     0A6D  00A0               	movwf	?___lmul
  6447     0A6E  0008               	return
  6448     0A6F                     __end_of___lmul:
  6449                           
  6450                           	psect	text6
  6451     0961                     __ptext6:	
  6452 ;; *************** function ___flsub *****************
  6453 ;; Defined at:
  6454 ;;		line 242 in file "C:\Program Files\Microchip\xc8\v2.45\pic\sources\c99\common\sprcadd.c"
  6455 ;; Parameters:    Size  Location     Type
  6456 ;;  a               4   60[BANK0 ] unsigned long 
  6457 ;;  b               4   64[BANK0 ] unsigned long 
  6458 ;; Auto vars:     Size  Location     Type
  6459 ;;		None
  6460 ;; Return value:  Size  Location     Type
  6461 ;;                  4   60[BANK0 ] unsigned long 
  6462 ;; Registers used:
  6463 ;;		wreg, status,2, status,0, pclath, cstack
  6464 ;; Tracked objects:
  6465 ;;		On entry : 0/0
  6466 ;;		On exit  : 0/0
  6467 ;;		Unchanged: 0/0
  6468 ;; Data sizes:     COMMON   BANK0   BANK1   BANK2   BANK3   BANK4   BANK5   BANK6   BANK7   BANK8   BANK9  BANK10  BANK1
      +1  BANK12  BANK13  BANK14  BANK15  BANK16  BANK17  BANK18  BANK19  BANK20  BANK21  BANK22  BANK23  BANK24  BANK25
  6469 ;;      Params:         0       8       0       0       0       0       0       0       0       0       0       0       
      +0       0       0       0       0       0       0       0       0       0       0       0       0       0       0
  6470 ;;      Locals:         0       0       0       0       0       0       0       0       0       0       0       0       
      +0       0       0       0       0       0       0       0       0       0       0       0       0       0       0
  6471 ;;      Temps:          0       0       0       0       0       0       0       0       0       0       0       0       
      +0       0       0       0       0       0       0       0       0       0       0       0       0       0       0
  6472 ;;      Totals:         0       8       0       0       0       0       0       0       0       0       0       0       
      +0       0       0       0       0       0       0       0       0       0       0       0       0       0       0
  6473 ;;Total ram usage:        8 bytes
  6474 ;; Hardware stack levels used: 1
  6475 ;; Hardware stack levels required when called: 7
  6476 ;; This function calls:
  6477 ;;		___fladd
  6478 ;; This function is called by:
  6479 ;;		_key_loop
  6480 ;; This function uses a non-reentrant model
  6481 ;;
  6482                           
  6483     0961                     ___flsub:	
  6484                           ;psect for function ___flsub
  6485                           
  6486                           
  6487                           ;incstack = 0
  6488                           ; Regs used in ___flsub: [wreg+status,2+status,0+pclath+cstack]
  6489     0961  3080               	movlw	128
  6490     0962  0020               	movlb	0	; select bank0
  6491     0963  06DF               	xorwf	___flsub@a+3,f
  6492     0964  0863               	movf	___flsub@b+3,w
  6493     0965  00CB               	movwf	___fladd@b+3
  6494     0966  0862               	movf	___flsub@b+2,w
  6495     0967  00CA               	movwf	___fladd@b+2
  6496     0968  0861               	movf	___flsub@b+1,w
  6497     0969  00C9               	movwf	___fladd@b+1
  6498     096A  0860               	movf	___flsub@b,w
  6499     096B  00C8               	movwf	___fladd@b
  6500     096C  085F               	movf	___flsub@a+3,w
  6501     096D  00CF               	movwf	___fladd@a+3
  6502     096E  085E               	movf	___flsub@a+2,w
  6503     096F  00CE               	movwf	___fladd@a+2
  6504     0970  085D               	movf	___flsub@a+1,w
  6505     0971  00CD               	movwf	___fladd@a+1
  6506     0972  085C               	movf	___flsub@a,w
  6507     0973  00CC               	movwf	___fladd@a
  6508     0974  318E  264E         	fcall	___fladd
  6509     0976  0020               	movlb	0	; select bank0
  6510     0977  084B               	movf	?___fladd+3,w
  6511     0978  00DF               	movwf	?___flsub+3
  6512     0979  084A               	movf	?___fladd+2,w
  6513     097A  00DE               	movwf	?___flsub+2
  6514     097B  0849               	movf	?___fladd+1,w
  6515     097C  00DD               	movwf	?___flsub+1
  6516     097D  0848               	movf	?___fladd,w
  6517     097E  00DC               	movwf	?___flsub
  6518     097F  0008               	return
  6519     0980                     __end_of___flsub:
  6520                           
  6521                           	psect	text7
  6522     0E4E                     __ptext7:	
  6523 ;; *************** function ___fladd *****************
  6524 ;; Defined at:
  6525 ;;		line 10 in file "C:\Program Files\Microchip\xc8\v2.45\pic\sources\c99\common\sprcadd.c"
  6526 ;; Parameters:    Size  Location     Type
  6527 ;;  b               4   40[BANK0 ] unsigned long 
  6528 ;;  a               4   44[BANK0 ] unsigned long 
  6529 ;; Auto vars:     Size  Location     Type
  6530 ;;  grs             1   59[BANK0 ] unsigned char 
  6531 ;;  bexp            1   58[BANK0 ] unsigned char 
  6532 ;;  aexp            1   57[BANK0 ] unsigned char 
  6533 ;;  signs           1   56[BANK0 ] unsigned char 
  6534 ;; Return value:  Size  Location     Type
  6535 ;;                  4   40[BANK0 ] unsigned char 
  6536 ;; Registers used:
  6537 ;;		wreg, status,2, status,0
  6538 ;; Tracked objects:
  6539 ;;		On entry : 0/0
  6540 ;;		On exit  : 0/0
  6541 ;;		Unchanged: 0/0
  6542 ;; Data sizes:     COMMON   BANK0   BANK1   BANK2   BANK3   BANK4   BANK5   BANK6   BANK7   BANK8   BANK9  BANK10  BANK1
      +1  BANK12  BANK13  BANK14  BANK15  BANK16  BANK17  BANK18  BANK19  BANK20  BANK21  BANK22  BANK23  BANK24  BANK25
  6543 ;;      Params:         0       8       0       0       0       0       0       0       0       0       0       0       
      +0       0       0       0       0       0       0       0       0       0       0       0       0       0       0
  6544 ;;      Locals:         0       4       0       0       0       0       0       0       0       0       0       0       
      +0       0       0       0       0       0       0       0       0       0       0       0       0       0       0
  6545 ;;      Temps:          0       8       0       0       0       0       0       0       0       0       0       0       
      +0       0       0       0       0       0       0       0       0       0       0       0       0       0       0
  6546 ;;      Totals:         0      20       0       0       0       0       0       0       0       0       0       0       
      +0       0       0       0       0       0       0       0       0       0       0       0       0       0       0
  6547 ;;Total ram usage:       20 bytes
  6548 ;; Hardware stack levels used: 1
  6549 ;; Hardware stack levels required when called: 6
  6550 ;; This function calls:
  6551 ;;		Nothing
  6552 ;; This function is called by:
  6553 ;;		_key_loop
  6554 ;;		___flsub
  6555 ;; This function uses a non-reentrant model
  6556 ;;
  6557                           
  6558     0E4E                     ___fladd:	
  6559                           ;psect for function ___fladd
  6560                           
  6561                           
  6562                           ;incstack = 0
  6563                           ; Regs used in ___fladd: [wreg+status,2+status,0]
  6564     0E4E  0020               	movlb	0	; select bank0
  6565     0E4F  084B               	movf	___fladd@b+3,w
  6566     0E50  3980               	andlw	128
  6567     0E51  00D8               	movwf	___fladd@signs
  6568     0E52  354B               	lslf	___fladd@b+3,w
  6569     0E53  00DA               	movwf	___fladd@bexp
  6570     0E54  1BCA               	btfsc	___fladd@b+2,7
  6571     0E55  145A               	bsf	___fladd@bexp,0
  6572     0E56  085A               	movf	___fladd@bexp,w
  6573     0E57  1903               	btfsc	3,2
  6574     0E58  2E67               	goto	l3403
  6575     0E59  0A5A               	incf	___fladd@bexp,w
  6576     0E5A  1D03               	btfss	3,2
  6577     0E5B  2E64               	goto	l3399
  6578     0E5C  3000               	movlw	0
  6579     0E5D  00CB               	movwf	___fladd@b+3
  6580     0E5E  3000               	movlw	0
  6581     0E5F  00CA               	movwf	___fladd@b+2
  6582     0E60  3000               	movlw	0
  6583     0E61  00C9               	movwf	___fladd@b+1
  6584     0E62  3000               	movlw	0
  6585     0E63  00C8               	movwf	___fladd@b
  6586     0E64                     l3399:
  6587     0E64  17CA               	bsf	___fladd@b+2,7
  6588     0E65  01CB               	clrf	___fladd@b+3
  6589     0E66  2E6F               	goto	l3405
  6590     0E67                     l3403:
  6591     0E67  3000               	movlw	0
  6592     0E68  00CB               	movwf	___fladd@b+3
  6593     0E69  3000               	movlw	0
  6594     0E6A  00CA               	movwf	___fladd@b+2
  6595     0E6B  3000               	movlw	0
  6596     0E6C  00C9               	movwf	___fladd@b+1
  6597     0E6D  3000               	movlw	0
  6598     0E6E  00C8               	movwf	___fladd@b
  6599     0E6F                     l3405:
  6600     0E6F  084F               	movf	___fladd@a+3,w
  6601     0E70  3980               	andlw	128
  6602     0E71  00D9               	movwf	___fladd@aexp
  6603     0E72  0859               	movf	___fladd@aexp,w
  6604     0E73  0658               	xorwf	___fladd@signs,w
  6605     0E74  1D03               	btfss	3,2
  6606     0E75  1758               	bsf	___fladd@signs,6
  6607     0E76  354F               	lslf	___fladd@a+3,w
  6608     0E77  00D9               	movwf	___fladd@aexp
  6609     0E78  1BCE               	btfsc	___fladd@a+2,7
  6610     0E79  1459               	bsf	___fladd@aexp,0
  6611     0E7A  0859               	movf	___fladd@aexp,w
  6612     0E7B  1903               	btfsc	3,2
  6613     0E7C  2E8B               	goto	l3427
  6614     0E7D  0A59               	incf	___fladd@aexp,w
  6615     0E7E  1D03               	btfss	3,2
  6616     0E7F  2E88               	goto	l3423
  6617     0E80  3000               	movlw	0
  6618     0E81  00CF               	movwf	___fladd@a+3
  6619     0E82  3000               	movlw	0
  6620     0E83  00CE               	movwf	___fladd@a+2
  6621     0E84  3000               	movlw	0
  6622     0E85  00CD               	movwf	___fladd@a+1
  6623     0E86  3000               	movlw	0
  6624     0E87  00CC               	movwf	___fladd@a
  6625     0E88                     l3423:
  6626     0E88  17CE               	bsf	___fladd@a+2,7
  6627     0E89  01CF               	clrf	___fladd@a+3
  6628     0E8A  2E93               	goto	l1348
  6629     0E8B                     l3427:
  6630     0E8B  3000               	movlw	0
  6631     0E8C  00CF               	movwf	___fladd@a+3
  6632     0E8D  3000               	movlw	0
  6633     0E8E  00CE               	movwf	___fladd@a+2
  6634     0E8F  3000               	movlw	0
  6635     0E90  00CD               	movwf	___fladd@a+1
  6636     0E91  3000               	movlw	0
  6637     0E92  00CC               	movwf	___fladd@a
  6638     0E93                     l1348:
  6639     0E93  085A               	movf	___fladd@bexp,w
  6640     0E94  0259               	subwf	___fladd@aexp,w
  6641     0E95  1803               	skipnc
  6642     0E96  2EBB               	goto	l3463
  6643     0E97  1F58               	btfss	___fladd@signs,6
  6644     0E98  2E9D               	goto	l3433
  6645     0E99  3080               	movlw	128
  6646     0E9A  00D0               	movwf	??___fladd
  6647     0E9B  0850               	movf	??___fladd,w
  6648     0E9C  06D8               	xorwf	___fladd@signs,f
  6649     0E9D                     l3433:
  6650     0E9D  085A               	movf	___fladd@bexp,w
  6651     0E9E  00DB               	movwf	___fladd@grs
  6652     0E9F  0859               	movf	___fladd@aexp,w
  6653     0EA0  00DA               	movwf	___fladd@bexp
  6654     0EA1  085B               	movf	___fladd@grs,w
  6655     0EA2  00D9               	movwf	___fladd@aexp
  6656     0EA3  0848               	movf	___fladd@b,w
  6657     0EA4  00DB               	movwf	___fladd@grs
  6658     0EA5  084C               	movf	___fladd@a,w
  6659     0EA6  00C8               	movwf	___fladd@b
  6660     0EA7  085B               	movf	___fladd@grs,w
  6661     0EA8  00CC               	movwf	___fladd@a
  6662     0EA9  0849               	movf	___fladd@b+1,w
  6663     0EAA  00DB               	movwf	___fladd@grs
  6664     0EAB  084D               	movf	___fladd@a+1,w
  6665     0EAC  00C9               	movwf	___fladd@b+1
  6666     0EAD  085B               	movf	___fladd@grs,w
  6667     0EAE  00CD               	movwf	___fladd@a+1
  6668     0EAF  084A               	movf	___fladd@b+2,w
  6669     0EB0  00DB               	movwf	___fladd@grs
  6670     0EB1  084E               	movf	___fladd@a+2,w
  6671     0EB2  00CA               	movwf	___fladd@b+2
  6672     0EB3  085B               	movf	___fladd@grs,w
  6673     0EB4  00CE               	movwf	___fladd@a+2
  6674     0EB5  084B               	movf	___fladd@b+3,w
  6675     0EB6  00DB               	movwf	___fladd@grs
  6676     0EB7  084F               	movf	___fladd@a+3,w
  6677     0EB8  00CB               	movwf	___fladd@b+3
  6678     0EB9  085B               	movf	___fladd@grs,w
  6679     0EBA  00CF               	movwf	___fladd@a+3
  6680     0EBB                     l3463:
  6681     0EBB  01DB               	clrf	___fladd@grs
  6682     0EBC  0859               	movf	___fladd@aexp,w
  6683     0EBD  00D0               	movwf	??___fladd
  6684     0EBE  01D1               	clrf	??___fladd+1
  6685     0EBF  0851               	movf	??___fladd+1,w
  6686     0EC0  00D3               	movwf	??___fladd+3
  6687     0EC1  085A               	movf	___fladd@bexp,w
  6688     0EC2  0250               	subwf	??___fladd,w
  6689     0EC3  00D2               	movwf	??___fladd+2
  6690     0EC4  1C03               	skipc
  6691     0EC5  03D3               	decf	??___fladd+3,f
  6692     0EC6  0853               	movf	??___fladd+3,w
  6693     0EC7  3A80               	xorlw	128
  6694     0EC8  00D4               	movwf	??___fladd+4
  6695     0EC9  3080               	movlw	128
  6696     0ECA  0254               	subwf	??___fladd+4,w
  6697     0ECB  1D03               	skipz
  6698     0ECC  2ECF               	goto	u2665
  6699     0ECD  301A               	movlw	26
  6700     0ECE  0252               	subwf	??___fladd+2,w
  6701     0ECF                     u2665:
  6702     0ECF  1C03               	skipc
  6703     0ED0  2EFD               	goto	l3481
  6704     0ED1  0020               	movlb	0	; select bank0
  6705     0ED2  084B               	movf	___fladd@b+3,w
  6706     0ED3  044A               	iorwf	___fladd@b+2,w
  6707     0ED4  0449               	iorwf	___fladd@b+1,w
  6708     0ED5  0448               	iorwf	___fladd@b,w
  6709     0ED6  1903               	btfsc	3,2
  6710     0ED7  2EDA               	goto	u2670
  6711     0ED8  3001               	movlw	1
  6712     0ED9  2EDB               	goto	u2680
  6713     0EDA                     u2670:
  6714     0EDA  3000               	movlw	0
  6715     0EDB                     u2680:
  6716     0EDB  00DB               	movwf	___fladd@grs
  6717     0EDC  3000               	movlw	0
  6718     0EDD  00CB               	movwf	___fladd@b+3
  6719     0EDE  3000               	movlw	0
  6720     0EDF  00CA               	movwf	___fladd@b+2
  6721     0EE0  3000               	movlw	0
  6722     0EE1  00C9               	movwf	___fladd@b+1
  6723     0EE2  3000               	movlw	0
  6724     0EE3  00C8               	movwf	___fladd@b
  6725     0EE4  0859               	movf	___fladd@aexp,w
  6726     0EE5  00DA               	movwf	___fladd@bexp
  6727     0EE6  2F02               	goto	l1352
  6728     0EE7                     l1354:
  6729     0EE7  1C5B               	btfss	___fladd@grs,0
  6730     0EE8  2EED               	goto	l3471
  6731     0EE9  365B               	lsrf	___fladd@grs,w
  6732     0EEA  3801               	iorlw	1
  6733     0EEB  00DB               	movwf	___fladd@grs
  6734     0EEC  2EEF               	goto	l3473
  6735     0EED                     l3471:
  6736     0EED  1003               	clrc
  6737     0EEE  0CDB               	rrf	___fladd@grs,f
  6738     0EEF                     l3473:
  6739     0EEF  1848               	btfsc	___fladd@b,0
  6740     0EF0  17DB               	bsf	___fladd@grs,7
  6741     0EF1  3001               	movlw	1
  6742     0EF2  00D0               	movwf	??___fladd
  6743     0EF3                     u2715:
  6744     0EF3  37CB               	asrf	___fladd@b+3,f
  6745     0EF4  0CCA               	rrf	___fladd@b+2,f
  6746     0EF5  0CC9               	rrf	___fladd@b+1,f
  6747     0EF6  0CC8               	rrf	___fladd@b,f
  6748     0EF7  0BD0               	decfsz	??___fladd& (0+127),f
  6749     0EF8  2EF3               	goto	u2715
  6750     0EF9  3001               	movlw	1
  6751     0EFA  00D0               	movwf	??___fladd
  6752     0EFB  0850               	movf	??___fladd,w
  6753     0EFC  07DA               	addwf	___fladd@bexp,f
  6754     0EFD                     l3481:
  6755     0EFD  0020               	movlb	0	; select bank0
  6756     0EFE  0859               	movf	___fladd@aexp,w
  6757     0EFF  025A               	subwf	___fladd@bexp,w
  6758     0F00  1C03               	skipc
  6759     0F01  2EE7               	goto	l1354
  6760     0F02                     l1352:
  6761     0F02  1B58               	btfsc	___fladd@signs,6
  6762     0F03  2F31               	goto	l3507
  6763     0F04  085A               	movf	___fladd@bexp,w
  6764     0F05  1D03               	btfss	3,2
  6765     0F06  2F10               	goto	l3489
  6766     0F07  3000               	movlw	0
  6767     0F08  00CB               	movwf	?___fladd+3
  6768     0F09  3000               	movlw	0
  6769     0F0A  00CA               	movwf	?___fladd+2
  6770     0F0B  3000               	movlw	0
  6771     0F0C  00C9               	movwf	?___fladd+1
  6772     0F0D  3000               	movlw	0
  6773     0F0E  00C8               	movwf	?___fladd
  6774     0F0F  0008               	return
  6775     0F10                     l3489:
  6776     0F10  084C               	movf	___fladd@a,w
  6777     0F11  07C8               	addwf	___fladd@b,f
  6778     0F12  084D               	movf	___fladd@a+1,w
  6779     0F13  3DC9               	addwfc	___fladd@b+1,f
  6780     0F14  084E               	movf	___fladd@a+2,w
  6781     0F15  3DCA               	addwfc	___fladd@b+2,f
  6782     0F16  084F               	movf	___fladd@a+3,w
  6783     0F17  3DCB               	addwfc	___fladd@b+3,f
  6784     0F18  1C4B               	btfss	___fladd@b+3,0
  6785     0F19  2FAB               	goto	l3541
  6786     0F1A  1C5B               	btfss	___fladd@grs,0
  6787     0F1B  2F20               	goto	l3497
  6788     0F1C  365B               	lsrf	___fladd@grs,w
  6789     0F1D  3801               	iorlw	1
  6790     0F1E  00DB               	movwf	___fladd@grs
  6791     0F1F  2F22               	goto	l3499
  6792     0F20                     l3497:
  6793     0F20  1003               	clrc
  6794     0F21  0CDB               	rrf	___fladd@grs,f
  6795     0F22                     l3499:
  6796     0F22  1848               	btfsc	___fladd@b,0
  6797     0F23  17DB               	bsf	___fladd@grs,7
  6798     0F24  3001               	movlw	1
  6799     0F25  00D0               	movwf	??___fladd
  6800     0F26                     u2785:
  6801     0F26  37CB               	asrf	___fladd@b+3,f
  6802     0F27  0CCA               	rrf	___fladd@b+2,f
  6803     0F28  0CC9               	rrf	___fladd@b+1,f
  6804     0F29  0CC8               	rrf	___fladd@b,f
  6805     0F2A  0BD0               	decfsz	??___fladd& (0+127),f
  6806     0F2B  2F26               	goto	u2785
  6807     0F2C  3001               	movlw	1
  6808     0F2D  00D0               	movwf	??___fladd
  6809     0F2E  0850               	movf	??___fladd,w
  6810     0F2F  07DA               	addwf	___fladd@bexp,f
  6811     0F30  2FAB               	goto	l3541
  6812     0F31                     l3507:
  6813     0F31  084B               	movf	___fladd@b+3,w
  6814     0F32  3A80               	xorlw	128
  6815     0F33  00D0               	movwf	??___fladd
  6816     0F34  084F               	movf	___fladd@a+3,w
  6817     0F35  3A80               	xorlw	128
  6818     0F36  0250               	subwf	??___fladd,w
  6819     0F37  1D03               	skipz
  6820     0F38  2F43               	goto	u2793
  6821     0F39  084E               	movf	___fladd@a+2,w
  6822     0F3A  024A               	subwf	___fladd@b+2,w
  6823     0F3B  1D03               	skipz
  6824     0F3C  2F43               	goto	u2793
  6825     0F3D  084D               	movf	___fladd@a+1,w
  6826     0F3E  0249               	subwf	___fladd@b+1,w
  6827     0F3F  1D03               	skipz
  6828     0F40  2F43               	goto	u2793
  6829     0F41  084C               	movf	___fladd@a,w
  6830     0F42  0248               	subwf	___fladd@b,w
  6831     0F43                     u2793:
  6832     0F43  1803               	skipnc
  6833     0F44  2F7B               	goto	l3517
  6834     0F45  30FF               	movlw	255
  6835     0F46  00D0               	movwf	??___fladd
  6836     0F47  30FF               	movlw	255
  6837     0F48  00D1               	movwf	??___fladd+1
  6838     0F49  30FF               	movlw	255
  6839     0F4A  00D2               	movwf	??___fladd+2
  6840     0F4B  30FF               	movlw	255
  6841     0F4C  00D3               	movwf	??___fladd+3
  6842     0F4D  0848               	movf	___fladd@b,w
  6843     0F4E  024C               	subwf	___fladd@a,w
  6844     0F4F  00D4               	movwf	??___fladd+4
  6845     0F50  0849               	movf	___fladd@b+1,w
  6846     0F51  3B4D               	subwfb	___fladd@a+1,w
  6847     0F52  00D5               	movwf	??___fladd+5
  6848     0F53  084A               	movf	___fladd@b+2,w
  6849     0F54  3B4E               	subwfb	___fladd@a+2,w
  6850     0F55  00D6               	movwf	??___fladd+6
  6851     0F56  084B               	movf	___fladd@b+3,w
  6852     0F57  3B4F               	subwfb	___fladd@a+3,w
  6853     0F58  00D7               	movwf	??___fladd+7
  6854     0F59  0854               	movf	??___fladd+4,w
  6855     0F5A  07D0               	addwf	??___fladd,f
  6856     0F5B  0855               	movf	??___fladd+5,w
  6857     0F5C  3DD1               	addwfc	??___fladd+1,f
  6858     0F5D  0856               	movf	??___fladd+6,w
  6859     0F5E  3DD2               	addwfc	??___fladd+2,f
  6860     0F5F  0857               	movf	??___fladd+7,w
  6861     0F60  3DD3               	addwfc	??___fladd+3,f
  6862     0F61  0853               	movf	??___fladd+3,w
  6863     0F62  00CB               	movwf	___fladd@b+3
  6864     0F63  0852               	movf	??___fladd+2,w
  6865     0F64  00CA               	movwf	___fladd@b+2
  6866     0F65  0851               	movf	??___fladd+1,w
  6867     0F66  00C9               	movwf	___fladd@b+1
  6868     0F67  0850               	movf	??___fladd,w
  6869     0F68  00C8               	movwf	___fladd@b
  6870     0F69  3080               	movlw	128
  6871     0F6A  00D0               	movwf	??___fladd
  6872     0F6B  0850               	movf	??___fladd,w
  6873     0F6C  06D8               	xorwf	___fladd@signs,f
  6874     0F6D  09DB               	comf	___fladd@grs,f
  6875     0F6E  0ADB               	incf	___fladd@grs,f
  6876     0F6F  085B               	movf	___fladd@grs,w
  6877     0F70  1D03               	btfss	3,2
  6878     0F71  2F83               	goto	l1369
  6879     0F72  3001               	movlw	1
  6880     0F73  07C8               	addwf	___fladd@b,f
  6881     0F74  3000               	movlw	0
  6882     0F75  3DC9               	addwfc	___fladd@b+1,f
  6883     0F76  3000               	movlw	0
  6884     0F77  3DCA               	addwfc	___fladd@b+2,f
  6885     0F78  3000               	movlw	0
  6886     0F79  3DCB               	addwfc	___fladd@b+3,f
  6887     0F7A  2F83               	goto	l1369
  6888     0F7B                     l3517:
  6889     0F7B  084C               	movf	___fladd@a,w
  6890     0F7C  02C8               	subwf	___fladd@b,f
  6891     0F7D  084D               	movf	___fladd@a+1,w
  6892     0F7E  3BC9               	subwfb	___fladd@b+1,f
  6893     0F7F  084E               	movf	___fladd@a+2,w
  6894     0F80  3BCA               	subwfb	___fladd@b+2,f
  6895     0F81  084F               	movf	___fladd@a+3,w
  6896     0F82  3BCB               	subwfb	___fladd@b+3,f
  6897     0F83                     l1369:
  6898     0F83  084B               	movf	___fladd@b+3,w
  6899     0F84  044A               	iorwf	___fladd@b+2,w
  6900     0F85  0449               	iorwf	___fladd@b+1,w
  6901     0F86  0448               	iorwf	___fladd@b,w
  6902     0F87  1D03               	skipz
  6903     0F88  2FA9               	goto	l3539
  6904     0F89  085B               	movf	___fladd@grs,w
  6905     0F8A  1D03               	btfss	3,2
  6906     0F8B  2FA9               	goto	l3539
  6907     0F8C  3000               	movlw	0
  6908     0F8D  00CB               	movwf	?___fladd+3
  6909     0F8E  3000               	movlw	0
  6910     0F8F  00CA               	movwf	?___fladd+2
  6911     0F90  3000               	movlw	0
  6912     0F91  00C9               	movwf	?___fladd+1
  6913     0F92  3000               	movlw	0
  6914     0F93  00C8               	movwf	?___fladd
  6915     0F94  0008               	return
  6916     0F95                     l3525:
  6917     0F95  3001               	movlw	1
  6918     0F96                     u2835:
  6919     0F96  35C8               	lslf	___fladd@b,f
  6920     0F97  0DC9               	rlf	___fladd@b+1,f
  6921     0F98  0DCA               	rlf	___fladd@b+2,f
  6922     0F99  0DCB               	rlf	___fladd@b+3,f
  6923     0F9A  0B89               	decfsz	9,f
  6924     0F9B  2F96               	goto	u2835
  6925     0F9C  1BDB               	btfsc	___fladd@grs,7
  6926     0F9D  1448               	bsf	___fladd@b,0
  6927     0F9E  1C5B               	btfss	___fladd@grs,0
  6928     0F9F  2FA2               	goto	l3533
  6929     0FA0  1403               	setc
  6930     0FA1  2FA3               	goto	L5
  6931     0FA2                     l3533:
  6932     0FA2  1003               	clrc
  6933     0FA3                     L5:
  6934     0FA3  0DDB               	rlf	___fladd@grs,f
  6935     0FA4  085A               	movf	___fladd@bexp,w
  6936     0FA5  1903               	btfsc	3,2
  6937     0FA6  2FA9               	goto	l3539
  6938     0FA7  3001               	movlw	1
  6939     0FA8  02DA               	subwf	___fladd@bexp,f
  6940     0FA9                     l3539:
  6941     0FA9  1FCA               	btfss	___fladd@b+2,7
  6942     0FAA  2F95               	goto	l3525
  6943     0FAB                     l3541:
  6944     0FAB  01D9               	clrf	___fladd@aexp
  6945     0FAC  1FDB               	btfss	___fladd@grs,7
  6946     0FAD  2FB6               	goto	l3551
  6947     0FAE  085B               	movf	___fladd@grs,w
  6948     0FAF  397F               	andlw	127
  6949     0FB0  1903               	btfsc	3,2
  6950     0FB1  1848               	btfsc	___fladd@b,0
  6951     0FB2  2FB4               	goto	l3547
  6952     0FB3  2FB6               	goto	l3551
  6953     0FB4                     l3547:
  6954     0FB4  01D9               	clrf	___fladd@aexp
  6955     0FB5  0AD9               	incf	___fladd@aexp,f
  6956     0FB6                     l3551:
  6957     0FB6  0859               	movf	___fladd@aexp,w
  6958     0FB7  1903               	btfsc	3,2
  6959     0FB8  2FE2               	goto	l1382
  6960     0FB9  3001               	movlw	1
  6961     0FBA  07C8               	addwf	___fladd@b,f
  6962     0FBB  3000               	movlw	0
  6963     0FBC  3DC9               	addwfc	___fladd@b+1,f
  6964     0FBD  3000               	movlw	0
  6965     0FBE  3DCA               	addwfc	___fladd@b+2,f
  6966     0FBF  3000               	movlw	0
  6967     0FC0  3DCB               	addwfc	___fladd@b+3,f
  6968     0FC1  1C4B               	btfss	___fladd@b+3,0
  6969     0FC2  2FE2               	goto	l1382
  6970     0FC3  0848               	movf	___fladd@b,w
  6971     0FC4  00D0               	movwf	??___fladd
  6972     0FC5  0849               	movf	___fladd@b+1,w
  6973     0FC6  00D1               	movwf	??___fladd+1
  6974     0FC7  084A               	movf	___fladd@b+2,w
  6975     0FC8  00D2               	movwf	??___fladd+2
  6976     0FC9  084B               	movf	___fladd@b+3,w
  6977     0FCA  00D3               	movwf	??___fladd+3
  6978     0FCB  3001               	movlw	1
  6979     0FCC  00D4               	movwf	??___fladd+4
  6980     0FCD                     u2935:
  6981     0FCD  37D3               	asrf	??___fladd+3,f
  6982     0FCE  0CD2               	rrf	??___fladd+2,f
  6983     0FCF  0CD1               	rrf	??___fladd+1,f
  6984     0FD0  0CD0               	rrf	??___fladd,f
  6985     0FD1  0BD4               	decfsz	??___fladd+4,f
  6986     0FD2  2FCD               	goto	u2935
  6987     0FD3  0853               	movf	??___fladd+3,w
  6988     0FD4  00CB               	movwf	___fladd@b+3
  6989     0FD5  0852               	movf	??___fladd+2,w
  6990     0FD6  00CA               	movwf	___fladd@b+2
  6991     0FD7  0851               	movf	??___fladd+1,w
  6992     0FD8  00C9               	movwf	___fladd@b+1
  6993     0FD9  0850               	movf	??___fladd,w
  6994     0FDA  00C8               	movwf	___fladd@b
  6995     0FDB  0A5A               	incf	___fladd@bexp,w
  6996     0FDC  1903               	btfsc	3,2
  6997     0FDD  2FE2               	goto	l1382
  6998     0FDE  3001               	movlw	1
  6999     0FDF  00D0               	movwf	??___fladd
  7000     0FE0  0850               	movf	??___fladd,w
  7001     0FE1  07DA               	addwf	___fladd@bexp,f
  7002     0FE2                     l1382:
  7003     0FE2  0A5A               	incf	___fladd@bexp,w
  7004     0FE3  1D03               	btfss	3,2
  7005     0FE4  085A               	movf	___fladd@bexp,w
  7006     0FE5  1D03               	btfss	3,2
  7007     0FE6  2FF2               	goto	l3569
  7008     0FE7  3000               	movlw	0
  7009     0FE8  00CB               	movwf	___fladd@b+3
  7010     0FE9  3000               	movlw	0
  7011     0FEA  00CA               	movwf	___fladd@b+2
  7012     0FEB  3000               	movlw	0
  7013     0FEC  00C9               	movwf	___fladd@b+1
  7014     0FED  3000               	movlw	0
  7015     0FEE  00C8               	movwf	___fladd@b
  7016     0FEF  085A               	movf	___fladd@bexp,w
  7017     0FF0  1903               	btfsc	3,2
  7018     0FF1  01D8               	clrf	___fladd@signs
  7019     0FF2                     l3569:
  7020     0FF2  1C5A               	btfss	___fladd@bexp,0
  7021     0FF3  2FF6               	goto	l3573
  7022     0FF4  17CA               	bsf	___fladd@b+2,7
  7023     0FF5  2FFA               	goto	l1390
  7024     0FF6                     l3573:
  7025     0FF6  307F               	movlw	127
  7026     0FF7  00D0               	movwf	??___fladd
  7027     0FF8  0850               	movf	??___fladd,w
  7028     0FF9  05CA               	andwf	___fladd@b+2,f
  7029     0FFA                     l1390:
  7030     0FFA  365A               	lsrf	___fladd@bexp,w
  7031     0FFB  00CB               	movwf	___fladd@b+3
  7032     0FFC  1FD8               	btfss	___fladd@signs,7
  7033     0FFD  0008               	return
  7034     0FFE  17CB               	bsf	___fladd@b+3,7
  7035     0FFF  0008               	return
  7036     1000                     __end_of___fladd:
  7037                           
  7038                           	psect	text8
  7039     0498                     __ptext8:	
  7040 ;; *************** function ___flmul *****************
  7041 ;; Defined at:
  7042 ;;		line 8 in file "C:\Program Files\Microchip\xc8\v2.45\pic\sources\c99\common\sprcmul.c"
  7043 ;; Parameters:    Size  Location     Type
  7044 ;;  b               4   14[BANK0 ] unsigned char 
  7045 ;;  a               4   18[BANK0 ] unsigned char 
  7046 ;; Auto vars:     Size  Location     Type
  7047 ;;  prod            4   34[BANK0 ] struct .
  7048 ;;  grs             4   28[BANK0 ] unsigned long 
  7049 ;;  temp            2   38[BANK0 ] struct .
  7050 ;;  bexp            1   33[BANK0 ] unsigned char 
  7051 ;;  aexp            1   32[BANK0 ] unsigned char 
  7052 ;;  sign            1   27[BANK0 ] unsigned char 
  7053 ;; Return value:  Size  Location     Type
  7054 ;;                  4   14[BANK0 ] unsigned char 
  7055 ;; Registers used:
  7056 ;;		wreg, status,2, status,0, pclath, cstack
  7057 ;; Tracked objects:
  7058 ;;		On entry : 0/0
  7059 ;;		On exit  : 0/0
  7060 ;;		Unchanged: 0/0
  7061 ;; Data sizes:     COMMON   BANK0   BANK1   BANK2   BANK3   BANK4   BANK5   BANK6   BANK7   BANK8   BANK9  BANK10  BANK1
      +1  BANK12  BANK13  BANK14  BANK15  BANK16  BANK17  BANK18  BANK19  BANK20  BANK21  BANK22  BANK23  BANK24  BANK25
  7062 ;;      Params:         0       8       0       0       0       0       0       0       0       0       0       0       
      +0       0       0       0       0       0       0       0       0       0       0       0       0       0       0
  7063 ;;      Locals:         0      13       0       0       0       0       0       0       0       0       0       0       
      +0       0       0       0       0       0       0       0       0       0       0       0       0       0       0
  7064 ;;      Temps:          0       5       0       0       0       0       0       0       0       0       0       0       
      +0       0       0       0       0       0       0       0       0       0       0       0       0       0       0
  7065 ;;      Totals:         0      26       0       0       0       0       0       0       0       0       0       0       
      +0       0       0       0       0       0       0       0       0       0       0       0       0       0       0
  7066 ;;Total ram usage:       26 bytes
  7067 ;; Hardware stack levels used: 1
  7068 ;; Hardware stack levels required when called: 7
  7069 ;; This function calls:
  7070 ;;		__Umul8_16
  7071 ;; This function is called by:
  7072 ;;		_key_loop
  7073 ;; This function uses a non-reentrant model
  7074 ;;
  7075                           
  7076     0498                     ___flmul:	
  7077                           ;psect for function ___flmul
  7078                           
  7079                           
  7080                           ;incstack = 0
  7081                           ; Regs used in ___flmul: [wreg+status,2+status,0+pclath+cstack]
  7082     0498  0020               	movlb	0	; select bank0
  7083     0499  0831               	movf	___flmul@b+3,w
  7084     049A  3980               	andlw	128
  7085     049B  00BB               	movwf	___flmul@sign
  7086     049C  3531               	lslf	___flmul@b+3,w
  7087     049D  00C1               	movwf	___flmul@bexp
  7088     049E  1BB0               	btfsc	___flmul@b+2,7
  7089     049F  1441               	bsf	___flmul@bexp,0
  7090     04A0  0841               	movf	___flmul@bexp,w
  7091     04A1  1903               	btfsc	3,2
  7092     04A2  2CB0               	goto	l3801
  7093     04A3  0A41               	incf	___flmul@bexp,w
  7094     04A4  1D03               	btfss	3,2
  7095     04A5  2CAE               	goto	l3799
  7096     04A6  3000               	movlw	0
  7097     04A7  00B1               	movwf	___flmul@b+3
  7098     04A8  3000               	movlw	0
  7099     04A9  00B0               	movwf	___flmul@b+2
  7100     04AA  3000               	movlw	0
  7101     04AB  00AF               	movwf	___flmul@b+1
  7102     04AC  3000               	movlw	0
  7103     04AD  00AE               	movwf	___flmul@b
  7104     04AE                     l3799:
  7105     04AE  17B0               	bsf	___flmul@b+2,7
  7106     04AF  2CB8               	goto	l3803
  7107     04B0                     l3801:
  7108     04B0  3000               	movlw	0
  7109     04B1  00B1               	movwf	___flmul@b+3
  7110     04B2  3000               	movlw	0
  7111     04B3  00B0               	movwf	___flmul@b+2
  7112     04B4  3000               	movlw	0
  7113     04B5  00AF               	movwf	___flmul@b+1
  7114     04B6  3000               	movlw	0
  7115     04B7  00AE               	movwf	___flmul@b
  7116     04B8                     l3803:
  7117     04B8  0835               	movf	___flmul@a+3,w
  7118     04B9  3980               	andlw	128
  7119     04BA  00B6               	movwf	??___flmul
  7120     04BB  0836               	movf	??___flmul,w
  7121     04BC  06BB               	xorwf	___flmul@sign,f
  7122     04BD  3535               	lslf	___flmul@a+3,w
  7123     04BE  00C0               	movwf	___flmul@aexp
  7124     04BF  1BB4               	btfsc	___flmul@a+2,7
  7125     04C0  1440               	bsf	___flmul@aexp,0
  7126     04C1  0840               	movf	___flmul@aexp,w
  7127     04C2  1903               	btfsc	3,2
  7128     04C3  2CD1               	goto	l3819
  7129     04C4  0A40               	incf	___flmul@aexp,w
  7130     04C5  1D03               	btfss	3,2
  7131     04C6  2CCF               	goto	l3817
  7132     04C7  3000               	movlw	0
  7133     04C8  00B5               	movwf	___flmul@a+3
  7134     04C9  3000               	movlw	0
  7135     04CA  00B4               	movwf	___flmul@a+2
  7136     04CB  3000               	movlw	0
  7137     04CC  00B3               	movwf	___flmul@a+1
  7138     04CD  3000               	movlw	0
  7139     04CE  00B2               	movwf	___flmul@a
  7140     04CF                     l3817:
  7141     04CF  17B4               	bsf	___flmul@a+2,7
  7142     04D0  2CD9               	goto	l3821
  7143     04D1                     l3819:
  7144     04D1  3000               	movlw	0
  7145     04D2  00B5               	movwf	___flmul@a+3
  7146     04D3  3000               	movlw	0
  7147     04D4  00B4               	movwf	___flmul@a+2
  7148     04D5  3000               	movlw	0
  7149     04D6  00B3               	movwf	___flmul@a+1
  7150     04D7  3000               	movlw	0
  7151     04D8  00B2               	movwf	___flmul@a
  7152     04D9                     l3821:
  7153     04D9  0840               	movf	___flmul@aexp,w
  7154     04DA  1D03               	btfss	3,2
  7155     04DB  0841               	movf	___flmul@bexp,w
  7156     04DC  1D03               	btfss	3,2
  7157     04DD  2CE7               	goto	l3829
  7158     04DE  3000               	movlw	0
  7159     04DF  00B1               	movwf	?___flmul+3
  7160     04E0  3000               	movlw	0
  7161     04E1  00B0               	movwf	?___flmul+2
  7162     04E2  3000               	movlw	0
  7163     04E3  00AF               	movwf	?___flmul+1
  7164     04E4  3000               	movlw	0
  7165     04E5  00AE               	movwf	?___flmul
  7166     04E6  0008               	return
  7167     04E7                     l3829:
  7168     04E7  082E               	movf	___flmul@b,w
  7169     04E8  00A0               	movwf	__Umul8_16@multiplicand
  7170     04E9  0834               	movf	___flmul@a+2,w
  7171     04EA  3189  2180  3184   	fcall	__Umul8_16
  7172     04ED  0020               	movlb	0	; select bank0
  7173     04EE  0821               	movf	?__Umul8_16+1,w
  7174     04EF  00C7               	movwf	___flmul@temp+1
  7175     04F0  0820               	movf	?__Umul8_16,w
  7176     04F1  00C6               	movwf	___flmul@temp
  7177     04F2  0846               	movf	___flmul@temp,w
  7178     04F3  00B6               	movwf	??___flmul
  7179     04F4  01B7               	clrf	??___flmul+1
  7180     04F5  01B8               	clrf	??___flmul+2
  7181     04F6  01B9               	clrf	??___flmul+3
  7182     04F7  0839               	movf	??___flmul+3,w
  7183     04F8  00BF               	movwf	___flmul@grs+3
  7184     04F9  0838               	movf	??___flmul+2,w
  7185     04FA  00BE               	movwf	___flmul@grs+2
  7186     04FB  0837               	movf	??___flmul+1,w
  7187     04FC  00BD               	movwf	___flmul@grs+1
  7188     04FD  0836               	movf	??___flmul,w
  7189     04FE  00BC               	movwf	___flmul@grs
  7190     04FF  0847               	movf	___flmul@temp+1,w
  7191     0500  00B6               	movwf	??___flmul
  7192     0501  01B7               	clrf	??___flmul+1
  7193     0502  01B8               	clrf	??___flmul+2
  7194     0503  01B9               	clrf	??___flmul+3
  7195     0504  0839               	movf	??___flmul+3,w
  7196     0505  00C5               	movwf	___flmul@prod+3
  7197     0506  0838               	movf	??___flmul+2,w
  7198     0507  00C4               	movwf	___flmul@prod+2
  7199     0508  0837               	movf	??___flmul+1,w
  7200     0509  00C3               	movwf	___flmul@prod+1
  7201     050A  0836               	movf	??___flmul,w
  7202     050B  00C2               	movwf	___flmul@prod
  7203     050C  082F               	movf	___flmul@b+1,w
  7204     050D  00A0               	movwf	__Umul8_16@multiplicand
  7205     050E  0833               	movf	___flmul@a+1,w
  7206     050F  3189  2180  3184   	fcall	__Umul8_16
  7207     0512  0020               	movlb	0	; select bank0
  7208     0513  0821               	movf	?__Umul8_16+1,w
  7209     0514  00C7               	movwf	___flmul@temp+1
  7210     0515  0820               	movf	?__Umul8_16,w
  7211     0516  00C6               	movwf	___flmul@temp
  7212     0517  0846               	movf	___flmul@temp,w
  7213     0518  00B6               	movwf	??___flmul
  7214     0519  01B7               	clrf	??___flmul+1
  7215     051A  01B8               	clrf	??___flmul+2
  7216     051B  01B9               	clrf	??___flmul+3
  7217     051C  0836               	movf	??___flmul,w
  7218     051D  07BC               	addwf	___flmul@grs,f
  7219     051E  0837               	movf	??___flmul+1,w
  7220     051F  3DBD               	addwfc	___flmul@grs+1,f
  7221     0520  0838               	movf	??___flmul+2,w
  7222     0521  3DBE               	addwfc	___flmul@grs+2,f
  7223     0522  0839               	movf	??___flmul+3,w
  7224     0523  3DBF               	addwfc	___flmul@grs+3,f
  7225     0524  0847               	movf	___flmul@temp+1,w
  7226     0525  00B6               	movwf	??___flmul
  7227     0526  01B7               	clrf	??___flmul+1
  7228     0527  01B8               	clrf	??___flmul+2
  7229     0528  01B9               	clrf	??___flmul+3
  7230     0529  0836               	movf	??___flmul,w
  7231     052A  07C2               	addwf	___flmul@prod,f
  7232     052B  0837               	movf	??___flmul+1,w
  7233     052C  3DC3               	addwfc	___flmul@prod+1,f
  7234     052D  0838               	movf	??___flmul+2,w
  7235     052E  3DC4               	addwfc	___flmul@prod+2,f
  7236     052F  0839               	movf	??___flmul+3,w
  7237     0530  3DC5               	addwfc	___flmul@prod+3,f
  7238     0531  0830               	movf	___flmul@b+2,w
  7239     0532  00A0               	movwf	__Umul8_16@multiplicand
  7240     0533  0832               	movf	___flmul@a,w
  7241     0534  3189  2180  3184   	fcall	__Umul8_16
  7242     0537  0020               	movlb	0	; select bank0
  7243     0538  0821               	movf	?__Umul8_16+1,w
  7244     0539  00C7               	movwf	___flmul@temp+1
  7245     053A  0820               	movf	?__Umul8_16,w
  7246     053B  00C6               	movwf	___flmul@temp
  7247     053C  0846               	movf	___flmul@temp,w
  7248     053D  00B6               	movwf	??___flmul
  7249     053E  01B7               	clrf	??___flmul+1
  7250     053F  01B8               	clrf	??___flmul+2
  7251     0540  01B9               	clrf	??___flmul+3
  7252     0541  0836               	movf	??___flmul,w
  7253     0542  07BC               	addwf	___flmul@grs,f
  7254     0543  0837               	movf	??___flmul+1,w
  7255     0544  3DBD               	addwfc	___flmul@grs+1,f
  7256     0545  0838               	movf	??___flmul+2,w
  7257     0546  3DBE               	addwfc	___flmul@grs+2,f
  7258     0547  0839               	movf	??___flmul+3,w
  7259     0548  3DBF               	addwfc	___flmul@grs+3,f
  7260     0549  0847               	movf	___flmul@temp+1,w
  7261     054A  00B6               	movwf	??___flmul
  7262     054B  01B7               	clrf	??___flmul+1
  7263     054C  01B8               	clrf	??___flmul+2
  7264     054D  01B9               	clrf	??___flmul+3
  7265     054E  0836               	movf	??___flmul,w
  7266     054F  07C2               	addwf	___flmul@prod,f
  7267     0550  0837               	movf	??___flmul+1,w
  7268     0551  3DC3               	addwfc	___flmul@prod+1,f
  7269     0552  0838               	movf	??___flmul+2,w
  7270     0553  3DC4               	addwfc	___flmul@prod+2,f
  7271     0554  0839               	movf	??___flmul+3,w
  7272     0555  3DC5               	addwfc	___flmul@prod+3,f
  7273     0556  3008               	movlw	8
  7274     0557                     u3265:
  7275     0557  35BC               	lslf	___flmul@grs,f
  7276     0558  0DBD               	rlf	___flmul@grs+1,f
  7277     0559  0DBE               	rlf	___flmul@grs+2,f
  7278     055A  0DBF               	rlf	___flmul@grs+3,f
  7279     055B  0B89               	decfsz	9,f
  7280     055C  2D57               	goto	u3265
  7281     055D  082F               	movf	___flmul@b+1,w
  7282     055E  00A0               	movwf	__Umul8_16@multiplicand
  7283     055F  0832               	movf	___flmul@a,w
  7284     0560  3189  2180  3184   	fcall	__Umul8_16
  7285     0563  0020               	movlb	0	; select bank0
  7286     0564  0821               	movf	?__Umul8_16+1,w
  7287     0565  00C7               	movwf	___flmul@temp+1
  7288     0566  0820               	movf	?__Umul8_16,w
  7289     0567  00C6               	movwf	___flmul@temp
  7290     0568  0846               	movf	___flmul@temp,w
  7291     0569  07BC               	addwf	___flmul@grs,f
  7292     056A  0847               	movf	___flmul@temp+1,w
  7293     056B  3DBD               	addwfc	___flmul@grs+1,f
  7294     056C  3000               	movlw	0
  7295     056D  3DBE               	addwfc	___flmul@grs+2,f
  7296     056E  3DBF               	addwfc	___flmul@grs+3,f
  7297     056F  082E               	movf	___flmul@b,w
  7298     0570  00A0               	movwf	__Umul8_16@multiplicand
  7299     0571  0833               	movf	___flmul@a+1,w
  7300     0572  3189  2180  3184   	fcall	__Umul8_16
  7301     0575  0020               	movlb	0	; select bank0
  7302     0576  0821               	movf	?__Umul8_16+1,w
  7303     0577  00C7               	movwf	___flmul@temp+1
  7304     0578  0820               	movf	?__Umul8_16,w
  7305     0579  00C6               	movwf	___flmul@temp
  7306     057A  0846               	movf	___flmul@temp,w
  7307     057B  07BC               	addwf	___flmul@grs,f
  7308     057C  0847               	movf	___flmul@temp+1,w
  7309     057D  3DBD               	addwfc	___flmul@grs+1,f
  7310     057E  3000               	movlw	0
  7311     057F  3DBE               	addwfc	___flmul@grs+2,f
  7312     0580  3DBF               	addwfc	___flmul@grs+3,f
  7313     0581  3008               	movlw	8
  7314     0582                     u3275:
  7315     0582  35BC               	lslf	___flmul@grs,f
  7316     0583  0DBD               	rlf	___flmul@grs+1,f
  7317     0584  0DBE               	rlf	___flmul@grs+2,f
  7318     0585  0DBF               	rlf	___flmul@grs+3,f
  7319     0586  0B89               	decfsz	9,f
  7320     0587  2D82               	goto	u3275
  7321     0588  082E               	movf	___flmul@b,w
  7322     0589  00A0               	movwf	__Umul8_16@multiplicand
  7323     058A  0832               	movf	___flmul@a,w
  7324     058B  3189  2180  3184   	fcall	__Umul8_16
  7325     058E  0020               	movlb	0	; select bank0
  7326     058F  0821               	movf	?__Umul8_16+1,w
  7327     0590  00C7               	movwf	___flmul@temp+1
  7328     0591  0820               	movf	?__Umul8_16,w
  7329     0592  00C6               	movwf	___flmul@temp
  7330     0593  0846               	movf	___flmul@temp,w
  7331     0594  07BC               	addwf	___flmul@grs,f
  7332     0595  0847               	movf	___flmul@temp+1,w
  7333     0596  3DBD               	addwfc	___flmul@grs+1,f
  7334     0597  3000               	movlw	0
  7335     0598  3DBE               	addwfc	___flmul@grs+2,f
  7336     0599  3DBF               	addwfc	___flmul@grs+3,f
  7337     059A  082F               	movf	___flmul@b+1,w
  7338     059B  00A0               	movwf	__Umul8_16@multiplicand
  7339     059C  0834               	movf	___flmul@a+2,w
  7340     059D  3189  2180  3184   	fcall	__Umul8_16
  7341     05A0  0020               	movlb	0	; select bank0
  7342     05A1  0821               	movf	?__Umul8_16+1,w
  7343     05A2  00C7               	movwf	___flmul@temp+1
  7344     05A3  0820               	movf	?__Umul8_16,w
  7345     05A4  00C6               	movwf	___flmul@temp
  7346     05A5  0846               	movf	___flmul@temp,w
  7347     05A6  07C2               	addwf	___flmul@prod,f
  7348     05A7  0847               	movf	___flmul@temp+1,w
  7349     05A8  3DC3               	addwfc	___flmul@prod+1,f
  7350     05A9  3000               	movlw	0
  7351     05AA  3DC4               	addwfc	___flmul@prod+2,f
  7352     05AB  3DC5               	addwfc	___flmul@prod+3,f
  7353     05AC  0830               	movf	___flmul@b+2,w
  7354     05AD  00A0               	movwf	__Umul8_16@multiplicand
  7355     05AE  0833               	movf	___flmul@a+1,w
  7356     05AF  3189  2180  3184   	fcall	__Umul8_16
  7357     05B2  0020               	movlb	0	; select bank0
  7358     05B3  0821               	movf	?__Umul8_16+1,w
  7359     05B4  00C7               	movwf	___flmul@temp+1
  7360     05B5  0820               	movf	?__Umul8_16,w
  7361     05B6  00C6               	movwf	___flmul@temp
  7362     05B7  0846               	movf	___flmul@temp,w
  7363     05B8  07C2               	addwf	___flmul@prod,f
  7364     05B9  0847               	movf	___flmul@temp+1,w
  7365     05BA  3DC3               	addwfc	___flmul@prod+1,f
  7366     05BB  3000               	movlw	0
  7367     05BC  3DC4               	addwfc	___flmul@prod+2,f
  7368     05BD  3DC5               	addwfc	___flmul@prod+3,f
  7369     05BE  0830               	movf	___flmul@b+2,w
  7370     05BF  00A0               	movwf	__Umul8_16@multiplicand
  7371     05C0  0834               	movf	___flmul@a+2,w
  7372     05C1  3189  2180  3184   	fcall	__Umul8_16
  7373     05C4  0020               	movlb	0	; select bank0
  7374     05C5  0821               	movf	?__Umul8_16+1,w
  7375     05C6  00C7               	movwf	___flmul@temp+1
  7376     05C7  0820               	movf	?__Umul8_16,w
  7377     05C8  00C6               	movwf	___flmul@temp
  7378     05C9  0846               	movf	___flmul@temp,w
  7379     05CA  00B6               	movwf	??___flmul
  7380     05CB  0847               	movf	___flmul@temp+1,w
  7381     05CC  00B7               	movwf	??___flmul+1
  7382     05CD  01B8               	clrf	??___flmul+2
  7383     05CE  01B9               	clrf	??___flmul+3
  7384     05CF  3008               	movlw	8
  7385     05D0                     u3285:
  7386     05D0  35B6               	lslf	??___flmul,f
  7387     05D1  0DB7               	rlf	??___flmul+1,f
  7388     05D2  0DB8               	rlf	??___flmul+2,f
  7389     05D3  0DB9               	rlf	??___flmul+3,f
  7390     05D4  0B89               	decfsz	9,f
  7391     05D5  2DD0               	goto	u3285
  7392     05D6  0836               	movf	??___flmul,w
  7393     05D7  07C2               	addwf	___flmul@prod,f
  7394     05D8  0837               	movf	??___flmul+1,w
  7395     05D9  3DC3               	addwfc	___flmul@prod+1,f
  7396     05DA  0838               	movf	??___flmul+2,w
  7397     05DB  3DC4               	addwfc	___flmul@prod+2,f
  7398     05DC  0839               	movf	??___flmul+3,w
  7399     05DD  3DC5               	addwfc	___flmul@prod+3,f
  7400     05DE  083C               	movf	___flmul@grs,w
  7401     05DF  00B6               	movwf	??___flmul
  7402     05E0  083D               	movf	___flmul@grs+1,w
  7403     05E1  00B7               	movwf	??___flmul+1
  7404     05E2  083E               	movf	___flmul@grs+2,w
  7405     05E3  00B8               	movwf	??___flmul+2
  7406     05E4  083F               	movf	___flmul@grs+3,w
  7407     05E5  00B9               	movwf	??___flmul+3
  7408     05E6  3018               	movlw	24
  7409     05E7                     u3295:
  7410     05E7  36B9               	lsrf	??___flmul+3,f
  7411     05E8  0CB8               	rrf	??___flmul+2,f
  7412     05E9  0CB7               	rrf	??___flmul+1,f
  7413     05EA  0CB6               	rrf	??___flmul,f
  7414     05EB  0B89               	decfsz	9,f
  7415     05EC  2DE7               	goto	u3295
  7416     05ED  0836               	movf	??___flmul,w
  7417     05EE  07C2               	addwf	___flmul@prod,f
  7418     05EF  0837               	movf	??___flmul+1,w
  7419     05F0  3DC3               	addwfc	___flmul@prod+1,f
  7420     05F1  0838               	movf	??___flmul+2,w
  7421     05F2  3DC4               	addwfc	___flmul@prod+2,f
  7422     05F3  0839               	movf	??___flmul+3,w
  7423     05F4  3DC5               	addwfc	___flmul@prod+3,f
  7424     05F5  3008               	movlw	8
  7425     05F6                     u3305:
  7426     05F6  35BC               	lslf	___flmul@grs,f
  7427     05F7  0DBD               	rlf	___flmul@grs+1,f
  7428     05F8  0DBE               	rlf	___flmul@grs+2,f
  7429     05F9  0DBF               	rlf	___flmul@grs+3,f
  7430     05FA  0B89               	decfsz	9,f
  7431     05FB  2DF6               	goto	u3305
  7432     05FC  0841               	movf	___flmul@bexp,w
  7433     05FD  0740               	addwf	___flmul@aexp,w
  7434     05FE  00B6               	movwf	??___flmul
  7435     05FF  01B7               	clrf	??___flmul+1
  7436     0600  0DB7               	rlf	??___flmul+1,f
  7437     0601  0836               	movf	??___flmul,w
  7438     0602  3E82               	addlw	130
  7439     0603  00C6               	movwf	___flmul@temp
  7440     0604  30FF               	movlw	255
  7441     0605  3D37               	addwfc	??___flmul+1,w
  7442     0606  00C7               	movwf	___flmul@temp+1
  7443     0607                     l3881:
  7444     0607  1BC4               	btfsc	___flmul@prod+2,7
  7445     0608  2E1E               	goto	l3883
  7446     0609  3001               	movlw	1
  7447     060A                     u3315:
  7448     060A  35C2               	lslf	___flmul@prod,f
  7449     060B  0DC3               	rlf	___flmul@prod+1,f
  7450     060C  0DC4               	rlf	___flmul@prod+2,f
  7451     060D  0DC5               	rlf	___flmul@prod+3,f
  7452     060E  0B89               	decfsz	9,f
  7453     060F  2E0A               	goto	u3315
  7454     0610  1BBF               	btfsc	___flmul@grs+3,7
  7455     0611  1442               	bsf	___flmul@prod,0
  7456     0612  3001               	movlw	1
  7457     0613                     u3335:
  7458     0613  35BC               	lslf	___flmul@grs,f
  7459     0614  0DBD               	rlf	___flmul@grs+1,f
  7460     0615  0DBE               	rlf	___flmul@grs+2,f
  7461     0616  0DBF               	rlf	___flmul@grs+3,f
  7462     0617  0B89               	decfsz	9,f
  7463     0618  2E13               	goto	u3335
  7464     0619  30FF               	movlw	255
  7465     061A  07C6               	addwf	___flmul@temp,f
  7466     061B  30FF               	movlw	255
  7467     061C  3DC7               	addwfc	___flmul@temp+1,f
  7468     061D  2E07               	goto	l3881
  7469     061E                     l3883:
  7470     061E  01C0               	clrf	___flmul@aexp
  7471     061F  1FBF               	btfss	___flmul@grs+3,7
  7472     0620  2E37               	goto	l3893
  7473     0621  30FF               	movlw	255
  7474     0622  053C               	andwf	___flmul@grs,w
  7475     0623  00B6               	movwf	??___flmul
  7476     0624  30FF               	movlw	255
  7477     0625  053D               	andwf	___flmul@grs+1,w
  7478     0626  00B7               	movwf	??___flmul+1
  7479     0627  30FF               	movlw	255
  7480     0628  053E               	andwf	___flmul@grs+2,w
  7481     0629  00B8               	movwf	??___flmul+2
  7482     062A  307F               	movlw	127
  7483     062B  053F               	andwf	___flmul@grs+3,w
  7484     062C  00B9               	movwf	??___flmul+3
  7485     062D  0839               	movf	??___flmul+3,w
  7486     062E  0438               	iorwf	??___flmul+2,w
  7487     062F  0437               	iorwf	??___flmul+1,w
  7488     0630  0436               	iorwf	??___flmul,w
  7489     0631  1903               	skipnz
  7490     0632  1842               	btfsc	___flmul@prod,0
  7491     0633  2E35               	goto	l3889
  7492     0634  2E37               	goto	l3893
  7493     0635                     l3889:
  7494     0635  01C0               	clrf	___flmul@aexp
  7495     0636  0AC0               	incf	___flmul@aexp,f
  7496     0637                     l3893:
  7497     0637  0840               	movf	___flmul@aexp,w
  7498     0638  1903               	btfsc	3,2
  7499     0639  2E60               	goto	l3903
  7500     063A  3001               	movlw	1
  7501     063B  07C2               	addwf	___flmul@prod,f
  7502     063C  3000               	movlw	0
  7503     063D  3DC3               	addwfc	___flmul@prod+1,f
  7504     063E  3000               	movlw	0
  7505     063F  3DC4               	addwfc	___flmul@prod+2,f
  7506     0640  3000               	movlw	0
  7507     0641  3DC5               	addwfc	___flmul@prod+3,f
  7508     0642  1C45               	btfss	___flmul@prod+3,0
  7509     0643  2E60               	goto	l3903
  7510     0644  0842               	movf	___flmul@prod,w
  7511     0645  00B6               	movwf	??___flmul
  7512     0646  0843               	movf	___flmul@prod+1,w
  7513     0647  00B7               	movwf	??___flmul+1
  7514     0648  0844               	movf	___flmul@prod+2,w
  7515     0649  00B8               	movwf	??___flmul+2
  7516     064A  0845               	movf	___flmul@prod+3,w
  7517     064B  00B9               	movwf	??___flmul+3
  7518     064C  3001               	movlw	1
  7519     064D  00BA               	movwf	??___flmul+4
  7520     064E                     u3405:
  7521     064E  37B9               	asrf	??___flmul+3,f
  7522     064F  0CB8               	rrf	??___flmul+2,f
  7523     0650  0CB7               	rrf	??___flmul+1,f
  7524     0651  0CB6               	rrf	??___flmul,f
  7525     0652  0BBA               	decfsz	??___flmul+4,f
  7526     0653  2E4E               	goto	u3405
  7527     0654  0839               	movf	??___flmul+3,w
  7528     0655  00C5               	movwf	___flmul@prod+3
  7529     0656  0838               	movf	??___flmul+2,w
  7530     0657  00C4               	movwf	___flmul@prod+2
  7531     0658  0837               	movf	??___flmul+1,w
  7532     0659  00C3               	movwf	___flmul@prod+1
  7533     065A  0836               	movf	??___flmul,w
  7534     065B  00C2               	movwf	___flmul@prod
  7535     065C  3001               	movlw	1
  7536     065D  07C6               	addwf	___flmul@temp,f
  7537     065E  3000               	movlw	0
  7538     065F  3DC7               	addwfc	___flmul@temp+1,f
  7539     0660                     l3903:
  7540     0660  0847               	movf	___flmul@temp+1,w
  7541     0661  3A80               	xorlw	128
  7542     0662  00B6               	movwf	??___flmul
  7543     0663  3080               	movlw	128
  7544     0664  0236               	subwf	??___flmul,w
  7545     0665  1D03               	skipz
  7546     0666  2E69               	goto	u3415
  7547     0667  30FF               	movlw	255
  7548     0668  0246               	subwf	___flmul@temp,w
  7549     0669                     u3415:
  7550     0669  1C03               	skipc
  7551     066A  2E75               	goto	l3907
  7552     066B  307F               	movlw	127
  7553     066C  0020               	movlb	0	; select bank0
  7554     066D  00C5               	movwf	___flmul@prod+3
  7555     066E  3080               	movlw	128
  7556     066F  00C4               	movwf	___flmul@prod+2
  7557     0670  3000               	movlw	0
  7558     0671  00C3               	movwf	___flmul@prod+1
  7559     0672  3000               	movlw	0
  7560     0673  00C2               	movwf	___flmul@prod
  7561     0674  2E9B               	goto	l1456
  7562     0675                     l3907:
  7563     0675  0020               	movlb	0	; select bank0
  7564     0676  0847               	movf	___flmul@temp+1,w
  7565     0677  3A80               	xorlw	128
  7566     0678  00B6               	movwf	??___flmul
  7567     0679  3080               	movlw	128
  7568     067A  0236               	subwf	??___flmul,w
  7569     067B  1D03               	skipz
  7570     067C  2E7F               	goto	u3425
  7571     067D  3001               	movlw	1
  7572     067E  0246               	subwf	___flmul@temp,w
  7573     067F                     u3425:
  7574     067F  1803               	skipnc
  7575     0680  2E8C               	goto	l3913
  7576     0681  3000               	movlw	0
  7577     0682  0020               	movlb	0	; select bank0
  7578     0683  00C5               	movwf	___flmul@prod+3
  7579     0684  3000               	movlw	0
  7580     0685  00C4               	movwf	___flmul@prod+2
  7581     0686  3000               	movlw	0
  7582     0687  00C3               	movwf	___flmul@prod+1
  7583     0688  3000               	movlw	0
  7584     0689  00C2               	movwf	___flmul@prod
  7585     068A  01BB               	clrf	___flmul@sign
  7586     068B  2E9B               	goto	l1456
  7587     068C                     l3913:
  7588     068C  0020               	movlb	0	; select bank0
  7589     068D  0846               	movf	___flmul@temp,w
  7590     068E  00C1               	movwf	___flmul@bexp
  7591     068F  30FF               	movlw	255
  7592     0690  05C2               	andwf	___flmul@prod,f
  7593     0691  30FF               	movlw	255
  7594     0692  05C3               	andwf	___flmul@prod+1,f
  7595     0693  307F               	movlw	127
  7596     0694  05C4               	andwf	___flmul@prod+2,f
  7597     0695  3000               	movlw	0
  7598     0696  05C5               	andwf	___flmul@prod+3,f
  7599     0697  1841               	btfsc	___flmul@bexp,0
  7600     0698  17C4               	bsf	___flmul@prod+2,7
  7601     0699  3641               	lsrf	___flmul@bexp,w
  7602     069A  00C5               	movwf	___flmul@prod+3
  7603     069B                     l1456:
  7604     069B  083B               	movf	___flmul@sign,w
  7605     069C  00B6               	movwf	??___flmul
  7606     069D  0836               	movf	??___flmul,w
  7607     069E  04C5               	iorwf	___flmul@prod+3,f
  7608     069F  0845               	movf	___flmul@prod+3,w
  7609     06A0  00B1               	movwf	?___flmul+3
  7610     06A1  0844               	movf	___flmul@prod+2,w
  7611     06A2  00B0               	movwf	?___flmul+2
  7612     06A3  0843               	movf	___flmul@prod+1,w
  7613     06A4  00AF               	movwf	?___flmul+1
  7614     06A5  0842               	movf	___flmul@prod,w
  7615     06A6  00AE               	movwf	?___flmul
  7616     06A7  0008               	return
  7617     06A8                     __end_of___flmul:
  7618                           
  7619                           	psect	text9
  7620     0980                     __ptext9:	
  7621 ;; *************** function __Umul8_16 *****************
  7622 ;; Defined at:
  7623 ;;		line 4 in file "C:\Program Files\Microchip\xc8\v2.45\pic\sources\c99\common\Umul8_16.c"
  7624 ;; Parameters:    Size  Location     Type
  7625 ;;  multiplier      1    wreg     unsigned char 
  7626 ;;  multiplicand    1    0[BANK0 ] unsigned char 
  7627 ;; Auto vars:     Size  Location     Type
  7628 ;;  multiplier      1    8[BANK0 ] unsigned char 
  7629 ;;  word_mpld       2    6[BANK0 ] unsigned short 
  7630 ;;  product         2    4[BANK0 ] unsigned short 
  7631 ;; Return value:  Size  Location     Type
  7632 ;;                  2    0[BANK0 ] unsigned int 
  7633 ;; Registers used:
  7634 ;;		wreg, status,2, status,0
  7635 ;; Tracked objects:
  7636 ;;		On entry : 0/0
  7637 ;;		On exit  : 0/0
  7638 ;;		Unchanged: 0/0
  7639 ;; Data sizes:     COMMON   BANK0   BANK1   BANK2   BANK3   BANK4   BANK5   BANK6   BANK7   BANK8   BANK9  BANK10  BANK1
      +1  BANK12  BANK13  BANK14  BANK15  BANK16  BANK17  BANK18  BANK19  BANK20  BANK21  BANK22  BANK23  BANK24  BANK25
  7640 ;;      Params:         0       2       0       0       0       0       0       0       0       0       0       0       
      +0       0       0       0       0       0       0       0       0       0       0       0       0       0       0
  7641 ;;      Locals:         0       5       0       0       0       0       0       0       0       0       0       0       
      +0       0       0       0       0       0       0       0       0       0       0       0       0       0       0
  7642 ;;      Temps:          0       2       0       0       0       0       0       0       0       0       0       0       
      +0       0       0       0       0       0       0       0       0       0       0       0       0       0       0
  7643 ;;      Totals:         0       9       0       0       0       0       0       0       0       0       0       0       
      +0       0       0       0       0       0       0       0       0       0       0       0       0       0       0
  7644 ;;Total ram usage:        9 bytes
  7645 ;; Hardware stack levels used: 1
  7646 ;; Hardware stack levels required when called: 6
  7647 ;; This function calls:
  7648 ;;		Nothing
  7649 ;; This function is called by:
  7650 ;;		___flmul
  7651 ;; This function uses a non-reentrant model
  7652 ;;
  7653                           
  7654     0980                     __Umul8_16:	
  7655                           ;psect for function __Umul8_16
  7656                           
  7657                           
  7658                           ;incstack = 0
  7659                           ; Regs used in __Umul8_16: [wreg+status,2+status,0]
  7660                           ;__Umul8_16@multiplier stored from wreg
  7661     0980  0020               	movlb	0	; select bank0
  7662     0981  00A8               	movwf	__Umul8_16@multiplier
  7663     0982  01A4               	clrf	__Umul8_16@product
  7664     0983  01A5               	clrf	__Umul8_16@product+1
  7665     0984  0820               	movf	__Umul8_16@multiplicand,w
  7666     0985  00A2               	movwf	??__Umul8_16
  7667     0986  01A3               	clrf	??__Umul8_16+1
  7668     0987  0822               	movf	??__Umul8_16,w
  7669     0988  00A6               	movwf	__Umul8_16@word_mpld
  7670     0989  0823               	movf	??__Umul8_16+1,w
  7671     098A  00A7               	movwf	__Umul8_16@word_mpld+1
  7672     098B                     l3583:
  7673     098B  1C28               	btfss	__Umul8_16@multiplier,0
  7674     098C  2991               	goto	l1463
  7675     098D  0826               	movf	__Umul8_16@word_mpld,w
  7676     098E  07A4               	addwf	__Umul8_16@product,f
  7677     098F  0827               	movf	__Umul8_16@word_mpld+1,w
  7678     0990  3DA5               	addwfc	__Umul8_16@product+1,f
  7679     0991                     l1463:
  7680     0991  3001               	movlw	1
  7681     0992                     u3015:
  7682     0992  35A6               	lslf	__Umul8_16@word_mpld,f
  7683     0993  0DA7               	rlf	__Umul8_16@word_mpld+1,f
  7684     0994  0B89               	decfsz	9,f
  7685     0995  2992               	goto	u3015
  7686     0996  1003               	clrc
  7687     0997  0CA8               	rrf	__Umul8_16@multiplier,f
  7688     0998  0828               	movf	__Umul8_16@multiplier,w
  7689     0999  1D03               	btfss	3,2
  7690     099A  298B               	goto	l3583
  7691     099B  0825               	movf	__Umul8_16@product+1,w
  7692     099C  00A1               	movwf	?__Umul8_16+1
  7693     099D  0824               	movf	__Umul8_16@product,w
  7694     099E  00A0               	movwf	?__Umul8_16
  7695     099F  0008               	return
  7696     09A0                     __end_of__Umul8_16:
  7697                           
  7698                           	psect	text10
  7699     173E                     __ptext10:	
  7700 ;; *************** function _TMR0_StartTimer *****************
  7701 ;; Defined at:
  7702 ;;		line 95 in file "mcc_generated_files/tmr0.c"
  7703 ;; Parameters:    Size  Location     Type
  7704 ;;		None
  7705 ;; Auto vars:     Size  Location     Type
  7706 ;;		None
  7707 ;; Return value:  Size  Location     Type
  7708 ;;                  1    wreg      void 
  7709 ;; Registers used:
  7710 ;;		None
  7711 ;; Tracked objects:
  7712 ;;		On entry : 0/0
  7713 ;;		On exit  : 0/0
  7714 ;;		Unchanged: 0/0
  7715 ;; Data sizes:     COMMON   BANK0   BANK1   BANK2   BANK3   BANK4   BANK5   BANK6   BANK7   BANK8   BANK9  BANK10  BANK1
      +1  BANK12  BANK13  BANK14  BANK15  BANK16  BANK17  BANK18  BANK19  BANK20  BANK21  BANK22  BANK23  BANK24  BANK25
  7716 ;;      Params:         0       0       0       0       0       0       0       0       0       0       0       0       
      +0       0       0       0       0       0       0       0       0       0       0       0       0       0       0
  7717 ;;      Locals:         0       0       0       0       0       0       0       0       0       0       0       0       
      +0       0       0       0       0       0       0       0       0       0       0       0       0       0       0
  7718 ;;      Temps:          0       0       0       0       0       0       0       0       0       0       0       0       
      +0       0       0       0       0       0       0       0       0       0       0       0       0       0       0
  7719 ;;      Totals:         0       0       0       0       0       0       0       0       0       0       0       0       
      +0       0       0       0       0       0       0       0       0       0       0       0       0       0       0
  7720 ;;Total ram usage:        0 bytes
  7721 ;; Hardware stack levels used: 1
  7722 ;; Hardware stack levels required when called: 6
  7723 ;; This function calls:
  7724 ;;		Nothing
  7725 ;; This function is called by:
  7726 ;;		_main
  7727 ;; This function uses a non-reentrant model
  7728 ;;
  7729                           
  7730     173E                     _TMR0_StartTimer:	
  7731                           ;psect for function _TMR0_StartTimer
  7732                           
  7733                           
  7734                           ;mcc_generated_files/tmr0.c: 98:     T0CON0bits.T0EN = 1;
  7735                           
  7736                           ;incstack = 0
  7737                           ; Regs used in _TMR0_StartTimer: []
  7738     173E  0020               	movlb	0	; select bank0
  7739     173F  1797               	bsf	23,7	;volatile
  7740     1740  0008               	return
  7741     1741                     __end_of_TMR0_StartTimer:
  7742                           
  7743                           	psect	text11
  7744     08C2                     __ptext11:	
  7745 ;; *************** function _SYSTEM_Initialize *****************
  7746 ;; Defined at:
  7747 ;;		line 50 in file "mcc_generated_files/mcc.c"
  7748 ;; Parameters:    Size  Location     Type
  7749 ;;		None
  7750 ;; Auto vars:     Size  Location     Type
  7751 ;;		None
  7752 ;; Return value:  Size  Location     Type
  7753 ;;                  1    wreg      void 
  7754 ;; Registers used:
  7755 ;;		wreg, status,2, status,0, pclath, cstack
  7756 ;; Tracked objects:
  7757 ;;		On entry : 0/0
  7758 ;;		On exit  : 0/0
  7759 ;;		Unchanged: 0/0
  7760 ;; Data sizes:     COMMON   BANK0   BANK1   BANK2   BANK3   BANK4   BANK5   BANK6   BANK7   BANK8   BANK9  BANK10  BANK1
      +1  BANK12  BANK13  BANK14  BANK15  BANK16  BANK17  BANK18  BANK19  BANK20  BANK21  BANK22  BANK23  BANK24  BANK25
  7761 ;;      Params:         0       0       0       0       0       0       0       0       0       0       0       0       
      +0       0       0       0       0       0       0       0       0       0       0       0       0       0       0
  7762 ;;      Locals:         0       0       0       0       0       0       0       0       0       0       0       0       
      +0       0       0       0       0       0       0       0       0       0       0       0       0       0       0
  7763 ;;      Temps:          0       0       0       0       0       0       0       0       0       0       0       0       
      +0       0       0       0       0       0       0       0       0       0       0       0       0       0       0
  7764 ;;      Totals:         0       0       0       0       0       0       0       0       0       0       0       0       
      +0       0       0       0       0       0       0       0       0       0       0       0       0       0       0
  7765 ;;Total ram usage:        0 bytes
  7766 ;; Hardware stack levels used: 1
  7767 ;; Hardware stack levels required when called: 8
  7768 ;; This function calls:
  7769 ;;		_I2C1_Initialize
  7770 ;;		_NCO1_Initialize
  7771 ;;		_OSCILLATOR_Initialize
  7772 ;;		_PIN_MANAGER_Initialize
  7773 ;;		_PMD_Initialize
  7774 ;;		_TMR0_Initialize
  7775 ;;		_WDT_Initialize
  7776 ;; This function is called by:
  7777 ;;		_main
  7778 ;; This function uses a non-reentrant model
  7779 ;;
  7780                           
  7781     08C2                     _SYSTEM_Initialize:	
  7782                           ;psect for function _SYSTEM_Initialize
  7783                           
  7784                           
  7785                           ;mcc_generated_files/mcc.c: 53:     PMD_Initialize();
  7786                           
  7787                           ;incstack = 0
  7788                           ; Regs used in _SYSTEM_Initialize: [wreg+status,2+status,0+pclath+cstack]
  7789     08C2  3197  2786  3188   	fcall	_PMD_Initialize
  7790                           
  7791                           ;mcc_generated_files/mcc.c: 54:     I2C1_Initialize();
  7792     08C5  3188  2024  3188   	fcall	_I2C1_Initialize
  7793                           
  7794                           ;mcc_generated_files/mcc.c: 55:     PIN_MANAGER_Initialize();
  7795     08C8  318A  2214  3188   	fcall	_PIN_MANAGER_Initialize
  7796                           
  7797                           ;mcc_generated_files/mcc.c: 56:     OSCILLATOR_Initialize();
  7798     08CB  3197  27E1  3188   	fcall	_OSCILLATOR_Initialize
  7799                           
  7800                           ;mcc_generated_files/mcc.c: 57:     WDT_Initialize();
  7801     08CE  3197  2745  3188   	fcall	_WDT_Initialize
  7802                           
  7803                           ;mcc_generated_files/mcc.c: 58:     NCO1_Initialize();
  7804     08D1  3188  2048  3188   	fcall	_NCO1_Initialize
  7805                           
  7806                           ;mcc_generated_files/mcc.c: 59:     TMR0_Initialize();
  7807     08D4  3189  2144         	fcall	_TMR0_Initialize
  7808     08D6  0008               	return
  7809     08D7                     __end_of_SYSTEM_Initialize:
  7810                           
  7811                           	psect	text12
  7812     1745                     __ptext12:	
  7813 ;; *************** function _WDT_Initialize *****************
  7814 ;; Defined at:
  7815 ;;		line 76 in file "mcc_generated_files/mcc.c"
  7816 ;; Parameters:    Size  Location     Type
  7817 ;;		None
  7818 ;; Auto vars:     Size  Location     Type
  7819 ;;		None
  7820 ;; Return value:  Size  Location     Type
  7821 ;;                  1    wreg      void 
  7822 ;; Registers used:
  7823 ;;		wreg
  7824 ;; Tracked objects:
  7825 ;;		On entry : 0/0
  7826 ;;		On exit  : 0/0
  7827 ;;		Unchanged: 0/0
  7828 ;; Data sizes:     COMMON   BANK0   BANK1   BANK2   BANK3   BANK4   BANK5   BANK6   BANK7   BANK8   BANK9  BANK10  BANK1
      +1  BANK12  BANK13  BANK14  BANK15  BANK16  BANK17  BANK18  BANK19  BANK20  BANK21  BANK22  BANK23  BANK24  BANK25
  7829 ;;      Params:         0       0       0       0       0       0       0       0       0       0       0       0       
      +0       0       0       0       0       0       0       0       0       0       0       0       0       0       0
  7830 ;;      Locals:         0       0       0       0       0       0       0       0       0       0       0       0       
      +0       0       0       0       0       0       0       0       0       0       0       0       0       0       0
  7831 ;;      Temps:          0       0       0       0       0       0       0       0       0       0       0       0       
      +0       0       0       0       0       0       0       0       0       0       0       0       0       0       0
  7832 ;;      Totals:         0       0       0       0       0       0       0       0       0       0       0       0       
      +0       0       0       0       0       0       0       0       0       0       0       0       0       0       0
  7833 ;;Total ram usage:        0 bytes
  7834 ;; Hardware stack levels used: 1
  7835 ;; Hardware stack levels required when called: 6
  7836 ;; This function calls:
  7837 ;;		Nothing
  7838 ;; This function is called by:
  7839 ;;		_SYSTEM_Initialize
  7840 ;; This function uses a non-reentrant model
  7841 ;;
  7842                           
  7843     1745                     _WDT_Initialize:	
  7844                           ;psect for function _WDT_Initialize
  7845                           
  7846                           
  7847                           ;mcc_generated_files/mcc.c: 79:     WDTCON = 0x16;
  7848                           
  7849                           ;incstack = 0
  7850                           ; Regs used in _WDT_Initialize: [wreg]
  7851     1745  3016               	movlw	22
  7852     1746  0021               	movlb	1	; select bank1
  7853     1747  0097               	movwf	23	;volatile
  7854     1748  0008               	return
  7855     1749                     __end_of_WDT_Initialize:
  7856                           
  7857                           	psect	text13
  7858     0944                     __ptext13:	
  7859 ;; *************** function _TMR0_Initialize *****************
  7860 ;; Defined at:
  7861 ;;		line 66 in file "mcc_generated_files/tmr0.c"
  7862 ;; Parameters:    Size  Location     Type
  7863 ;;		None
  7864 ;; Auto vars:     Size  Location     Type
  7865 ;;		None
  7866 ;; Return value:  Size  Location     Type
  7867 ;;                  1    wreg      void 
  7868 ;; Registers used:
  7869 ;;		wreg, status,2, status,0, pclath, cstack
  7870 ;; Tracked objects:
  7871 ;;		On entry : 0/0
  7872 ;;		On exit  : 0/0
  7873 ;;		Unchanged: 0/0
  7874 ;; Data sizes:     COMMON   BANK0   BANK1   BANK2   BANK3   BANK4   BANK5   BANK6   BANK7   BANK8   BANK9  BANK10  BANK1
      +1  BANK12  BANK13  BANK14  BANK15  BANK16  BANK17  BANK18  BANK19  BANK20  BANK21  BANK22  BANK23  BANK24  BANK25
  7875 ;;      Params:         0       0       0       0       0       0       0       0       0       0       0       0       
      +0       0       0       0       0       0       0       0       0       0       0       0       0       0       0
  7876 ;;      Locals:         0       0       0       0       0       0       0       0       0       0       0       0       
      +0       0       0       0       0       0       0       0       0       0       0       0       0       0       0
  7877 ;;      Temps:          0       0       0       0       0       0       0       0       0       0       0       0       
      +0       0       0       0       0       0       0       0       0       0       0       0       0       0       0
  7878 ;;      Totals:         0       0       0       0       0       0       0       0       0       0       0       0       
      +0       0       0       0       0       0       0       0       0       0       0       0       0       0       0
  7879 ;;Total ram usage:        0 bytes
  7880 ;; Hardware stack levels used: 1
  7881 ;; Hardware stack levels required when called: 7
  7882 ;; This function calls:
  7883 ;;		_TMR0_SetInterruptHandler
  7884 ;; This function is called by:
  7885 ;;		_SYSTEM_Initialize
  7886 ;;		_main
  7887 ;; This function uses a non-reentrant model
  7888 ;;
  7889                           
  7890     0944                     _TMR0_Initialize:	
  7891                           ;psect for function _TMR0_Initialize
  7892                           
  7893                           
  7894                           ;mcc_generated_files/tmr0.c: 71:     T0CON1 = 0x63;
  7895                           
  7896                           ;incstack = 0
  7897                           ; Regs used in _TMR0_Initialize: [wreg+status,2+status,0+pclath+cstack]
  7898     0944  3063               	movlw	99
  7899     0945  0020               	movlb	0	; select bank0
  7900     0946  0098               	movwf	24	;volatile
  7901                           
  7902                           ;mcc_generated_files/tmr0.c: 74:     TMR0H = 0xFE;
  7903     0947  30FE               	movlw	254
  7904     0948  0096               	movwf	22	;volatile
  7905                           
  7906                           ;mcc_generated_files/tmr0.c: 77:     TMR0L = 0x70;
  7907     0949  3070               	movlw	112
  7908     094A  0095               	movwf	21	;volatile
  7909                           
  7910                           ;mcc_generated_files/tmr0.c: 80:     timer0ReloadVal16bit = (TMR0H << 8) | TMR0L;
  7911     094B  0816               	movf	22,w	;volatile
  7912     094C  0021               	movlb	1	; select bank1
  7913     094D  00A9               	movwf	(_timer0ReloadVal16bit+1)^(0+128)	;volatile
  7914     094E  0020               	movlb	0	; select bank0
  7915     094F  0815               	movf	21,w	;volatile
  7916     0950  0021               	movlb	1	; select bank1
  7917     0951  00A8               	movwf	_timer0ReloadVal16bit^(0+128)	;volatile
  7918                           
  7919                           ;mcc_generated_files/tmr0.c: 83:     PIR0bits.TMR0IF = 0;
  7920     0952  0020               	movlb	0	; select bank0
  7921     0953  1290               	bcf	16,5	;volatile
  7922                           
  7923                           ;mcc_generated_files/tmr0.c: 86:     PIE0bits.TMR0IE = 1;
  7924     0954  0021               	movlb	1	; select bank1
  7925     0955  1690               	bsf	16,5	;volatile
  7926                           
  7927                           ;mcc_generated_files/tmr0.c: 89:     TMR0_SetInterruptHandler(TMR0_DefaultInterruptHandl
      +                          er);
  7928     0956  3003               	movlw	low _TMR0_DefaultInterruptHandler
  7929     0957  0020               	movlb	0	; select bank0
  7930     0958  00A0               	movwf	TMR0_SetInterruptHandler@InterruptHandler
  7931     0959  3000               	movlw	high _TMR0_DefaultInterruptHandler
  7932     095A  00A1               	movwf	TMR0_SetInterruptHandler@InterruptHandler+1
  7933     095B  3197  27C4         	fcall	_TMR0_SetInterruptHandler
  7934                           
  7935                           ;mcc_generated_files/tmr0.c: 92:     T0CON0 = 0x90;
  7936     095D  3090               	movlw	144
  7937     095E  0020               	movlb	0	; select bank0
  7938     095F  0097               	movwf	23	;volatile
  7939     0960  0008               	return
  7940     0961                     __end_of_TMR0_Initialize:
  7941                           
  7942                           	psect	text14
  7943     17C4                     __ptext14:	
  7944 ;; *************** function _TMR0_SetInterruptHandler *****************
  7945 ;; Defined at:
  7946 ;;		line 151 in file "mcc_generated_files/tmr0.c"
  7947 ;; Parameters:    Size  Location     Type
  7948 ;;  InterruptHan    2    0[BANK0 ] PTR FTN()void 
  7949 ;;		 -> micros(1), TMR0_DefaultInterruptHandler(1), 
  7950 ;; Auto vars:     Size  Location     Type
  7951 ;;		None
  7952 ;; Return value:  Size  Location     Type
  7953 ;;                  1    wreg      void 
  7954 ;; Registers used:
  7955 ;;		wreg
  7956 ;; Tracked objects:
  7957 ;;		On entry : 0/0
  7958 ;;		On exit  : 0/0
  7959 ;;		Unchanged: 0/0
  7960 ;; Data sizes:     COMMON   BANK0   BANK1   BANK2   BANK3   BANK4   BANK5   BANK6   BANK7   BANK8   BANK9  BANK10  BANK1
      +1  BANK12  BANK13  BANK14  BANK15  BANK16  BANK17  BANK18  BANK19  BANK20  BANK21  BANK22  BANK23  BANK24  BANK25
  7961 ;;      Params:         0       2       0       0       0       0       0       0       0       0       0       0       
      +0       0       0       0       0       0       0       0       0       0       0       0       0       0       0
  7962 ;;      Locals:         0       0       0       0       0       0       0       0       0       0       0       0       
      +0       0       0       0       0       0       0       0       0       0       0       0       0       0       0
  7963 ;;      Temps:          0       0       0       0       0       0       0       0       0       0       0       0       
      +0       0       0       0       0       0       0       0       0       0       0       0       0       0       0
  7964 ;;      Totals:         0       2       0       0       0       0       0       0       0       0       0       0       
      +0       0       0       0       0       0       0       0       0       0       0       0       0       0       0
  7965 ;;Total ram usage:        2 bytes
  7966 ;; Hardware stack levels used: 1
  7967 ;; Hardware stack levels required when called: 6
  7968 ;; This function calls:
  7969 ;;		Nothing
  7970 ;; This function is called by:
  7971 ;;		_TMR0_Initialize
  7972 ;;		_main
  7973 ;; This function uses a non-reentrant model
  7974 ;;
  7975                           
  7976     17C4                     _TMR0_SetInterruptHandler:	
  7977                           ;psect for function _TMR0_SetInterruptHandler
  7978                           
  7979                           
  7980                           ;mcc_generated_files/tmr0.c: 152:     TMR0_InterruptHandler = InterruptHandler;
  7981                           
  7982                           ;incstack = 0
  7983                           ; Regs used in _TMR0_SetInterruptHandler: [wreg]
  7984     17C4  0020               	movlb	0	; select bank0
  7985     17C5  0821               	movf	TMR0_SetInterruptHandler@InterruptHandler+1,w
  7986     17C6  0022               	movlb	2	; select bank2
  7987     17C7  00DA               	movwf	(_TMR0_InterruptHandler+1)^(0+256)
  7988     17C8  0020               	movlb	0	; select bank0
  7989     17C9  0820               	movf	TMR0_SetInterruptHandler@InterruptHandler,w
  7990     17CA  0022               	movlb	2	; select bank2
  7991     17CB  00D9               	movwf	_TMR0_InterruptHandler^(0+256)
  7992     17CC  0008               	return
  7993     17CD                     __end_of_TMR0_SetInterruptHandler:
  7994                           
  7995                           	psect	text15
  7996     1786                     __ptext15:	
  7997 ;; *************** function _PMD_Initialize *****************
  7998 ;; Defined at:
  7999 ;;		line 82 in file "mcc_generated_files/mcc.c"
  8000 ;; Parameters:    Size  Location     Type
  8001 ;;		None
  8002 ;; Auto vars:     Size  Location     Type
  8003 ;;		None
  8004 ;; Return value:  Size  Location     Type
  8005 ;;                  1    wreg      void 
  8006 ;; Registers used:
  8007 ;;		status,2
  8008 ;; Tracked objects:
  8009 ;;		On entry : 0/0
  8010 ;;		On exit  : 0/0
  8011 ;;		Unchanged: 0/0
  8012 ;; Data sizes:     COMMON   BANK0   BANK1   BANK2   BANK3   BANK4   BANK5   BANK6   BANK7   BANK8   BANK9  BANK10  BANK1
      +1  BANK12  BANK13  BANK14  BANK15  BANK16  BANK17  BANK18  BANK19  BANK20  BANK21  BANK22  BANK23  BANK24  BANK25
  8013 ;;      Params:         0       0       0       0       0       0       0       0       0       0       0       0       
      +0       0       0       0       0       0       0       0       0       0       0       0       0       0       0
  8014 ;;      Locals:         0       0       0       0       0       0       0       0       0       0       0       0       
      +0       0       0       0       0       0       0       0       0       0       0       0       0       0       0
  8015 ;;      Temps:          0       0       0       0       0       0       0       0       0       0       0       0       
      +0       0       0       0       0       0       0       0       0       0       0       0       0       0       0
  8016 ;;      Totals:         0       0       0       0       0       0       0       0       0       0       0       0       
      +0       0       0       0       0       0       0       0       0       0       0       0       0       0       0
  8017 ;;Total ram usage:        0 bytes
  8018 ;; Hardware stack levels used: 1
  8019 ;; Hardware stack levels required when called: 6
  8020 ;; This function calls:
  8021 ;;		Nothing
  8022 ;; This function is called by:
  8023 ;;		_SYSTEM_Initialize
  8024 ;; This function uses a non-reentrant model
  8025 ;;
  8026                           
  8027     1786                     _PMD_Initialize:	
  8028                           ;psect for function _PMD_Initialize
  8029                           
  8030                           
  8031                           ;mcc_generated_files/mcc.c: 85:     PMD0 = 0x00;
  8032                           
  8033                           ;incstack = 0
  8034                           ; Regs used in _PMD_Initialize: [status,2]
  8035     1786  0032               	movlb	18	; select bank18
  8036     1787  0191               	clrf	17	;volatile
  8037                           
  8038                           ;mcc_generated_files/mcc.c: 87:     PMD1 = 0x00;
  8039     1788  0192               	clrf	18	;volatile
  8040                           
  8041                           ;mcc_generated_files/mcc.c: 89:     PMD2 = 0x00;
  8042     1789  0193               	clrf	19	;volatile
  8043                           
  8044                           ;mcc_generated_files/mcc.c: 91:     PMD3 = 0x00;
  8045     178A  0194               	clrf	20	;volatile
  8046                           
  8047                           ;mcc_generated_files/mcc.c: 93:     PMD4 = 0x00;
  8048     178B  0195               	clrf	21	;volatile
  8049                           
  8050                           ;mcc_generated_files/mcc.c: 95:     PMD5 = 0x00;
  8051     178C  0196               	clrf	22	;volatile
  8052     178D  0008               	return
  8053     178E                     __end_of_PMD_Initialize:
  8054                           
  8055                           	psect	text16
  8056     0A14                     __ptext16:	
  8057 ;; *************** function _PIN_MANAGER_Initialize *****************
  8058 ;; Defined at:
  8059 ;;		line 55 in file "mcc_generated_files/pin_manager.c"
  8060 ;; Parameters:    Size  Location     Type
  8061 ;;		None
  8062 ;; Auto vars:     Size  Location     Type
  8063 ;;		None
  8064 ;; Return value:  Size  Location     Type
  8065 ;;                  1    wreg      void 
  8066 ;; Registers used:
  8067 ;;		wreg, status,2
  8068 ;; Tracked objects:
  8069 ;;		On entry : 0/0
  8070 ;;		On exit  : 0/0
  8071 ;;		Unchanged: 0/0
  8072 ;; Data sizes:     COMMON   BANK0   BANK1   BANK2   BANK3   BANK4   BANK5   BANK6   BANK7   BANK8   BANK9  BANK10  BANK1
      +1  BANK12  BANK13  BANK14  BANK15  BANK16  BANK17  BANK18  BANK19  BANK20  BANK21  BANK22  BANK23  BANK24  BANK25
  8073 ;;      Params:         0       0       0       0       0       0       0       0       0       0       0       0       
      +0       0       0       0       0       0       0       0       0       0       0       0       0       0       0
  8074 ;;      Locals:         0       0       0       0       0       0       0       0       0       0       0       0       
      +0       0       0       0       0       0       0       0       0       0       0       0       0       0       0
  8075 ;;      Temps:          0       0       0       0       0       0       0       0       0       0       0       0       
      +0       0       0       0       0       0       0       0       0       0       0       0       0       0       0
  8076 ;;      Totals:         0       0       0       0       0       0       0       0       0       0       0       0       
      +0       0       0       0       0       0       0       0       0       0       0       0       0       0       0
  8077 ;;Total ram usage:        0 bytes
  8078 ;; Hardware stack levels used: 1
  8079 ;; Hardware stack levels required when called: 6
  8080 ;; This function calls:
  8081 ;;		Nothing
  8082 ;; This function is called by:
  8083 ;;		_SYSTEM_Initialize
  8084 ;; This function uses a non-reentrant model
  8085 ;;
  8086                           
  8087     0A14                     _PIN_MANAGER_Initialize:	
  8088                           ;psect for function _PIN_MANAGER_Initialize
  8089                           
  8090                           
  8091                           ;mcc_generated_files/pin_manager.c: 60:     LATA = 0x00;
  8092                           
  8093                           ;incstack = 0
  8094                           ; Regs used in _PIN_MANAGER_Initialize: [wreg+status,2]
  8095     0A14  0022               	movlb	2	; select bank2
  8096     0A15  018C               	clrf	12	;volatile
  8097                           
  8098                           ;mcc_generated_files/pin_manager.c: 61:     LATC = 0x00;
  8099     0A16  018E               	clrf	14	;volatile
  8100                           
  8101                           ;mcc_generated_files/pin_manager.c: 66:     TRISA = 0x30;
  8102     0A17  3030               	movlw	48
  8103     0A18  0021               	movlb	1	; select bank1
  8104     0A19  008C               	movwf	12	;volatile
  8105                           
  8106                           ;mcc_generated_files/pin_manager.c: 67:     TRISC = 0x03;
  8107     0A1A  3003               	movlw	3
  8108     0A1B  008E               	movwf	14	;volatile
  8109                           
  8110                           ;mcc_generated_files/pin_manager.c: 72:     ANSELC = 0x00;
  8111     0A1C  0023               	movlb	3	; select bank3
  8112     0A1D  018E               	clrf	14	;volatile
  8113                           
  8114                           ;mcc_generated_files/pin_manager.c: 73:     ANSELA = 0x00;
  8115     0A1E  018C               	clrf	12	;volatile
  8116                           
  8117                           ;mcc_generated_files/pin_manager.c: 78:     WPUA = 0x30;
  8118     0A1F  3030               	movlw	48
  8119     0A20  0024               	movlb	4	; select bank4
  8120     0A21  008C               	movwf	12	;volatile
  8121                           
  8122                           ;mcc_generated_files/pin_manager.c: 79:     WPUC = 0x00;
  8123     0A22  018E               	clrf	14	;volatile
  8124                           
  8125                           ;mcc_generated_files/pin_manager.c: 84:     ODCONA = 0x00;
  8126     0A23  0025               	movlb	5	; select bank5
  8127     0A24  018C               	clrf	12	;volatile
  8128                           
  8129                           ;mcc_generated_files/pin_manager.c: 85:     ODCONC = 0x00;
  8130     0A25  018E               	clrf	14	;volatile
  8131                           
  8132                           ;mcc_generated_files/pin_manager.c: 90:     SLRCONA = 0x37;
  8133     0A26  3037               	movlw	55
  8134     0A27  0026               	movlb	6	; select bank6
  8135     0A28  008C               	movwf	12	;volatile
  8136                           
  8137                           ;mcc_generated_files/pin_manager.c: 91:     SLRCONC = 0x3F;
  8138     0A29  303F               	movlw	63
  8139     0A2A  008E               	movwf	14	;volatile
  8140                           
  8141                           ;mcc_generated_files/pin_manager.c: 96:     INLVLA = 0x3F;
  8142     0A2B  303F               	movlw	63
  8143     0A2C  0027               	movlb	7	; select bank7
  8144     0A2D  008C               	movwf	12	;volatile
  8145                           
  8146                           ;mcc_generated_files/pin_manager.c: 97:     INLVLC = 0x3F;
  8147     0A2E  303F               	movlw	63
  8148     0A2F  008E               	movwf	14	;volatile
  8149                           
  8150                           ;mcc_generated_files/pin_manager.c: 106:     RC0PPS = 0x18;
  8151     0A30  3018               	movlw	24
  8152     0A31  003D               	movlb	29	; select bank29
  8153     0A32  00A0               	movwf	32	;volatile
  8154                           
  8155                           ;mcc_generated_files/pin_manager.c: 107:     SSP1CLKPPS = 0x10;
  8156     0A33  3010               	movlw	16
  8157     0A34  003C               	movlb	28	; select bank28
  8158     0A35  00A0               	movwf	32	;volatile
  8159                           
  8160                           ;mcc_generated_files/pin_manager.c: 108:     RC1PPS = 0x19;
  8161     0A36  3019               	movlw	25
  8162     0A37  003D               	movlb	29	; select bank29
  8163     0A38  00A1               	movwf	33	;volatile
  8164                           
  8165                           ;mcc_generated_files/pin_manager.c: 109:     RC2PPS = 0x1D;
  8166     0A39  301D               	movlw	29
  8167     0A3A  00A2               	movwf	34	;volatile
  8168                           
  8169                           ;mcc_generated_files/pin_manager.c: 110:     SSP1DATPPS = 0x11;
  8170     0A3B  3011               	movlw	17
  8171     0A3C  003C               	movlb	28	; select bank28
  8172     0A3D  00A1               	movwf	33	;volatile
  8173     0A3E  0008               	return
  8174     0A3F                     __end_of_PIN_MANAGER_Initialize:
  8175                           
  8176                           	psect	text17
  8177     17E1                     __ptext17:	
  8178 ;; *************** function _OSCILLATOR_Initialize *****************
  8179 ;; Defined at:
  8180 ;;		line 62 in file "mcc_generated_files/mcc.c"
  8181 ;; Parameters:    Size  Location     Type
  8182 ;;		None
  8183 ;; Auto vars:     Size  Location     Type
  8184 ;;		None
  8185 ;; Return value:  Size  Location     Type
  8186 ;;                  1    wreg      void 
  8187 ;; Registers used:
  8188 ;;		wreg, status,2
  8189 ;; Tracked objects:
  8190 ;;		On entry : 0/0
  8191 ;;		On exit  : 0/0
  8192 ;;		Unchanged: 0/0
  8193 ;; Data sizes:     COMMON   BANK0   BANK1   BANK2   BANK3   BANK4   BANK5   BANK6   BANK7   BANK8   BANK9  BANK10  BANK1
      +1  BANK12  BANK13  BANK14  BANK15  BANK16  BANK17  BANK18  BANK19  BANK20  BANK21  BANK22  BANK23  BANK24  BANK25
  8194 ;;      Params:         0       0       0       0       0       0       0       0       0       0       0       0       
      +0       0       0       0       0       0       0       0       0       0       0       0       0       0       0
  8195 ;;      Locals:         0       0       0       0       0       0       0       0       0       0       0       0       
      +0       0       0       0       0       0       0       0       0       0       0       0       0       0       0
  8196 ;;      Temps:          0       0       0       0       0       0       0       0       0       0       0       0       
      +0       0       0       0       0       0       0       0       0       0       0       0       0       0       0
  8197 ;;      Totals:         0       0       0       0       0       0       0       0       0       0       0       0       
      +0       0       0       0       0       0       0       0       0       0       0       0       0       0       0
  8198 ;;Total ram usage:        0 bytes
  8199 ;; Hardware stack levels used: 1
  8200 ;; Hardware stack levels required when called: 6
  8201 ;; This function calls:
  8202 ;;		Nothing
  8203 ;; This function is called by:
  8204 ;;		_SYSTEM_Initialize
  8205 ;; This function uses a non-reentrant model
  8206 ;;
  8207                           
  8208     17E1                     _OSCILLATOR_Initialize:	
  8209                           ;psect for function _OSCILLATOR_Initialize
  8210                           
  8211                           
  8212                           ;mcc_generated_files/mcc.c: 65:     OSCCON1 = 0x60;
  8213                           
  8214                           ;incstack = 0
  8215                           ; Regs used in _OSCILLATOR_Initialize: [wreg+status,2]
  8216     17E1  3060               	movlw	96
  8217     17E2  0032               	movlb	18	; select bank18
  8218     17E3  0099               	movwf	25	;volatile
  8219                           
  8220                           ;mcc_generated_files/mcc.c: 67:     OSCCON3 = 0x40;
  8221     17E4  3040               	movlw	64
  8222     17E5  009B               	movwf	27	;volatile
  8223                           
  8224                           ;mcc_generated_files/mcc.c: 69:     OSCEN = 0x00;
  8225     17E6  019D               	clrf	29	;volatile
  8226                           
  8227                           ;mcc_generated_files/mcc.c: 71:     OSCFRQ = 0x07;
  8228     17E7  3007               	movlw	7
  8229     17E8  009F               	movwf	31	;volatile
  8230                           
  8231                           ;mcc_generated_files/mcc.c: 73:     OSCTUNE = 0x00;
  8232     17E9  019E               	clrf	30	;volatile
  8233     17EA  0008               	return
  8234     17EB                     __end_of_OSCILLATOR_Initialize:
  8235                           
  8236                           	psect	text18
  8237     0848                     __ptext18:	
  8238 ;; *************** function _NCO1_Initialize *****************
  8239 ;; Defined at:
  8240 ;;		line 58 in file "mcc_generated_files/nco1.c"
  8241 ;; Parameters:    Size  Location     Type
  8242 ;;		None
  8243 ;; Auto vars:     Size  Location     Type
  8244 ;;		None
  8245 ;; Return value:  Size  Location     Type
  8246 ;;                  1    wreg      void 
  8247 ;; Registers used:
  8248 ;;		wreg, status,2
  8249 ;; Tracked objects:
  8250 ;;		On entry : 0/0
  8251 ;;		On exit  : 0/0
  8252 ;;		Unchanged: 0/0
  8253 ;; Data sizes:     COMMON   BANK0   BANK1   BANK2   BANK3   BANK4   BANK5   BANK6   BANK7   BANK8   BANK9  BANK10  BANK1
      +1  BANK12  BANK13  BANK14  BANK15  BANK16  BANK17  BANK18  BANK19  BANK20  BANK21  BANK22  BANK23  BANK24  BANK25
  8254 ;;      Params:         0       0       0       0       0       0       0       0       0       0       0       0       
      +0       0       0       0       0       0       0       0       0       0       0       0       0       0       0
  8255 ;;      Locals:         0       0       0       0       0       0       0       0       0       0       0       0       
      +0       0       0       0       0       0       0       0       0       0       0       0       0       0       0
  8256 ;;      Temps:          0       0       0       0       0       0       0       0       0       0       0       0       
      +0       0       0       0       0       0       0       0       0       0       0       0       0       0       0
  8257 ;;      Totals:         0       0       0       0       0       0       0       0       0       0       0       0       
      +0       0       0       0       0       0       0       0       0       0       0       0       0       0       0
  8258 ;;Total ram usage:        0 bytes
  8259 ;; Hardware stack levels used: 1
  8260 ;; Hardware stack levels required when called: 6
  8261 ;; This function calls:
  8262 ;;		Nothing
  8263 ;; This function is called by:
  8264 ;;		_SYSTEM_Initialize
  8265 ;;		_main
  8266 ;; This function uses a non-reentrant model
  8267 ;;
  8268                           
  8269     0848                     _NCO1_Initialize:	
  8270                           ;psect for function _NCO1_Initialize
  8271                           
  8272                           
  8273                           ;mcc_generated_files/nco1.c: 62:     NCO1CON = 0x00;
  8274                           
  8275                           ;incstack = 0
  8276                           ; Regs used in _NCO1_Initialize: [wreg+status,2]
  8277     0848  0029               	movlb	9	; select bank9
  8278     0849  019E               	clrf	30	;volatile
  8279                           
  8280                           ;mcc_generated_files/nco1.c: 64:     NCO1CLK = 0xE1;
  8281     084A  30E1               	movlw	225
  8282     084B  009F               	movwf	31	;volatile
  8283                           
  8284                           ;mcc_generated_files/nco1.c: 66:     NCO1ACCU = 0x00;
  8285     084C  019A               	clrf	26	;volatile
  8286                           
  8287                           ;mcc_generated_files/nco1.c: 68:     NCO1ACCH = 0x00;
  8288     084D  0199               	clrf	25	;volatile
  8289                           
  8290                           ;mcc_generated_files/nco1.c: 70:     NCO1ACCL = 0x00;
  8291     084E  0198               	clrf	24	;volatile
  8292                           
  8293                           ;mcc_generated_files/nco1.c: 72:     NCO1INCU = 0x00;
  8294     084F  019D               	clrf	29	;volatile
  8295                           
  8296                           ;mcc_generated_files/nco1.c: 74:     NCO1INCH = 0x00;
  8297     0850  019C               	clrf	28	;volatile
  8298                           
  8299                           ;mcc_generated_files/nco1.c: 76:     NCO1INCL = 0x27;
  8300     0851  3027               	movlw	39
  8301     0852  009B               	movwf	27	;volatile
  8302                           
  8303                           ;mcc_generated_files/nco1.c: 79:     NCO1CONbits.N1EN = 1;
  8304     0853  179E               	bsf	30,7	;volatile
  8305     0854  0008               	return
  8306     0855                     __end_of_NCO1_Initialize:
  8307                           
  8308                           	psect	text19
  8309     09A0                     __ptext19:	
  8310 ;; *************** function _I2C_Initialize *****************
  8311 ;; Defined at:
  8312 ;;		line 238 in file "D:/Microchip/MPLABProjects/PSoC3-PCIe-MKIII.X/main.c"
  8313 ;; Parameters:    Size  Location     Type
  8314 ;;		None
  8315 ;; Auto vars:     Size  Location     Type
  8316 ;;		None
  8317 ;; Return value:  Size  Location     Type
  8318 ;;                  1    wreg      void 
  8319 ;; Registers used:
  8320 ;;		wreg, status,2, status,0, pclath, cstack
  8321 ;; Tracked objects:
  8322 ;;		On entry : 0/0
  8323 ;;		On exit  : 0/0
  8324 ;;		Unchanged: 0/0
  8325 ;; Data sizes:     COMMON   BANK0   BANK1   BANK2   BANK3   BANK4   BANK5   BANK6   BANK7   BANK8   BANK9  BANK10  BANK1
      +1  BANK12  BANK13  BANK14  BANK15  BANK16  BANK17  BANK18  BANK19  BANK20  BANK21  BANK22  BANK23  BANK24  BANK25
  8326 ;;      Params:         0       0       0       0       0       0       0       0       0       0       0       0       
      +0       0       0       0       0       0       0       0       0       0       0       0       0       0       0
  8327 ;;      Locals:         0       0       0       0       0       0       0       0       0       0       0       0       
      +0       0       0       0       0       0       0       0       0       0       0       0       0       0       0
  8328 ;;      Temps:          0       0       0       0       0       0       0       0       0       0       0       0       
      +0       0       0       0       0       0       0       0       0       0       0       0       0       0       0
  8329 ;;      Totals:         0       0       0       0       0       0       0       0       0       0       0       0       
      +0       0       0       0       0       0       0       0       0       0       0       0       0       0       0
  8330 ;;Total ram usage:        0 bytes
  8331 ;; Hardware stack levels used: 1
  8332 ;; Hardware stack levels required when called: 8
  8333 ;; This function calls:
  8334 ;;		_I2C1_Initialize
  8335 ;;		_I2C1_Open
  8336 ;;		_I2C1_SlaveSetAddrIntHandler
  8337 ;;		_I2C1_SlaveSetBusColIntHandler
  8338 ;;		_I2C1_SlaveSetReadIntHandler
  8339 ;;		_I2C1_SlaveSetWriteIntHandler
  8340 ;; This function is called by:
  8341 ;;		_main
  8342 ;; This function uses a non-reentrant model
  8343 ;;
  8344                           
  8345     09A0                     _I2C_Initialize:	
  8346                           ;psect for function _I2C_Initialize
  8347                           
  8348                           
  8349                           ;D:/Microchip/MPLABProjects/PSoC3-PCIe-MKIII.X/main.c: 239:     I2C1_Initialize();
  8350                           
  8351                           ;incstack = 0
  8352                           ; Regs used in _I2C_Initialize: [wreg+status,2+status,0+pclath+cstack]
  8353     09A0  3188  2024  3189   	fcall	_I2C1_Initialize
  8354                           
  8355                           ;D:/Microchip/MPLABProjects/PSoC3-PCIe-MKIII.X/main.c: 240:     I2C1_Open();
  8356     09A3  318A  22AC  3189   	fcall	_I2C1_Open
  8357                           
  8358                           ;D:/Microchip/MPLABProjects/PSoC3-PCIe-MKIII.X/main.c: 241:     I2C1_SlaveSetReadIntHand
      +                          ler(I2C_SlaveReceiveCallbackHandler);
  8359     09A6  3027               	movlw	low _I2C_SlaveReceiveCallbackHandler
  8360     09A7  0020               	movlb	0	; select bank0
  8361     09A8  00A0               	movwf	I2C1_SlaveSetReadIntHandler@handler
  8362     09A9  3009               	movlw	high _I2C_SlaveReceiveCallbackHandler
  8363     09AA  00A1               	movwf	I2C1_SlaveSetReadIntHandler@handler+1
  8364     09AB  3197  27A9  3189   	fcall	_I2C1_SlaveSetReadIntHandler
  8365                           
  8366                           ;D:/Microchip/MPLABProjects/PSoC3-PCIe-MKIII.X/main.c: 242:     I2C1_SlaveSetAddrIntHand
      +                          ler(I2C_SlaveAddressCallbackHandler);
  8367     09AE  30D7               	movlw	low _I2C_SlaveAddressCallbackHandler
  8368     09AF  0020               	movlb	0	; select bank0
  8369     09B0  00A0               	movwf	I2C1_SlaveSetAddrIntHandler@handler
  8370     09B1  3008               	movlw	high _I2C_SlaveAddressCallbackHandler
  8371     09B2  00A1               	movwf	I2C1_SlaveSetAddrIntHandler@handler+1
  8372     09B3  3197  278E  3189   	fcall	_I2C1_SlaveSetAddrIntHandler
  8373                           
  8374                           ;D:/Microchip/MPLABProjects/PSoC3-PCIe-MKIII.X/main.c: 243:     I2C1_SlaveSetWriteIntHan
      +                          dler(I2C_SlaveTransmitCallbackHandler);
  8375     09B6  3062               	movlw	low _I2C_SlaveTransmitCallbackHandler
  8376     09B7  0020               	movlb	0	; select bank0
  8377     09B8  00A0               	movwf	I2C1_SlaveSetWriteIntHandler@handler
  8378     09B9  3017               	movlw	high _I2C_SlaveTransmitCallbackHandler
  8379     09BA  00A1               	movwf	I2C1_SlaveSetWriteIntHandler@handler+1
  8380     09BB  3197  27BB  3189   	fcall	_I2C1_SlaveSetWriteIntHandler
  8381                           
  8382                           ;D:/Microchip/MPLABProjects/PSoC3-PCIe-MKIII.X/main.c: 244:     I2C1_SlaveSetBusColIntHa
      +                          ndler(I2C_SlaveCollisionCallbackHandler);
  8383     09BE  3000               	movlw	0
  8384     09BF  0020               	movlb	0	; select bank0
  8385     09C0  00A0               	movwf	I2C1_SlaveSetBusColIntHandler@handler
  8386     09C1  3000               	movlw	0
  8387     09C2  00A1               	movwf	I2C1_SlaveSetBusColIntHandler@handler+1
  8388     09C3  3197  2797         	fcall	_I2C1_SlaveSetBusColIntHandler
  8389     09C5  0008               	return
  8390     09C6                     __end_of_I2C_Initialize:
  8391                           
  8392                           	psect	text20
  8393     0AAC                     __ptext20:	
  8394 ;; *************** function _I2C1_Open *****************
  8395 ;; Defined at:
  8396 ;;		line 116 in file "mcc_generated_files/i2c1_slave.c"
  8397 ;; Parameters:    Size  Location     Type
  8398 ;;		None
  8399 ;; Auto vars:     Size  Location     Type
  8400 ;;		None
  8401 ;; Return value:  Size  Location     Type
  8402 ;;                  1    wreg      void 
  8403 ;; Registers used:
  8404 ;;		wreg, status,2, status,0, pclath, cstack
  8405 ;; Tracked objects:
  8406 ;;		On entry : 0/0
  8407 ;;		On exit  : 0/0
  8408 ;;		Unchanged: 0/0
  8409 ;; Data sizes:     COMMON   BANK0   BANK1   BANK2   BANK3   BANK4   BANK5   BANK6   BANK7   BANK8   BANK9  BANK10  BANK1
      +1  BANK12  BANK13  BANK14  BANK15  BANK16  BANK17  BANK18  BANK19  BANK20  BANK21  BANK22  BANK23  BANK24  BANK25
  8410 ;;      Params:         0       0       0       0       0       0       0       0       0       0       0       0       
      +0       0       0       0       0       0       0       0       0       0       0       0       0       0       0
  8411 ;;      Locals:         0       0       0       0       0       0       0       0       0       0       0       0       
      +0       0       0       0       0       0       0       0       0       0       0       0       0       0       0
  8412 ;;      Temps:          0       0       0       0       0       0       0       0       0       0       0       0       
      +0       0       0       0       0       0       0       0       0       0       0       0       0       0       0
  8413 ;;      Totals:         0       0       0       0       0       0       0       0       0       0       0       0       
      +0       0       0       0       0       0       0       0       0       0       0       0       0       0       0
  8414 ;;Total ram usage:        0 bytes
  8415 ;; Hardware stack levels used: 1
  8416 ;; Hardware stack levels required when called: 7
  8417 ;; This function calls:
  8418 ;;		_I2C1_SlaveEnableIrq
  8419 ;;		_I2C1_SlaveOpen
  8420 ;;		_I2C1_SlaveSetAddrIntHandler
  8421 ;;		_I2C1_SlaveSetBusColIntHandler
  8422 ;;		_I2C1_SlaveSetIsrHandler
  8423 ;;		_I2C1_SlaveSetReadIntHandler
  8424 ;;		_I2C1_SlaveSetSlaveAddr
  8425 ;;		_I2C1_SlaveSetSlaveMask
  8426 ;;		_I2C1_SlaveSetWrColIntHandler
  8427 ;;		_I2C1_SlaveSetWriteIntHandler
  8428 ;; This function is called by:
  8429 ;;		_I2C_Initialize
  8430 ;; This function uses a non-reentrant model
  8431 ;;
  8432                           
  8433     0AAC                     _I2C1_Open:	
  8434                           ;psect for function _I2C1_Open
  8435                           
  8436                           
  8437                           ;mcc_generated_files/i2c1_slave.c: 118:     I2C1_SlaveOpen();
  8438                           
  8439                           ;incstack = 0
  8440                           ; Regs used in _I2C1_Open: [wreg+status,2+status,0+pclath+cstack]
  8441     0AAC  3188  2055  318A   	fcall	_I2C1_SlaveOpen
  8442                           
  8443                           ;mcc_generated_files/i2c1_slave.c: 119:     I2C1_SlaveSetSlaveAddr(64);
  8444     0AAF  3040               	movlw	64
  8445     0AB0  3197  276C  318A   	fcall	_I2C1_SlaveSetSlaveAddr
  8446                           
  8447                           ;mcc_generated_files/i2c1_slave.c: 120:     I2C1_SlaveSetSlaveMask(127);
  8448     0AB3  307F               	movlw	127
  8449     0AB4  3197  2772  318A   	fcall	_I2C1_SlaveSetSlaveMask
  8450                           
  8451                           ;mcc_generated_files/i2c1_slave.c: 121:     I2C1_SlaveSetIsrHandler(I2C1_Isr);
  8452     0AB7  3083               	movlw	low _I2C1_Isr
  8453     0AB8  0020               	movlb	0	; select bank0
  8454     0AB9  00A0               	movwf	I2C1_SlaveSetIsrHandler@handler
  8455     0ABA  300B               	movlw	high _I2C1_Isr
  8456     0ABB  00A1               	movwf	I2C1_SlaveSetIsrHandler@handler+1
  8457     0ABC  3197  27A0  318A   	fcall	_I2C1_SlaveSetIsrHandler
  8458                           
  8459                           ;mcc_generated_files/i2c1_slave.c: 122:     I2C1_SlaveSetBusColIntHandler(I2C1_SlaveDefB
      +                          usColInterruptHandler);
  8460     0ABF  3000               	movlw	0
  8461     0AC0  0020               	movlb	0	; select bank0
  8462     0AC1  00A0               	movwf	I2C1_SlaveSetBusColIntHandler@handler
  8463     0AC2  3000               	movlw	0
  8464     0AC3  00A1               	movwf	I2C1_SlaveSetBusColIntHandler@handler+1
  8465     0AC4  3197  2797  318A   	fcall	_I2C1_SlaveSetBusColIntHandler
  8466                           
  8467                           ;mcc_generated_files/i2c1_slave.c: 123:     I2C1_SlaveSetWriteIntHandler(I2C1_SlaveDefWr
      +                          InterruptHandler);
  8468     0AC7  3067               	movlw	low _I2C1_SlaveDefWrInterruptHandler
  8469     0AC8  0020               	movlb	0	; select bank0
  8470     0AC9  00A0               	movwf	I2C1_SlaveSetWriteIntHandler@handler
  8471     0ACA  3017               	movlw	high _I2C1_SlaveDefWrInterruptHandler
  8472     0ACB  00A1               	movwf	I2C1_SlaveSetWriteIntHandler@handler+1
  8473     0ACC  3197  27BB  318A   	fcall	_I2C1_SlaveSetWriteIntHandler
  8474                           
  8475                           ;mcc_generated_files/i2c1_slave.c: 124:     I2C1_SlaveSetReadIntHandler(I2C1_SlaveDefRdI
      +                          nterruptHandler);
  8476     0ACF  3053               	movlw	low _I2C1_SlaveDefRdInterruptHandler
  8477     0AD0  0020               	movlb	0	; select bank0
  8478     0AD1  00A0               	movwf	I2C1_SlaveSetReadIntHandler@handler
  8479     0AD2  3017               	movlw	high _I2C1_SlaveDefRdInterruptHandler
  8480     0AD3  00A1               	movwf	I2C1_SlaveSetReadIntHandler@handler+1
  8481     0AD4  3197  27A9  318A   	fcall	_I2C1_SlaveSetReadIntHandler
  8482                           
  8483                           ;mcc_generated_files/i2c1_slave.c: 125:     I2C1_SlaveSetAddrIntHandler(I2C1_SlaveDefAdd
      +                          rInterruptHandler);
  8484     0AD7  3049               	movlw	low _I2C1_SlaveDefAddrInterruptHandler
  8485     0AD8  0020               	movlb	0	; select bank0
  8486     0AD9  00A0               	movwf	I2C1_SlaveSetAddrIntHandler@handler
  8487     0ADA  3017               	movlw	high _I2C1_SlaveDefAddrInterruptHandler
  8488     0ADB  00A1               	movwf	I2C1_SlaveSetAddrIntHandler@handler+1
  8489     0ADC  3197  278E  318A   	fcall	_I2C1_SlaveSetAddrIntHandler
  8490                           
  8491                           ;mcc_generated_files/i2c1_slave.c: 126:     I2C1_SlaveSetWrColIntHandler(I2C1_SlaveDefWr
      +                          ColInterruptHandler);
  8492     0ADF  3000               	movlw	0
  8493     0AE0  0020               	movlb	0	; select bank0
  8494     0AE1  00A0               	movwf	I2C1_SlaveSetWrColIntHandler@handler
  8495     0AE2  3000               	movlw	0
  8496     0AE3  00A1               	movwf	I2C1_SlaveSetWrColIntHandler@handler+1
  8497     0AE4  3197  27B2  318A   	fcall	_I2C1_SlaveSetWrColIntHandler
  8498                           
  8499                           ;mcc_generated_files/i2c1_slave.c: 127:     I2C1_SlaveEnableIrq();
  8500     0AE7  3197  273B         	fcall	_I2C1_SlaveEnableIrq
  8501     0AE9  0008               	return
  8502     0AEA                     __end_of_I2C1_Open:
  8503                           
  8504                           	psect	text21
  8505     17BB                     __ptext21:	
  8506 ;; *************** function _I2C1_SlaveSetWriteIntHandler *****************
  8507 ;; Defined at:
  8508 ;;		line 246 in file "mcc_generated_files/i2c1_slave.c"
  8509 ;; Parameters:    Size  Location     Type
  8510 ;;  handler         2    0[BANK0 ] PTR FTN()void 
  8511 ;;		 -> I2C_SlaveTransmitCallbackHandler(1), I2C1_SlaveDefWrInterruptHandler(1), 
  8512 ;; Auto vars:     Size  Location     Type
  8513 ;;		None
  8514 ;; Return value:  Size  Location     Type
  8515 ;;                  1    wreg      void 
  8516 ;; Registers used:
  8517 ;;		wreg
  8518 ;; Tracked objects:
  8519 ;;		On entry : 0/0
  8520 ;;		On exit  : 0/0
  8521 ;;		Unchanged: 0/0
  8522 ;; Data sizes:     COMMON   BANK0   BANK1   BANK2   BANK3   BANK4   BANK5   BANK6   BANK7   BANK8   BANK9  BANK10  BANK1
      +1  BANK12  BANK13  BANK14  BANK15  BANK16  BANK17  BANK18  BANK19  BANK20  BANK21  BANK22  BANK23  BANK24  BANK25
  8523 ;;      Params:         0       2       0       0       0       0       0       0       0       0       0       0       
      +0       0       0       0       0       0       0       0       0       0       0       0       0       0       0
  8524 ;;      Locals:         0       0       0       0       0       0       0       0       0       0       0       0       
      +0       0       0       0       0       0       0       0       0       0       0       0       0       0       0
  8525 ;;      Temps:          0       0       0       0       0       0       0       0       0       0       0       0       
      +0       0       0       0       0       0       0       0       0       0       0       0       0       0       0
  8526 ;;      Totals:         0       2       0       0       0       0       0       0       0       0       0       0       
      +0       0       0       0       0       0       0       0       0       0       0       0       0       0       0
  8527 ;;Total ram usage:        2 bytes
  8528 ;; Hardware stack levels used: 1
  8529 ;; Hardware stack levels required when called: 6
  8530 ;; This function calls:
  8531 ;;		Nothing
  8532 ;; This function is called by:
  8533 ;;		_I2C1_Open
  8534 ;;		_I2C_Initialize
  8535 ;; This function uses a non-reentrant model
  8536 ;;
  8537                           
  8538     17BB                     _I2C1_SlaveSetWriteIntHandler:	
  8539                           ;psect for function _I2C1_SlaveSetWriteIntHandler
  8540                           
  8541                           
  8542                           ;mcc_generated_files/i2c1_slave.c: 247:     I2C1_SlaveWrInterruptHandler = handler;
  8543                           
  8544                           ;incstack = 0
  8545                           ; Regs used in _I2C1_SlaveSetWriteIntHandler: [wreg]
  8546     17BB  0020               	movlb	0	; select bank0
  8547     17BC  0821               	movf	I2C1_SlaveSetWriteIntHandler@handler+1,w
  8548     17BD  0022               	movlb	2	; select bank2
  8549     17BE  00D4               	movwf	(_I2C1_SlaveWrInterruptHandler+1)^(0+256)
  8550     17BF  0020               	movlb	0	; select bank0
  8551     17C0  0820               	movf	I2C1_SlaveSetWriteIntHandler@handler,w
  8552     17C1  0022               	movlb	2	; select bank2
  8553     17C2  00D3               	movwf	_I2C1_SlaveWrInterruptHandler^(0+256)
  8554     17C3  0008               	return
  8555     17C4                     __end_of_I2C1_SlaveSetWriteIntHandler:
  8556                           
  8557                           	psect	text22
  8558     17B2                     __ptext22:	
  8559 ;; *************** function _I2C1_SlaveSetWrColIntHandler *****************
  8560 ;; Defined at:
  8561 ;;		line 279 in file "mcc_generated_files/i2c1_slave.c"
  8562 ;; Parameters:    Size  Location     Type
  8563 ;;  handler         2    0[BANK0 ] PTR FTN()void 
  8564 ;;		 -> I2C1_SlaveDefWrColInterruptHandler(1), 
  8565 ;; Auto vars:     Size  Location     Type
  8566 ;;		None
  8567 ;; Return value:  Size  Location     Type
  8568 ;;                  1    wreg      void 
  8569 ;; Registers used:
  8570 ;;		wreg
  8571 ;; Tracked objects:
  8572 ;;		On entry : 0/0
  8573 ;;		On exit  : 0/0
  8574 ;;		Unchanged: 0/0
  8575 ;; Data sizes:     COMMON   BANK0   BANK1   BANK2   BANK3   BANK4   BANK5   BANK6   BANK7   BANK8   BANK9  BANK10  BANK1
      +1  BANK12  BANK13  BANK14  BANK15  BANK16  BANK17  BANK18  BANK19  BANK20  BANK21  BANK22  BANK23  BANK24  BANK25
  8576 ;;      Params:         0       2       0       0       0       0       0       0       0       0       0       0       
      +0       0       0       0       0       0       0       0       0       0       0       0       0       0       0
  8577 ;;      Locals:         0       0       0       0       0       0       0       0       0       0       0       0       
      +0       0       0       0       0       0       0       0       0       0       0       0       0       0       0
  8578 ;;      Temps:          0       0       0       0       0       0       0       0       0       0       0       0       
      +0       0       0       0       0       0       0       0       0       0       0       0       0       0       0
  8579 ;;      Totals:         0       2       0       0       0       0       0       0       0       0       0       0       
      +0       0       0       0       0       0       0       0       0       0       0       0       0       0       0
  8580 ;;Total ram usage:        2 bytes
  8581 ;; Hardware stack levels used: 1
  8582 ;; Hardware stack levels required when called: 6
  8583 ;; This function calls:
  8584 ;;		Nothing
  8585 ;; This function is called by:
  8586 ;;		_I2C1_Open
  8587 ;; This function uses a non-reentrant model
  8588 ;;
  8589                           
  8590     17B2                     _I2C1_SlaveSetWrColIntHandler:	
  8591                           ;psect for function _I2C1_SlaveSetWrColIntHandler
  8592                           
  8593                           
  8594                           ;mcc_generated_files/i2c1_slave.c: 280:     I2C1_SlaveWrColInterruptHandler = handler;
  8595                           
  8596                           ;incstack = 0
  8597                           ; Regs used in _I2C1_SlaveSetWrColIntHandler: [wreg]
  8598     17B2  0020               	movlb	0	; select bank0
  8599     17B3  0821               	movf	I2C1_SlaveSetWrColIntHandler@handler+1,w
  8600     17B4  0022               	movlb	2	; select bank2
  8601     17B5  00CE               	movwf	(_I2C1_SlaveWrColInterruptHandler+1)^(0+256)
  8602     17B6  0020               	movlb	0	; select bank0
  8603     17B7  0820               	movf	I2C1_SlaveSetWrColIntHandler@handler,w
  8604     17B8  0022               	movlb	2	; select bank2
  8605     17B9  00CD               	movwf	_I2C1_SlaveWrColInterruptHandler^(0+256)
  8606     17BA  0008               	return
  8607     17BB                     __end_of_I2C1_SlaveSetWrColIntHandler:
  8608                           
  8609                           	psect	text23
  8610     1772                     __ptext23:	
  8611 ;; *************** function _I2C1_SlaveSetSlaveMask *****************
  8612 ;; Defined at:
  8613 ;;		line 336 in file "mcc_generated_files/i2c1_slave.c"
  8614 ;; Parameters:    Size  Location     Type
  8615 ;;  maskAddr        1    wreg     unsigned char 
  8616 ;; Auto vars:     Size  Location     Type
  8617 ;;  maskAddr        1    0[BANK0 ] unsigned char 
  8618 ;; Return value:  Size  Location     Type
  8619 ;;                  1    wreg      void 
  8620 ;; Registers used:
  8621 ;;		wreg, status,2, status,0
  8622 ;; Tracked objects:
  8623 ;;		On entry : 0/0
  8624 ;;		On exit  : 0/0
  8625 ;;		Unchanged: 0/0
  8626 ;; Data sizes:     COMMON   BANK0   BANK1   BANK2   BANK3   BANK4   BANK5   BANK6   BANK7   BANK8   BANK9  BANK10  BANK1
      +1  BANK12  BANK13  BANK14  BANK15  BANK16  BANK17  BANK18  BANK19  BANK20  BANK21  BANK22  BANK23  BANK24  BANK25
  8627 ;;      Params:         0       0       0       0       0       0       0       0       0       0       0       0       
      +0       0       0       0       0       0       0       0       0       0       0       0       0       0       0
  8628 ;;      Locals:         0       1       0       0       0       0       0       0       0       0       0       0       
      +0       0       0       0       0       0       0       0       0       0       0       0       0       0       0
  8629 ;;      Temps:          0       0       0       0       0       0       0       0       0       0       0       0       
      +0       0       0       0       0       0       0       0       0       0       0       0       0       0       0
  8630 ;;      Totals:         0       1       0       0       0       0       0       0       0       0       0       0       
      +0       0       0       0       0       0       0       0       0       0       0       0       0       0       0
  8631 ;;Total ram usage:        1 bytes
  8632 ;; Hardware stack levels used: 1
  8633 ;; Hardware stack levels required when called: 6
  8634 ;; This function calls:
  8635 ;;		Nothing
  8636 ;; This function is called by:
  8637 ;;		_I2C1_Open
  8638 ;; This function uses a non-reentrant model
  8639 ;;
  8640                           
  8641     1772                     _I2C1_SlaveSetSlaveMask:	
  8642                           ;psect for function _I2C1_SlaveSetSlaveMask
  8643                           
  8644                           
  8645                           ;incstack = 0
  8646                           ; Regs used in _I2C1_SlaveSetSlaveMask: [wreg+status,2+status,0]
  8647                           ;I2C1_SlaveSetSlaveMask@maskAddr stored from wreg
  8648     1772  0020               	movlb	0	; select bank0
  8649     1773  00A0               	movwf	I2C1_SlaveSetSlaveMask@maskAddr
  8650                           
  8651                           ;mcc_generated_files/i2c1_slave.c: 336: static __attribute__((inline)) void I2C1_SlaveSe
      +                          tSlaveMask(uint8_t maskAddr);mcc_generated_files/i2c1_slave.c: 337: {;mcc_generated_file
      +                          s/i2c1_slave.c: 338:     SSP1MSK = (uint8_t) (maskAddr << 1);
  8652     1774  3520               	lslf	I2C1_SlaveSetSlaveMask@maskAddr,w
  8653     1775  0024               	movlb	4	; select bank4
  8654     1776  0093               	movwf	19	;volatile
  8655     1777  0008               	return
  8656     1778                     __end_of_I2C1_SlaveSetSlaveMask:
  8657                           
  8658                           	psect	text24
  8659     176C                     __ptext24:	
  8660 ;; *************** function _I2C1_SlaveSetSlaveAddr *****************
  8661 ;; Defined at:
  8662 ;;		line 331 in file "mcc_generated_files/i2c1_slave.c"
  8663 ;; Parameters:    Size  Location     Type
  8664 ;;  slaveAddr       1    wreg     unsigned char 
  8665 ;; Auto vars:     Size  Location     Type
  8666 ;;  slaveAddr       1    0[BANK0 ] unsigned char 
  8667 ;; Return value:  Size  Location     Type
  8668 ;;                  1    wreg      void 
  8669 ;; Registers used:
  8670 ;;		wreg, status,2, status,0
  8671 ;; Tracked objects:
  8672 ;;		On entry : 0/0
  8673 ;;		On exit  : 0/0
  8674 ;;		Unchanged: 0/0
  8675 ;; Data sizes:     COMMON   BANK0   BANK1   BANK2   BANK3   BANK4   BANK5   BANK6   BANK7   BANK8   BANK9  BANK10  BANK1
      +1  BANK12  BANK13  BANK14  BANK15  BANK16  BANK17  BANK18  BANK19  BANK20  BANK21  BANK22  BANK23  BANK24  BANK25
  8676 ;;      Params:         0       0       0       0       0       0       0       0       0       0       0       0       
      +0       0       0       0       0       0       0       0       0       0       0       0       0       0       0
  8677 ;;      Locals:         0       1       0       0       0       0       0       0       0       0       0       0       
      +0       0       0       0       0       0       0       0       0       0       0       0       0       0       0
  8678 ;;      Temps:          0       0       0       0       0       0       0       0       0       0       0       0       
      +0       0       0       0       0       0       0       0       0       0       0       0       0       0       0
  8679 ;;      Totals:         0       1       0       0       0       0       0       0       0       0       0       0       
      +0       0       0       0       0       0       0       0       0       0       0       0       0       0       0
  8680 ;;Total ram usage:        1 bytes
  8681 ;; Hardware stack levels used: 1
  8682 ;; Hardware stack levels required when called: 6
  8683 ;; This function calls:
  8684 ;;		Nothing
  8685 ;; This function is called by:
  8686 ;;		_I2C1_Open
  8687 ;; This function uses a non-reentrant model
  8688 ;;
  8689                           
  8690     176C                     _I2C1_SlaveSetSlaveAddr:	
  8691                           ;psect for function _I2C1_SlaveSetSlaveAddr
  8692                           
  8693                           
  8694                           ;incstack = 0
  8695                           ; Regs used in _I2C1_SlaveSetSlaveAddr: [wreg+status,2+status,0]
  8696                           ;I2C1_SlaveSetSlaveAddr@slaveAddr stored from wreg
  8697     176C  0020               	movlb	0	; select bank0
  8698     176D  00A0               	movwf	I2C1_SlaveSetSlaveAddr@slaveAddr
  8699                           
  8700                           ;mcc_generated_files/i2c1_slave.c: 331: static __attribute__((inline)) void I2C1_SlaveSe
      +                          tSlaveAddr(uint8_t slaveAddr);mcc_generated_files/i2c1_slave.c: 332: {;mcc_generated_fil
      +                          es/i2c1_slave.c: 333:     SSP1ADD = (uint8_t) (slaveAddr << 1);
  8701     176E  3520               	lslf	I2C1_SlaveSetSlaveAddr@slaveAddr,w
  8702     176F  0024               	movlb	4	; select bank4
  8703     1770  0092               	movwf	18	;volatile
  8704     1771  0008               	return
  8705     1772                     __end_of_I2C1_SlaveSetSlaveAddr:
  8706                           
  8707                           	psect	text25
  8708     17A9                     __ptext25:	
  8709 ;; *************** function _I2C1_SlaveSetReadIntHandler *****************
  8710 ;; Defined at:
  8711 ;;		line 229 in file "mcc_generated_files/i2c1_slave.c"
  8712 ;; Parameters:    Size  Location     Type
  8713 ;;  handler         2    0[BANK0 ] PTR FTN()void 
  8714 ;;		 -> I2C_SlaveReceiveCallbackHandler(1), I2C1_SlaveDefRdInterruptHandler(1), 
  8715 ;; Auto vars:     Size  Location     Type
  8716 ;;		None
  8717 ;; Return value:  Size  Location     Type
  8718 ;;                  1    wreg      void 
  8719 ;; Registers used:
  8720 ;;		wreg
  8721 ;; Tracked objects:
  8722 ;;		On entry : 0/0
  8723 ;;		On exit  : 0/0
  8724 ;;		Unchanged: 0/0
  8725 ;; Data sizes:     COMMON   BANK0   BANK1   BANK2   BANK3   BANK4   BANK5   BANK6   BANK7   BANK8   BANK9  BANK10  BANK1
      +1  BANK12  BANK13  BANK14  BANK15  BANK16  BANK17  BANK18  BANK19  BANK20  BANK21  BANK22  BANK23  BANK24  BANK25
  8726 ;;      Params:         0       2       0       0       0       0       0       0       0       0       0       0       
      +0       0       0       0       0       0       0       0       0       0       0       0       0       0       0
  8727 ;;      Locals:         0       0       0       0       0       0       0       0       0       0       0       0       
      +0       0       0       0       0       0       0       0       0       0       0       0       0       0       0
  8728 ;;      Temps:          0       0       0       0       0       0       0       0       0       0       0       0       
      +0       0       0       0       0       0       0       0       0       0       0       0       0       0       0
  8729 ;;      Totals:         0       2       0       0       0       0       0       0       0       0       0       0       
      +0       0       0       0       0       0       0       0       0       0       0       0       0       0       0
  8730 ;;Total ram usage:        2 bytes
  8731 ;; Hardware stack levels used: 1
  8732 ;; Hardware stack levels required when called: 6
  8733 ;; This function calls:
  8734 ;;		Nothing
  8735 ;; This function is called by:
  8736 ;;		_I2C1_Open
  8737 ;;		_I2C_Initialize
  8738 ;; This function uses a non-reentrant model
  8739 ;;
  8740                           
  8741     17A9                     _I2C1_SlaveSetReadIntHandler:	
  8742                           ;psect for function _I2C1_SlaveSetReadIntHandler
  8743                           
  8744                           
  8745                           ;mcc_generated_files/i2c1_slave.c: 230:     I2C1_SlaveRdInterruptHandler = handler;
  8746                           
  8747                           ;incstack = 0
  8748                           ; Regs used in _I2C1_SlaveSetReadIntHandler: [wreg]
  8749     17A9  0020               	movlb	0	; select bank0
  8750     17AA  0821               	movf	I2C1_SlaveSetReadIntHandler@handler+1,w
  8751     17AB  0022               	movlb	2	; select bank2
  8752     17AC  00D6               	movwf	(_I2C1_SlaveRdInterruptHandler+1)^(0+256)
  8753     17AD  0020               	movlb	0	; select bank0
  8754     17AE  0820               	movf	I2C1_SlaveSetReadIntHandler@handler,w
  8755     17AF  0022               	movlb	2	; select bank2
  8756     17B0  00D5               	movwf	_I2C1_SlaveRdInterruptHandler^(0+256)
  8757     17B1  0008               	return
  8758     17B2                     __end_of_I2C1_SlaveSetReadIntHandler:
  8759                           
  8760                           	psect	text26
  8761     17A0                     __ptext26:	
  8762 ;; *************** function _I2C1_SlaveSetIsrHandler *****************
  8763 ;; Defined at:
  8764 ;;		line 223 in file "mcc_generated_files/i2c1_slave.c"
  8765 ;; Parameters:    Size  Location     Type
  8766 ;;  handler         2    0[BANK0 ] PTR FTN()void 
  8767 ;;		 -> I2C1_Isr(1), 
  8768 ;; Auto vars:     Size  Location     Type
  8769 ;;		None
  8770 ;; Return value:  Size  Location     Type
  8771 ;;                  1    wreg      void 
  8772 ;; Registers used:
  8773 ;;		wreg
  8774 ;; Tracked objects:
  8775 ;;		On entry : 0/0
  8776 ;;		On exit  : 0/0
  8777 ;;		Unchanged: 0/0
  8778 ;; Data sizes:     COMMON   BANK0   BANK1   BANK2   BANK3   BANK4   BANK5   BANK6   BANK7   BANK8   BANK9  BANK10  BANK1
      +1  BANK12  BANK13  BANK14  BANK15  BANK16  BANK17  BANK18  BANK19  BANK20  BANK21  BANK22  BANK23  BANK24  BANK25
  8779 ;;      Params:         0       2       0       0       0       0       0       0       0       0       0       0       
      +0       0       0       0       0       0       0       0       0       0       0       0       0       0       0
  8780 ;;      Locals:         0       0       0       0       0       0       0       0       0       0       0       0       
      +0       0       0       0       0       0       0       0       0       0       0       0       0       0       0
  8781 ;;      Temps:          0       0       0       0       0       0       0       0       0       0       0       0       
      +0       0       0       0       0       0       0       0       0       0       0       0       0       0       0
  8782 ;;      Totals:         0       2       0       0       0       0       0       0       0       0       0       0       
      +0       0       0       0       0       0       0       0       0       0       0       0       0       0       0
  8783 ;;Total ram usage:        2 bytes
  8784 ;; Hardware stack levels used: 1
  8785 ;; Hardware stack levels required when called: 6
  8786 ;; This function calls:
  8787 ;;		Nothing
  8788 ;; This function is called by:
  8789 ;;		_I2C1_Open
  8790 ;; This function uses a non-reentrant model
  8791 ;;
  8792                           
  8793     17A0                     _I2C1_SlaveSetIsrHandler:	
  8794                           ;psect for function _I2C1_SlaveSetIsrHandler
  8795                           
  8796                           
  8797                           ;mcc_generated_files/i2c1_slave.c: 223: void I2C1_SlaveSetIsrHandler(i2c1InterruptHandle
      +                          r handler);mcc_generated_files/i2c1_slave.c: 224: {;mcc_generated_files/i2c1_slave.c: 22
      +                          5:     MSSP1_InterruptHandler = handler;
  8798                           
  8799                           ;incstack = 0
  8800                           ; Regs used in _I2C1_SlaveSetIsrHandler: [wreg]
  8801     17A0  0020               	movlb	0	; select bank0
  8802     17A1  0821               	movf	I2C1_SlaveSetIsrHandler@handler+1,w
  8803     17A2  0022               	movlb	2	; select bank2
  8804     17A3  00D8               	movwf	(_MSSP1_InterruptHandler+1)^(0+256)
  8805     17A4  0020               	movlb	0	; select bank0
  8806     17A5  0820               	movf	I2C1_SlaveSetIsrHandler@handler,w
  8807     17A6  0022               	movlb	2	; select bank2
  8808     17A7  00D7               	movwf	_MSSP1_InterruptHandler^(0+256)
  8809     17A8  0008               	return
  8810     17A9                     __end_of_I2C1_SlaveSetIsrHandler:
  8811                           
  8812                           	psect	text27
  8813     1797                     __ptext27:	
  8814 ;; *************** function _I2C1_SlaveSetBusColIntHandler *****************
  8815 ;; Defined at:
  8816 ;;		line 295 in file "mcc_generated_files/i2c1_slave.c"
  8817 ;; Parameters:    Size  Location     Type
  8818 ;;  handler         2    0[BANK0 ] PTR FTN()void 
  8819 ;;		 -> I2C_SlaveCollisionCallbackHandler(1), I2C1_SlaveDefBusColInterruptHandler(1), 
  8820 ;; Auto vars:     Size  Location     Type
  8821 ;;		None
  8822 ;; Return value:  Size  Location     Type
  8823 ;;                  1    wreg      void 
  8824 ;; Registers used:
  8825 ;;		wreg
  8826 ;; Tracked objects:
  8827 ;;		On entry : 0/0
  8828 ;;		On exit  : 0/0
  8829 ;;		Unchanged: 0/0
  8830 ;; Data sizes:     COMMON   BANK0   BANK1   BANK2   BANK3   BANK4   BANK5   BANK6   BANK7   BANK8   BANK9  BANK10  BANK1
      +1  BANK12  BANK13  BANK14  BANK15  BANK16  BANK17  BANK18  BANK19  BANK20  BANK21  BANK22  BANK23  BANK24  BANK25
  8831 ;;      Params:         0       2       0       0       0       0       0       0       0       0       0       0       
      +0       0       0       0       0       0       0       0       0       0       0       0       0       0       0
  8832 ;;      Locals:         0       0       0       0       0       0       0       0       0       0       0       0       
      +0       0       0       0       0       0       0       0       0       0       0       0       0       0       0
  8833 ;;      Temps:          0       0       0       0       0       0       0       0       0       0       0       0       
      +0       0       0       0       0       0       0       0       0       0       0       0       0       0       0
  8834 ;;      Totals:         0       2       0       0       0       0       0       0       0       0       0       0       
      +0       0       0       0       0       0       0       0       0       0       0       0       0       0       0
  8835 ;;Total ram usage:        2 bytes
  8836 ;; Hardware stack levels used: 1
  8837 ;; Hardware stack levels required when called: 6
  8838 ;; This function calls:
  8839 ;;		Nothing
  8840 ;; This function is called by:
  8841 ;;		_I2C1_Open
  8842 ;;		_I2C_Initialize
  8843 ;; This function uses a non-reentrant model
  8844 ;;
  8845                           
  8846     1797                     _I2C1_SlaveSetBusColIntHandler:	
  8847                           ;psect for function _I2C1_SlaveSetBusColIntHandler
  8848                           
  8849                           
  8850                           ;mcc_generated_files/i2c1_slave.c: 296:     I2C1_SlaveBusColInterruptHandler = handler;
  8851                           
  8852                           ;incstack = 0
  8853                           ; Regs used in _I2C1_SlaveSetBusColIntHandler: [wreg]
  8854     1797  0020               	movlb	0	; select bank0
  8855     1798  0821               	movf	I2C1_SlaveSetBusColIntHandler@handler+1,w
  8856     1799  0022               	movlb	2	; select bank2
  8857     179A  00D0               	movwf	(_I2C1_SlaveBusColInterruptHandler+1)^(0+256)
  8858     179B  0020               	movlb	0	; select bank0
  8859     179C  0820               	movf	I2C1_SlaveSetBusColIntHandler@handler,w
  8860     179D  0022               	movlb	2	; select bank2
  8861     179E  00CF               	movwf	_I2C1_SlaveBusColInterruptHandler^(0+256)
  8862     179F  0008               	return
  8863     17A0                     __end_of_I2C1_SlaveSetBusColIntHandler:
  8864                           
  8865                           	psect	text28
  8866     178E                     __ptext28:	
  8867 ;; *************** function _I2C1_SlaveSetAddrIntHandler *****************
  8868 ;; Defined at:
  8869 ;;		line 263 in file "mcc_generated_files/i2c1_slave.c"
  8870 ;; Parameters:    Size  Location     Type
  8871 ;;  handler         2    0[BANK0 ] PTR FTN()void 
  8872 ;;		 -> I2C_SlaveAddressCallbackHandler(1), I2C1_SlaveDefAddrInterruptHandler(1), 
  8873 ;; Auto vars:     Size  Location     Type
  8874 ;;		None
  8875 ;; Return value:  Size  Location     Type
  8876 ;;                  1    wreg      void 
  8877 ;; Registers used:
  8878 ;;		wreg
  8879 ;; Tracked objects:
  8880 ;;		On entry : 0/0
  8881 ;;		On exit  : 0/0
  8882 ;;		Unchanged: 0/0
  8883 ;; Data sizes:     COMMON   BANK0   BANK1   BANK2   BANK3   BANK4   BANK5   BANK6   BANK7   BANK8   BANK9  BANK10  BANK1
      +1  BANK12  BANK13  BANK14  BANK15  BANK16  BANK17  BANK18  BANK19  BANK20  BANK21  BANK22  BANK23  BANK24  BANK25
  8884 ;;      Params:         0       2       0       0       0       0       0       0       0       0       0       0       
      +0       0       0       0       0       0       0       0       0       0       0       0       0       0       0
  8885 ;;      Locals:         0       0       0       0       0       0       0       0       0       0       0       0       
      +0       0       0       0       0       0       0       0       0       0       0       0       0       0       0
  8886 ;;      Temps:          0       0       0       0       0       0       0       0       0       0       0       0       
      +0       0       0       0       0       0       0       0       0       0       0       0       0       0       0
  8887 ;;      Totals:         0       2       0       0       0       0       0       0       0       0       0       0       
      +0       0       0       0       0       0       0       0       0       0       0       0       0       0       0
  8888 ;;Total ram usage:        2 bytes
  8889 ;; Hardware stack levels used: 1
  8890 ;; Hardware stack levels required when called: 6
  8891 ;; This function calls:
  8892 ;;		Nothing
  8893 ;; This function is called by:
  8894 ;;		_I2C1_Open
  8895 ;;		_I2C_Initialize
  8896 ;; This function uses a non-reentrant model
  8897 ;;
  8898                           
  8899     178E                     _I2C1_SlaveSetAddrIntHandler:	
  8900                           ;psect for function _I2C1_SlaveSetAddrIntHandler
  8901                           
  8902                           
  8903                           ;mcc_generated_files/i2c1_slave.c: 264:     I2C1_SlaveAddrInterruptHandler = handler;
  8904                           
  8905                           ;incstack = 0
  8906                           ; Regs used in _I2C1_SlaveSetAddrIntHandler: [wreg]
  8907     178E  0020               	movlb	0	; select bank0
  8908     178F  0821               	movf	I2C1_SlaveSetAddrIntHandler@handler+1,w
  8909     1790  0022               	movlb	2	; select bank2
  8910     1791  00D2               	movwf	(_I2C1_SlaveAddrInterruptHandler+1)^(0+256)
  8911     1792  0020               	movlb	0	; select bank0
  8912     1793  0820               	movf	I2C1_SlaveSetAddrIntHandler@handler,w
  8913     1794  0022               	movlb	2	; select bank2
  8914     1795  00D1               	movwf	_I2C1_SlaveAddrInterruptHandler^(0+256)
  8915     1796  0008               	return
  8916     1797                     __end_of_I2C1_SlaveSetAddrIntHandler:
  8917                           
  8918                           	psect	text29
  8919     0855                     __ptext29:	
  8920 ;; *************** function _I2C1_SlaveOpen *****************
  8921 ;; Defined at:
  8922 ;;		line 310 in file "mcc_generated_files/i2c1_slave.c"
  8923 ;; Parameters:    Size  Location     Type
  8924 ;;		None
  8925 ;; Auto vars:     Size  Location     Type
  8926 ;;		None
  8927 ;; Return value:  Size  Location     Type
  8928 ;;                  1    wreg      _Bool 
  8929 ;; Registers used:
  8930 ;;		wreg, status,2, status,0
  8931 ;; Tracked objects:
  8932 ;;		On entry : 0/0
  8933 ;;		On exit  : 0/0
  8934 ;;		Unchanged: 0/0
  8935 ;; Data sizes:     COMMON   BANK0   BANK1   BANK2   BANK3   BANK4   BANK5   BANK6   BANK7   BANK8   BANK9  BANK10  BANK1
      +1  BANK12  BANK13  BANK14  BANK15  BANK16  BANK17  BANK18  BANK19  BANK20  BANK21  BANK22  BANK23  BANK24  BANK25
  8936 ;;      Params:         0       0       0       0       0       0       0       0       0       0       0       0       
      +0       0       0       0       0       0       0       0       0       0       0       0       0       0       0
  8937 ;;      Locals:         0       0       0       0       0       0       0       0       0       0       0       0       
      +0       0       0       0       0       0       0       0       0       0       0       0       0       0       0
  8938 ;;      Temps:          0       1       0       0       0       0       0       0       0       0       0       0       
      +0       0       0       0       0       0       0       0       0       0       0       0       0       0       0
  8939 ;;      Totals:         0       1       0       0       0       0       0       0       0       0       0       0       
      +0       0       0       0       0       0       0       0       0       0       0       0       0       0       0
  8940 ;;Total ram usage:        1 bytes
  8941 ;; Hardware stack levels used: 1
  8942 ;; Hardware stack levels required when called: 6
  8943 ;; This function calls:
  8944 ;;		Nothing
  8945 ;; This function is called by:
  8946 ;;		_I2C1_Open
  8947 ;; This function uses a non-reentrant model
  8948 ;;
  8949                           
  8950     0855                     _I2C1_SlaveOpen:	
  8951                           ;psect for function _I2C1_SlaveOpen
  8952                           
  8953                           
  8954                           ;mcc_generated_files/i2c1_slave.c: 312:     if(!SSP1CON1bits.SSPEN)
  8955                           
  8956                           ;incstack = 0
  8957                           ; Regs used in _I2C1_SlaveOpen: [wreg+status,2+status,0]
  8958     0855  0024               	movlb	4	; select bank4
  8959     0856  1A95               	btfsc	21,5	;volatile
  8960     0857  0008               	return
  8961                           
  8962                           ;mcc_generated_files/i2c1_slave.c: 313:     {;mcc_generated_files/i2c1_slave.c: 314:    
      +                               SSP1STAT = 0x00;
  8963     0858  0194               	clrf	20	;volatile
  8964                           
  8965                           ;mcc_generated_files/i2c1_slave.c: 315:         SSP1CON1 |= 0x06;
  8966     0859  3006               	movlw	6
  8967     085A  0020               	movlb	0	; select bank0
  8968     085B  00A0               	movwf	??_I2C1_SlaveOpen
  8969     085C  0820               	movf	??_I2C1_SlaveOpen,w
  8970     085D  0024               	movlb	4	; select bank4
  8971     085E  0495               	iorwf	21,f	;volatile
  8972                           
  8973                           ;mcc_generated_files/i2c1_slave.c: 316:         SSP1CON2 = 0x01;
  8974     085F  3001               	movlw	1
  8975     0860  0096               	movwf	22	;volatile
  8976                           
  8977                           ;mcc_generated_files/i2c1_slave.c: 317:         SSP1CON1bits.SSPEN = 1;
  8978     0861  1695               	bsf	21,5	;volatile
  8979     0862  0008               	return
  8980     0863                     __end_of_I2C1_SlaveOpen:
  8981                           
  8982                           	psect	text30
  8983     173B                     __ptext30:	
  8984 ;; *************** function _I2C1_SlaveEnableIrq *****************
  8985 ;; Defined at:
  8986 ;;		line 341 in file "mcc_generated_files/i2c1_slave.c"
  8987 ;; Parameters:    Size  Location     Type
  8988 ;;		None
  8989 ;; Auto vars:     Size  Location     Type
  8990 ;;		None
  8991 ;; Return value:  Size  Location     Type
  8992 ;;                  1    wreg      void 
  8993 ;; Registers used:
  8994 ;;		None
  8995 ;; Tracked objects:
  8996 ;;		On entry : 0/0
  8997 ;;		On exit  : 0/0
  8998 ;;		Unchanged: 0/0
  8999 ;; Data sizes:     COMMON   BANK0   BANK1   BANK2   BANK3   BANK4   BANK5   BANK6   BANK7   BANK8   BANK9  BANK10  BANK1
      +1  BANK12  BANK13  BANK14  BANK15  BANK16  BANK17  BANK18  BANK19  BANK20  BANK21  BANK22  BANK23  BANK24  BANK25
  9000 ;;      Params:         0       0       0       0       0       0       0       0       0       0       0       0       
      +0       0       0       0       0       0       0       0       0       0       0       0       0       0       0
  9001 ;;      Locals:         0       0       0       0       0       0       0       0       0       0       0       0       
      +0       0       0       0       0       0       0       0       0       0       0       0       0       0       0
  9002 ;;      Temps:          0       0       0       0       0       0       0       0       0       0       0       0       
      +0       0       0       0       0       0       0       0       0       0       0       0       0       0       0
  9003 ;;      Totals:         0       0       0       0       0       0       0       0       0       0       0       0       
      +0       0       0       0       0       0       0       0       0       0       0       0       0       0       0
  9004 ;;Total ram usage:        0 bytes
  9005 ;; Hardware stack levels used: 1
  9006 ;; Hardware stack levels required when called: 6
  9007 ;; This function calls:
  9008 ;;		Nothing
  9009 ;; This function is called by:
  9010 ;;		_I2C1_Open
  9011 ;; This function uses a non-reentrant model
  9012 ;;
  9013                           
  9014     173B                     _I2C1_SlaveEnableIrq:	
  9015                           ;psect for function _I2C1_SlaveEnableIrq
  9016                           
  9017                           
  9018                           ;mcc_generated_files/i2c1_slave.c: 343:     PIE1bits.SSP1IE = 1;
  9019                           
  9020                           ;incstack = 0
  9021                           ; Regs used in _I2C1_SlaveEnableIrq: []
  9022     173B  0021               	movlb	1	; select bank1
  9023     173C  1591               	bsf	17,3	;volatile
  9024     173D  0008               	return
  9025     173E                     __end_of_I2C1_SlaveEnableIrq:
  9026                           
  9027                           	psect	text31
  9028     0824                     __ptext31:	
  9029 ;; *************** function _I2C1_Initialize *****************
  9030 ;; Defined at:
  9031 ;;		line 108 in file "mcc_generated_files/i2c1_slave.c"
  9032 ;; Parameters:    Size  Location     Type
  9033 ;;		None
  9034 ;; Auto vars:     Size  Location     Type
  9035 ;;		None
  9036 ;; Return value:  Size  Location     Type
  9037 ;;                  1    wreg      void 
  9038 ;; Registers used:
  9039 ;;		wreg, status,2, status,0
  9040 ;; Tracked objects:
  9041 ;;		On entry : 0/0
  9042 ;;		On exit  : 0/0
  9043 ;;		Unchanged: 0/0
  9044 ;; Data sizes:     COMMON   BANK0   BANK1   BANK2   BANK3   BANK4   BANK5   BANK6   BANK7   BANK8   BANK9  BANK10  BANK1
      +1  BANK12  BANK13  BANK14  BANK15  BANK16  BANK17  BANK18  BANK19  BANK20  BANK21  BANK22  BANK23  BANK24  BANK25
  9045 ;;      Params:         0       0       0       0       0       0       0       0       0       0       0       0       
      +0       0       0       0       0       0       0       0       0       0       0       0       0       0       0
  9046 ;;      Locals:         0       0       0       0       0       0       0       0       0       0       0       0       
      +0       0       0       0       0       0       0       0       0       0       0       0       0       0       0
  9047 ;;      Temps:          0       1       0       0       0       0       0       0       0       0       0       0       
      +0       0       0       0       0       0       0       0       0       0       0       0       0       0       0
  9048 ;;      Totals:         0       1       0       0       0       0       0       0       0       0       0       0       
      +0       0       0       0       0       0       0       0       0       0       0       0       0       0       0
  9049 ;;Total ram usage:        1 bytes
  9050 ;; Hardware stack levels used: 1
  9051 ;; Hardware stack levels required when called: 6
  9052 ;; This function calls:
  9053 ;;		Nothing
  9054 ;; This function is called by:
  9055 ;;		_SYSTEM_Initialize
  9056 ;;		_I2C_Initialize
  9057 ;;		_I2C1_Enable
  9058 ;; This function uses a non-reentrant model
  9059 ;;
  9060                           
  9061     0824                     _I2C1_Initialize:	
  9062                           ;psect for function _I2C1_Initialize
  9063                           
  9064                           
  9065                           ;mcc_generated_files/i2c1_slave.c: 110:     SSP1STAT = 0x00;
  9066                           
  9067                           ;incstack = 0
  9068                           ; Regs used in _I2C1_Initialize: [wreg+status,2+status,0]
  9069     0824  0024               	movlb	4	; select bank4
  9070     0825  0194               	clrf	20	;volatile
  9071                           
  9072                           ;mcc_generated_files/i2c1_slave.c: 111:     SSP1CON1 |= 0x06;
  9073     0826  3006               	movlw	6
  9074     0827  0020               	movlb	0	; select bank0
  9075     0828  00A0               	movwf	??_I2C1_Initialize
  9076     0829  0820               	movf	??_I2C1_Initialize,w
  9077     082A  0024               	movlb	4	; select bank4
  9078     082B  0495               	iorwf	21,f	;volatile
  9079                           
  9080                           ;mcc_generated_files/i2c1_slave.c: 112:     SSP1CON2 = 0x01;
  9081     082C  3001               	movlw	1
  9082     082D  0096               	movwf	22	;volatile
  9083                           
  9084                           ;mcc_generated_files/i2c1_slave.c: 113:     SSP1CON1bits.SSPEN = 0;
  9085     082E  1295               	bcf	21,5	;volatile
  9086     082F  0008               	return
  9087     0830                     __end_of_I2C1_Initialize:
  9088                           
  9089                           	psect	text32
  9090     0B31                     __ptext32:	
  9091 ;; *************** function _CW_Initialize *****************
  9092 ;; Defined at:
  9093 ;;		line 226 in file "D:/Microchip/MPLABProjects/PSoC3-PCIe-MKIII.X/main.c"
  9094 ;; Parameters:    Size  Location     Type
  9095 ;;		None
  9096 ;; Auto vars:     Size  Location     Type
  9097 ;;  wpm             4    0        float 
  9098 ;; Return value:  Size  Location     Type
  9099 ;;                  1    wreg      void 
  9100 ;; Registers used:
  9101 ;;		wreg, fsr1l, fsr1h, status,2, status,0, pclath, cstack
  9102 ;; Tracked objects:
  9103 ;;		On entry : 0/0
  9104 ;;		On exit  : 0/0
  9105 ;;		Unchanged: 0/0
  9106 ;; Data sizes:     COMMON   BANK0   BANK1   BANK2   BANK3   BANK4   BANK5   BANK6   BANK7   BANK8   BANK9  BANK10  BANK1
      +1  BANK12  BANK13  BANK14  BANK15  BANK16  BANK17  BANK18  BANK19  BANK20  BANK21  BANK22  BANK23  BANK24  BANK25
  9107 ;;      Params:         0       0       0       0       0       0       0       0       0       0       0       0       
      +0       0       0       0       0       0       0       0       0       0       0       0       0       0       0
  9108 ;;      Locals:         0       0       0       0       0       0       0       0       0       0       0       0       
      +0       0       0       0       0       0       0       0       0       0       0       0       0       0       0
  9109 ;;      Temps:          0       0       0       0       0       0       0       0       0       0       0       0       
      +0       0       0       0       0       0       0       0       0       0       0       0       0       0       0
  9110 ;;      Totals:         0       0       0       0       0       0       0       0       0       0       0       0       
      +0       0       0       0       0       0       0       0       0       0       0       0       0       0       0
  9111 ;;Total ram usage:        0 bytes
  9112 ;; Hardware stack levels used: 1
  9113 ;; Hardware stack levels required when called: 8
  9114 ;; This function calls:
  9115 ;;		___eetoc
  9116 ;;		___eetofl
  9117 ;;		_cfg_set_speed
  9118 ;; This function is called by:
  9119 ;;		_main
  9120 ;; This function uses a non-reentrant model
  9121 ;;
  9122                           
  9123     0B31                     _CW_Initialize:	
  9124                           ;psect for function _CW_Initialize
  9125                           
  9126                           
  9127                           ;D:/Microchip/MPLABProjects/PSoC3-PCIe-MKIII.X/main.c: 229:     cfg.speed_wpm = speed_wp
      +                          m__eeprom;
  9128                           
  9129                           ;incstack = 0
  9130                           ; Regs used in _CW_Initialize: [wreg+fsr1l+fsr1h+status,2+status,0+pclath+cstack]
  9131     0B31  3004               	movlw	(low _speed_wpm__eeprom)& (0+255)
  9132     0B32  3188  2086  318B   	fcall	___eetofl
  9133     0B35  0020               	movlb	0	; select bank0
  9134     0B36  0828               	movf	?___eetofl+3,w
  9135     0B37  0022               	movlb	2	; select bank2
  9136     0B38  00B3               	movwf	(_cfg+3)^(0+256)
  9137     0B39  0020               	movlb	0	; select bank0
  9138     0B3A  0827               	movf	?___eetofl+2,w
  9139     0B3B  0022               	movlb	2	; select bank2
  9140     0B3C  00B2               	movwf	(_cfg+2)^(0+256)
  9141     0B3D  0020               	movlb	0	; select bank0
  9142     0B3E  0826               	movf	?___eetofl+1,w
  9143     0B3F  0022               	movlb	2	; select bank2
  9144     0B40  00B1               	movwf	(_cfg+1)^(0+256)
  9145     0B41  0020               	movlb	0	; select bank0
  9146     0B42  0825               	movf	?___eetofl,w
  9147     0B43  0022               	movlb	2	; select bank2
  9148     0B44  00B0               	movwf	_cfg^(0+256)
  9149                           
  9150                           ;D:/Microchip/MPLABProjects/PSoC3-PCIe-MKIII.X/main.c: 230:     cfg.paddle = paddle__eep
      +                          rom;
  9151     0B45  300B               	movlw	(low _paddle__eeprom)& (0+255)
  9152     0B46  3188  2018  318B   	fcall	___eetoc
  9153     0B49  0022               	movlb	2	; select bank2
  9154     0B4A  00BB               	movwf	(_cfg^(0+256)+11)
  9155                           
  9156                           ;D:/Microchip/MPLABProjects/PSoC3-PCIe-MKIII.X/main.c: 231:     cfg.weight = weight__eep
      +                          rom;
  9157     0B4B  3000               	movlw	(low _weight__eeprom)& (0+255)
  9158     0B4C  3188  2086  318B   	fcall	___eetofl
  9159     0B4F  0020               	movlb	0	; select bank0
  9160     0B50  0828               	movf	?___eetofl+3,w
  9161     0B51  0022               	movlb	2	; select bank2
  9162     0B52  00BA               	movwf	((_cfg+3)^(0+256)+7)
  9163     0B53  0020               	movlb	0	; select bank0
  9164     0B54  0827               	movf	?___eetofl+2,w
  9165     0B55  0022               	movlb	2	; select bank2
  9166     0B56  00B9               	movwf	((_cfg+2)^(0+256)+7)
  9167     0B57  0020               	movlb	0	; select bank0
  9168     0B58  0826               	movf	?___eetofl+1,w
  9169     0B59  0022               	movlb	2	; select bank2
  9170     0B5A  00B8               	movwf	((_cfg+1)^(0+256)+7)
  9171     0B5B  0020               	movlb	0	; select bank0
  9172     0B5C  0825               	movf	?___eetofl,w
  9173     0B5D  0022               	movlb	2	; select bank2
  9174     0B5E  00B7               	movwf	(_cfg^(0+256)+7)
  9175                           
  9176                           ;D:/Microchip/MPLABProjects/PSoC3-PCIe-MKIII.X/main.c: 232:     cfg.mode = (int8_t) mode
      +                          __eeprom;
  9177     0B5F  300A               	movlw	(low _mode__eeprom)& (0+255)
  9178     0B60  3188  2018  318B   	fcall	___eetoc
  9179     0B63  0022               	movlb	2	; select bank2
  9180     0B64  00B4               	movwf	(_cfg^(0+256)+4)
  9181                           
  9182                           ;D:/Microchip/MPLABProjects/PSoC3-PCIe-MKIII.X/main.c: 233:     cfg.memory = (int8_t) me
      +                          mory__eeprom;
  9183     0B65  3009               	movlw	(low _memory__eeprom)& (0+255)
  9184     0B66  3188  2018  318B   	fcall	___eetoc
  9185     0B69  0022               	movlb	2	; select bank2
  9186     0B6A  00B5               	movwf	(_cfg^(0+256)+5)
  9187                           
  9188                           ;D:/Microchip/MPLABProjects/PSoC3-PCIe-MKIII.X/main.c: 234:     cfg.spacing = (int8_t) s
      +                          pacing__eeprom;
  9189     0B6B  3008               	movlw	(low _spacing__eeprom)& (0+255)
  9190     0B6C  3188  2018  318B   	fcall	___eetoc
  9191     0B6F  0022               	movlb	2	; select bank2
  9192     0B70  00B6               	movwf	(_cfg^(0+256)+6)
  9193                           
  9194                           ;D:/Microchip/MPLABProjects/PSoC3-PCIe-MKIII.X/main.c: 235:     cfg_set_speed(cfg.speed_
      +                          wpm);
  9195     0B71  0833               	movf	(_cfg+3)^(0+256),w
  9196     0B72  0021               	movlb	1	; select bank1
  9197     0B73  00D5               	movwf	(cfg_set_speed@wpm+3)^(0+128)
  9198     0B74  0022               	movlb	2	; select bank2
  9199     0B75  0832               	movf	(_cfg+2)^(0+256),w
  9200     0B76  0021               	movlb	1	; select bank1
  9201     0B77  00D4               	movwf	(cfg_set_speed@wpm+2)^(0+128)
  9202     0B78  0022               	movlb	2	; select bank2
  9203     0B79  0831               	movf	(_cfg+1)^(0+256),w
  9204     0B7A  0021               	movlb	1	; select bank1
  9205     0B7B  00D3               	movwf	(cfg_set_speed@wpm+1)^(0+128)
  9206     0B7C  0022               	movlb	2	; select bank2
  9207     0B7D  0830               	movf	_cfg^(0+256),w
  9208     0B7E  0021               	movlb	1	; select bank1
  9209     0B7F  00D2               	movwf	cfg_set_speed@wpm^(0+128)
  9210     0B80  318A  22EA         	fcall	_cfg_set_speed
  9211     0B82  0008               	return
  9212     0B83                     __end_of_CW_Initialize:
  9213                           
  9214                           	psect	text33
  9215     0886                     __ptext33:	
  9216 ;; *************** function ___eetofl *****************
  9217 ;; Defined at:
  9218 ;;		line 199 in file "C:\Program Files\Microchip\xc8\v2.45\pic\sources\c99\pic\__eeprom.c"
  9219 ;; Parameters:    Size  Location     Type
  9220 ;;  addr            1    wreg     PTR eeprom void 
  9221 ;;		 -> speed_wpm__eeprom(4), weight__eeprom(4), 
  9222 ;; Auto vars:     Size  Location     Type
  9223 ;;  addr            1    9[BANK0 ] PTR eeprom void 
  9224 ;;		 -> speed_wpm__eeprom(4), weight__eeprom(4), 
  9225 ;;  data            4   10[BANK0 ] PTR eeprom void 
  9226 ;; Return value:  Size  Location     Type
  9227 ;;                  4    5[BANK0 ] PTR eeprom void 
  9228 ;; Registers used:
  9229 ;;		wreg, fsr1l, fsr1h, status,2, status,0, pclath, cstack
  9230 ;; Tracked objects:
  9231 ;;		On entry : 0/0
  9232 ;;		On exit  : 0/0
  9233 ;;		Unchanged: 0/0
  9234 ;; Data sizes:     COMMON   BANK0   BANK1   BANK2   BANK3   BANK4   BANK5   BANK6   BANK7   BANK8   BANK9  BANK10  BANK1
      +1  BANK12  BANK13  BANK14  BANK15  BANK16  BANK17  BANK18  BANK19  BANK20  BANK21  BANK22  BANK23  BANK24  BANK25
  9235 ;;      Params:         0       4       0       0       0       0       0       0       0       0       0       0       
      +0       0       0       0       0       0       0       0       0       0       0       0       0       0       0
  9236 ;;      Locals:         0       5       0       0       0       0       0       0       0       0       0       0       
      +0       0       0       0       0       0       0       0       0       0       0       0       0       0       0
  9237 ;;      Temps:          0       0       0       0       0       0       0       0       0       0       0       0       
      +0       0       0       0       0       0       0       0       0       0       0       0       0       0       0
  9238 ;;      Totals:         0       9       0       0       0       0       0       0       0       0       0       0       
      +0       0       0       0       0       0       0       0       0       0       0       0       0       0       0
  9239 ;;Total ram usage:        9 bytes
  9240 ;; Hardware stack levels used: 1
  9241 ;; Hardware stack levels required when called: 7
  9242 ;; This function calls:
  9243 ;;		___eecpymem
  9244 ;; This function is called by:
  9245 ;;		_CW_Initialize
  9246 ;; This function uses a non-reentrant model
  9247 ;;
  9248                           
  9249     0886                     ___eetofl:	
  9250                           ;psect for function ___eetofl
  9251                           
  9252                           
  9253                           ;incstack = 0
  9254                           ; Regs used in ___eetofl: [wreg+fsr1l+fsr1h+status,2+status,0+pclath+cstack]
  9255                           ;___eetofl@addr stored from wreg
  9256     0886  0020               	movlb	0	; select bank0
  9257     0887  00A9               	movwf	___eetofl@addr
  9258     0888  0829               	movf	___eetofl@addr,w
  9259     0889  00A0               	movwf	___eecpymem@from
  9260     088A  3004               	movlw	4
  9261     088B  00A1               	movwf	___eecpymem@size
  9262     088C  302A               	movlw	(low (___eetofl@data| 0))& (0+255)
  9263     088D  3189  21EC         	fcall	___eecpymem
  9264     088F  0020               	movlb	0	; select bank0
  9265     0890  082D               	movf	___eetofl@data+3,w
  9266     0891  00A8               	movwf	?___eetofl+3
  9267     0892  082C               	movf	___eetofl@data+2,w
  9268     0893  00A7               	movwf	?___eetofl+2
  9269     0894  082B               	movf	___eetofl@data+1,w
  9270     0895  00A6               	movwf	?___eetofl+1
  9271     0896  082A               	movf	___eetofl@data,w
  9272     0897  00A5               	movwf	?___eetofl
  9273     0898  0008               	return
  9274     0899                     __end_of___eetofl:
  9275                           
  9276                           	psect	text34
  9277     0818                     __ptext34:	
  9278 ;; *************** function ___eetoc *****************
  9279 ;; Defined at:
  9280 ;;		line 104 in file "C:\Program Files\Microchip\xc8\v2.45\pic\sources\c99\pic\__eeprom.c"
  9281 ;; Parameters:    Size  Location     Type
  9282 ;;  addr            1    wreg     PTR eeprom void 
  9283 ;;		 -> spacing__eeprom(1), memory__eeprom(1), mode__eeprom(1), paddle__eeprom(1), 
  9284 ;; Auto vars:     Size  Location     Type
  9285 ;;  addr            1    5[BANK0 ] PTR eeprom void 
  9286 ;;		 -> spacing__eeprom(1), memory__eeprom(1), mode__eeprom(1), paddle__eeprom(1), 
  9287 ;;  data            1    6[BANK0 ] unsigned char 
  9288 ;; Return value:  Size  Location     Type
  9289 ;;                  1    wreg      unsigned char 
  9290 ;; Registers used:
  9291 ;;		wreg, fsr1l, fsr1h, status,2, status,0, pclath, cstack
  9292 ;; Tracked objects:
  9293 ;;		On entry : 0/0
  9294 ;;		On exit  : 0/0
  9295 ;;		Unchanged: 0/0
  9296 ;; Data sizes:     COMMON   BANK0   BANK1   BANK2   BANK3   BANK4   BANK5   BANK6   BANK7   BANK8   BANK9  BANK10  BANK1
      +1  BANK12  BANK13  BANK14  BANK15  BANK16  BANK17  BANK18  BANK19  BANK20  BANK21  BANK22  BANK23  BANK24  BANK25
  9297 ;;      Params:         0       0       0       0       0       0       0       0       0       0       0       0       
      +0       0       0       0       0       0       0       0       0       0       0       0       0       0       0
  9298 ;;      Locals:         0       2       0       0       0       0       0       0       0       0       0       0       
      +0       0       0       0       0       0       0       0       0       0       0       0       0       0       0
  9299 ;;      Temps:          0       0       0       0       0       0       0       0       0       0       0       0       
      +0       0       0       0       0       0       0       0       0       0       0       0       0       0       0
  9300 ;;      Totals:         0       2       0       0       0       0       0       0       0       0       0       0       
      +0       0       0       0       0       0       0       0       0       0       0       0       0       0       0
  9301 ;;Total ram usage:        2 bytes
  9302 ;; Hardware stack levels used: 1
  9303 ;; Hardware stack levels required when called: 7
  9304 ;; This function calls:
  9305 ;;		___eecpymem
  9306 ;; This function is called by:
  9307 ;;		_CW_Initialize
  9308 ;; This function uses a non-reentrant model
  9309 ;;
  9310                           
  9311     0818                     ___eetoc:	
  9312                           ;psect for function ___eetoc
  9313                           
  9314                           
  9315                           ;incstack = 0
  9316                           ; Regs used in ___eetoc: [wreg+fsr1l+fsr1h+status,2+status,0+pclath+cstack]
  9317                           ;___eetoc@addr stored from wreg
  9318     0818  0020               	movlb	0	; select bank0
  9319     0819  00A5               	movwf	___eetoc@addr
  9320                           
  9321                           ;C:\Program Files\Microchip\xc8\v2.45\pic\sources\c99\pic\__eeprom.c: 104: __eetoc(__eep
      +                          rom void *addr);C:\Program Files\Microchip\xc8\v2.45\pic\sources\c99\pic\__eeprom.c: 105
      +                          : {;C:\Program Files\Microchip\xc8\v2.45\pic\sources\c99\pic\__eeprom.c: 106:  unsigned 
      +                          char data;;C:\Program Files\Microchip\xc8\v2.45\pic\sources\c99\pic\__eeprom.c: 107:  __
      +                          eecpymem((unsigned char *) &data,addr,1);
  9322     081A  0825               	movf	___eetoc@addr,w
  9323     081B  00A0               	movwf	___eecpymem@from
  9324     081C  01A1               	clrf	___eecpymem@size
  9325     081D  0AA1               	incf	___eecpymem@size,f
  9326     081E  3026               	movlw	(low (___eetoc@data| 0))& (0+255)
  9327     081F  3189  21EC         	fcall	___eecpymem
  9328                           
  9329                           ;C:\Program Files\Microchip\xc8\v2.45\pic\sources\c99\pic\__eeprom.c: 108:  return data;
  9330     0821  0020               	movlb	0	; select bank0
  9331     0822  0826               	movf	___eetoc@data,w
  9332     0823  0008               	return
  9333     0824                     __end_of___eetoc:
  9334                           
  9335                           	psect	text35
  9336     09EC                     __ptext35:	
  9337 ;; *************** function ___eecpymem *****************
  9338 ;; Defined at:
  9339 ;;		line 6 in file "C:\Program Files\Microchip\xc8\v2.45\pic\sources\c99\pic\__eeprom.c"
  9340 ;; Parameters:    Size  Location     Type
  9341 ;;  to              1    wreg     PTR volatile unsigned ch
  9342 ;;		 -> __eetofl@data(4), __eetoft@data(4), __eetoo@data(8), __eetol@data(4), 
  9343 ;;		 -> __eetom@data(3), __eetoi@data(2), __eetoc@data(1), 
  9344 ;;  from            1    0[BANK0 ] PTR eeprom unsigned char
  9345 ;;		 -> spacing__eeprom(1), speed_wpm__eeprom(4), memory__eeprom(1), mode__eeprom(1), 
  9346 ;;		 -> weight__eeprom(4), paddle__eeprom(1), 
  9347 ;;  size            1    1[BANK0 ] unsigned char 
  9348 ;; Auto vars:     Size  Location     Type
  9349 ;;  to              1    4[BANK0 ] PTR volatile unsigned ch
  9350 ;;		 -> __eetofl@data(4), __eetoft@data(4), __eetoo@data(8), __eetol@data(4), 
  9351 ;;		 -> __eetom@data(3), __eetoi@data(2), __eetoc@data(1), 
  9352 ;;  cp              1    3[BANK0 ] PTR volatile unsigned ch
  9353 ;;		 -> __eetofl@data(4), __eetoft@data(4), __eetoo@data(8), __eetol@data(4), 
  9354 ;;		 -> __eetom@data(3), __eetoi@data(2), __eetoc@data(1), 
  9355 ;; Return value:  Size  Location     Type
  9356 ;;                  1    wreg      void 
  9357 ;; Registers used:
  9358 ;;		wreg, fsr1l, fsr1h, status,2, status,0
  9359 ;; Tracked objects:
  9360 ;;		On entry : 0/0
  9361 ;;		On exit  : 0/0
  9362 ;;		Unchanged: 0/0
  9363 ;; Data sizes:     COMMON   BANK0   BANK1   BANK2   BANK3   BANK4   BANK5   BANK6   BANK7   BANK8   BANK9  BANK10  BANK1
      +1  BANK12  BANK13  BANK14  BANK15  BANK16  BANK17  BANK18  BANK19  BANK20  BANK21  BANK22  BANK23  BANK24  BANK25
  9364 ;;      Params:         0       2       0       0       0       0       0       0       0       0       0       0       
      +0       0       0       0       0       0       0       0       0       0       0       0       0       0       0
  9365 ;;      Locals:         0       2       0       0       0       0       0       0       0       0       0       0       
      +0       0       0       0       0       0       0       0       0       0       0       0       0       0       0
  9366 ;;      Temps:          0       1       0       0       0       0       0       0       0       0       0       0       
      +0       0       0       0       0       0       0       0       0       0       0       0       0       0       0
  9367 ;;      Totals:         0       5       0       0       0       0       0       0       0       0       0       0       
      +0       0       0       0       0       0       0       0       0       0       0       0       0       0       0
  9368 ;;Total ram usage:        5 bytes
  9369 ;; Hardware stack levels used: 1
  9370 ;; Hardware stack levels required when called: 6
  9371 ;; This function calls:
  9372 ;;		Nothing
  9373 ;; This function is called by:
  9374 ;;		___eetoc
  9375 ;;		___eetofl
  9376 ;; This function uses a non-reentrant model
  9377 ;;
  9378                           
  9379     09EC                     ___eecpymem:	
  9380                           ;psect for function ___eecpymem
  9381                           
  9382                           
  9383                           ;incstack = 0
  9384                           ; Regs used in ___eecpymem: [wreg+fsr1l+fsr1h+status,2+status,0]
  9385                           ;___eecpymem@to stored from wreg
  9386     09EC  0020               	movlb	0	; select bank0
  9387     09ED  00A4               	movwf	___eecpymem@to
  9388                           
  9389                           ;C:\Program Files\Microchip\xc8\v2.45\pic\sources\c99\pic\__eeprom.c: 6: __eecpymem(vola
      +                          tile unsigned char *to, __eeprom unsigned char * from, unsigned char size);C:\Program Fi
      +                          les\Microchip\xc8\v2.45\pic\sources\c99\pic\__eeprom.c: 6: };C:\Program Files\Microchip\
      +                          xc8\v2.45\pic\sources\c99\pic\__eeprom.c: 6: ;C:\Program Files\Microchip\xc8\v2.45\pic\s
      +                          ources\c99\pic\__eeprom.c: 6: ;C:\Program Files\Microchip\xc8\v2.45\pic\sources\c99\pic\
      +                          __eeprom.c: 6: };C:\Program Files\Microchip\xc8\v2.45\pic\sources\c99\pic\__eeprom.c: 7:
      +                           {
  9390     09EE  0824               	movf	___eecpymem@to,w
  9391     09EF  00A3               	movwf	___eecpymem@cp
  9392     09F0                     l914:	
  9393                           ;C:\Program Files\Microchip\xc8\v2.45\pic\sources\c99\pic\__eeprom.c: 24:  };C:\Program 
      +                          Files\Microchip\xc8\v2.45\pic\sources\c99\pic\__eeprom.c: 24: __fltoee(__eeprom void *ad
      +                          dr, double data)
  9394                           
  9395                           
  9396                           ;C:\Program Files\Microchip\xc8\v2.45\pic\sources\c99\pic\__eeprom.c: 22:  while (NVMCON
      +                          1bits.WR) {;C:\Program Files\Microchip\xc8\v2.45\pic\sources\c99\pic\__eeprom.c: 22: 
  9397     09F0  0031               	movlb	17	; select bank17
  9398     09F1  1895               	btfsc	21,1	;volsfr
  9399     09F2  29F0               	goto	l914
  9400                           
  9401                           ;C:\Program Files\Microchip\xc8\v2.45\pic\sources\c99\pic\__eeprom.c: 25:  NVMCON1bits.N
      +                          VMREGS = 1;;C:\Program Files\Microchip\xc8\v2.45\pic\sources\c99\pic\__eeprom.c: 25: {
  9402     09F3  1715               	bsf	21,6	;volsfr
  9403                           
  9404                           ;C:\Program Files\Microchip\xc8\v2.45\pic\sources\c99\pic\__eeprom.c: 26:  NVMADRL = (un
      +                          signed char) from;;C:\Program Files\Microchip\xc8\v2.45\pic\sources\c99\pic\__eeprom.c: 
      +                          26:  __memcpyee(addr,(unsigned char *) &data,4);
  9405     09F4  0020               	movlb	0	; select bank0
  9406     09F5  0820               	movf	___eecpymem@from,w
  9407     09F6  0031               	movlb	17	; select bank17
  9408     09F7  0091               	movwf	17	;volatile
  9409                           
  9410                           ;C:\Program Files\Microchip\xc8\v2.45\pic\sources\c99\pic\__eeprom.c: 27:  NVMADRH = 0x7
      +                          0;;C:\Program Files\Microchip\xc8\v2.45\pic\sources\c99\pic\__eeprom.c: 27:  return data
      +                          ;
  9411     09F8  3070               	movlw	112
  9412     09F9  0092               	movwf	18	;volatile
  9413     09FA                     l3265:	
  9414                           ;C:\Program Files\Microchip\xc8\v2.45\pic\sources\c99\pic\__eeprom.c: 28:  while (size--
      +                          ) {;C:\Program Files\Microchip\xc8\v2.45\pic\sources\c99\pic\__eeprom.c: 28: }
  9415                           
  9416                           
  9417                           ;C:\Program Files\Microchip\xc8\v2.45\pic\sources\c99\pic\__eeprom.c: 28:  while (size--
      +                          ) {;C:\Program Files\Microchip\xc8\v2.45\pic\sources\c99\pic\__eeprom.c: 28: }
  9418     09FA  3001               	movlw	1
  9419     09FB  0020               	movlb	0	; select bank0
  9420     09FC  02A1               	subwf	___eecpymem@size,f
  9421     09FD  0A21               	incf	___eecpymem@size,w
  9422     09FE  1903               	btfsc	3,2
  9423     09FF  0008               	return
  9424                           
  9425                           ;C:\Program Files\Microchip\xc8\v2.45\pic\sources\c99\pic\__eeprom.c: 29:   NVMCON1bits.
      +                          RD = 1;
  9426     0A00  0031               	movlb	17	; select bank17
  9427     0A01  1415               	bsf	21,0	;volsfr
  9428                           
  9429                           ;C:\Program Files\Microchip\xc8\v2.45\pic\sources\c99\pic\__eeprom.c: 30:   *cp++ = NVMD
      +                          ATL;
  9430     0A02  0020               	movlb	0	; select bank0
  9431     0A03  0823               	movf	___eecpymem@cp,w
  9432     0A04  0086               	movwf	6
  9433     0A05  0187               	clrf	7
  9434     0A06  0031               	movlb	17	; select bank17
  9435     0A07  0813               	movf	19,w	;volatile
  9436     0A08  0081               	movwf	1
  9437     0A09  3001               	movlw	1
  9438     0A0A  0020               	movlb	0	; select bank0
  9439     0A0B  00A2               	movwf	??___eecpymem
  9440     0A0C  0822               	movf	??___eecpymem,w
  9441     0A0D  07A3               	addwf	___eecpymem@cp,f
  9442                           
  9443                           ;C:\Program Files\Microchip\xc8\v2.45\pic\sources\c99\pic\__eeprom.c: 31:   NVMADRL++;
  9444     0A0E  3001               	movlw	1
  9445     0A0F  00A2               	movwf	??___eecpymem
  9446     0A10  0822               	movf	??___eecpymem,w
  9447     0A11  0031               	movlb	17	; select bank17
  9448     0A12  0791               	addwf	17,f	;volatile
  9449     0A13  29FA               	goto	l3265
  9450     0A14                     __end_of___eecpymem:
  9451                           
  9452                           	psect	text36
  9453     06A8                     __ptext36:	
  9454 ;; *************** function _CW_Config *****************
  9455 ;; Defined at:
  9456 ;;		line 187 in file "D:/Microchip/MPLABProjects/PSoC3-PCIe-MKIII.X/main.c"
  9457 ;; Parameters:    Size  Location     Type
  9458 ;;		None
  9459 ;; Auto vars:     Size  Location     Type
  9460 ;;  wpm             4   22[BANK1 ] float 
  9461 ;;  param1          1   28[BANK1 ] unsigned char 
  9462 ;;  scan_msg        1   27[BANK1 ] unsigned char 
  9463 ;;  param2          1   26[BANK1 ] unsigned char 
  9464 ;; Return value:  Size  Location     Type
  9465 ;;                  1    wreg      void 
  9466 ;; Registers used:
  9467 ;;		wreg, fsr0l, fsr0h, fsr1l, fsr1h, status,2, status,0, pclath, cstack
  9468 ;; Tracked objects:
  9469 ;;		On entry : 0/0
  9470 ;;		On exit  : 0/0
  9471 ;;		Unchanged: 0/0
  9472 ;; Data sizes:     COMMON   BANK0   BANK1   BANK2   BANK3   BANK4   BANK5   BANK6   BANK7   BANK8   BANK9  BANK10  BANK1
      +1  BANK12  BANK13  BANK14  BANK15  BANK16  BANK17  BANK18  BANK19  BANK20  BANK21  BANK22  BANK23  BANK24  BANK25
  9473 ;;      Params:         0       0       0       0       0       0       0       0       0       0       0       0       
      +0       0       0       0       0       0       0       0       0       0       0       0       0       0       0
  9474 ;;      Locals:         0       0       7       0       0       0       0       0       0       0       0       0       
      +0       0       0       0       0       0       0       0       0       0       0       0       0       0       0
  9475 ;;      Temps:          0       0       4       0       0       0       0       0       0       0       0       0       
      +0       0       0       0       0       0       0       0       0       0       0       0       0       0       0
  9476 ;;      Totals:         0       0      11       0       0       0       0       0       0       0       0       0       
      +0       0       0       0       0       0       0       0       0       0       0       0       0       0       0
  9477 ;;Total ram usage:       11 bytes
  9478 ;; Hardware stack levels used: 1
  9479 ;; Hardware stack levels required when called: 8
  9480 ;; This function calls:
  9481 ;;		_CMD_dequeue
  9482 ;;		___ctoee
  9483 ;;		___fltoee
  9484 ;;		___xxtofl
  9485 ;;		_cfg_set_speed
  9486 ;; This function is called by:
  9487 ;;		_main
  9488 ;; This function uses a non-reentrant model
  9489 ;;
  9490                           
  9491     06A8                     _CW_Config:	
  9492                           ;psect for function _CW_Config
  9493                           
  9494                           
  9495                           ;D:/Microchip/MPLABProjects/PSoC3-PCIe-MKIII.X/main.c: 189:     uint8_t param1 = 0;
  9496                           
  9497                           ;incstack = 0
  9498                           ; Regs used in _CW_Config: [wreg-fsr1h+status,2+status,0+pclath+cstack]
  9499     06A8  0021               	movlb	1	; select bank1
  9500     06A9  01E0               	clrf	CW_Config@param1^(0+128)
  9501                           
  9502                           ;D:/Microchip/MPLABProjects/PSoC3-PCIe-MKIII.X/main.c: 190:     uint8_t param2 = 0;
  9503     06AA  01DE               	clrf	CW_Config@param2^(0+128)
  9504                           
  9505                           ;D:/Microchip/MPLABProjects/PSoC3-PCIe-MKIII.X/main.c: 193:     scan_msg = CMD_dequeue(&
      +                          param1, &param2);
  9506     06AB  30DE               	movlw	(low (CW_Config@param2| 0))& (0+255)
  9507     06AC  0020               	movlb	0	; select bank0
  9508     06AD  00A4               	movwf	CMD_dequeue@param2
  9509     06AE  30E0               	movlw	(low (CW_Config@param1| 0))& (0+255)
  9510     06AF  318C  24B1  3186   	fcall	_CMD_dequeue
  9511     06B2  0021               	movlb	1	; select bank1
  9512     06B3  00DF               	movwf	CW_Config@scan_msg^(0+128)
  9513                           
  9514                           ;D:/Microchip/MPLABProjects/PSoC3-PCIe-MKIII.X/main.c: 194:     if (scan_msg != 199) {
  9515     06B4  30C7               	movlw	199
  9516     06B5  065F               	xorwf	CW_Config@scan_msg^(0+128),w
  9517     06B6  1903               	btfsc	3,2
  9518     06B7  0008               	return
  9519     06B8  2F8C               	goto	l5325
  9520     06B9                     l5299:
  9521                           
  9522                           ;D:/Microchip/MPLABProjects/PSoC3-PCIe-MKIII.X/main.c: 197:                 cfg.paddle =
      +                           param1;
  9523     06B9  0860               	movf	CW_Config@param1^(0+128),w
  9524     06BA  0022               	movlb	2	; select bank2
  9525     06BB  00BB               	movwf	(_cfg^(0+256)+11)
  9526                           
  9527                           ;D:/Microchip/MPLABProjects/PSoC3-PCIe-MKIII.X/main.c: 198:                 paddle__eepr
      +                          om = param1;
  9528     06BC  0021               	movlb	1	; select bank1
  9529     06BD  0860               	movf	CW_Config@param1^(0+128),w
  9530     06BE  0020               	movlb	0	; select bank0
  9531     06BF  00A5               	movwf	___ctoee@data
  9532     06C0  300B               	movlw	(low _paddle__eeprom)& (0+255)
  9533     06C1  3197  27CD         	fcall	___ctoee
  9534                           
  9535                           ;D:/Microchip/MPLABProjects/PSoC3-PCIe-MKIII.X/main.c: 199:                 break;
  9536     06C3  0008               	return
  9537     06C4                     l5303:
  9538                           
  9539                           ;D:/Microchip/MPLABProjects/PSoC3-PCIe-MKIII.X/main.c: 201:                 cfg.weight =
      +                           (float) param1;
  9540     06C4  0860               	movf	CW_Config@param1^(0+128),w
  9541     06C5  00D6               	movwf	??_CW_Config^(0+128)
  9542     06C6  01D7               	clrf	(??_CW_Config^(0+128)+1)
  9543     06C7  01D8               	clrf	(??_CW_Config^(0+128)+2)
  9544     06C8  01D9               	clrf	(??_CW_Config^(0+128)+3)
  9545     06C9  0859               	movf	(??_CW_Config+3)^(0+128),w
  9546     06CA  0020               	movlb	0	; select bank0
  9547     06CB  00A3               	movwf	___xxtofl@val+3
  9548     06CC  0021               	movlb	1	; select bank1
  9549     06CD  0858               	movf	(??_CW_Config+2)^(0+128),w
  9550     06CE  0020               	movlb	0	; select bank0
  9551     06CF  00A2               	movwf	___xxtofl@val+2
  9552     06D0  0021               	movlb	1	; select bank1
  9553     06D1  0857               	movf	(??_CW_Config+1)^(0+128),w
  9554     06D2  0020               	movlb	0	; select bank0
  9555     06D3  00A1               	movwf	___xxtofl@val+1
  9556     06D4  0021               	movlb	1	; select bank1
  9557     06D5  0856               	movf	??_CW_Config^(0+128),w
  9558     06D6  0020               	movlb	0	; select bank0
  9559     06D7  00A0               	movwf	___xxtofl@val
  9560     06D8  3000               	movlw	0
  9561     06D9  318D  25BA  3186   	fcall	___xxtofl
  9562     06DC  0020               	movlb	0	; select bank0
  9563     06DD  0823               	movf	?___xxtofl+3,w
  9564     06DE  0022               	movlb	2	; select bank2
  9565     06DF  00BA               	movwf	((_cfg+3)^(0+256)+7)
  9566     06E0  0020               	movlb	0	; select bank0
  9567     06E1  0822               	movf	?___xxtofl+2,w
  9568     06E2  0022               	movlb	2	; select bank2
  9569     06E3  00B9               	movwf	((_cfg+2)^(0+256)+7)
  9570     06E4  0020               	movlb	0	; select bank0
  9571     06E5  0821               	movf	?___xxtofl+1,w
  9572     06E6  0022               	movlb	2	; select bank2
  9573     06E7  00B8               	movwf	((_cfg+1)^(0+256)+7)
  9574     06E8  0020               	movlb	0	; select bank0
  9575     06E9  0820               	movf	?___xxtofl,w
  9576     06EA  0022               	movlb	2	; select bank2
  9577     06EB  00B7               	movwf	(_cfg^(0+256)+7)
  9578                           
  9579                           ;D:/Microchip/MPLABProjects/PSoC3-PCIe-MKIII.X/main.c: 202:                 weight__eepr
      +                          om = (float) param1;
  9580     06EC  0021               	movlb	1	; select bank1
  9581     06ED  0860               	movf	CW_Config@param1^(0+128),w
  9582     06EE  00D6               	movwf	??_CW_Config^(0+128)
  9583     06EF  01D7               	clrf	(??_CW_Config^(0+128)+1)
  9584     06F0  01D8               	clrf	(??_CW_Config^(0+128)+2)
  9585     06F1  01D9               	clrf	(??_CW_Config^(0+128)+3)
  9586     06F2  0859               	movf	(??_CW_Config+3)^(0+128),w
  9587     06F3  0020               	movlb	0	; select bank0
  9588     06F4  00A3               	movwf	___xxtofl@val+3
  9589     06F5  0021               	movlb	1	; select bank1
  9590     06F6  0858               	movf	(??_CW_Config+2)^(0+128),w
  9591     06F7  0020               	movlb	0	; select bank0
  9592     06F8  00A2               	movwf	___xxtofl@val+2
  9593     06F9  0021               	movlb	1	; select bank1
  9594     06FA  0857               	movf	(??_CW_Config+1)^(0+128),w
  9595     06FB  0020               	movlb	0	; select bank0
  9596     06FC  00A1               	movwf	___xxtofl@val+1
  9597     06FD  0021               	movlb	1	; select bank1
  9598     06FE  0856               	movf	??_CW_Config^(0+128),w
  9599     06FF  0020               	movlb	0	; select bank0
  9600     0700  00A0               	movwf	___xxtofl@val
  9601     0701  3000               	movlw	0
  9602     0702  318D  25BA  3186   	fcall	___xxtofl
  9603     0705  0020               	movlb	0	; select bank0
  9604     0706  0823               	movf	?___xxtofl+3,w
  9605     0707  00B1               	movwf	___fltoee@data+3
  9606     0708  0822               	movf	?___xxtofl+2,w
  9607     0709  00B0               	movwf	___fltoee@data+2
  9608     070A  0821               	movf	?___xxtofl+1,w
  9609     070B  00AF               	movwf	___fltoee@data+1
  9610     070C  0820               	movf	?___xxtofl,w
  9611     070D  00AE               	movwf	___fltoee@data
  9612     070E  3000               	movlw	(low _weight__eeprom)& (0+255)
  9613     070F  3197  27D7         	fcall	___fltoee
  9614                           
  9615                           ;D:/Microchip/MPLABProjects/PSoC3-PCIe-MKIII.X/main.c: 203:                 break;
  9616     0711  0008               	return
  9617     0712                     l5307:
  9618                           
  9619                           ;D:/Microchip/MPLABProjects/PSoC3-PCIe-MKIII.X/main.c: 205:                 cfg.mode = (
      +                          int8_t) param1;
  9620     0712  0860               	movf	CW_Config@param1^(0+128),w
  9621     0713  0022               	movlb	2	; select bank2
  9622     0714  00B4               	movwf	(_cfg^(0+256)+4)
  9623                           
  9624                           ;D:/Microchip/MPLABProjects/PSoC3-PCIe-MKIII.X/main.c: 206:                 mode__eeprom
      +                           = (uint8_t) param1;
  9625     0715  0021               	movlb	1	; select bank1
  9626     0716  0860               	movf	CW_Config@param1^(0+128),w
  9627     0717  0020               	movlb	0	; select bank0
  9628     0718  00A5               	movwf	___ctoee@data
  9629     0719  300A               	movlw	(low _mode__eeprom)& (0+255)
  9630     071A  3197  27CD         	fcall	___ctoee
  9631                           
  9632                           ;D:/Microchip/MPLABProjects/PSoC3-PCIe-MKIII.X/main.c: 207:                 break;
  9633     071C  0008               	return
  9634     071D                     l5311:
  9635                           
  9636                           ;D:/Microchip/MPLABProjects/PSoC3-PCIe-MKIII.X/main.c: 209:                 cfg.memory =
      +                           (int8_t) param1;
  9637     071D  0860               	movf	CW_Config@param1^(0+128),w
  9638     071E  0022               	movlb	2	; select bank2
  9639     071F  00B5               	movwf	(_cfg^(0+256)+5)
  9640                           
  9641                           ;D:/Microchip/MPLABProjects/PSoC3-PCIe-MKIII.X/main.c: 210:                 memory__eepr
      +                          om = (uint8_t) param1;
  9642     0720  0021               	movlb	1	; select bank1
  9643     0721  0860               	movf	CW_Config@param1^(0+128),w
  9644     0722  0020               	movlb	0	; select bank0
  9645     0723  00A5               	movwf	___ctoee@data
  9646     0724  3009               	movlw	(low _memory__eeprom)& (0+255)
  9647     0725  3197  27CD         	fcall	___ctoee
  9648                           
  9649                           ;D:/Microchip/MPLABProjects/PSoC3-PCIe-MKIII.X/main.c: 211:                 break;
  9650     0727  0008               	return
  9651     0728                     l5315:
  9652                           
  9653                           ;D:/Microchip/MPLABProjects/PSoC3-PCIe-MKIII.X/main.c: 213:                 wpm = (float
      +                          ) param1;
  9654     0728  0860               	movf	CW_Config@param1^(0+128),w
  9655     0729  00D6               	movwf	??_CW_Config^(0+128)
  9656     072A  01D7               	clrf	(??_CW_Config^(0+128)+1)
  9657     072B  01D8               	clrf	(??_CW_Config^(0+128)+2)
  9658     072C  01D9               	clrf	(??_CW_Config^(0+128)+3)
  9659     072D  0859               	movf	(??_CW_Config+3)^(0+128),w
  9660     072E  0020               	movlb	0	; select bank0
  9661     072F  00A3               	movwf	___xxtofl@val+3
  9662     0730  0021               	movlb	1	; select bank1
  9663     0731  0858               	movf	(??_CW_Config+2)^(0+128),w
  9664     0732  0020               	movlb	0	; select bank0
  9665     0733  00A2               	movwf	___xxtofl@val+2
  9666     0734  0021               	movlb	1	; select bank1
  9667     0735  0857               	movf	(??_CW_Config+1)^(0+128),w
  9668     0736  0020               	movlb	0	; select bank0
  9669     0737  00A1               	movwf	___xxtofl@val+1
  9670     0738  0021               	movlb	1	; select bank1
  9671     0739  0856               	movf	??_CW_Config^(0+128),w
  9672     073A  0020               	movlb	0	; select bank0
  9673     073B  00A0               	movwf	___xxtofl@val
  9674     073C  3000               	movlw	0
  9675     073D  318D  25BA  3186   	fcall	___xxtofl
  9676     0740  0020               	movlb	0	; select bank0
  9677     0741  0823               	movf	?___xxtofl+3,w
  9678     0742  0021               	movlb	1	; select bank1
  9679     0743  00DD               	movwf	(CW_Config@wpm+3)^(0+128)
  9680     0744  0020               	movlb	0	; select bank0
  9681     0745  0822               	movf	?___xxtofl+2,w
  9682     0746  0021               	movlb	1	; select bank1
  9683     0747  00DC               	movwf	(CW_Config@wpm+2)^(0+128)
  9684     0748  0020               	movlb	0	; select bank0
  9685     0749  0821               	movf	?___xxtofl+1,w
  9686     074A  0021               	movlb	1	; select bank1
  9687     074B  00DB               	movwf	(CW_Config@wpm+1)^(0+128)
  9688     074C  0020               	movlb	0	; select bank0
  9689     074D  0820               	movf	?___xxtofl,w
  9690     074E  0021               	movlb	1	; select bank1
  9691     074F  00DA               	movwf	CW_Config@wpm^(0+128)
  9692                           
  9693                           ;D:/Microchip/MPLABProjects/PSoC3-PCIe-MKIII.X/main.c: 214:                 cfg_set_spee
      +                          d(wpm);
  9694     0750  085D               	movf	(CW_Config@wpm+3)^(0+128),w
  9695     0751  00D5               	movwf	(cfg_set_speed@wpm+3)^(0+128)
  9696     0752  085C               	movf	(CW_Config@wpm+2)^(0+128),w
  9697     0753  00D4               	movwf	(cfg_set_speed@wpm+2)^(0+128)
  9698     0754  085B               	movf	(CW_Config@wpm+1)^(0+128),w
  9699     0755  00D3               	movwf	(cfg_set_speed@wpm+1)^(0+128)
  9700     0756  085A               	movf	CW_Config@wpm^(0+128),w
  9701     0757  00D2               	movwf	cfg_set_speed@wpm^(0+128)
  9702     0758  318A  22EA  3186   	fcall	_cfg_set_speed
  9703                           
  9704                           ;D:/Microchip/MPLABProjects/PSoC3-PCIe-MKIII.X/main.c: 215:                 speed_wpm__e
      +                          eprom = (float) param1;
  9705     075B  0021               	movlb	1	; select bank1
  9706     075C  0860               	movf	CW_Config@param1^(0+128),w
  9707     075D  00D6               	movwf	??_CW_Config^(0+128)
  9708     075E  01D7               	clrf	(??_CW_Config^(0+128)+1)
  9709     075F  01D8               	clrf	(??_CW_Config^(0+128)+2)
  9710     0760  01D9               	clrf	(??_CW_Config^(0+128)+3)
  9711     0761  0859               	movf	(??_CW_Config+3)^(0+128),w
  9712     0762  0020               	movlb	0	; select bank0
  9713     0763  00A3               	movwf	___xxtofl@val+3
  9714     0764  0021               	movlb	1	; select bank1
  9715     0765  0858               	movf	(??_CW_Config+2)^(0+128),w
  9716     0766  0020               	movlb	0	; select bank0
  9717     0767  00A2               	movwf	___xxtofl@val+2
  9718     0768  0021               	movlb	1	; select bank1
  9719     0769  0857               	movf	(??_CW_Config+1)^(0+128),w
  9720     076A  0020               	movlb	0	; select bank0
  9721     076B  00A1               	movwf	___xxtofl@val+1
  9722     076C  0021               	movlb	1	; select bank1
  9723     076D  0856               	movf	??_CW_Config^(0+128),w
  9724     076E  0020               	movlb	0	; select bank0
  9725     076F  00A0               	movwf	___xxtofl@val
  9726     0770  3000               	movlw	0
  9727     0771  318D  25BA  3186   	fcall	___xxtofl
  9728     0774  0020               	movlb	0	; select bank0
  9729     0775  0823               	movf	?___xxtofl+3,w
  9730     0776  00B1               	movwf	___fltoee@data+3
  9731     0777  0822               	movf	?___xxtofl+2,w
  9732     0778  00B0               	movwf	___fltoee@data+2
  9733     0779  0821               	movf	?___xxtofl+1,w
  9734     077A  00AF               	movwf	___fltoee@data+1
  9735     077B  0820               	movf	?___xxtofl,w
  9736     077C  00AE               	movwf	___fltoee@data
  9737     077D  3004               	movlw	(low _speed_wpm__eeprom)& (0+255)
  9738     077E  3197  27D7         	fcall	___fltoee
  9739                           
  9740                           ;D:/Microchip/MPLABProjects/PSoC3-PCIe-MKIII.X/main.c: 217:                 break;
  9741     0780  0008               	return
  9742     0781                     l5319:
  9743                           
  9744                           ;D:/Microchip/MPLABProjects/PSoC3-PCIe-MKIII.X/main.c: 219:                 cfg.spacing 
      +                          = (int8_t) param1;
  9745     0781  0860               	movf	CW_Config@param1^(0+128),w
  9746     0782  0022               	movlb	2	; select bank2
  9747     0783  00B6               	movwf	(_cfg^(0+256)+6)
  9748                           
  9749                           ;D:/Microchip/MPLABProjects/PSoC3-PCIe-MKIII.X/main.c: 220:                 spacing__eep
      +                          rom = (uint8_t) param1;
  9750     0784  0021               	movlb	1	; select bank1
  9751     0785  0860               	movf	CW_Config@param1^(0+128),w
  9752     0786  0020               	movlb	0	; select bank0
  9753     0787  00A5               	movwf	___ctoee@data
  9754     0788  3008               	movlw	(low _spacing__eeprom)& (0+255)
  9755     0789  3197  27CD         	fcall	___ctoee
  9756                           
  9757                           ;D:/Microchip/MPLABProjects/PSoC3-PCIe-MKIII.X/main.c: 221:                 break;
  9758     078B  0008               	return
  9759     078C                     l5325:
  9760     078C  085F               	movf	CW_Config@scan_msg^(0+128),w
  9761     078D  00D6               	movwf	??_CW_Config^(0+128)
  9762     078E  01D7               	clrf	(??_CW_Config^(0+128)+1)
  9763                           
  9764                           ; Switch on 2 bytes has been partitioned into a top level switch of size 1, and 1 sub-sw
      +                          itches
  9765                           ; Switch size 1, requested type "simple"
  9766                           ; Number of cases is 1, Range of values is 0 to 0
  9767                           ; switch strategies available:
  9768                           ; Name         Instructions Cycles
  9769                           ; simple_byte            4     3 (average)
  9770                           ; direct_byte            8     6 (fixed)
  9771                           ; jumptable            260     6 (fixed)
  9772                           ;	Chosen strategy is simple_byte
  9773     078F  0857               	movf	(??_CW_Config+1)^(0+128),w
  9774     0790  3A00               	xorlw	0	; case 0
  9775     0791  1903               	skipnz
  9776     0792  2F94               	goto	l5737
  9777     0793  2FA8               	goto	l697
  9778     0794                     l5737:
  9779                           
  9780                           ; Switch size 1, requested type "simple"
  9781                           ; Number of cases is 6, Range of values is 113 to 123
  9782                           ; switch strategies available:
  9783                           ; Name         Instructions Cycles
  9784                           ; simple_byte           19    10 (average)
  9785                           ; direct_byte           31     9 (fixed)
  9786                           ; jumptable            263     9 (fixed)
  9787                           ;	Chosen strategy is simple_byte
  9788     0794  0856               	movf	??_CW_Config^(0+128),w
  9789     0795  3A71               	xorlw	113	; case 113
  9790     0796  1903               	skipnz
  9791     0797  2F12               	goto	l5307
  9792     0798  3A02               	xorlw	2	; case 115
  9793     0799  1903               	skipnz
  9794     079A  2EB9               	goto	l5299
  9795     079B  3A06               	xorlw	6	; case 117
  9796     079C  1903               	skipnz
  9797     079D  2F81               	goto	l5319
  9798     079E  3A03               	xorlw	3	; case 118
  9799     079F  1903               	skipnz
  9800     07A0  2F1D               	goto	l5311
  9801     07A1  3A01               	xorlw	1	; case 119
  9802     07A2  1903               	skipnz
  9803     07A3  2EC4               	goto	l5303
  9804     07A4  3A0C               	xorlw	12	; case 123
  9805     07A5  1903               	skipnz
  9806     07A6  2F28               	goto	l5315
  9807     07A7  2FA8               	goto	l697
  9808     07A8                     l697:
  9809     07A8  0008               	return
  9810     07A9                     __end_of_CW_Config:
  9811                           
  9812                           	psect	text37
  9813     0AEA                     __ptext37:	
  9814 ;; *************** function _cfg_set_speed *****************
  9815 ;; Defined at:
  9816 ;;		line 24 in file "D:/Microchip/MPLABProjects/PSoC3-PCIe-MKIII.X/cw-gen.c"
  9817 ;; Parameters:    Size  Location     Type
  9818 ;;  wpm             4   14[BANK1 ] float 
  9819 ;; Auto vars:     Size  Location     Type
  9820 ;;		None
  9821 ;; Return value:  Size  Location     Type
  9822 ;;                  1    wreg      void 
  9823 ;; Registers used:
  9824 ;;		wreg, status,2, status,0, pclath, cstack
  9825 ;; Tracked objects:
  9826 ;;		On entry : 0/0
  9827 ;;		On exit  : 0/0
  9828 ;;		Unchanged: 0/0
  9829 ;; Data sizes:     COMMON   BANK0   BANK1   BANK2   BANK3   BANK4   BANK5   BANK6   BANK7   BANK8   BANK9  BANK10  BANK1
      +1  BANK12  BANK13  BANK14  BANK15  BANK16  BANK17  BANK18  BANK19  BANK20  BANK21  BANK22  BANK23  BANK24  BANK25
  9830 ;;      Params:         0       0       4       0       0       0       0       0       0       0       0       0       
      +0       0       0       0       0       0       0       0       0       0       0       0       0       0       0
  9831 ;;      Locals:         0       0       0       0       0       0       0       0       0       0       0       0       
      +0       0       0       0       0       0       0       0       0       0       0       0       0       0       0
  9832 ;;      Temps:          0       0       0       0       0       0       0       0       0       0       0       0       
      +0       0       0       0       0       0       0       0       0       0       0       0       0       0       0
  9833 ;;      Totals:         0       0       4       0       0       0       0       0       0       0       0       0       
      +0       0       0       0       0       0       0       0       0       0       0       0       0       0       0
  9834 ;;Total ram usage:        4 bytes
  9835 ;; Hardware stack levels used: 1
  9836 ;; Hardware stack levels required when called: 7
  9837 ;; This function calls:
  9838 ;;		___aldiv
  9839 ;;		___fltol
  9840 ;; This function is called by:
  9841 ;;		_CW_Config
  9842 ;;		_CW_Initialize
  9843 ;; This function uses a non-reentrant model
  9844 ;;
  9845                           
  9846     0AEA                     _cfg_set_speed:	
  9847                           ;psect for function _cfg_set_speed
  9848                           
  9849                           
  9850                           ;D:/Microchip/MPLABProjects/PSoC3-PCIe-MKIII.X/cw-gen.c: 25:     cfg.speed_wpm = wpm;
  9851                           
  9852                           ;incstack = 0
  9853                           ; Regs used in _cfg_set_speed: [wreg+status,2+status,0+pclath+cstack]
  9854     0AEA  0021               	movlb	1	; select bank1
  9855     0AEB  0855               	movf	(cfg_set_speed@wpm+3)^(0+128),w
  9856     0AEC  0022               	movlb	2	; select bank2
  9857     0AED  00B3               	movwf	(_cfg+3)^(0+256)
  9858     0AEE  0021               	movlb	1	; select bank1
  9859     0AEF  0854               	movf	(cfg_set_speed@wpm+2)^(0+128),w
  9860     0AF0  0022               	movlb	2	; select bank2
  9861     0AF1  00B2               	movwf	(_cfg+2)^(0+256)
  9862     0AF2  0021               	movlb	1	; select bank1
  9863     0AF3  0853               	movf	(cfg_set_speed@wpm+1)^(0+128),w
  9864     0AF4  0022               	movlb	2	; select bank2
  9865     0AF5  00B1               	movwf	(_cfg+1)^(0+256)
  9866     0AF6  0021               	movlb	1	; select bank1
  9867     0AF7  0852               	movf	cfg_set_speed@wpm^(0+128),w
  9868     0AF8  0022               	movlb	2	; select bank2
  9869     0AF9  00B0               	movwf	_cfg^(0+256)
  9870                           
  9871                           ;D:/Microchip/MPLABProjects/PSoC3-PCIe-MKIII.X/cw-gen.c: 26:     cfg_speed_micros = (lon
      +                          g) (1200000 / ((long) wpm));
  9872     0AFA  0021               	movlb	1	; select bank1
  9873     0AFB  0855               	movf	(cfg_set_speed@wpm+3)^(0+128),w
  9874     0AFC  0020               	movlb	0	; select bank0
  9875     0AFD  00E7               	movwf	___fltol@f1+3
  9876     0AFE  0021               	movlb	1	; select bank1
  9877     0AFF  0854               	movf	(cfg_set_speed@wpm+2)^(0+128),w
  9878     0B00  0020               	movlb	0	; select bank0
  9879     0B01  00E6               	movwf	___fltol@f1+2
  9880     0B02  0021               	movlb	1	; select bank1
  9881     0B03  0853               	movf	(cfg_set_speed@wpm+1)^(0+128),w
  9882     0B04  0020               	movlb	0	; select bank0
  9883     0B05  00E5               	movwf	___fltol@f1+1
  9884     0B06  0021               	movlb	1	; select bank1
  9885     0B07  0852               	movf	cfg_set_speed@wpm^(0+128),w
  9886     0B08  0020               	movlb	0	; select bank0
  9887     0B09  00E4               	movwf	___fltol@f1
  9888     0B0A  318B  23D7  318A   	fcall	___fltol
  9889     0B0D  0020               	movlb	0	; select bank0
  9890     0B0E  0867               	movf	?___fltol+3,w
  9891     0B0F  0021               	movlb	1	; select bank1
  9892     0B10  00C7               	movwf	(___aldiv@divisor+3)^(0+128)
  9893     0B11  0020               	movlb	0	; select bank0
  9894     0B12  0866               	movf	?___fltol+2,w
  9895     0B13  0021               	movlb	1	; select bank1
  9896     0B14  00C6               	movwf	(___aldiv@divisor+2)^(0+128)
  9897     0B15  0020               	movlb	0	; select bank0
  9898     0B16  0865               	movf	?___fltol+1,w
  9899     0B17  0021               	movlb	1	; select bank1
  9900     0B18  00C5               	movwf	(___aldiv@divisor+1)^(0+128)
  9901     0B19  0020               	movlb	0	; select bank0
  9902     0B1A  0864               	movf	?___fltol,w
  9903     0B1B  0021               	movlb	1	; select bank1
  9904     0B1C  00C4               	movwf	___aldiv@divisor^(0+128)
  9905     0B1D  3000               	movlw	0
  9906     0B1E  00CB               	movwf	(___aldiv@dividend+3)^(0+128)
  9907     0B1F  3012               	movlw	18
  9908     0B20  00CA               	movwf	(___aldiv@dividend+2)^(0+128)
  9909     0B21  304F               	movlw	79
  9910     0B22  00C9               	movwf	(___aldiv@dividend+1)^(0+128)
  9911     0B23  3080               	movlw	128
  9912     0B24  00C8               	movwf	___aldiv@dividend^(0+128)
  9913     0B25  318D  2534         	fcall	___aldiv
  9914     0B27  0021               	movlb	1	; select bank1
  9915     0B28  0847               	movf	(?___aldiv+3)^(0+128),w
  9916     0B29  00A7               	movwf	(_cfg_speed_micros+3)^(0+128)
  9917     0B2A  0846               	movf	(?___aldiv+2)^(0+128),w
  9918     0B2B  00A6               	movwf	(_cfg_speed_micros+2)^(0+128)
  9919     0B2C  0845               	movf	(?___aldiv+1)^(0+128),w
  9920     0B2D  00A5               	movwf	(_cfg_speed_micros+1)^(0+128)
  9921     0B2E  0844               	movf	?___aldiv^(0+128),w
  9922     0B2F  00A4               	movwf	_cfg_speed_micros^(0+128)
  9923     0B30  0008               	return
  9924     0B31                     __end_of_cfg_set_speed:
  9925                           
  9926                           	psect	text38
  9927     0BD7                     __ptext38:	
  9928 ;; *************** function ___fltol *****************
  9929 ;; Defined at:
  9930 ;;		line 43 in file "C:\Program Files\Microchip\xc8\v2.45\pic\sources\c99\common\fltol.c"
  9931 ;; Parameters:    Size  Location     Type
  9932 ;;  f1              4   68[BANK0 ] void 
  9933 ;; Auto vars:     Size  Location     Type
  9934 ;;  exp1            1   77[BANK0 ] unsigned char 
  9935 ;;  sign1           1   76[BANK0 ] unsigned char 
  9936 ;; Return value:  Size  Location     Type
  9937 ;;                  4   68[BANK0 ] long 
  9938 ;; Registers used:
  9939 ;;		wreg, status,2, status,0
  9940 ;; Tracked objects:
  9941 ;;		On entry : 0/0
  9942 ;;		On exit  : 0/0
  9943 ;;		Unchanged: 0/0
  9944 ;; Data sizes:     COMMON   BANK0   BANK1   BANK2   BANK3   BANK4   BANK5   BANK6   BANK7   BANK8   BANK9  BANK10  BANK1
      +1  BANK12  BANK13  BANK14  BANK15  BANK16  BANK17  BANK18  BANK19  BANK20  BANK21  BANK22  BANK23  BANK24  BANK25
  9945 ;;      Params:         0       4       0       0       0       0       0       0       0       0       0       0       
      +0       0       0       0       0       0       0       0       0       0       0       0       0       0       0
  9946 ;;      Locals:         0       2       0       0       0       0       0       0       0       0       0       0       
      +0       0       0       0       0       0       0       0       0       0       0       0       0       0       0
  9947 ;;      Temps:          0       4       0       0       0       0       0       0       0       0       0       0       
      +0       0       0       0       0       0       0       0       0       0       0       0       0       0       0
  9948 ;;      Totals:         0      10       0       0       0       0       0       0       0       0       0       0       
      +0       0       0       0       0       0       0       0       0       0       0       0       0       0       0
  9949 ;;Total ram usage:       10 bytes
  9950 ;; Hardware stack levels used: 1
  9951 ;; Hardware stack levels required when called: 6
  9952 ;; This function calls:
  9953 ;;		Nothing
  9954 ;; This function is called by:
  9955 ;;		_cfg_set_speed
  9956 ;;		_key_loop
  9957 ;; This function uses a non-reentrant model
  9958 ;;
  9959                           
  9960     0BD7                     ___fltol:	
  9961                           ;psect for function ___fltol
  9962                           
  9963                           
  9964                           ;incstack = 0
  9965                           ; Regs used in ___fltol: [wreg+status,2+status,0]
  9966     0BD7  1003               	clrc
  9967     0BD8  0020               	movlb	0	; select bank0
  9968     0BD9  0D66               	rlf	___fltol@f1+2,w
  9969     0BDA  0D67               	rlf	___fltol@f1+3,w
  9970     0BDB  00ED               	movwf	___fltol@exp1
  9971     0BDC  086D               	movf	___fltol@exp1,w
  9972     0BDD  1D03               	btfss	3,2
  9973     0BDE  2BE8               	goto	l3355
  9974     0BDF                     l3351:
  9975     0BDF  3000               	movlw	0
  9976     0BE0  00E7               	movwf	?___fltol+3
  9977     0BE1  3000               	movlw	0
  9978     0BE2  00E6               	movwf	?___fltol+2
  9979     0BE3  3000               	movlw	0
  9980     0BE4  00E5               	movwf	?___fltol+1
  9981     0BE5  3000               	movlw	0
  9982     0BE6  00E4               	movwf	?___fltol
  9983     0BE7  0008               	return
  9984     0BE8                     l3355:
  9985     0BE8  0864               	movf	___fltol@f1,w
  9986     0BE9  00E8               	movwf	??___fltol
  9987     0BEA  0865               	movf	___fltol@f1+1,w
  9988     0BEB  00E9               	movwf	??___fltol+1
  9989     0BEC  0866               	movf	___fltol@f1+2,w
  9990     0BED  00EA               	movwf	??___fltol+2
  9991     0BEE  0867               	movf	___fltol@f1+3,w
  9992     0BEF  00EB               	movwf	??___fltol+3
  9993     0BF0  301F               	movlw	31
  9994     0BF1                     u2485:
  9995     0BF1  36EB               	lsrf	??___fltol+3,f
  9996     0BF2  0CEA               	rrf	??___fltol+2,f
  9997     0BF3  0CE9               	rrf	??___fltol+1,f
  9998     0BF4  0CE8               	rrf	??___fltol,f
  9999     0BF5  0B89               	decfsz	9,f
 10000     0BF6  2BF1               	goto	u2485
 10001     0BF7  0868               	movf	??___fltol,w
 10002     0BF8  00EC               	movwf	___fltol@sign1
 10003     0BF9  17E6               	bsf	___fltol@f1+2,7
 10004     0BFA  30FF               	movlw	255
 10005     0BFB  05E4               	andwf	___fltol@f1,f
 10006     0BFC  30FF               	movlw	255
 10007     0BFD  05E5               	andwf	___fltol@f1+1,f
 10008     0BFE  30FF               	movlw	255
 10009     0BFF  05E6               	andwf	___fltol@f1+2,f
 10010     0C00  3000               	movlw	0
 10011     0C01  05E7               	andwf	___fltol@f1+3,f
 10012     0C02  3096               	movlw	150
 10013     0C03  02ED               	subwf	___fltol@exp1,f
 10014     0C04  1FED               	btfss	___fltol@exp1,7
 10015     0C05  2C19               	goto	l3373
 10016     0C06  086D               	movf	___fltol@exp1,w
 10017     0C07  3A80               	xorlw	128
 10018     0C08  3E97               	addlw	151
 10019     0C09  1C03               	btfss	3,0
 10020     0C0A  2BDF               	goto	l3351
 10021     0C0B                     l3371:
 10022     0C0B  3001               	movlw	1
 10023     0C0C                     u2515:
 10024     0C0C  36E7               	lsrf	___fltol@f1+3,f
 10025     0C0D  0CE6               	rrf	___fltol@f1+2,f
 10026     0C0E  0CE5               	rrf	___fltol@f1+1,f
 10027     0C0F  0CE4               	rrf	___fltol@f1,f
 10028     0C10  0B89               	decfsz	9,f
 10029     0C11  2C0C               	goto	u2515
 10030     0C12  3001               	movlw	1
 10031     0C13  00E8               	movwf	??___fltol
 10032     0C14  0868               	movf	??___fltol,w
 10033     0C15  07ED               	addwf	___fltol@exp1,f
 10034     0C16  1903               	btfsc	3,2
 10035     0C17  2C2A               	goto	l3381
 10036     0C18  2C0B               	goto	l3371
 10037     0C19                     l3373:
 10038     0C19  3020               	movlw	32
 10039     0C1A  026D               	subwf	___fltol@exp1,w
 10040     0C1B  1803               	btfsc	3,0
 10041     0C1C  2BDF               	goto	l3351
 10042     0C1D                     l1248:
 10043     0C1D  086D               	movf	___fltol@exp1,w
 10044     0C1E  1903               	btfsc	3,2
 10045     0C1F  2C2A               	goto	l3381
 10046     0C20  3001               	movlw	1
 10047     0C21                     u2545:
 10048     0C21  35E4               	lslf	___fltol@f1,f
 10049     0C22  0DE5               	rlf	___fltol@f1+1,f
 10050     0C23  0DE6               	rlf	___fltol@f1+2,f
 10051     0C24  0DE7               	rlf	___fltol@f1+3,f
 10052     0C25  0B89               	decfsz	9,f
 10053     0C26  2C21               	goto	u2545
 10054     0C27  3001               	movlw	1
 10055     0C28  02ED               	subwf	___fltol@exp1,f
 10056     0C29  2C1D               	goto	l1248
 10057     0C2A                     l3381:
 10058     0C2A  086C               	movf	___fltol@sign1,w
 10059     0C2B  1903               	btfsc	3,2
 10060     0C2C  0008               	return
 10061     0C2D  09E4               	comf	___fltol@f1,f
 10062     0C2E  09E5               	comf	___fltol@f1+1,f
 10063     0C2F  09E6               	comf	___fltol@f1+2,f
 10064     0C30  09E7               	comf	___fltol@f1+3,f
 10065     0C31  0AE4               	incf	___fltol@f1,f
 10066     0C32  1903               	skipnz
 10067     0C33  0AE5               	incf	___fltol@f1+1,f
 10068     0C34  1903               	skipnz
 10069     0C35  0AE6               	incf	___fltol@f1+2,f
 10070     0C36  1903               	skipnz
 10071     0C37  0AE7               	incf	___fltol@f1+3,f
 10072     0C38  0008               	return
 10073     0C39                     __end_of___fltol:
 10074                           
 10075                           	psect	text39
 10076     0D34                     __ptext39:	
 10077 ;; *************** function ___aldiv *****************
 10078 ;; Defined at:
 10079 ;;		line 5 in file "C:\Program Files\Microchip\xc8\v2.45\pic\sources\c99\common\aldiv.c"
 10080 ;; Parameters:    Size  Location     Type
 10081 ;;  divisor         4    0[BANK1 ] long 
 10082 ;;  dividend        4    4[BANK1 ] long 
 10083 ;; Auto vars:     Size  Location     Type
 10084 ;;  quotient        4   10[BANK1 ] long 
 10085 ;;  sign            1    9[BANK1 ] unsigned char 
 10086 ;;  counter         1    8[BANK1 ] unsigned char 
 10087 ;; Return value:  Size  Location     Type
 10088 ;;                  4    0[BANK1 ] long 
 10089 ;; Registers used:
 10090 ;;		wreg, status,2, status,0
 10091 ;; Tracked objects:
 10092 ;;		On entry : 0/0
 10093 ;;		On exit  : 0/0
 10094 ;;		Unchanged: 0/0
 10095 ;; Data sizes:     COMMON   BANK0   BANK1   BANK2   BANK3   BANK4   BANK5   BANK6   BANK7   BANK8   BANK9  BANK10  BANK1
      +1  BANK12  BANK13  BANK14  BANK15  BANK16  BANK17  BANK18  BANK19  BANK20  BANK21  BANK22  BANK23  BANK24  BANK25
 10096 ;;      Params:         0       0       8       0       0       0       0       0       0       0       0       0       
      +0       0       0       0       0       0       0       0       0       0       0       0       0       0       0
 10097 ;;      Locals:         0       0       6       0       0       0       0       0       0       0       0       0       
      +0       0       0       0       0       0       0       0       0       0       0       0       0       0       0
 10098 ;;      Temps:          0       1       0       0       0       0       0       0       0       0       0       0       
      +0       0       0       0       0       0       0       0       0       0       0       0       0       0       0
 10099 ;;      Totals:         0       1      14       0       0       0       0       0       0       0       0       0       
      +0       0       0       0       0       0       0       0       0       0       0       0       0       0       0
 10100 ;;Total ram usage:       15 bytes
 10101 ;; Hardware stack levels used: 1
 10102 ;; Hardware stack levels required when called: 6
 10103 ;; This function calls:
 10104 ;;		Nothing
 10105 ;; This function is called by:
 10106 ;;		_cfg_set_speed
 10107 ;; This function uses a non-reentrant model
 10108 ;;
 10109                           
 10110     0D34                     ___aldiv:	
 10111                           ;psect for function ___aldiv
 10112                           
 10113                           
 10114                           ;incstack = 0
 10115                           ; Regs used in ___aldiv: [wreg+status,2+status,0]
 10116     0D34  0021               	movlb	1	; select bank1
 10117     0D35  01CD               	clrf	___aldiv@sign^(0+128)
 10118     0D36  1FC7               	btfss	(___aldiv@divisor+3)^(0+128),7
 10119     0D37  2D45               	goto	l1112
 10120     0D38  09C4               	comf	___aldiv@divisor^(0+128),f
 10121     0D39  09C5               	comf	(___aldiv@divisor+1)^(0+128),f
 10122     0D3A  09C6               	comf	(___aldiv@divisor+2)^(0+128),f
 10123     0D3B  09C7               	comf	(___aldiv@divisor+3)^(0+128),f
 10124     0D3C  0AC4               	incf	___aldiv@divisor^(0+128),f
 10125     0D3D  1903               	skipnz
 10126     0D3E  0AC5               	incf	(___aldiv@divisor+1)^(0+128),f
 10127     0D3F  1903               	skipnz
 10128     0D40  0AC6               	incf	(___aldiv@divisor+2)^(0+128),f
 10129     0D41  1903               	skipnz
 10130     0D42  0AC7               	incf	(___aldiv@divisor+3)^(0+128),f
 10131     0D43  01CD               	clrf	___aldiv@sign^(0+128)
 10132     0D44  0ACD               	incf	___aldiv@sign^(0+128),f
 10133     0D45                     l1112:
 10134     0D45  1FCB               	btfss	(___aldiv@dividend+3)^(0+128),7
 10135     0D46  2D58               	goto	l5253
 10136     0D47  09C8               	comf	___aldiv@dividend^(0+128),f
 10137     0D48  09C9               	comf	(___aldiv@dividend+1)^(0+128),f
 10138     0D49  09CA               	comf	(___aldiv@dividend+2)^(0+128),f
 10139     0D4A  09CB               	comf	(___aldiv@dividend+3)^(0+128),f
 10140     0D4B  0AC8               	incf	___aldiv@dividend^(0+128),f
 10141     0D4C  1903               	skipnz
 10142     0D4D  0AC9               	incf	(___aldiv@dividend+1)^(0+128),f
 10143     0D4E  1903               	skipnz
 10144     0D4F  0ACA               	incf	(___aldiv@dividend+2)^(0+128),f
 10145     0D50  1903               	skipnz
 10146     0D51  0ACB               	incf	(___aldiv@dividend+3)^(0+128),f
 10147     0D52  3001               	movlw	1
 10148     0D53  0020               	movlb	0	; select bank0
 10149     0D54  00EE               	movwf	??___aldiv
 10150     0D55  086E               	movf	??___aldiv,w
 10151     0D56  0021               	movlb	1	; select bank1
 10152     0D57  06CD               	xorwf	___aldiv@sign^(0+128),f
 10153     0D58                     l5253:
 10154     0D58  3000               	movlw	0
 10155     0D59  00D1               	movwf	(___aldiv@quotient+3)^(0+128)
 10156     0D5A  3000               	movlw	0
 10157     0D5B  00D0               	movwf	(___aldiv@quotient+2)^(0+128)
 10158     0D5C  3000               	movlw	0
 10159     0D5D  00CF               	movwf	(___aldiv@quotient+1)^(0+128)
 10160     0D5E  3000               	movlw	0
 10161     0D5F  00CE               	movwf	___aldiv@quotient^(0+128)
 10162     0D60  0847               	movf	(___aldiv@divisor+3)^(0+128),w
 10163     0D61  0446               	iorwf	(___aldiv@divisor+2)^(0+128),w
 10164     0D62  0445               	iorwf	(___aldiv@divisor+1)^(0+128),w
 10165     0D63  0444               	iorwf	___aldiv@divisor^(0+128),w
 10166     0D64  1903               	skipnz
 10167     0D65  2DA3               	goto	l5275
 10168     0D66  01CC               	clrf	___aldiv@counter^(0+128)
 10169     0D67  0ACC               	incf	___aldiv@counter^(0+128),f
 10170     0D68                     l5261:
 10171     0D68  1BC7               	btfsc	(___aldiv@divisor+3)^(0+128),7
 10172     0D69  2D78               	goto	l5263
 10173     0D6A  3001               	movlw	1
 10174     0D6B                     u4995:
 10175     0D6B  35C4               	lslf	___aldiv@divisor^(0+128),f
 10176     0D6C  0DC5               	rlf	(___aldiv@divisor+1)^(0+128),f
 10177     0D6D  0DC6               	rlf	(___aldiv@divisor+2)^(0+128),f
 10178     0D6E  0DC7               	rlf	(___aldiv@divisor+3)^(0+128),f
 10179     0D6F  0B89               	decfsz	9,f
 10180     0D70  2D6B               	goto	u4995
 10181     0D71  3001               	movlw	1
 10182     0D72  0020               	movlb	0	; select bank0
 10183     0D73  00EE               	movwf	??___aldiv
 10184     0D74  086E               	movf	??___aldiv,w
 10185     0D75  0021               	movlb	1	; select bank1
 10186     0D76  07CC               	addwf	___aldiv@counter^(0+128),f
 10187     0D77  2D68               	goto	l5261
 10188     0D78                     l5263:
 10189     0D78  3001               	movlw	1
 10190     0D79                     u5015:
 10191     0D79  35CE               	lslf	___aldiv@quotient^(0+128),f
 10192     0D7A  0DCF               	rlf	(___aldiv@quotient+1)^(0+128),f
 10193     0D7B  0DD0               	rlf	(___aldiv@quotient+2)^(0+128),f
 10194     0D7C  0DD1               	rlf	(___aldiv@quotient+3)^(0+128),f
 10195     0D7D  0B89               	decfsz	9,f
 10196     0D7E  2D79               	goto	u5015
 10197     0D7F  0847               	movf	(___aldiv@divisor+3)^(0+128),w
 10198     0D80  024B               	subwf	(___aldiv@dividend+3)^(0+128),w
 10199     0D81  1D03               	skipz
 10200     0D82  2D8D               	goto	u5025
 10201     0D83  0846               	movf	(___aldiv@divisor+2)^(0+128),w
 10202     0D84  024A               	subwf	(___aldiv@dividend+2)^(0+128),w
 10203     0D85  1D03               	skipz
 10204     0D86  2D8D               	goto	u5025
 10205     0D87  0845               	movf	(___aldiv@divisor+1)^(0+128),w
 10206     0D88  0249               	subwf	(___aldiv@dividend+1)^(0+128),w
 10207     0D89  1D03               	skipz
 10208     0D8A  2D8D               	goto	u5025
 10209     0D8B  0844               	movf	___aldiv@divisor^(0+128),w
 10210     0D8C  0248               	subwf	___aldiv@dividend^(0+128),w
 10211     0D8D                     u5025:
 10212     0D8D  1C03               	skipc
 10213     0D8E  2D98               	goto	l5271
 10214     0D8F  0844               	movf	___aldiv@divisor^(0+128),w
 10215     0D90  02C8               	subwf	___aldiv@dividend^(0+128),f
 10216     0D91  0845               	movf	(___aldiv@divisor+1)^(0+128),w
 10217     0D92  3BC9               	subwfb	(___aldiv@dividend+1)^(0+128),f
 10218     0D93  0846               	movf	(___aldiv@divisor+2)^(0+128),w
 10219     0D94  3BCA               	subwfb	(___aldiv@dividend+2)^(0+128),f
 10220     0D95  0847               	movf	(___aldiv@divisor+3)^(0+128),w
 10221     0D96  3BCB               	subwfb	(___aldiv@dividend+3)^(0+128),f
 10222     0D97  144E               	bsf	___aldiv@quotient^(0+128),0
 10223     0D98                     l5271:
 10224     0D98  3001               	movlw	1
 10225     0D99                     u5035:
 10226     0D99  36C7               	lsrf	(___aldiv@divisor+3)^(0+128),f
 10227     0D9A  0CC6               	rrf	(___aldiv@divisor+2)^(0+128),f
 10228     0D9B  0CC5               	rrf	(___aldiv@divisor+1)^(0+128),f
 10229     0D9C  0CC4               	rrf	___aldiv@divisor^(0+128),f
 10230     0D9D  0B89               	decfsz	9,f
 10231     0D9E  2D99               	goto	u5035
 10232     0D9F  3001               	movlw	1
 10233     0DA0  02CC               	subwf	___aldiv@counter^(0+128),f
 10234     0DA1  1D03               	btfss	3,2
 10235     0DA2  2D78               	goto	l5263
 10236     0DA3                     l5275:
 10237     0DA3  084D               	movf	___aldiv@sign^(0+128),w
 10238     0DA4  1903               	btfsc	3,2
 10239     0DA5  2DB1               	goto	l5279
 10240     0DA6  09CE               	comf	___aldiv@quotient^(0+128),f
 10241     0DA7  09CF               	comf	(___aldiv@quotient+1)^(0+128),f
 10242     0DA8  09D0               	comf	(___aldiv@quotient+2)^(0+128),f
 10243     0DA9  09D1               	comf	(___aldiv@quotient+3)^(0+128),f
 10244     0DAA  0ACE               	incf	___aldiv@quotient^(0+128),f
 10245     0DAB  1903               	skipnz
 10246     0DAC  0ACF               	incf	(___aldiv@quotient+1)^(0+128),f
 10247     0DAD  1903               	skipnz
 10248     0DAE  0AD0               	incf	(___aldiv@quotient+2)^(0+128),f
 10249     0DAF  1903               	skipnz
 10250     0DB0  0AD1               	incf	(___aldiv@quotient+3)^(0+128),f
 10251     0DB1                     l5279:
 10252     0DB1  0851               	movf	(___aldiv@quotient+3)^(0+128),w
 10253     0DB2  00C7               	movwf	(?___aldiv+3)^(0+128)
 10254     0DB3  0850               	movf	(___aldiv@quotient+2)^(0+128),w
 10255     0DB4  00C6               	movwf	(?___aldiv+2)^(0+128)
 10256     0DB5  084F               	movf	(___aldiv@quotient+1)^(0+128),w
 10257     0DB6  00C5               	movwf	(?___aldiv+1)^(0+128)
 10258     0DB7  084E               	movf	___aldiv@quotient^(0+128),w
 10259     0DB8  00C4               	movwf	?___aldiv^(0+128)
 10260     0DB9  0008               	return
 10261     0DBA                     __end_of___aldiv:
 10262                           
 10263                           	psect	text40
 10264     0DBA                     __ptext40:	
 10265 ;; *************** function ___xxtofl *****************
 10266 ;; Defined at:
 10267 ;;		line 10 in file "C:\Program Files\Microchip\xc8\v2.45\pic\sources\c99\common\xxtofl.c"
 10268 ;; Parameters:    Size  Location     Type
 10269 ;;  sign            1    wreg     unsigned char 
 10270 ;;  val             4    0[BANK0 ] long 
 10271 ;; Auto vars:     Size  Location     Type
 10272 ;;  sign            1    8[BANK0 ] unsigned char 
 10273 ;;  arg             4   10[BANK0 ] unsigned long 
 10274 ;;  exp             1    9[BANK0 ] unsigned char 
 10275 ;; Return value:  Size  Location     Type
 10276 ;;                  4    0[BANK0 ] unsigned char 
 10277 ;; Registers used:
 10278 ;;		wreg, status,2, status,0
 10279 ;; Tracked objects:
 10280 ;;		On entry : 0/0
 10281 ;;		On exit  : 0/0
 10282 ;;		Unchanged: 0/0
 10283 ;; Data sizes:     COMMON   BANK0   BANK1   BANK2   BANK3   BANK4   BANK5   BANK6   BANK7   BANK8   BANK9  BANK10  BANK1
      +1  BANK12  BANK13  BANK14  BANK15  BANK16  BANK17  BANK18  BANK19  BANK20  BANK21  BANK22  BANK23  BANK24  BANK25
 10284 ;;      Params:         0       4       0       0       0       0       0       0       0       0       0       0       
      +0       0       0       0       0       0       0       0       0       0       0       0       0       0       0
 10285 ;;      Locals:         0       6       0       0       0       0       0       0       0       0       0       0       
      +0       0       0       0       0       0       0       0       0       0       0       0       0       0       0
 10286 ;;      Temps:          0       4       0       0       0       0       0       0       0       0       0       0       
      +0       0       0       0       0       0       0       0       0       0       0       0       0       0       0
 10287 ;;      Totals:         0      14       0       0       0       0       0       0       0       0       0       0       
      +0       0       0       0       0       0       0       0       0       0       0       0       0       0       0
 10288 ;;Total ram usage:       14 bytes
 10289 ;; Hardware stack levels used: 1
 10290 ;; Hardware stack levels required when called: 6
 10291 ;; This function calls:
 10292 ;;		Nothing
 10293 ;; This function is called by:
 10294 ;;		_CW_Config
 10295 ;;		_key_loop
 10296 ;; This function uses a non-reentrant model
 10297 ;;
 10298                           
 10299     0DBA                     ___xxtofl:	
 10300                           ;psect for function ___xxtofl
 10301                           
 10302                           
 10303                           ;incstack = 0
 10304                           ; Regs used in ___xxtofl: [wreg+status,2+status,0]
 10305                           ;___xxtofl@sign stored from wreg
 10306     0DBA  0020               	movlb	0	; select bank0
 10307     0DBB  00A8               	movwf	___xxtofl@sign
 10308     0DBC  0828               	movf	___xxtofl@sign,w
 10309     0DBD  1D03               	btfss	3,2
 10310     0DBE  1FA3               	btfss	___xxtofl@val+3,7
 10311     0DBF  2DD0               	goto	l3931
 10312     0DC0  0920               	comf	___xxtofl@val,w
 10313     0DC1  00AA               	movwf	___xxtofl@arg
 10314     0DC2  0921               	comf	___xxtofl@val+1,w
 10315     0DC3  00AB               	movwf	___xxtofl@arg+1
 10316     0DC4  0922               	comf	___xxtofl@val+2,w
 10317     0DC5  00AC               	movwf	___xxtofl@arg+2
 10318     0DC6  0923               	comf	___xxtofl@val+3,w
 10319     0DC7  00AD               	movwf	___xxtofl@arg+3
 10320     0DC8  0AAA               	incf	___xxtofl@arg,f
 10321     0DC9  1903               	skipnz
 10322     0DCA  0AAB               	incf	___xxtofl@arg+1,f
 10323     0DCB  1903               	skipnz
 10324     0DCC  0AAC               	incf	___xxtofl@arg+2,f
 10325     0DCD  1903               	skipnz
 10326     0DCE  0AAD               	incf	___xxtofl@arg+3,f
 10327     0DCF  2DD8               	goto	l1488
 10328     0DD0                     l3931:
 10329     0DD0  0823               	movf	___xxtofl@val+3,w
 10330     0DD1  00AD               	movwf	___xxtofl@arg+3
 10331     0DD2  0822               	movf	___xxtofl@val+2,w
 10332     0DD3  00AC               	movwf	___xxtofl@arg+2
 10333     0DD4  0821               	movf	___xxtofl@val+1,w
 10334     0DD5  00AB               	movwf	___xxtofl@arg+1
 10335     0DD6  0820               	movf	___xxtofl@val,w
 10336     0DD7  00AA               	movwf	___xxtofl@arg
 10337     0DD8                     l1488:
 10338     0DD8  0823               	movf	___xxtofl@val+3,w
 10339     0DD9  0422               	iorwf	___xxtofl@val+2,w
 10340     0DDA  0421               	iorwf	___xxtofl@val+1,w
 10341     0DDB  0420               	iorwf	___xxtofl@val,w
 10342     0DDC  1D03               	skipz
 10343     0DDD  2DE7               	goto	l3937
 10344     0DDE  3000               	movlw	0
 10345     0DDF  00A3               	movwf	?___xxtofl+3
 10346     0DE0  3000               	movlw	0
 10347     0DE1  00A2               	movwf	?___xxtofl+2
 10348     0DE2  3000               	movlw	0
 10349     0DE3  00A1               	movwf	?___xxtofl+1
 10350     0DE4  3000               	movlw	0
 10351     0DE5  00A0               	movwf	?___xxtofl
 10352     0DE6  0008               	return
 10353     0DE7                     l3937:
 10354     0DE7  3096               	movlw	150
 10355     0DE8  00A9               	movwf	___xxtofl@exp
 10356     0DE9                     l3941:
 10357     0DE9  30FE               	movlw	254
 10358     0DEA  052D               	andwf	___xxtofl@arg+3,w
 10359     0DEB  1903               	btfsc	3,2
 10360     0DEC  2E0C               	goto	l1494
 10361     0DED  3001               	movlw	1
 10362     0DEE  00A4               	movwf	??___xxtofl
 10363     0DEF  0824               	movf	??___xxtofl,w
 10364     0DF0  07A9               	addwf	___xxtofl@exp,f
 10365     0DF1  3001               	movlw	1
 10366     0DF2                     u3475:
 10367     0DF2  36AD               	lsrf	___xxtofl@arg+3,f
 10368     0DF3  0CAC               	rrf	___xxtofl@arg+2,f
 10369     0DF4  0CAB               	rrf	___xxtofl@arg+1,f
 10370     0DF5  0CAA               	rrf	___xxtofl@arg,f
 10371     0DF6  0B89               	decfsz	9,f
 10372     0DF7  2DF2               	goto	u3475
 10373     0DF8  2DE9               	goto	l3941
 10374     0DF9                     l3943:
 10375     0DF9  3001               	movlw	1
 10376     0DFA  00A4               	movwf	??___xxtofl
 10377     0DFB  0824               	movf	??___xxtofl,w
 10378     0DFC  07A9               	addwf	___xxtofl@exp,f
 10379     0DFD  3001               	movlw	1
 10380     0DFE  07AA               	addwf	___xxtofl@arg,f
 10381     0DFF  3000               	movlw	0
 10382     0E00  3DAB               	addwfc	___xxtofl@arg+1,f
 10383     0E01  3000               	movlw	0
 10384     0E02  3DAC               	addwfc	___xxtofl@arg+2,f
 10385     0E03  3000               	movlw	0
 10386     0E04  3DAD               	addwfc	___xxtofl@arg+3,f
 10387     0E05  3001               	movlw	1
 10388     0E06                     u3495:
 10389     0E06  36AD               	lsrf	___xxtofl@arg+3,f
 10390     0E07  0CAC               	rrf	___xxtofl@arg+2,f
 10391     0E08  0CAB               	rrf	___xxtofl@arg+1,f
 10392     0E09  0CAA               	rrf	___xxtofl@arg,f
 10393     0E0A  0B89               	decfsz	9,f
 10394     0E0B  2E06               	goto	u3495
 10395     0E0C                     l1494:
 10396     0E0C  30FF               	movlw	255
 10397     0E0D  052D               	andwf	___xxtofl@arg+3,w
 10398     0E0E  1903               	btfsc	3,2
 10399     0E0F  2E1E               	goto	l3951
 10400     0E10  2DF9               	goto	l3943
 10401     0E11                     l3953:
 10402     0E11  3002               	movlw	2
 10403     0E12  0229               	subwf	___xxtofl@exp,w
 10404     0E13  1C03               	btfss	3,0
 10405     0E14  2E20               	goto	l1501
 10406     0E15  3001               	movlw	1
 10407     0E16  02A9               	subwf	___xxtofl@exp,f
 10408     0E17  3001               	movlw	1
 10409     0E18                     u3515:
 10410     0E18  35AA               	lslf	___xxtofl@arg,f
 10411     0E19  0DAB               	rlf	___xxtofl@arg+1,f
 10412     0E1A  0DAC               	rlf	___xxtofl@arg+2,f
 10413     0E1B  0DAD               	rlf	___xxtofl@arg+3,f
 10414     0E1C  0B89               	decfsz	9,f
 10415     0E1D  2E18               	goto	u3515
 10416     0E1E                     l3951:
 10417     0E1E  1FAC               	btfss	___xxtofl@arg+2,7
 10418     0E1F  2E11               	goto	l3953
 10419     0E20                     l1501:
 10420     0E20  1829               	btfsc	___xxtofl@exp,0
 10421     0E21  2E2A               	goto	l1502
 10422     0E22  30FF               	movlw	255
 10423     0E23  05AA               	andwf	___xxtofl@arg,f
 10424     0E24  30FF               	movlw	255
 10425     0E25  05AB               	andwf	___xxtofl@arg+1,f
 10426     0E26  307F               	movlw	127
 10427     0E27  05AC               	andwf	___xxtofl@arg+2,f
 10428     0E28  30FF               	movlw	255
 10429     0E29  05AD               	andwf	___xxtofl@arg+3,f
 10430     0E2A                     l1502:
 10431     0E2A  1003               	clrc
 10432     0E2B  0CA9               	rrf	___xxtofl@exp,f
 10433     0E2C  0829               	movf	___xxtofl@exp,w
 10434     0E2D  00A4               	movwf	??___xxtofl
 10435     0E2E  01A5               	clrf	??___xxtofl+1
 10436     0E2F  01A6               	clrf	??___xxtofl+2
 10437     0E30  01A7               	clrf	??___xxtofl+3
 10438     0E31  3018               	movlw	24
 10439     0E32                     u3555:
 10440     0E32  35A4               	lslf	??___xxtofl,f
 10441     0E33  0DA5               	rlf	??___xxtofl+1,f
 10442     0E34  0DA6               	rlf	??___xxtofl+2,f
 10443     0E35  0DA7               	rlf	??___xxtofl+3,f
 10444     0E36  0B89               	decfsz	9,f
 10445     0E37  2E32               	goto	u3555
 10446     0E38  0824               	movf	??___xxtofl,w
 10447     0E39  04AA               	iorwf	___xxtofl@arg,f
 10448     0E3A  0825               	movf	??___xxtofl+1,w
 10449     0E3B  04AB               	iorwf	___xxtofl@arg+1,f
 10450     0E3C  0826               	movf	??___xxtofl+2,w
 10451     0E3D  04AC               	iorwf	___xxtofl@arg+2,f
 10452     0E3E  0827               	movf	??___xxtofl+3,w
 10453     0E3F  04AD               	iorwf	___xxtofl@arg+3,f
 10454     0E40  0828               	movf	___xxtofl@sign,w
 10455     0E41  1D03               	btfss	3,2
 10456     0E42  1FA3               	btfss	___xxtofl@val+3,7
 10457     0E43  2E45               	goto	l3965
 10458     0E44  17AD               	bsf	___xxtofl@arg+3,7
 10459     0E45                     l3965:
 10460     0E45  082D               	movf	___xxtofl@arg+3,w
 10461     0E46  00A3               	movwf	?___xxtofl+3
 10462     0E47  082C               	movf	___xxtofl@arg+2,w
 10463     0E48  00A2               	movwf	?___xxtofl+2
 10464     0E49  082B               	movf	___xxtofl@arg+1,w
 10465     0E4A  00A1               	movwf	?___xxtofl+1
 10466     0E4B  082A               	movf	___xxtofl@arg,w
 10467     0E4C  00A0               	movwf	?___xxtofl
 10468     0E4D  0008               	return
 10469     0E4E                     __end_of___xxtofl:
 10470                           
 10471                           	psect	text41
 10472     17D7                     __ptext41:	
 10473 ;; *************** function ___fltoee *****************
 10474 ;; Defined at:
 10475 ;;		line 214 in file "C:\Program Files\Microchip\xc8\v2.45\pic\sources\c99\pic\__eeprom.c"
 10476 ;; Parameters:    Size  Location     Type
 10477 ;;  addr            1    wreg     PTR eeprom void 
 10478 ;;		 -> speed_wpm__eeprom(4), weight__eeprom(4), 
 10479 ;;  data            4   14[BANK0 ] PTR eeprom void 
 10480 ;; Auto vars:     Size  Location     Type
 10481 ;;  addr            1   18[BANK0 ] PTR eeprom void 
 10482 ;;		 -> speed_wpm__eeprom(4), weight__eeprom(4), 
 10483 ;; Return value:  Size  Location     Type
 10484 ;;                  4   14[BANK0 ] PTR eeprom void 
 10485 ;; Registers used:
 10486 ;;		wreg, fsr1l, fsr1h, status,2, status,0, pclath, cstack
 10487 ;; Tracked objects:
 10488 ;;		On entry : 0/0
 10489 ;;		On exit  : 0/0
 10490 ;;		Unchanged: 0/0
 10491 ;; Data sizes:     COMMON   BANK0   BANK1   BANK2   BANK3   BANK4   BANK5   BANK6   BANK7   BANK8   BANK9  BANK10  BANK1
      +1  BANK12  BANK13  BANK14  BANK15  BANK16  BANK17  BANK18  BANK19  BANK20  BANK21  BANK22  BANK23  BANK24  BANK25
 10492 ;;      Params:         0       4       0       0       0       0       0       0       0       0       0       0       
      +0       0       0       0       0       0       0       0       0       0       0       0       0       0       0
 10493 ;;      Locals:         0       1       0       0       0       0       0       0       0       0       0       0       
      +0       0       0       0       0       0       0       0       0       0       0       0       0       0       0
 10494 ;;      Temps:          0       0       0       0       0       0       0       0       0       0       0       0       
      +0       0       0       0       0       0       0       0       0       0       0       0       0       0       0
 10495 ;;      Totals:         0       5       0       0       0       0       0       0       0       0       0       0       
      +0       0       0       0       0       0       0       0       0       0       0       0       0       0       0
 10496 ;;Total ram usage:        5 bytes
 10497 ;; Hardware stack levels used: 1
 10498 ;; Hardware stack levels required when called: 7
 10499 ;; This function calls:
 10500 ;;		___memcpyee
 10501 ;; This function is called by:
 10502 ;;		_CW_Config
 10503 ;; This function uses a non-reentrant model
 10504 ;;
 10505                           
 10506     17D7                     ___fltoee:	
 10507                           ;psect for function ___fltoee
 10508                           
 10509                           
 10510                           ;incstack = 0
 10511                           ; Regs used in ___fltoee: [wreg+fsr1l+fsr1h+status,2+status,0+pclath+cstack]
 10512                           ;___fltoee@addr stored from wreg
 10513     17D7  0020               	movlb	0	; select bank0
 10514     17D8  00B2               	movwf	___fltoee@addr
 10515     17D9  302E               	movlw	(low (___fltoee@data| 0))& (0+255)
 10516     17DA  00A0               	movwf	___memcpyee@from
 10517     17DB  3004               	movlw	4
 10518     17DC  00A1               	movwf	___memcpyee@size
 10519     17DD  0832               	movf	___fltoee@addr,w
 10520     17DE  318A  226F         	fcall	___memcpyee
 10521     17E0  0008               	return
 10522     17E1                     __end_of___fltoee:
 10523                           
 10524                           	psect	text42
 10525     17CD                     __ptext42:	
 10526 ;; *************** function ___ctoee *****************
 10527 ;; Defined at:
 10528 ;;		line 150 in file "C:\Program Files\Microchip\xc8\v2.45\pic\sources\c99\pic\__eeprom.c"
 10529 ;; Parameters:    Size  Location     Type
 10530 ;;  addr            1    wreg     PTR eeprom void 
 10531 ;;		 -> spacing__eeprom(1), memory__eeprom(1), mode__eeprom(1), paddle__eeprom(1), 
 10532 ;;  data            1    5[BANK0 ] unsigned char 
 10533 ;; Auto vars:     Size  Location     Type
 10534 ;;  addr            1    6[BANK0 ] PTR eeprom void 
 10535 ;;		 -> spacing__eeprom(1), memory__eeprom(1), mode__eeprom(1), paddle__eeprom(1), 
 10536 ;; Return value:  Size  Location     Type
 10537 ;;                  1    wreg      unsigned char 
 10538 ;; Registers used:
 10539 ;;		wreg, fsr1l, fsr1h, status,2, status,0, pclath, cstack
 10540 ;; Tracked objects:
 10541 ;;		On entry : 0/0
 10542 ;;		On exit  : 0/0
 10543 ;;		Unchanged: 0/0
 10544 ;; Data sizes:     COMMON   BANK0   BANK1   BANK2   BANK3   BANK4   BANK5   BANK6   BANK7   BANK8   BANK9  BANK10  BANK1
      +1  BANK12  BANK13  BANK14  BANK15  BANK16  BANK17  BANK18  BANK19  BANK20  BANK21  BANK22  BANK23  BANK24  BANK25
 10545 ;;      Params:         0       1       0       0       0       0       0       0       0       0       0       0       
      +0       0       0       0       0       0       0       0       0       0       0       0       0       0       0
 10546 ;;      Locals:         0       1       0       0       0       0       0       0       0       0       0       0       
      +0       0       0       0       0       0       0       0       0       0       0       0       0       0       0
 10547 ;;      Temps:          0       0       0       0       0       0       0       0       0       0       0       0       
      +0       0       0       0       0       0       0       0       0       0       0       0       0       0       0
 10548 ;;      Totals:         0       2       0       0       0       0       0       0       0       0       0       0       
      +0       0       0       0       0       0       0       0       0       0       0       0       0       0       0
 10549 ;;Total ram usage:        2 bytes
 10550 ;; Hardware stack levels used: 1
 10551 ;; Hardware stack levels required when called: 7
 10552 ;; This function calls:
 10553 ;;		___memcpyee
 10554 ;; This function is called by:
 10555 ;;		_CW_Config
 10556 ;; This function uses a non-reentrant model
 10557 ;;
 10558                           
 10559     17CD                     ___ctoee:	
 10560                           ;psect for function ___ctoee
 10561                           
 10562                           
 10563                           ;incstack = 0
 10564                           ; Regs used in ___ctoee: [wreg+fsr1l+fsr1h+status,2+status,0+pclath+cstack]
 10565                           ;___ctoee@addr stored from wreg
 10566     17CD  0020               	movlb	0	; select bank0
 10567     17CE  00A6               	movwf	___ctoee@addr
 10568     17CF  3025               	movlw	(low (___ctoee@data| 0))& (0+255)
 10569     17D0  00A0               	movwf	___memcpyee@from
 10570     17D1  01A1               	clrf	___memcpyee@size
 10571     17D2  0AA1               	incf	___memcpyee@size,f
 10572     17D3  0826               	movf	___ctoee@addr,w
 10573     17D4  318A  226F         	fcall	___memcpyee
 10574     17D6  0008               	return
 10575     17D7                     __end_of___ctoee:
 10576                           
 10577                           	psect	text43
 10578     0A6F                     __ptext43:	
 10579 ;; *************** function ___memcpyee *****************
 10580 ;; Defined at:
 10581 ;;		line 39 in file "C:\Program Files\Microchip\xc8\v2.45\pic\sources\c99\pic\__eeprom.c"
 10582 ;; Parameters:    Size  Location     Type
 10583 ;;  to              1    wreg     PTR eeprom unsigned char
 10584 ;;		 -> spacing__eeprom(1), speed_wpm__eeprom(4), memory__eeprom(1), mode__eeprom(1), 
 10585 ;;		 -> weight__eeprom(4), paddle__eeprom(1), 
 10586 ;;  from            1    0[BANK0 ] PTR const unsigned char 
 10587 ;;		 -> __fltoee@data(4), __fttoee@data(4), __otoee@data(8), __ltoee@data(4), 
 10588 ;;		 -> __mtoee@data(3), __itoee@data(2), __ctoee@data(1), 
 10589 ;;  size            1    1[BANK0 ] unsigned char 
 10590 ;; Auto vars:     Size  Location     Type
 10591 ;;  to              1    4[BANK0 ] PTR eeprom unsigned char
 10592 ;;		 -> spacing__eeprom(1), speed_wpm__eeprom(4), memory__eeprom(1), mode__eeprom(1), 
 10593 ;;		 -> weight__eeprom(4), paddle__eeprom(1), 
 10594 ;;  ptr             1    3[BANK0 ] PTR const unsigned char 
 10595 ;;		 -> __fltoee@data(4), __fttoee@data(4), __otoee@data(8), __ltoee@data(4), 
 10596 ;;		 -> __mtoee@data(3), __itoee@data(2), __ctoee@data(1), 
 10597 ;; Return value:  Size  Location     Type
 10598 ;;                  1    wreg      void 
 10599 ;; Registers used:
 10600 ;;		wreg, fsr1l, fsr1h, status,2, status,0
 10601 ;; Tracked objects:
 10602 ;;		On entry : 0/0
 10603 ;;		On exit  : 0/0
 10604 ;;		Unchanged: 0/0
 10605 ;; Data sizes:     COMMON   BANK0   BANK1   BANK2   BANK3   BANK4   BANK5   BANK6   BANK7   BANK8   BANK9  BANK10  BANK1
      +1  BANK12  BANK13  BANK14  BANK15  BANK16  BANK17  BANK18  BANK19  BANK20  BANK21  BANK22  BANK23  BANK24  BANK25
 10606 ;;      Params:         0       2       0       0       0       0       0       0       0       0       0       0       
      +0       0       0       0       0       0       0       0       0       0       0       0       0       0       0
 10607 ;;      Locals:         0       2       0       0       0       0       0       0       0       0       0       0       
      +0       0       0       0       0       0       0       0       0       0       0       0       0       0       0
 10608 ;;      Temps:          0       1       0       0       0       0       0       0       0       0       0       0       
      +0       0       0       0       0       0       0       0       0       0       0       0       0       0       0
 10609 ;;      Totals:         0       5       0       0       0       0       0       0       0       0       0       0       
      +0       0       0       0       0       0       0       0       0       0       0       0       0       0       0
 10610 ;;Total ram usage:        5 bytes
 10611 ;; Hardware stack levels used: 1
 10612 ;; Hardware stack levels required when called: 6
 10613 ;; This function calls:
 10614 ;;		Nothing
 10615 ;; This function is called by:
 10616 ;;		___ctoee
 10617 ;;		___fltoee
 10618 ;; This function uses a non-reentrant model
 10619 ;;
 10620                           
 10621     0A6F                     ___memcpyee:	
 10622                           ;psect for function ___memcpyee
 10623                           
 10624                           
 10625                           ;incstack = 0
 10626                           ; Regs used in ___memcpyee: [wreg+fsr1l+fsr1h+status,2+status,0]
 10627                           ;___memcpyee@to stored from wreg
 10628     0A6F  0020               	movlb	0	; select bank0
 10629     0A70  00A4               	movwf	___memcpyee@to
 10630                           
 10631                           ;C:\Program Files\Microchip\xc8\v2.45\pic\sources\c99\pic\__eeprom.c: 39: __memcpyee(__e
      +                          eprom unsigned char * to, const unsigned char *from, unsigned char size);C:\Program File
      +                          s\Microchip\xc8\v2.45\pic\sources\c99\pic\__eeprom.c: 40: {;C:\Program Files\Microchip\x
      +                          c8\v2.45\pic\sources\c99\pic\__eeprom.c: 41:  const unsigned char *ptr =from;
 10632     0A71  0820               	movf	___memcpyee@from,w
 10633     0A72  00A3               	movwf	___memcpyee@ptr
 10634     0A73                     l923:	
 10635                           ;C:\Program Files\Microchip\xc8\v2.45\pic\sources\c99\pic\__eeprom.c: 71:  }
 10636                           
 10637                           
 10638                           ;C:\Program Files\Microchip\xc8\v2.45\pic\sources\c99\pic\__eeprom.c: 69:  while (NVMCON
      +                          1bits.WR) {
 10639     0A73  0031               	movlb	17	; select bank17
 10640     0A74  1895               	btfsc	21,1	;volsfr
 10641     0A75  2A73               	goto	l923
 10642                           
 10643                           ;C:\Program Files\Microchip\xc8\v2.45\pic\sources\c99\pic\__eeprom.c: 72:  NVMCON1bits.N
      +                          VMREGS = 1;
 10644     0A76  1715               	bsf	21,6	;volsfr
 10645                           
 10646                           ;C:\Program Files\Microchip\xc8\v2.45\pic\sources\c99\pic\__eeprom.c: 73:  NVMADRL = (un
      +                          signed char) to - 1U;
 10647     0A77  0020               	movlb	0	; select bank0
 10648     0A78  0824               	movf	___memcpyee@to,w
 10649     0A79  3EFF               	addlw	255
 10650     0A7A  0031               	movlb	17	; select bank17
 10651     0A7B  0091               	movwf	17	;volatile
 10652                           
 10653                           ;C:\Program Files\Microchip\xc8\v2.45\pic\sources\c99\pic\__eeprom.c: 74:  NVMADRH = 0x7
      +                          0;
 10654     0A7C  3070               	movlw	112
 10655     0A7D  0092               	movwf	18	;volatile
 10656                           
 10657                           ;C:\Program Files\Microchip\xc8\v2.45\pic\sources\c99\pic\__eeprom.c: 75:  NVMDATH = 0;
 10658     0A7E  0194               	clrf	20	;volatile
 10659     0A7F                     l3293:	
 10660                           ;C:\Program Files\Microchip\xc8\v2.45\pic\sources\c99\pic\__eeprom.c: 76:  while (size--
      +                          ) {
 10661                           
 10662                           
 10663                           ;C:\Program Files\Microchip\xc8\v2.45\pic\sources\c99\pic\__eeprom.c: 76:  while (size--
      +                          ) {
 10664     0A7F  3001               	movlw	1
 10665     0A80  0020               	movlb	0	; select bank0
 10666     0A81  02A1               	subwf	___memcpyee@size,f
 10667     0A82  0A21               	incf	___memcpyee@size,w
 10668     0A83  1903               	btfsc	3,2
 10669     0A84  0008               	return
 10670     0A85                     l928:	
 10671                           ;C:\Program Files\Microchip\xc8\v2.45\pic\sources\c99\pic\__eeprom.c: 79:   }
 10672                           
 10673                           
 10674                           ;C:\Program Files\Microchip\xc8\v2.45\pic\sources\c99\pic\__eeprom.c: 77:   while (NVMCO
      +                          N1bits.WR) {
 10675     0A85  0031               	movlb	17	; select bank17
 10676     0A86  1895               	btfsc	21,1	;volsfr
 10677     0A87  2A85               	goto	l928
 10678                           
 10679                           ;C:\Program Files\Microchip\xc8\v2.45\pic\sources\c99\pic\__eeprom.c: 80:   NVMDATL = *p
      +                          tr++;
 10680     0A88  0020               	movlb	0	; select bank0
 10681     0A89  0823               	movf	___memcpyee@ptr,w
 10682     0A8A  0086               	movwf	6
 10683     0A8B  0187               	clrf	7
 10684     0A8C  0801               	movf	1,w
 10685     0A8D  0031               	movlb	17	; select bank17
 10686     0A8E  0093               	movwf	19	;volatile
 10687     0A8F  3001               	movlw	1
 10688     0A90  0020               	movlb	0	; select bank0
 10689     0A91  00A2               	movwf	??___memcpyee
 10690     0A92  0822               	movf	??___memcpyee,w
 10691     0A93  07A3               	addwf	___memcpyee@ptr,f
 10692                           
 10693                           ;C:\Program Files\Microchip\xc8\v2.45\pic\sources\c99\pic\__eeprom.c: 81:   NVMADRL++;
 10694     0A94  3001               	movlw	1
 10695     0A95  00A2               	movwf	??___memcpyee
 10696     0A96  0822               	movf	??___memcpyee,w
 10697     0A97  0031               	movlb	17	; select bank17
 10698     0A98  0791               	addwf	17,f	;volatile
 10699                           
 10700                           ;C:\Program Files\Microchip\xc8\v2.45\pic\sources\c99\pic\__eeprom.c: 82:   STATUSbits.C
      +                          ARRY = 0;
 10701     0A99  0020               	movlb	0	; select bank0
 10702     0A9A  1003               	bcf	3,0	;volatile
 10703                           
 10704                           ;C:\Program Files\Microchip\xc8\v2.45\pic\sources\c99\pic\__eeprom.c: 83:   if (INTCONbi
      +                          ts.GIE) {
 10705     0A9B  1B8B               	btfsc	11,7	;volatile
 10706                           
 10707                           ;C:\Program Files\Microchip\xc8\v2.45\pic\sources\c99\pic\__eeprom.c: 84:    STATUSbits.
      +                          CARRY = 1;
 10708     0A9C  1403               	bsf	3,0	;volatile
 10709                           
 10710                           ;C:\Program Files\Microchip\xc8\v2.45\pic\sources\c99\pic\__eeprom.c: 86:   NVMCON1bits.
      +                          WREN = 1;
 10711                           
 10712                           ;C:\Program Files\Microchip\xc8\v2.45\pic\sources\c99\pic\__eeprom.c: 85:   }
 10713     0A9D  0031               	movlb	17	; select bank17
 10714     0A9E  1515               	bsf	21,2	;volsfr
 10715                           
 10716                           ;C:\Program Files\Microchip\xc8\v2.45\pic\sources\c99\pic\__eeprom.c: 87:   NVMCON2 = 0x
      +                          55;
 10717     0A9F  3055               	movlw	85
 10718     0AA0  0096               	movwf	22	;volsfr
 10719                           
 10720                           ;C:\Program Files\Microchip\xc8\v2.45\pic\sources\c99\pic\__eeprom.c: 88:   NVMCON2 = 0x
      +                          AA;
 10721     0AA1  30AA               	movlw	170
 10722     0AA2  0096               	movwf	22	;volsfr
 10723                           
 10724                           ;C:\Program Files\Microchip\xc8\v2.45\pic\sources\c99\pic\__eeprom.c: 89:   NVMCON1bits.
      +                          WR = 1;
 10725     0AA3  1495               	bsf	21,1	;volsfr
 10726     0AA4                     l932:	
 10727                           ;C:\Program Files\Microchip\xc8\v2.45\pic\sources\c99\pic\__eeprom.c: 92:   }
 10728                           
 10729                           
 10730                           ;C:\Program Files\Microchip\xc8\v2.45\pic\sources\c99\pic\__eeprom.c: 90:   while (NVMCO
      +                          N1bits.WR) {
 10731     0AA4  1895               	btfsc	21,1	;volsfr
 10732     0AA5  2AA4               	goto	l932
 10733                           
 10734                           ;C:\Program Files\Microchip\xc8\v2.45\pic\sources\c99\pic\__eeprom.c: 93:   NVMCON1bits.
      +                          WREN = 0;
 10735     0AA6  1115               	bcf	21,2	;volsfr
 10736                           
 10737                           ;C:\Program Files\Microchip\xc8\v2.45\pic\sources\c99\pic\__eeprom.c: 94:   if (STATUSbi
      +                          ts.CARRY) {
 10738     0AA7  0020               	movlb	0	; select bank0
 10739     0AA8  1C03               	btfss	3,0	;volatile
 10740     0AA9  2A7F               	goto	l3293
 10741                           
 10742                           ;C:\Program Files\Microchip\xc8\v2.45\pic\sources\c99\pic\__eeprom.c: 95:    INTCONbits.
      +                          GIE = 1;
 10743     0AAA  178B               	bsf	11,7	;volatile
 10744     0AAB  2A7F               	goto	l3293
 10745     0AAC                     __end_of___memcpyee:
 10746                           
 10747                           	psect	text44
 10748     0CB1                     __ptext44:	
 10749 ;; *************** function _CMD_dequeue *****************
 10750 ;; Defined at:
 10751 ;;		line 91 in file "D:/Microchip/MPLABProjects/PSoC3-PCIe-MKIII.X/main.c"
 10752 ;; Parameters:    Size  Location     Type
 10753 ;;  param1          1    wreg     PTR unsigned char 
 10754 ;;		 -> CW_Config@param1(1), 
 10755 ;;  param2          1    4[BANK0 ] PTR unsigned char 
 10756 ;;		 -> CW_Config@param2(1), 
 10757 ;; Auto vars:     Size  Location     Type
 10758 ;;  param1          1    7[BANK0 ] PTR unsigned char 
 10759 ;;		 -> CW_Config@param1(1), 
 10760 ;;  ret             1    8[BANK0 ] unsigned char 
 10761 ;; Return value:  Size  Location     Type
 10762 ;;                  1    wreg      unsigned char 
 10763 ;; Registers used:
 10764 ;;		wreg, fsr0l, fsr0h, fsr1l, fsr1h, status,2, status,0, pclath, cstack
 10765 ;; Tracked objects:
 10766 ;;		On entry : 0/0
 10767 ;;		On exit  : 0/0
 10768 ;;		Unchanged: 0/0
 10769 ;; Data sizes:     COMMON   BANK0   BANK1   BANK2   BANK3   BANK4   BANK5   BANK6   BANK7   BANK8   BANK9  BANK10  BANK1
      +1  BANK12  BANK13  BANK14  BANK15  BANK16  BANK17  BANK18  BANK19  BANK20  BANK21  BANK22  BANK23  BANK24  BANK25
 10770 ;;      Params:         0       1       0       0       0       0       0       0       0       0       0       0       
      +0       0       0       0       0       0       0       0       0       0       0       0       0       0       0
 10771 ;;      Locals:         0       2       0       0       0       0       0       0       0       0       0       0       
      +0       0       0       0       0       0       0       0       0       0       0       0       0       0       0
 10772 ;;      Temps:          0       2       0       0       0       0       0       0       0       0       0       0       
      +0       0       0       0       0       0       0       0       0       0       0       0       0       0       0
 10773 ;;      Totals:         0       5       0       0       0       0       0       0       0       0       0       0       
      +0       0       0       0       0       0       0       0       0       0       0       0       0       0       0
 10774 ;;Total ram usage:        5 bytes
 10775 ;; Hardware stack levels used: 1
 10776 ;; Hardware stack levels required when called: 7
 10777 ;; This function calls:
 10778 ;;		___bmul
 10779 ;; This function is called by:
 10780 ;;		_CW_Config
 10781 ;; This function uses a non-reentrant model
 10782 ;;
 10783                           
 10784     0CB1                     _CMD_dequeue:	
 10785                           ;psect for function _CMD_dequeue
 10786                           
 10787                           
 10788                           ;incstack = 0
 10789                           ; Regs used in _CMD_dequeue: [wreg-fsr1h+status,2+status,0+pclath+cstack]
 10790                           ;CMD_dequeue@param1 stored from wreg
 10791     0CB1  0020               	movlb	0	; select bank0
 10792     0CB2  00A7               	movwf	CMD_dequeue@param1
 10793                           
 10794                           ;D:/Microchip/MPLABProjects/PSoC3-PCIe-MKIII.X/main.c: 92:     uint8_t ret = 199;
 10795     0CB3  30C7               	movlw	199
 10796     0CB4  00A8               	movwf	CMD_dequeue@ret
 10797                           
 10798                           ;D:/Microchip/MPLABProjects/PSoC3-PCIe-MKIII.X/main.c: 94:     if (CMD_add_queue_busy ==
      +                           0) {
 10799     0CB5  086F               	movf	_CMD_add_queue_busy,w	;volatile
 10800     0CB6  1D03               	btfss	3,2
 10801     0CB7  2D31               	goto	l3713
 10802                           
 10803                           ;D:/Microchip/MPLABProjects/PSoC3-PCIe-MKIII.X/main.c: 95:         CMD_dequeue_busy = 1;
 10804     0CB8  3001               	movlw	1
 10805     0CB9  0021               	movlb	1	; select bank1
 10806     0CBA  00B1               	movwf	_CMD_dequeue_busy^(0+128)	;volatile
 10807                           
 10808                           ;D:/Microchip/MPLABProjects/PSoC3-PCIe-MKIII.X/main.c: 96:         if (CMD_queue_front =
      +                          = -1) {
 10809     0CBB  0A63               	incf	_CMD_queue_front^(0+128),w	;volatile
 10810     0CBC  1D03               	skipz
 10811     0CBD  2CC5               	goto	l3697
 10812     0CBE  0A64               	incf	(_CMD_queue_front+1)^(0+128),w	;volatile
 10813     0CBF  1D03               	btfss	3,2
 10814     0CC0  2CC5               	goto	l3697
 10815                           
 10816                           ;D:/Microchip/MPLABProjects/PSoC3-PCIe-MKIII.X/main.c: 97:             ret = 199;
 10817     0CC1  30C7               	movlw	199
 10818     0CC2  0020               	movlb	0	; select bank0
 10819     0CC3  00A8               	movwf	CMD_dequeue@ret
 10820                           
 10821                           ;D:/Microchip/MPLABProjects/PSoC3-PCIe-MKIII.X/main.c: 98:         } else {
 10822     0CC4  2D27               	goto	l657
 10823     0CC5                     l3697:
 10824                           
 10825                           ;D:/Microchip/MPLABProjects/PSoC3-PCIe-MKIII.X/main.c: 99:             ret = CMD_Queue[C
      +                          MD_queue_front][0];
 10826     0CC5  3003               	movlw	3
 10827     0CC6  0020               	movlb	0	; select bank0
 10828     0CC7  00A0               	movwf	___bmul@multiplicand
 10829     0CC8  0021               	movlb	1	; select bank1
 10830     0CC9  0863               	movf	_CMD_queue_front^(0+128),w	;volatile
 10831     0CCA  3188  2074  318C   	fcall	___bmul
 10832     0CCD  3EA0               	addlw	(low (_CMD_Queue| (0+256)))& (0+255)
 10833     0CCE  0086               	movwf	6
 10834     0CCF  3001               	movlw	1	; select bank3/4
 10835     0CD0  0087               	movwf	7
 10836     0CD1  0801               	movf	1,w
 10837     0CD2  0020               	movlb	0	; select bank0
 10838     0CD3  00A8               	movwf	CMD_dequeue@ret
 10839                           
 10840                           ;D:/Microchip/MPLABProjects/PSoC3-PCIe-MKIII.X/main.c: 100:             *param1 = CMD_Qu
      +                          eue[CMD_queue_front][1];
 10841     0CD4  0827               	movf	CMD_dequeue@param1,w
 10842     0CD5  0086               	movwf	6
 10843     0CD6  0187               	clrf	7
 10844     0CD7  3003               	movlw	3
 10845     0CD8  00A0               	movwf	___bmul@multiplicand
 10846     0CD9  0021               	movlb	1	; select bank1
 10847     0CDA  0863               	movf	_CMD_queue_front^(0+128),w	;volatile
 10848     0CDB  3188  2074  318C   	fcall	___bmul
 10849     0CDE  3EA1               	addlw	(low ((_CMD_Queue| (0+256)+1)))& (0+255)
 10850     0CDF  0084               	movwf	4
 10851     0CE0  3001               	movlw	1	; select bank3/4
 10852     0CE1  0085               	movwf	5
 10853     0CE2  0800               	movf	0,w
 10854     0CE3  0081               	movwf	1
 10855                           
 10856                           ;D:/Microchip/MPLABProjects/PSoC3-PCIe-MKIII.X/main.c: 101:             *param2 = CMD_Qu
      +                          eue[CMD_queue_front][2];
 10857     0CE4  0020               	movlb	0	; select bank0
 10858     0CE5  0824               	movf	CMD_dequeue@param2,w
 10859     0CE6  0086               	movwf	6
 10860     0CE7  0187               	clrf	7
 10861     0CE8  3003               	movlw	3
 10862     0CE9  00A0               	movwf	___bmul@multiplicand
 10863     0CEA  0021               	movlb	1	; select bank1
 10864     0CEB  0863               	movf	_CMD_queue_front^(0+128),w	;volatile
 10865     0CEC  3188  2074  318C   	fcall	___bmul
 10866     0CEF  3EA2               	addlw	(low ((_CMD_Queue| (0+256)+2)))& (0+255)
 10867     0CF0  0084               	movwf	4
 10868     0CF1  3001               	movlw	1	; select bank3/4
 10869     0CF2  0085               	movwf	5
 10870     0CF3  0800               	movf	0,w
 10871     0CF4  0081               	movwf	1
 10872                           
 10873                           ;D:/Microchip/MPLABProjects/PSoC3-PCIe-MKIII.X/main.c: 102:             CMD_Queue[CMD_qu
      +                          eue_front][0] = 199;
 10874     0CF5  3003               	movlw	3
 10875     0CF6  0020               	movlb	0	; select bank0
 10876     0CF7  00A0               	movwf	___bmul@multiplicand
 10877     0CF8  0021               	movlb	1	; select bank1
 10878     0CF9  0863               	movf	_CMD_queue_front^(0+128),w	;volatile
 10879     0CFA  3188  2074  318C   	fcall	___bmul
 10880     0CFD  3EA0               	addlw	(low (_CMD_Queue| (0+256)))& (0+255)
 10881     0CFE  0086               	movwf	6
 10882     0CFF  3001               	movlw	1	; select bank3/4
 10883     0D00  0087               	movwf	7
 10884     0D01  30C7               	movlw	199
 10885     0D02  0081               	movwf	1
 10886                           
 10887                           ;D:/Microchip/MPLABProjects/PSoC3-PCIe-MKIII.X/main.c: 103:             if (CMD_queue_fr
      +                          ont == CMD_queue_rear) {
 10888     0D03  0021               	movlb	1	; select bank1
 10889     0D04  0862               	movf	(_CMD_queue_rear+1)^(0+128),w	;volatile
 10890     0D05  0664               	xorwf	(_CMD_queue_front+1)^(0+128),w	;volatile
 10891     0D06  1D03               	skipz
 10892     0D07  2D0A               	goto	u3085
 10893     0D08  0861               	movf	_CMD_queue_rear^(0+128),w	;volatile
 10894     0D09  0663               	xorwf	_CMD_queue_front^(0+128),w	;volatile
 10895     0D0A                     u3085:
 10896     0D0A  1D03               	skipz
 10897     0D0B  2D15               	goto	l3707
 10898                           
 10899                           ;D:/Microchip/MPLABProjects/PSoC3-PCIe-MKIII.X/main.c: 104:                 CMD_queue_fr
      +                          ont = CMD_queue_rear = -1;
 10900     0D0C  30FF               	movlw	255
 10901     0D0D  00E1               	movwf	_CMD_queue_rear^(0+128)	;volatile
 10902     0D0E  30FF               	movlw	255
 10903     0D0F  00E2               	movwf	(_CMD_queue_rear^(0+128)+1)	;volatile
 10904     0D10  0862               	movf	(_CMD_queue_rear+1)^(0+128),w	;volatile
 10905     0D11  00E4               	movwf	(_CMD_queue_front+1)^(0+128)	;volatile
 10906     0D12  0861               	movf	_CMD_queue_rear^(0+128),w	;volatile
 10907     0D13  00E3               	movwf	_CMD_queue_front^(0+128)	;volatile
 10908                           
 10909                           ;D:/Microchip/MPLABProjects/PSoC3-PCIe-MKIII.X/main.c: 105:             } else {
 10910     0D14  2D27               	goto	l657
 10911     0D15                     l3707:
 10912                           
 10913                           ;D:/Microchip/MPLABProjects/PSoC3-PCIe-MKIII.X/main.c: 106:                 CMD_queue_fr
      +                          ont = (CMD_queue_front + 1) % 16;
 10914     0D15  0863               	movf	_CMD_queue_front^(0+128),w	;volatile
 10915     0D16  3E01               	addlw	1
 10916     0D17  0020               	movlb	0	; select bank0
 10917     0D18  00A5               	movwf	??_CMD_dequeue
 10918     0D19  3000               	movlw	0
 10919     0D1A  0021               	movlb	1	; select bank1
 10920     0D1B  3D64               	addwfc	(_CMD_queue_front+1)^(0+128),w	;volatile
 10921     0D1C  0020               	movlb	0	; select bank0
 10922     0D1D  00A6               	movwf	??_CMD_dequeue+1
 10923     0D1E  300F               	movlw	15
 10924     0D1F  0525               	andwf	??_CMD_dequeue,w
 10925     0D20  0021               	movlb	1	; select bank1
 10926     0D21  00E3               	movwf	_CMD_queue_front^(0+128)	;volatile
 10927     0D22  3000               	movlw	0
 10928     0D23  0020               	movlb	0	; select bank0
 10929     0D24  0526               	andwf	??_CMD_dequeue+1,w
 10930     0D25  0021               	movlb	1	; select bank1
 10931     0D26  00E4               	movwf	(_CMD_queue_front+1)^(0+128)	;volatile
 10932     0D27                     l657:	
 10933                           ;D:/Microchip/MPLABProjects/PSoC3-PCIe-MKIII.X/main.c: 108:         }
 10934                           
 10935                           
 10936                           ;D:/Microchip/MPLABProjects/PSoC3-PCIe-MKIII.X/main.c: 109:         if (ret != 199) {
 10937     0D27  30C7               	movlw	199
 10938     0D28  0020               	movlb	0	; select bank0
 10939     0D29  0628               	xorwf	CMD_dequeue@ret,w
 10940     0D2A  1903               	btfsc	3,2
 10941     0D2B  2D2F               	goto	l3711
 10942                           
 10943                           ;D:/Microchip/MPLABProjects/PSoC3-PCIe-MKIII.X/main.c: 110:             CMD_queue_count-
      +                          -;
 10944     0D2C  3001               	movlw	1
 10945     0D2D  0021               	movlb	1	; select bank1
 10946     0D2E  02B0               	subwf	_CMD_queue_count^(0+128),f	;volatile
 10947     0D2F                     l3711:
 10948                           
 10949                           ;D:/Microchip/MPLABProjects/PSoC3-PCIe-MKIII.X/main.c: 112:         CMD_dequeue_busy = 0
      +                          ;
 10950     0D2F  0021               	movlb	1	; select bank1
 10951     0D30  01B1               	clrf	_CMD_dequeue_busy^(0+128)	;volatile
 10952     0D31                     l3713:
 10953                           
 10954                           ;D:/Microchip/MPLABProjects/PSoC3-PCIe-MKIII.X/main.c: 114:     return ret;
 10955     0D31  0020               	movlb	0	; select bank0
 10956     0D32  0828               	movf	CMD_dequeue@ret,w
 10957     0D33  0008               	return
 10958     0D34                     __end_of_CMD_dequeue:
 10959                           
 10960                           	psect	text45
 10961     0874                     __ptext45:	
 10962 ;; *************** function ___bmul *****************
 10963 ;; Defined at:
 10964 ;;		line 4 in file "C:\Program Files\Microchip\xc8\v2.45\pic\sources\c99\common\Umul8.c"
 10965 ;; Parameters:    Size  Location     Type
 10966 ;;  multiplier      1    wreg     unsigned char 
 10967 ;;  multiplicand    1    0[BANK0 ] unsigned char 
 10968 ;; Auto vars:     Size  Location     Type
 10969 ;;  multiplier      1    3[BANK0 ] unsigned char 
 10970 ;;  product         1    2[BANK0 ] unsigned char 
 10971 ;; Return value:  Size  Location     Type
 10972 ;;                  1    wreg      unsigned char 
 10973 ;; Registers used:
 10974 ;;		wreg, status,2, status,0
 10975 ;; Tracked objects:
 10976 ;;		On entry : 0/0
 10977 ;;		On exit  : 0/0
 10978 ;;		Unchanged: 0/0
 10979 ;; Data sizes:     COMMON   BANK0   BANK1   BANK2   BANK3   BANK4   BANK5   BANK6   BANK7   BANK8   BANK9  BANK10  BANK1
      +1  BANK12  BANK13  BANK14  BANK15  BANK16  BANK17  BANK18  BANK19  BANK20  BANK21  BANK22  BANK23  BANK24  BANK25
 10980 ;;      Params:         0       1       0       0       0       0       0       0       0       0       0       0       
      +0       0       0       0       0       0       0       0       0       0       0       0       0       0       0
 10981 ;;      Locals:         0       2       0       0       0       0       0       0       0       0       0       0       
      +0       0       0       0       0       0       0       0       0       0       0       0       0       0       0
 10982 ;;      Temps:          0       1       0       0       0       0       0       0       0       0       0       0       
      +0       0       0       0       0       0       0       0       0       0       0       0       0       0       0
 10983 ;;      Totals:         0       4       0       0       0       0       0       0       0       0       0       0       
      +0       0       0       0       0       0       0       0       0       0       0       0       0       0       0
 10984 ;;Total ram usage:        4 bytes
 10985 ;; Hardware stack levels used: 1
 10986 ;; Hardware stack levels required when called: 6
 10987 ;; This function calls:
 10988 ;;		Nothing
 10989 ;; This function is called by:
 10990 ;;		_CMD_dequeue
 10991 ;;		_CMD_queue_add
 10992 ;; This function uses a non-reentrant model
 10993 ;;
 10994                           
 10995     0874                     ___bmul:	
 10996                           ;psect for function ___bmul
 10997                           
 10998                           
 10999                           ;incstack = 0
 11000                           ; Regs used in ___bmul: [wreg+status,2+status,0]
 11001                           ;___bmul@multiplier stored from wreg
 11002     0874  0020               	movlb	0	; select bank0
 11003     0875  00A3               	movwf	___bmul@multiplier
 11004     0876  01A2               	clrf	___bmul@product
 11005     0877                     l3297:
 11006     0877  1C23               	btfss	___bmul@multiplier,0
 11007     0878  287D               	goto	l3301
 11008     0879  0820               	movf	___bmul@multiplicand,w
 11009     087A  00A1               	movwf	??___bmul
 11010     087B  0821               	movf	??___bmul,w
 11011     087C  07A2               	addwf	___bmul@product,f
 11012     087D                     l3301:
 11013     087D  1003               	clrc
 11014     087E  0DA0               	rlf	___bmul@multiplicand,f
 11015     087F  1003               	clrc
 11016     0880  0CA3               	rrf	___bmul@multiplier,f
 11017     0881  0823               	movf	___bmul@multiplier,w
 11018     0882  1D03               	btfss	3,2
 11019     0883  2877               	goto	l3297
 11020     0884  0822               	movf	___bmul@product,w
 11021     0885  0008               	return
 11022     0886                     __end_of___bmul:
 11023                           
 11024                           	psect	intentry
 11025     0004                     __pintentry:	
 11026 ;; *************** function _INTERRUPT_InterruptManager *****************
 11027 ;; Defined at:
 11028 ;;		line 52 in file "mcc_generated_files/interrupt_manager.c"
 11029 ;; Parameters:    Size  Location     Type
 11030 ;;		None
 11031 ;; Auto vars:     Size  Location     Type
 11032 ;;		None
 11033 ;; Return value:  Size  Location     Type
 11034 ;;                  1    wreg      void 
 11035 ;; Registers used:
 11036 ;;		wreg, fsr0l, fsr0h, fsr1l, fsr1h, status,2, status,0, pclath, cstack
 11037 ;; Tracked objects:
 11038 ;;		On entry : 0/0
 11039 ;;		On exit  : 0/0
 11040 ;;		Unchanged: 0/0
 11041 ;; Data sizes:     COMMON   BANK0   BANK1   BANK2   BANK3   BANK4   BANK5   BANK6   BANK7   BANK8   BANK9  BANK10  BANK1
      +1  BANK12  BANK13  BANK14  BANK15  BANK16  BANK17  BANK18  BANK19  BANK20  BANK21  BANK22  BANK23  BANK24  BANK25
 11042 ;;      Params:         0       0       0       0       0       0       0       0       0       0       0       0       
      +0       0       0       0       0       0       0       0       0       0       0       0       0       0       0
 11043 ;;      Locals:         0       0       0       0       0       0       0       0       0       0       0       0       
      +0       0       0       0       0       0       0       0       0       0       0       0       0       0       0
 11044 ;;      Temps:          0       0       0       0       0       0       0       0       0       0       0       0       
      +0       0       0       0       0       0       0       0       0       0       0       0       0       0       0
 11045 ;;      Totals:         0       0       0       0       0       0       0       0       0       0       0       0       
      +0       0       0       0       0       0       0       0       0       0       0       0       0       0       0
 11046 ;;Total ram usage:        0 bytes
 11047 ;; Hardware stack levels used: 1
 11048 ;; Hardware stack levels required when called: 5
 11049 ;; This function calls:
 11050 ;;		NULL
 11051 ;;		_I2C1_Isr
 11052 ;;		_TMR0_ISR
 11053 ;; This function is called by:
 11054 ;;		Interrupt level 1
 11055 ;; This function uses a non-reentrant model
 11056 ;;
 11057                           
 11058     0004                     _INTERRUPT_InterruptManager:
 11059                           
 11060                           ;incstack = 0
 11061     0004  147E               	bsf	126,0	;set compiler interrupt flag (level 1)
 11062                           
 11063                           ; Regs used in _INTERRUPT_InterruptManager: [wreg-fsr1h+status,2+status,0+pclath+cstack]
 11064     0005  3180               	pagesel	$
 11065                           
 11066                           ;mcc_generated_files/interrupt_manager.c: 55:     if(PIE0bits.TMR0IE == 1 && PIR0bits.TM
      +                          R0IF == 1)
 11067     0006  0021               	movlb	1	; select bank1
 11068     0007  1E90               	btfss	16,5	;volatile
 11069     0008  2810               	goto	i1l29
 11070     0009  0020               	movlb	0	; select bank0
 11071     000A  1E90               	btfss	16,5	;volatile
 11072     000B  2810               	goto	i1l29
 11073                           
 11074                           ;mcc_generated_files/interrupt_manager.c: 56:     {;mcc_generated_files/interrupt_manage
      +                          r.c: 57:         TMR0_ISR();
 11075     000C  3188  20AD  3180   	fcall	_TMR0_ISR
 11076                           
 11077                           ;mcc_generated_files/interrupt_manager.c: 58:     }
 11078     000F  2823               	goto	i1l37
 11079     0010                     i1l29:	
 11080                           ;mcc_generated_files/interrupt_manager.c: 59:     else if(INTCONbits.PEIE == 1)
 11081                           
 11082     0010  1F0B               	btfss	11,6	;volatile
 11083     0011  2823               	goto	i1l37
 11084                           
 11085                           ;mcc_generated_files/interrupt_manager.c: 60:     {;mcc_generated_files/interrupt_manage
      +                          r.c: 61:         if(PIE1bits.BCL1IE == 1 && PIR1bits.BCL1IF == 1)
 11086     0012  0021               	movlb	1	; select bank1
 11087     0013  1911               	btfsc	17,2	;volatile
 11088     0014  0020               	movlb	0	; select bank0
 11089     0015  1911               	btfsc	17,2	;volatile
 11090     0016  281D               	goto	i1l4339
 11091                           
 11092                           ;mcc_generated_files/interrupt_manager.c: 65:         else if(PIE1bits.SSP1IE == 1 && PI
      +                          R1bits.SSP1IF == 1)
 11093                           
 11094                           ;mcc_generated_files/interrupt_manager.c: 64:         }
 11095     0017  0021               	movlb	1	; select bank1
 11096     0018  1D91               	btfss	17,3	;volatile
 11097     0019  2823               	goto	i1l37
 11098     001A  0020               	movlb	0	; select bank0
 11099     001B  1D91               	btfss	17,3	;volatile
 11100     001C  2823               	goto	i1l37
 11101     001D                     i1l4339:
 11102                           
 11103                           ;mcc_generated_files/interrupt_manager.c: 62:         {;mcc_generated_files/interrupt_ma
      +                          nager.c: 63:             MSSP1_InterruptHandler();
 11104     001D  0022               	movlb	2	; select bank2
 11105     001E  0858               	movf	(_MSSP1_InterruptHandler+1)^(0+256),w
 11106     001F  008A               	movwf	10
 11107     0020  0857               	movf	_MSSP1_InterruptHandler^(0+256),w
 11108     0021  000A               	callw
 11109     0022  3180               	pagesel	$
 11110     0023                     i1l37:	
 11111                           ;mcc_generated_files/interrupt_manager.c: 75:     {;mcc_generated_files/interrupt_manage
      +                          r.c: 77:     }
 11112                           
 11113     0023  107E               	bcf	126,0	;clear compiler interrupt flag (level 1)
 11114     0024  0009               	retfie
 11115     0025                     __end_of_INTERRUPT_InterruptManager:
 11116                           
 11117                           	psect	text47
 11118     08AD                     __ptext47:	
 11119 ;; *************** function _TMR0_ISR *****************
 11120 ;; Defined at:
 11121 ;;		line 134 in file "mcc_generated_files/tmr0.c"
 11122 ;; Parameters:    Size  Location     Type
 11123 ;;		None
 11124 ;; Auto vars:     Size  Location     Type
 11125 ;;		None
 11126 ;; Return value:  Size  Location     Type
 11127 ;;                  1    wreg      void 
 11128 ;; Registers used:
 11129 ;;		wreg, status,2, status,0, pclath, cstack
 11130 ;; Tracked objects:
 11131 ;;		On entry : 0/0
 11132 ;;		On exit  : 0/0
 11133 ;;		Unchanged: 0/0
 11134 ;; Data sizes:     COMMON   BANK0   BANK1   BANK2   BANK3   BANK4   BANK5   BANK6   BANK7   BANK8   BANK9  BANK10  BANK1
      +1  BANK12  BANK13  BANK14  BANK15  BANK16  BANK17  BANK18  BANK19  BANK20  BANK21  BANK22  BANK23  BANK24  BANK25
 11135 ;;      Params:         0       0       0       0       0       0       0       0       0       0       0       0       
      +0       0       0       0       0       0       0       0       0       0       0       0       0       0       0
 11136 ;;      Locals:         0       0       0       0       0       0       0       0       0       0       0       0       
      +0       0       0       0       0       0       0       0       0       0       0       0       0       0       0
 11137 ;;      Temps:          0       0       0       0       0       0       0       0       0       0       0       0       
      +0       0       0       0       0       0       0       0       0       0       0       0       0       0       0
 11138 ;;      Totals:         0       0       0       0       0       0       0       0       0       0       0       0       
      +0       0       0       0       0       0       0       0       0       0       0       0       0       0       0
 11139 ;;Total ram usage:        0 bytes
 11140 ;; Hardware stack levels used: 1
 11141 ;; Hardware stack levels required when called: 1
 11142 ;; This function calls:
 11143 ;;		NULL
 11144 ;;		_TMR0_DefaultInterruptHandler
 11145 ;;		_micros
 11146 ;; This function is called by:
 11147 ;;		_INTERRUPT_InterruptManager
 11148 ;; This function uses a non-reentrant model
 11149 ;;
 11150                           
 11151     08AD                     _TMR0_ISR:	
 11152                           ;psect for function _TMR0_ISR
 11153                           
 11154                           
 11155                           ;mcc_generated_files/tmr0.c: 137:     PIR0bits.TMR0IF = 0;
 11156                           
 11157                           ;incstack = 0
 11158                           ; Regs used in _TMR0_ISR: [wreg+status,2+status,0+pclath+cstack]
 11159     08AD  0020               	movlb	0	; select bank0
 11160     08AE  1290               	bcf	16,5	;volatile
 11161                           
 11162                           ;mcc_generated_files/tmr0.c: 139:     TMR0H = timer0ReloadVal16bit >> 8;
 11163     08AF  0021               	movlb	1	; select bank1
 11164     08B0  0829               	movf	(_timer0ReloadVal16bit+1)^(0+128),w	;volatile
 11165     08B1  0020               	movlb	0	; select bank0
 11166     08B2  0096               	movwf	22	;volatile
 11167                           
 11168                           ;mcc_generated_files/tmr0.c: 140:     TMR0L = (uint8_t) timer0ReloadVal16bit;
 11169     08B3  0021               	movlb	1	; select bank1
 11170     08B4  0828               	movf	_timer0ReloadVal16bit^(0+128),w	;volatile
 11171     08B5  0020               	movlb	0	; select bank0
 11172     08B6  0095               	movwf	21	;volatile
 11173                           
 11174                           ;mcc_generated_files/tmr0.c: 142:     if(TMR0_InterruptHandler)
 11175     08B7  0022               	movlb	2	; select bank2
 11176     08B8  0859               	movf	_TMR0_InterruptHandler^(0+256),w
 11177     08B9  045A               	iorwf	(_TMR0_InterruptHandler+1)^(0+256),w
 11178     08BA  1903               	btfsc	3,2
 11179     08BB  0008               	return
 11180                           
 11181                           ;mcc_generated_files/tmr0.c: 143:     {;mcc_generated_files/tmr0.c: 144:         TMR0_In
      +                          terruptHandler();
 11182     08BC  085A               	movf	(_TMR0_InterruptHandler+1)^(0+256),w
 11183     08BD  008A               	movwf	10
 11184     08BE  0859               	movf	_TMR0_InterruptHandler^(0+256),w
 11185     08BF  000A               	callw
 11186     08C0  3188               	pagesel	$
 11187     08C1  0008               	return
 11188     08C2                     __end_of_TMR0_ISR:
 11189                           
 11190                           	psect	text48
 11191     0003                     __ptext48:	
 11192 ;; *************** function _TMR0_DefaultInterruptHandler *****************
 11193 ;; Defined at:
 11194 ;;		line 155 in file "mcc_generated_files/tmr0.c"
 11195 ;; Parameters:    Size  Location     Type
 11196 ;;		None
 11197 ;; Auto vars:     Size  Location     Type
 11198 ;;		None
 11199 ;; Return value:  Size  Location     Type
 11200 ;;                  1    wreg      void 
 11201 ;; Registers used:
 11202 ;;		None
 11203 ;; Tracked objects:
 11204 ;;		On entry : 0/0
 11205 ;;		On exit  : 0/0
 11206 ;;		Unchanged: 0/0
 11207 ;; Data sizes:     COMMON   BANK0   BANK1   BANK2   BANK3   BANK4   BANK5   BANK6   BANK7   BANK8   BANK9  BANK10  BANK1
      +1  BANK12  BANK13  BANK14  BANK15  BANK16  BANK17  BANK18  BANK19  BANK20  BANK21  BANK22  BANK23  BANK24  BANK25
 11208 ;;      Params:         0       0       0       0       0       0       0       0       0       0       0       0       
      +0       0       0       0       0       0       0       0       0       0       0       0       0       0       0
 11209 ;;      Locals:         0       0       0       0       0       0       0       0       0       0       0       0       
      +0       0       0       0       0       0       0       0       0       0       0       0       0       0       0
 11210 ;;      Temps:          0       0       0       0       0       0       0       0       0       0       0       0       
      +0       0       0       0       0       0       0       0       0       0       0       0       0       0       0
 11211 ;;      Totals:         0       0       0       0       0       0       0       0       0       0       0       0       
      +0       0       0       0       0       0       0       0       0       0       0       0       0       0       0
 11212 ;;Total ram usage:        0 bytes
 11213 ;; Hardware stack levels used: 1
 11214 ;; This function calls:
 11215 ;;		Nothing
 11216 ;; This function is called by:
 11217 ;;		_TMR0_Initialize
 11218 ;;		_TMR0_ISR
 11219 ;; This function uses a non-reentrant model
 11220 ;;
 11221                           
 11222     0003                     _TMR0_DefaultInterruptHandler:	
 11223                           ;psect for function _TMR0_DefaultInterruptHandler
 11224                           
 11225                           
 11226                           ;incstack = 0
 11227                           ; Regs used in _TMR0_DefaultInterruptHandler: []
 11228     0003  0008               	return
 11229     0004                     __end_of_TMR0_DefaultInterruptHandler:
 11230                           
 11231                           	psect	text49
 11232     090B                     __ptext49:	
 11233 ;; *************** function _micros *****************
 11234 ;; Defined at:
 11235 ;;		line 248 in file "D:/Microchip/MPLABProjects/PSoC3-PCIe-MKIII.X/main.c"
 11236 ;; Parameters:    Size  Location     Type
 11237 ;;		None
 11238 ;; Auto vars:     Size  Location     Type
 11239 ;;		None
 11240 ;; Return value:  Size  Location     Type
 11241 ;;                  1    wreg      void 
 11242 ;; Registers used:
 11243 ;;		wreg, status,0
 11244 ;; Tracked objects:
 11245 ;;		On entry : 0/0
 11246 ;;		On exit  : 0/0
 11247 ;;		Unchanged: 0/0
 11248 ;; Data sizes:     COMMON   BANK0   BANK1   BANK2   BANK3   BANK4   BANK5   BANK6   BANK7   BANK8   BANK9  BANK10  BANK1
      +1  BANK12  BANK13  BANK14  BANK15  BANK16  BANK17  BANK18  BANK19  BANK20  BANK21  BANK22  BANK23  BANK24  BANK25
 11249 ;;      Params:         0       0       0       0       0       0       0       0       0       0       0       0       
      +0       0       0       0       0       0       0       0       0       0       0       0       0       0       0
 11250 ;;      Locals:         0       0       0       0       0       0       0       0       0       0       0       0       
      +0       0       0       0       0       0       0       0       0       0       0       0       0       0       0
 11251 ;;      Temps:          0       0       0       0       0       0       0       0       0       0       0       0       
      +0       0       0       0       0       0       0       0       0       0       0       0       0       0       0
 11252 ;;      Totals:         0       0       0       0       0       0       0       0       0       0       0       0       
      +0       0       0       0       0       0       0       0       0       0       0       0       0       0       0
 11253 ;;Total ram usage:        0 bytes
 11254 ;; Hardware stack levels used: 1
 11255 ;; This function calls:
 11256 ;;		Nothing
 11257 ;; This function is called by:
 11258 ;;		_main
 11259 ;;		_TMR0_ISR
 11260 ;; This function uses a non-reentrant model
 11261 ;;
 11262                           
 11263     090B                     _micros:	
 11264                           ;psect for function _micros
 11265                           
 11266                           
 11267                           ;D:/Microchip/MPLABProjects/PSoC3-PCIe-MKIII.X/main.c: 249:     micro_tick_A += 1;
 11268                           
 11269                           ;incstack = 0
 11270                           ; Regs used in _micros: [wreg+status,0]
 11271     090B  3001               	movlw	1
 11272     090C  0022               	movlb	2	; select bank2
 11273     090D  07C9               	addwf	_micro_tick_A^(0+256),f
 11274     090E  3000               	movlw	0
 11275     090F  3DCA               	addwfc	(_micro_tick_A+1)^(0+256),f
 11276     0910  3000               	movlw	0
 11277     0911  3DCB               	addwfc	(_micro_tick_A+2)^(0+256),f
 11278     0912  3000               	movlw	0
 11279     0913  3DCC               	addwfc	(_micro_tick_A+3)^(0+256),f
 11280                           
 11281                           ;D:/Microchip/MPLABProjects/PSoC3-PCIe-MKIII.X/main.c: 250:     micro_tick_B += 1;
 11282     0914  3001               	movlw	1
 11283     0915  07C5               	addwf	_micro_tick_B^(0+256),f
 11284     0916  3000               	movlw	0
 11285     0917  3DC6               	addwfc	(_micro_tick_B+1)^(0+256),f
 11286     0918  3000               	movlw	0
 11287     0919  3DC7               	addwfc	(_micro_tick_B+2)^(0+256),f
 11288     091A  3000               	movlw	0
 11289     091B  3DC8               	addwfc	(_micro_tick_B+3)^(0+256),f
 11290     091C  1003               	clrc
 11291     091D  1D8E               	btfss	14,3	;volatile
 11292     091E  1403               	setc
 11293     091F  1C03               	btfss	3,0
 11294     0920  2924               	goto	u310_20
 11295     0921  0022               	movlb	2	; select bank2
 11296     0922  158E               	bsf	14,3	;volatile
 11297     0923  0008               	return
 11298     0924                     u310_20:
 11299     0924  0022               	movlb	2	; select bank2
 11300     0925  118E               	bcf	14,3	;volatile
 11301     0926  0008               	return
 11302     0927                     __end_of_micros:
 11303                           
 11304                           	psect	text50
 11305     0B83                     __ptext50:	
 11306 ;; *************** function _I2C1_Isr *****************
 11307 ;; Defined at:
 11308 ;;		line 165 in file "mcc_generated_files/i2c1_slave.c"
 11309 ;; Parameters:    Size  Location     Type
 11310 ;;		None
 11311 ;; Auto vars:     Size  Location     Type
 11312 ;;		None
 11313 ;; Return value:  Size  Location     Type
 11314 ;;                  1    wreg      void 
 11315 ;; Registers used:
 11316 ;;		wreg, fsr0l, fsr0h, fsr1l, fsr1h, status,2, status,0, pclath, cstack
 11317 ;; Tracked objects:
 11318 ;;		On entry : 0/0
 11319 ;;		On exit  : 0/0
 11320 ;;		Unchanged: 0/0
 11321 ;; Data sizes:     COMMON   BANK0   BANK1   BANK2   BANK3   BANK4   BANK5   BANK6   BANK7   BANK8   BANK9  BANK10  BANK1
      +1  BANK12  BANK13  BANK14  BANK15  BANK16  BANK17  BANK18  BANK19  BANK20  BANK21  BANK22  BANK23  BANK24  BANK25
 11322 ;;      Params:         0       0       0       0       0       0       0       0       0       0       0       0       
      +0       0       0       0       0       0       0       0       0       0       0       0       0       0       0
 11323 ;;      Locals:         0       0       0       0       0       0       0       0       0       0       0       0       
      +0       0       0       0       0       0       0       0       0       0       0       0       0       0       0
 11324 ;;      Temps:          2       0       0       0       0       0       0       0       0       0       0       0       
      +0       0       0       0       0       0       0       0       0       0       0       0       0       0       0
 11325 ;;      Totals:         2       0       0       0       0       0       0       0       0       0       0       0       
      +0       0       0       0       0       0       0       0       0       0       0       0       0       0       0
 11326 ;;Total ram usage:        2 bytes
 11327 ;; Hardware stack levels used: 1
 11328 ;; Hardware stack levels required when called: 4
 11329 ;; This function calls:
 11330 ;;		_I2C1_SlaveAddrCallBack
 11331 ;;		_I2C1_SlaveClearIrq
 11332 ;;		_I2C1_SlaveIsAddr
 11333 ;;		_I2C1_SlaveIsRead
 11334 ;;		_I2C1_SlaveIsRxBufFull
 11335 ;;		_I2C1_SlaveIsTxBufEmpty
 11336 ;;		_I2C1_SlaveRdCallBack
 11337 ;;		_I2C1_SlaveReleaseClock
 11338 ;;		_I2C1_SlaveWrCallBack
 11339 ;; This function is called by:
 11340 ;;		_I2C1_Open
 11341 ;;		_INTERRUPT_InterruptManager
 11342 ;; This function uses a non-reentrant model
 11343 ;;
 11344                           
 11345     0B83                     _I2C1_Isr:	
 11346                           ;psect for function _I2C1_Isr
 11347                           
 11348                           
 11349                           ;mcc_generated_files/i2c1_slave.c: 167:     I2C1_SlaveClearIrq();
 11350                           
 11351                           ;incstack = 0
 11352                           ; Regs used in _I2C1_Isr: [wreg-fsr1h+status,2+status,0+pclath+cstack]
 11353     0B83  3197  2735  318B   	fcall	_I2C1_SlaveClearIrq
 11354                           
 11355                           ;mcc_generated_files/i2c1_slave.c: 169:     if(I2C1_SlaveIsAddr())
 11356     0B86  3197  2778  318B   	fcall	_I2C1_SlaveIsAddr
 11357     0B89  3A00               	xorlw	0
 11358     0B8A  1903               	skipnz
 11359     0B8B  2B96               	goto	i1l4005
 11360                           
 11361                           ;mcc_generated_files/i2c1_slave.c: 170:     {;mcc_generated_files/i2c1_slave.c: 171:    
      +                               if(I2C1_SlaveIsRead())
 11362     0B8C  3197  274E  318B   	fcall	_I2C1_SlaveIsRead
 11363     0B8F  3A00               	xorlw	0
 11364     0B90  1903               	skipnz
 11365     0B91  2B94               	goto	i1l4003
 11366                           
 11367                           ;mcc_generated_files/i2c1_slave.c: 172:         {;mcc_generated_files/i2c1_slave.c: 173:
      +                                       i2c1SlaveState = I2C1_ADDR_TX;
 11368     0B92  3001               	movlw	1
 11369     0B93  2B9F               	goto	L8
 11370     0B94                     i1l4003:	
 11371                           ;mcc_generated_files/i2c1_slave.c: 174:         }
 11372                           
 11373                           
 11374                           ;mcc_generated_files/i2c1_slave.c: 176:         {;mcc_generated_files/i2c1_slave.c: 177:
      +                                       i2c1SlaveState = I2C1_ADDR_RX;
 11375     0B94  3002               	movlw	2
 11376     0B95  2B9F               	goto	L8
 11377     0B96                     i1l4005:
 11378                           
 11379                           ;mcc_generated_files/i2c1_slave.c: 181:     {;mcc_generated_files/i2c1_slave.c: 182:    
      +                               if(I2C1_SlaveIsRead())
 11380     0B96  3197  274E  318B   	fcall	_I2C1_SlaveIsRead
 11381     0B99  3A00               	xorlw	0
 11382     0B9A  1903               	skipnz
 11383     0B9B  2B9E               	goto	i1l4009
 11384                           
 11385                           ;mcc_generated_files/i2c1_slave.c: 183:         {;mcc_generated_files/i2c1_slave.c: 184:
      +                                       i2c1SlaveState = I2C1_DATA_TX;
 11386     0B9C  3003               	movlw	3
 11387     0B9D  2B9F               	goto	L8
 11388     0B9E                     i1l4009:	
 11389                           ;mcc_generated_files/i2c1_slave.c: 185:         }
 11390                           
 11391                           
 11392                           ;mcc_generated_files/i2c1_slave.c: 187:         {;mcc_generated_files/i2c1_slave.c: 188:
      +                                       i2c1SlaveState = I2C1_DATA_RX;
 11393     0B9E  3004               	movlw	4
 11394     0B9F                     L8:
 11395     0B9F  0021               	movlb	1	; select bank1
 11396     0BA0  00C0               	movwf	_i2c1SlaveState^(0+128)	;volatile
 11397     0BA1  2BBE               	goto	i1l4029
 11398     0BA2                     i1l4011:
 11399                           
 11400                           ;mcc_generated_files/i2c1_slave.c: 195:             I2C1_SlaveAddrCallBack();
 11401     0BA2  3197  27F5  318B   	fcall	_I2C1_SlaveAddrCallBack
 11402     0BA5                     L9:
 11403                           
 11404                           ;mcc_generated_files/i2c1_slave.c: 196:             if(I2C1_SlaveIsTxBufEmpty())
 11405     0BA5  3197  277F  318B   	fcall	_I2C1_SlaveIsTxBufEmpty
 11406     0BA8  3A00               	xorlw	0
 11407     0BA9  1903               	skipnz
 11408     0BAA  2BD4               	goto	i1l4031
 11409                           
 11410                           ;mcc_generated_files/i2c1_slave.c: 197:             {;mcc_generated_files/i2c1_slave.c: 
      +                          198:                 I2C1_SlaveWrCallBack();
 11411     0BAB  3188  200D  318B   	fcall	_I2C1_SlaveWrCallBack
 11412     0BAE  2BD4               	goto	i1l4031
 11413     0BAF                     i1l4017:
 11414                           
 11415                           ;mcc_generated_files/i2c1_slave.c: 202:             I2C1_SlaveAddrCallBack();
 11416     0BAF  3197  27F5  318B   	fcall	_I2C1_SlaveAddrCallBack
 11417                           
 11418                           ;mcc_generated_files/i2c1_slave.c: 203:             break;
 11419     0BB2  2BD4               	goto	i1l4031
 11420     0BB3                     i1l4019:
 11421     0BB3  2BA5               	goto	L9
 11422     0BB4                     i1l4023:	
 11423                           ;mcc_generated_files/i2c1_slave.c: 205:             if(I2C1_SlaveIsTxBufEmpty())
 11424                           
 11425                           
 11426                           ;mcc_generated_files/i2c1_slave.c: 211:             if(I2C1_SlaveIsRxBufFull())
 11427     0BB4  3197  2741  318B   	fcall	_I2C1_SlaveIsRxBufFull
 11428     0BB7  3A00               	xorlw	0
 11429     0BB8  1903               	skipnz
 11430     0BB9  2BD4               	goto	i1l4031
 11431                           
 11432                           ;mcc_generated_files/i2c1_slave.c: 212:             {;mcc_generated_files/i2c1_slave.c: 
      +                          213:                 I2C1_SlaveRdCallBack();
 11433     0BBA  3188  2002  318B   	fcall	_I2C1_SlaveRdCallBack
 11434     0BBD  2BD4               	goto	i1l4031
 11435     0BBE                     i1l4029:
 11436     0BBE  0840               	movf	_i2c1SlaveState^(0+128),w	;volatile
 11437     0BBF  00FB               	movwf	??_I2C1_Isr
 11438     0BC0  01FC               	clrf	??_I2C1_Isr+1
 11439                           
 11440                           ; Switch on 2 bytes has been partitioned into a top level switch of size 1, and 1 sub-sw
      +                          itches
 11441                           ; Switch size 1, requested type "simple"
 11442                           ; Number of cases is 1, Range of values is 0 to 0
 11443                           ; switch strategies available:
 11444                           ; Name         Instructions Cycles
 11445                           ; simple_byte            4     3 (average)
 11446                           ; direct_byte            8     6 (fixed)
 11447                           ; jumptable            260     6 (fixed)
 11448                           ;	Chosen strategy is simple_byte
 11449     0BC1  087C               	movf	??_I2C1_Isr+1,w
 11450     0BC2  3A00               	xorlw	0	; case 0
 11451     0BC3  1903               	skipnz
 11452     0BC4  2BC6               	goto	i1l5739
 11453     0BC5  2BD4               	goto	i1l4031
 11454     0BC6                     i1l5739:
 11455                           
 11456                           ; Switch size 1, requested type "simple"
 11457                           ; Number of cases is 4, Range of values is 1 to 4
 11458                           ; switch strategies available:
 11459                           ; Name         Instructions Cycles
 11460                           ; simple_byte           13     7 (average)
 11461                           ; direct_byte           17     9 (fixed)
 11462                           ; jumptable            263     9 (fixed)
 11463                           ;	Chosen strategy is simple_byte
 11464     0BC6  087B               	movf	??_I2C1_Isr,w
 11465     0BC7  3A01               	xorlw	1	; case 1
 11466     0BC8  1903               	skipnz
 11467     0BC9  2BA2               	goto	i1l4011
 11468     0BCA  3A03               	xorlw	3	; case 2
 11469     0BCB  1903               	skipnz
 11470     0BCC  2BAF               	goto	i1l4017
 11471     0BCD  3A01               	xorlw	1	; case 3
 11472     0BCE  1903               	skipnz
 11473     0BCF  2BB3               	goto	i1l4019
 11474     0BD0  3A07               	xorlw	7	; case 4
 11475     0BD1  1903               	skipnz
 11476     0BD2  2BB4               	goto	i1l4023
 11477     0BD3  2BD4               	goto	i1l4031
 11478     0BD4                     i1l4031:
 11479                           
 11480                           ;mcc_generated_files/i2c1_slave.c: 219:     I2C1_SlaveReleaseClock();
 11481     0BD4  3197  2738         	fcall	_I2C1_SlaveReleaseClock
 11482     0BD6  0008               	return
 11483     0BD7                     __end_of_I2C1_Isr:
 11484                           
 11485                           	psect	text51
 11486     080D                     __ptext51:	
 11487 ;; *************** function _I2C1_SlaveWrCallBack *****************
 11488 ;; Defined at:
 11489 ;;		line 250 in file "mcc_generated_files/i2c1_slave.c"
 11490 ;; Parameters:    Size  Location     Type
 11491 ;;		None
 11492 ;; Auto vars:     Size  Location     Type
 11493 ;;		None
 11494 ;; Return value:  Size  Location     Type
 11495 ;;                  1    wreg      void 
 11496 ;; Registers used:
 11497 ;;		wreg, status,2, status,0, pclath, cstack
 11498 ;; Tracked objects:
 11499 ;;		On entry : 0/0
 11500 ;;		On exit  : 0/0
 11501 ;;		Unchanged: 0/0
 11502 ;; Data sizes:     COMMON   BANK0   BANK1   BANK2   BANK3   BANK4   BANK5   BANK6   BANK7   BANK8   BANK9  BANK10  BANK1
      +1  BANK12  BANK13  BANK14  BANK15  BANK16  BANK17  BANK18  BANK19  BANK20  BANK21  BANK22  BANK23  BANK24  BANK25
 11503 ;;      Params:         0       0       0       0       0       0       0       0       0       0       0       0       
      +0       0       0       0       0       0       0       0       0       0       0       0       0       0       0
 11504 ;;      Locals:         0       0       0       0       0       0       0       0       0       0       0       0       
      +0       0       0       0       0       0       0       0       0       0       0       0       0       0       0
 11505 ;;      Temps:          0       0       0       0       0       0       0       0       0       0       0       0       
      +0       0       0       0       0       0       0       0       0       0       0       0       0       0       0
 11506 ;;      Totals:         0       0       0       0       0       0       0       0       0       0       0       0       
      +0       0       0       0       0       0       0       0       0       0       0       0       0       0       0
 11507 ;;Total ram usage:        0 bytes
 11508 ;; Hardware stack levels used: 1
 11509 ;; Hardware stack levels required when called: 3
 11510 ;; This function calls:
 11511 ;;		NULL
 11512 ;;		_I2C1_SlaveDefWrInterruptHandler
 11513 ;;		_I2C_SlaveTransmitCallbackHandler
 11514 ;; This function is called by:
 11515 ;;		_I2C1_Isr
 11516 ;; This function uses a non-reentrant model
 11517 ;;
 11518                           
 11519     080D                     _I2C1_SlaveWrCallBack:	
 11520                           ;psect for function _I2C1_SlaveWrCallBack
 11521                           
 11522                           
 11523                           ;mcc_generated_files/i2c1_slave.c: 252:     if (I2C1_SlaveWrInterruptHandler)
 11524                           
 11525                           ;incstack = 0
 11526                           ; Regs used in _I2C1_SlaveWrCallBack: [wreg+status,2+status,0+pclath+cstack]
 11527     080D  0022               	movlb	2	; select bank2
 11528     080E  0853               	movf	_I2C1_SlaveWrInterruptHandler^(0+256),w
 11529     080F  0454               	iorwf	(_I2C1_SlaveWrInterruptHandler+1)^(0+256),w
 11530     0810  1903               	btfsc	3,2
 11531     0811  0008               	return
 11532                           
 11533                           ;mcc_generated_files/i2c1_slave.c: 253:     {;mcc_generated_files/i2c1_slave.c: 254:    
      +                               I2C1_SlaveWrInterruptHandler();
 11534     0812  0854               	movf	(_I2C1_SlaveWrInterruptHandler+1)^(0+256),w
 11535     0813  008A               	movwf	10
 11536     0814  0853               	movf	_I2C1_SlaveWrInterruptHandler^(0+256),w
 11537     0815  000A               	callw
 11538     0816  3188               	pagesel	$
 11539     0817  0008               	return
 11540     0818                     __end_of_I2C1_SlaveWrCallBack:
 11541                           
 11542                           	psect	text52
 11543     1767                     __ptext52:	
 11544 ;; *************** function _I2C1_SlaveDefWrInterruptHandler *****************
 11545 ;; Defined at:
 11546 ;;		line 258 in file "mcc_generated_files/i2c1_slave.c"
 11547 ;; Parameters:    Size  Location     Type
 11548 ;;		None
 11549 ;; Auto vars:     Size  Location     Type
 11550 ;;		None
 11551 ;; Return value:  Size  Location     Type
 11552 ;;                  1    wreg      void 
 11553 ;; Registers used:
 11554 ;;		wreg, status,2, status,0, pclath, cstack
 11555 ;; Tracked objects:
 11556 ;;		On entry : 0/0
 11557 ;;		On exit  : 0/0
 11558 ;;		Unchanged: 0/0
 11559 ;; Data sizes:     COMMON   BANK0   BANK1   BANK2   BANK3   BANK4   BANK5   BANK6   BANK7   BANK8   BANK9  BANK10  BANK1
      +1  BANK12  BANK13  BANK14  BANK15  BANK16  BANK17  BANK18  BANK19  BANK20  BANK21  BANK22  BANK23  BANK24  BANK25
 11560 ;;      Params:         0       0       0       0       0       0       0       0       0       0       0       0       
      +0       0       0       0       0       0       0       0       0       0       0       0       0       0       0
 11561 ;;      Locals:         0       0       0       0       0       0       0       0       0       0       0       0       
      +0       0       0       0       0       0       0       0       0       0       0       0       0       0       0
 11562 ;;      Temps:          0       0       0       0       0       0       0       0       0       0       0       0       
      +0       0       0       0       0       0       0       0       0       0       0       0       0       0       0
 11563 ;;      Totals:         0       0       0       0       0       0       0       0       0       0       0       0       
      +0       0       0       0       0       0       0       0       0       0       0       0       0       0       0
 11564 ;;Total ram usage:        0 bytes
 11565 ;; Hardware stack levels used: 1
 11566 ;; Hardware stack levels required when called: 1
 11567 ;; This function calls:
 11568 ;;		_I2C1_SlaveSendTxData
 11569 ;; This function is called by:
 11570 ;;		_I2C1_Open
 11571 ;;		_I2C1_SlaveWrCallBack
 11572 ;; This function uses a non-reentrant model
 11573 ;;
 11574                           
 11575     1767                     _I2C1_SlaveDefWrInterruptHandler:	
 11576                           ;psect for function _I2C1_SlaveDefWrInterruptHandler
 11577                           
 11578                           
 11579                           ;mcc_generated_files/i2c1_slave.c: 259:     I2C1_SlaveSendTxData(i2c1WrData);
 11580                           
 11581                           ;incstack = 0
 11582                           ; Regs used in _I2C1_SlaveDefWrInterruptHandler: [wreg+status,2+status,0+pclath+cstack]
 11583     1767  0021               	movlb	1	; select bank1
 11584     1768  0843               	movf	_i2c1WrData^(0+128),w	;volatile
 11585     1769  3197  2758         	fcall	_I2C1_SlaveSendTxData
 11586     176B  0008               	return
 11587     176C                     __end_of_I2C1_SlaveDefWrInterruptHandler:
 11588                           
 11589                           	psect	text53
 11590     1762                     __ptext53:	
 11591 ;; *************** function _I2C_SlaveTransmitCallbackHandler *****************
 11592 ;; Defined at:
 11593 ;;		line 179 in file "D:/Microchip/MPLABProjects/PSoC3-PCIe-MKIII.X/main.c"
 11594 ;; Parameters:    Size  Location     Type
 11595 ;;		None
 11596 ;; Auto vars:     Size  Location     Type
 11597 ;;		None
 11598 ;; Return value:  Size  Location     Type
 11599 ;;                  1    wreg      void 
 11600 ;; Registers used:
 11601 ;;		wreg, status,2, status,0, pclath, cstack
 11602 ;; Tracked objects:
 11603 ;;		On entry : 0/0
 11604 ;;		On exit  : 0/0
 11605 ;;		Unchanged: 0/0
 11606 ;; Data sizes:     COMMON   BANK0   BANK1   BANK2   BANK3   BANK4   BANK5   BANK6   BANK7   BANK8   BANK9  BANK10  BANK1
      +1  BANK12  BANK13  BANK14  BANK15  BANK16  BANK17  BANK18  BANK19  BANK20  BANK21  BANK22  BANK23  BANK24  BANK25
 11607 ;;      Params:         0       0       0       0       0       0       0       0       0       0       0       0       
      +0       0       0       0       0       0       0       0       0       0       0       0       0       0       0
 11608 ;;      Locals:         0       0       0       0       0       0       0       0       0       0       0       0       
      +0       0       0       0       0       0       0       0       0       0       0       0       0       0       0
 11609 ;;      Temps:          0       0       0       0       0       0       0       0       0       0       0       0       
      +0       0       0       0       0       0       0       0       0       0       0       0       0       0       0
 11610 ;;      Totals:         0       0       0       0       0       0       0       0       0       0       0       0       
      +0       0       0       0       0       0       0       0       0       0       0       0       0       0       0
 11611 ;;Total ram usage:        0 bytes
 11612 ;; Hardware stack levels used: 1
 11613 ;; Hardware stack levels required when called: 2
 11614 ;; This function calls:
 11615 ;;		_I2C1_Write
 11616 ;; This function is called by:
 11617 ;;		_I2C_Initialize
 11618 ;;		_I2C1_SlaveWrCallBack
 11619 ;; This function uses a non-reentrant model
 11620 ;;
 11621                           
 11622     1762                     _I2C_SlaveTransmitCallbackHandler:	
 11623                           ;psect for function _I2C_SlaveTransmitCallbackHandler
 11624                           
 11625                           
 11626                           ;D:/Microchip/MPLABProjects/PSoC3-PCIe-MKIII.X/main.c: 180:     I2C1_Write(Return_Queue_
      +                          count);
 11627                           
 11628                           ;incstack = 0
 11629                           ; Regs used in _I2C_SlaveTransmitCallbackHandler: [wreg+status,2+status,0+pclath+cstack]
 11630     1762  0021               	movlb	1	; select bank1
 11631     1763  082E               	movf	_Return_Queue_count^(0+128),w	;volatile
 11632     1764  3197  275D         	fcall	_I2C1_Write
 11633     1766  0008               	return
 11634     1767                     __end_of_I2C_SlaveTransmitCallbackHandler:
 11635                           
 11636                           	psect	text54
 11637     175D                     __ptext54:	
 11638 ;; *************** function _I2C1_Write *****************
 11639 ;; Defined at:
 11640 ;;		line 140 in file "mcc_generated_files/i2c1_slave.c"
 11641 ;; Parameters:    Size  Location     Type
 11642 ;;  data            1    wreg     unsigned char 
 11643 ;; Auto vars:     Size  Location     Type
 11644 ;;  data            1    1[COMMON] unsigned char 
 11645 ;; Return value:  Size  Location     Type
 11646 ;;                  1    wreg      void 
 11647 ;; Registers used:
 11648 ;;		wreg, status,2, status,0, pclath, cstack
 11649 ;; Tracked objects:
 11650 ;;		On entry : 0/0
 11651 ;;		On exit  : 0/0
 11652 ;;		Unchanged: 0/0
 11653 ;; Data sizes:     COMMON   BANK0   BANK1   BANK2   BANK3   BANK4   BANK5   BANK6   BANK7   BANK8   BANK9  BANK10  BANK1
      +1  BANK12  BANK13  BANK14  BANK15  BANK16  BANK17  BANK18  BANK19  BANK20  BANK21  BANK22  BANK23  BANK24  BANK25
 11654 ;;      Params:         0       0       0       0       0       0       0       0       0       0       0       0       
      +0       0       0       0       0       0       0       0       0       0       0       0       0       0       0
 11655 ;;      Locals:         1       0       0       0       0       0       0       0       0       0       0       0       
      +0       0       0       0       0       0       0       0       0       0       0       0       0       0       0
 11656 ;;      Temps:          0       0       0       0       0       0       0       0       0       0       0       0       
      +0       0       0       0       0       0       0       0       0       0       0       0       0       0       0
 11657 ;;      Totals:         1       0       0       0       0       0       0       0       0       0       0       0       
      +0       0       0       0       0       0       0       0       0       0       0       0       0       0       0
 11658 ;;Total ram usage:        1 bytes
 11659 ;; Hardware stack levels used: 1
 11660 ;; Hardware stack levels required when called: 1
 11661 ;; This function calls:
 11662 ;;		_I2C1_SlaveSendTxData
 11663 ;; This function is called by:
 11664 ;;		_I2C_SlaveTransmitCallbackHandler
 11665 ;; This function uses a non-reentrant model
 11666 ;;
 11667                           
 11668     175D                     _I2C1_Write:	
 11669                           ;psect for function _I2C1_Write
 11670                           
 11671                           
 11672                           ;incstack = 0
 11673                           ; Regs used in _I2C1_Write: [wreg+status,2+status,0+pclath+cstack]
 11674                           ;I2C1_Write@data stored from wreg
 11675     175D  00F1               	movwf	I2C1_Write@data
 11676                           
 11677                           ;mcc_generated_files/i2c1_slave.c: 140: void I2C1_Write(uint8_t data);mcc_generated_file
      +                          s/i2c1_slave.c: 141: {;mcc_generated_files/i2c1_slave.c: 142:     I2C1_SlaveSendTxData(d
      +                          ata);
 11678     175E  0871               	movf	I2C1_Write@data,w
 11679     175F  3197  2758         	fcall	_I2C1_SlaveSendTxData
 11680     1761  0008               	return
 11681     1762                     __end_of_I2C1_Write:
 11682                           
 11683                           	psect	text55
 11684     1758                     __ptext55:	
 11685 ;; *************** function _I2C1_SlaveSendTxData *****************
 11686 ;; Defined at:
 11687 ;;		line 391 in file "mcc_generated_files/i2c1_slave.c"
 11688 ;; Parameters:    Size  Location     Type
 11689 ;;  data            1    wreg     unsigned char 
 11690 ;; Auto vars:     Size  Location     Type
 11691 ;;  data            1    0[COMMON] unsigned char 
 11692 ;; Return value:  Size  Location     Type
 11693 ;;                  1    wreg      void 
 11694 ;; Registers used:
 11695 ;;		wreg
 11696 ;; Tracked objects:
 11697 ;;		On entry : 0/0
 11698 ;;		On exit  : 0/0
 11699 ;;		Unchanged: 0/0
 11700 ;; Data sizes:     COMMON   BANK0   BANK1   BANK2   BANK3   BANK4   BANK5   BANK6   BANK7   BANK8   BANK9  BANK10  BANK1
      +1  BANK12  BANK13  BANK14  BANK15  BANK16  BANK17  BANK18  BANK19  BANK20  BANK21  BANK22  BANK23  BANK24  BANK25
 11701 ;;      Params:         0       0       0       0       0       0       0       0       0       0       0       0       
      +0       0       0       0       0       0       0       0       0       0       0       0       0       0       0
 11702 ;;      Locals:         1       0       0       0       0       0       0       0       0       0       0       0       
      +0       0       0       0       0       0       0       0       0       0       0       0       0       0       0
 11703 ;;      Temps:          0       0       0       0       0       0       0       0       0       0       0       0       
      +0       0       0       0       0       0       0       0       0       0       0       0       0       0       0
 11704 ;;      Totals:         1       0       0       0       0       0       0       0       0       0       0       0       
      +0       0       0       0       0       0       0       0       0       0       0       0       0       0       0
 11705 ;;Total ram usage:        1 bytes
 11706 ;; Hardware stack levels used: 1
 11707 ;; This function calls:
 11708 ;;		Nothing
 11709 ;; This function is called by:
 11710 ;;		_I2C1_Write
 11711 ;;		_I2C1_SlaveDefWrInterruptHandler
 11712 ;; This function uses a non-reentrant model
 11713 ;;
 11714                           
 11715     1758                     _I2C1_SlaveSendTxData:	
 11716                           ;psect for function _I2C1_SlaveSendTxData
 11717                           
 11718                           
 11719                           ;incstack = 0
 11720                           ; Regs used in _I2C1_SlaveSendTxData: [wreg]
 11721                           ;I2C1_SlaveSendTxData@data stored from wreg
 11722     1758  00F0               	movwf	I2C1_SlaveSendTxData@data
 11723                           
 11724                           ;mcc_generated_files/i2c1_slave.c: 391: static __attribute__((inline)) void I2C1_SlaveSe
      +                          ndTxData(uint8_t data);mcc_generated_files/i2c1_slave.c: 392: {;mcc_generated_files/i2c1
      +                          _slave.c: 393:     SSP1BUF = data;
 11725     1759  0870               	movf	I2C1_SlaveSendTxData@data,w
 11726     175A  0024               	movlb	4	; select bank4
 11727     175B  0091               	movwf	17	;volatile
 11728     175C  0008               	return
 11729     175D                     __end_of_I2C1_SlaveSendTxData:
 11730                           
 11731                           	psect	text56
 11732     1738                     __ptext56:	
 11733 ;; *************** function _I2C1_SlaveReleaseClock *****************
 11734 ;; Defined at:
 11735 ;;		line 361 in file "mcc_generated_files/i2c1_slave.c"
 11736 ;; Parameters:    Size  Location     Type
 11737 ;;		None
 11738 ;; Auto vars:     Size  Location     Type
 11739 ;;		None
 11740 ;; Return value:  Size  Location     Type
 11741 ;;                  1    wreg      void 
 11742 ;; Registers used:
 11743 ;;		None
 11744 ;; Tracked objects:
 11745 ;;		On entry : 0/0
 11746 ;;		On exit  : 0/0
 11747 ;;		Unchanged: 0/0
 11748 ;; Data sizes:     COMMON   BANK0   BANK1   BANK2   BANK3   BANK4   BANK5   BANK6   BANK7   BANK8   BANK9  BANK10  BANK1
      +1  BANK12  BANK13  BANK14  BANK15  BANK16  BANK17  BANK18  BANK19  BANK20  BANK21  BANK22  BANK23  BANK24  BANK25
 11749 ;;      Params:         0       0       0       0       0       0       0       0       0       0       0       0       
      +0       0       0       0       0       0       0       0       0       0       0       0       0       0       0
 11750 ;;      Locals:         0       0       0       0       0       0       0       0       0       0       0       0       
      +0       0       0       0       0       0       0       0       0       0       0       0       0       0       0
 11751 ;;      Temps:          0       0       0       0       0       0       0       0       0       0       0       0       
      +0       0       0       0       0       0       0       0       0       0       0       0       0       0       0
 11752 ;;      Totals:         0       0       0       0       0       0       0       0       0       0       0       0       
      +0       0       0       0       0       0       0       0       0       0       0       0       0       0       0
 11753 ;;Total ram usage:        0 bytes
 11754 ;; Hardware stack levels used: 1
 11755 ;; This function calls:
 11756 ;;		Nothing
 11757 ;; This function is called by:
 11758 ;;		_I2C1_Isr
 11759 ;; This function uses a non-reentrant model
 11760 ;;
 11761                           
 11762     1738                     _I2C1_SlaveReleaseClock:	
 11763                           ;psect for function _I2C1_SlaveReleaseClock
 11764                           
 11765                           
 11766                           ;mcc_generated_files/i2c1_slave.c: 363:     SSP1CON1bits.CKP = 1;
 11767                           
 11768                           ;incstack = 0
 11769                           ; Regs used in _I2C1_SlaveReleaseClock: []
 11770     1738  0024               	movlb	4	; select bank4
 11771     1739  1615               	bsf	21,4	;volatile
 11772     173A  0008               	return
 11773     173B                     __end_of_I2C1_SlaveReleaseClock:
 11774                           
 11775                           	psect	text57
 11776     0802                     __ptext57:	
 11777 ;; *************** function _I2C1_SlaveRdCallBack *****************
 11778 ;; Defined at:
 11779 ;;		line 233 in file "mcc_generated_files/i2c1_slave.c"
 11780 ;; Parameters:    Size  Location     Type
 11781 ;;		None
 11782 ;; Auto vars:     Size  Location     Type
 11783 ;;		None
 11784 ;; Return value:  Size  Location     Type
 11785 ;;                  1    wreg      void 
 11786 ;; Registers used:
 11787 ;;		wreg, fsr1l, fsr1h, status,2, status,0, pclath, cstack
 11788 ;; Tracked objects:
 11789 ;;		On entry : 0/0
 11790 ;;		On exit  : 0/0
 11791 ;;		Unchanged: 0/0
 11792 ;; Data sizes:     COMMON   BANK0   BANK1   BANK2   BANK3   BANK4   BANK5   BANK6   BANK7   BANK8   BANK9  BANK10  BANK1
      +1  BANK12  BANK13  BANK14  BANK15  BANK16  BANK17  BANK18  BANK19  BANK20  BANK21  BANK22  BANK23  BANK24  BANK25
 11793 ;;      Params:         0       0       0       0       0       0       0       0       0       0       0       0       
      +0       0       0       0       0       0       0       0       0       0       0       0       0       0       0
 11794 ;;      Locals:         0       0       0       0       0       0       0       0       0       0       0       0       
      +0       0       0       0       0       0       0       0       0       0       0       0       0       0       0
 11795 ;;      Temps:          0       0       0       0       0       0       0       0       0       0       0       0       
      +0       0       0       0       0       0       0       0       0       0       0       0       0       0       0
 11796 ;;      Totals:         0       0       0       0       0       0       0       0       0       0       0       0       
      +0       0       0       0       0       0       0       0       0       0       0       0       0       0       0
 11797 ;;Total ram usage:        0 bytes
 11798 ;; Hardware stack levels used: 1
 11799 ;; Hardware stack levels required when called: 3
 11800 ;; This function calls:
 11801 ;;		NULL
 11802 ;;		_I2C1_SlaveDefRdInterruptHandler
 11803 ;;		_I2C_SlaveReceiveCallbackHandler
 11804 ;; This function is called by:
 11805 ;;		_I2C1_Isr
 11806 ;; This function uses a non-reentrant model
 11807 ;;
 11808                           
 11809     0802                     _I2C1_SlaveRdCallBack:	
 11810                           ;psect for function _I2C1_SlaveRdCallBack
 11811                           
 11812                           
 11813                           ;mcc_generated_files/i2c1_slave.c: 235:     if (I2C1_SlaveRdInterruptHandler)
 11814                           
 11815                           ;incstack = 0
 11816                           ; Regs used in _I2C1_SlaveRdCallBack: [wreg+fsr1l+fsr1h+status,2+status,0+pclath+cstack]
 11817     0802  0022               	movlb	2	; select bank2
 11818     0803  0855               	movf	_I2C1_SlaveRdInterruptHandler^(0+256),w
 11819     0804  0456               	iorwf	(_I2C1_SlaveRdInterruptHandler+1)^(0+256),w
 11820     0805  1903               	btfsc	3,2
 11821     0806  0008               	return
 11822                           
 11823                           ;mcc_generated_files/i2c1_slave.c: 236:     {;mcc_generated_files/i2c1_slave.c: 237:    
      +                               I2C1_SlaveRdInterruptHandler();
 11824     0807  0856               	movf	(_I2C1_SlaveRdInterruptHandler+1)^(0+256),w
 11825     0808  008A               	movwf	10
 11826     0809  0855               	movf	_I2C1_SlaveRdInterruptHandler^(0+256),w
 11827     080A  000A               	callw
 11828     080B  3188               	pagesel	$
 11829     080C  0008               	return
 11830     080D                     __end_of_I2C1_SlaveRdCallBack:
 11831                           
 11832                           	psect	text58
 11833     1753                     __ptext58:	
 11834 ;; *************** function _I2C1_SlaveDefRdInterruptHandler *****************
 11835 ;; Defined at:
 11836 ;;		line 241 in file "mcc_generated_files/i2c1_slave.c"
 11837 ;; Parameters:    Size  Location     Type
 11838 ;;		None
 11839 ;; Auto vars:     Size  Location     Type
 11840 ;;		None
 11841 ;; Return value:  Size  Location     Type
 11842 ;;                  1    wreg      void 
 11843 ;; Registers used:
 11844 ;;		wreg, pclath, cstack
 11845 ;; Tracked objects:
 11846 ;;		On entry : 0/0
 11847 ;;		On exit  : 0/0
 11848 ;;		Unchanged: 0/0
 11849 ;; Data sizes:     COMMON   BANK0   BANK1   BANK2   BANK3   BANK4   BANK5   BANK6   BANK7   BANK8   BANK9  BANK10  BANK1
      +1  BANK12  BANK13  BANK14  BANK15  BANK16  BANK17  BANK18  BANK19  BANK20  BANK21  BANK22  BANK23  BANK24  BANK25
 11850 ;;      Params:         0       0       0       0       0       0       0       0       0       0       0       0       
      +0       0       0       0       0       0       0       0       0       0       0       0       0       0       0
 11851 ;;      Locals:         0       0       0       0       0       0       0       0       0       0       0       0       
      +0       0       0       0       0       0       0       0       0       0       0       0       0       0       0
 11852 ;;      Temps:          0       0       0       0       0       0       0       0       0       0       0       0       
      +0       0       0       0       0       0       0       0       0       0       0       0       0       0       0
 11853 ;;      Totals:         0       0       0       0       0       0       0       0       0       0       0       0       
      +0       0       0       0       0       0       0       0       0       0       0       0       0       0       0
 11854 ;;Total ram usage:        0 bytes
 11855 ;; Hardware stack levels used: 1
 11856 ;; Hardware stack levels required when called: 1
 11857 ;; This function calls:
 11858 ;;		_I2C1_SlaveGetRxData
 11859 ;; This function is called by:
 11860 ;;		_I2C1_Open
 11861 ;;		_I2C1_SlaveRdCallBack
 11862 ;; This function uses a non-reentrant model
 11863 ;;
 11864                           
 11865     1753                     _I2C1_SlaveDefRdInterruptHandler:	
 11866                           ;psect for function _I2C1_SlaveDefRdInterruptHandler
 11867                           
 11868                           
 11869                           ;mcc_generated_files/i2c1_slave.c: 242:     i2c1RdData = I2C1_SlaveGetRxData();
 11870                           
 11871                           ;incstack = 0
 11872                           ; Regs used in _I2C1_SlaveDefRdInterruptHandler: [wreg+pclath+cstack]
 11873     1753  3197  272F         	fcall	_I2C1_SlaveGetRxData
 11874     1755  0021               	movlb	1	; select bank1
 11875     1756  00C2               	movwf	_i2c1RdData^(0+128)	;volatile
 11876     1757  0008               	return
 11877     1758                     __end_of_I2C1_SlaveDefRdInterruptHandler:
 11878                           
 11879                           	psect	text59
 11880     0927                     __ptext59:	
 11881 ;; *************** function _I2C_SlaveReceiveCallbackHandler *****************
 11882 ;; Defined at:
 11883 ;;		line 162 in file "D:/Microchip/MPLABProjects/PSoC3-PCIe-MKIII.X/main.c"
 11884 ;; Parameters:    Size  Location     Type
 11885 ;;		None
 11886 ;; Auto vars:     Size  Location     Type
 11887 ;;		None
 11888 ;; Return value:  Size  Location     Type
 11889 ;;                  1    wreg      void 
 11890 ;; Registers used:
 11891 ;;		wreg, fsr1l, fsr1h, status,2, status,0, pclath, cstack
 11892 ;; Tracked objects:
 11893 ;;		On entry : 0/0
 11894 ;;		On exit  : 0/0
 11895 ;;		Unchanged: 0/0
 11896 ;; Data sizes:     COMMON   BANK0   BANK1   BANK2   BANK3   BANK4   BANK5   BANK6   BANK7   BANK8   BANK9  BANK10  BANK1
      +1  BANK12  BANK13  BANK14  BANK15  BANK16  BANK17  BANK18  BANK19  BANK20  BANK21  BANK22  BANK23  BANK24  BANK25
 11897 ;;      Params:         0       0       0       0       0       0       0       0       0       0       0       0       
      +0       0       0       0       0       0       0       0       0       0       0       0       0       0       0
 11898 ;;      Locals:         0       0       0       0       0       0       0       0       0       0       0       0       
      +0       0       0       0       0       0       0       0       0       0       0       0       0       0       0
 11899 ;;      Temps:          0       0       0       0       0       0       0       0       0       0       0       0       
      +0       0       0       0       0       0       0       0       0       0       0       0       0       0       0
 11900 ;;      Totals:         0       0       0       0       0       0       0       0       0       0       0       0       
      +0       0       0       0       0       0       0       0       0       0       0       0       0       0       0
 11901 ;;Total ram usage:        0 bytes
 11902 ;; Hardware stack levels used: 1
 11903 ;; Hardware stack levels required when called: 2
 11904 ;; This function calls:
 11905 ;;		_CMD_queue_add
 11906 ;;		_I2C1_Read
 11907 ;; This function is called by:
 11908 ;;		_I2C_Initialize
 11909 ;;		_I2C1_SlaveRdCallBack
 11910 ;; This function uses a non-reentrant model
 11911 ;;
 11912                           
 11913     0927                     _I2C_SlaveReceiveCallbackHandler:	
 11914                           ;psect for function _I2C_SlaveReceiveCallbackHandler
 11915                           
 11916                           
 11917                           ;D:/Microchip/MPLABProjects/PSoC3-PCIe-MKIII.X/main.c: 164:     if (SlaveInit) {
 11918                           
 11919                           ;incstack = 0
 11920                           ; Regs used in _I2C_SlaveReceiveCallbackHandler: [wreg+fsr1l+fsr1h+status,2+status,0+pcl
      +                          ath+cstack]
 11921     0927  0021               	movlb	1	; select bank1
 11922     0928  0839               	movf	_SlaveInit^(0+128),w	;volatile
 11923     0929  1903               	btfsc	3,2
 11924     092A  0008               	return
 11925                           
 11926                           ;D:/Microchip/MPLABProjects/PSoC3-PCIe-MKIII.X/main.c: 166:         SlaveInit--;
 11927     092B  3001               	movlw	1
 11928     092C  02B9               	subwf	_SlaveInit^(0+128),f	;volatile
 11929                           
 11930                           ;D:/Microchip/MPLABProjects/PSoC3-PCIe-MKIII.X/main.c: 167:         LineDataIndex = 0;
 11931     092D  01B6               	clrf	_LineDataIndex^(0+128)	;volatile
 11932                           
 11933                           ;D:/Microchip/MPLABProjects/PSoC3-PCIe-MKIII.X/main.c: 168:         msg_size_read = 0;
 11934     092E  01B5               	clrf	_msg_size_read^(0+128)	;volatile
 11935                           
 11936                           ;D:/Microchip/MPLABProjects/PSoC3-PCIe-MKIII.X/main.c: 169:         cmd_read = 0;
 11937     092F  01B4               	clrf	_cmd_read^(0+128)	;volatile
 11938                           
 11939                           ;D:/Microchip/MPLABProjects/PSoC3-PCIe-MKIII.X/main.c: 170:         param1 = 0;
 11940     0930  01B3               	clrf	_param1^(0+128)	;volatile
 11941                           
 11942                           ;D:/Microchip/MPLABProjects/PSoC3-PCIe-MKIII.X/main.c: 171:         param2 = 0;
 11943     0931  01B2               	clrf	_param2^(0+128)	;volatile
 11944                           
 11945                           ;D:/Microchip/MPLABProjects/PSoC3-PCIe-MKIII.X/main.c: 173:         msg = I2C1_Read();
 11946     0932  3197  2732  3189   	fcall	_I2C1_Read
 11947     0935  0021               	movlb	1	; select bank1
 11948     0936  00B7               	movwf	_msg^(0+128)	;volatile
 11949                           
 11950                           ;D:/Microchip/MPLABProjects/PSoC3-PCIe-MKIII.X/main.c: 174:         param1 = I2C1_Read()
      +                          ;
 11951     0937  3197  2732  3189   	fcall	_I2C1_Read
 11952     093A  0021               	movlb	1	; select bank1
 11953     093B  00B3               	movwf	_param1^(0+128)	;volatile
 11954                           
 11955                           ;D:/Microchip/MPLABProjects/PSoC3-PCIe-MKIII.X/main.c: 175:         CMD_queue_add(msg, p
      +                          aram1, param2);
 11956     093C  0833               	movf	_param1^(0+128),w	;volatile
 11957     093D  00F4               	movwf	CMD_queue_add@param1
 11958     093E  0832               	movf	_param2^(0+128),w	;volatile
 11959     093F  00F5               	movwf	CMD_queue_add@param2
 11960     0940  0837               	movf	_msg^(0+128),w	;volatile
 11961     0941  318C  2439         	fcall	_CMD_queue_add
 11962     0943  0008               	return
 11963     0944                     __end_of_I2C_SlaveReceiveCallbackHandler:
 11964                           
 11965                           	psect	text60
 11966     0C39                     __ptext60:	
 11967 ;; *************** function _CMD_queue_add *****************
 11968 ;; Defined at:
 11969 ;;		line 117 in file "D:/Microchip/MPLABProjects/PSoC3-PCIe-MKIII.X/main.c"
 11970 ;; Parameters:    Size  Location     Type
 11971 ;;  command         1    wreg     unsigned char 
 11972 ;;  param1          1    4[COMMON] unsigned char 
 11973 ;;  param2          1    5[COMMON] unsigned char 
 11974 ;; Auto vars:     Size  Location     Type
 11975 ;;  command         1   10[COMMON] unsigned char 
 11976 ;; Return value:  Size  Location     Type
 11977 ;;                  1    wreg      void 
 11978 ;; Registers used:
 11979 ;;		wreg, fsr1l, fsr1h, status,2, status,0, pclath, cstack
 11980 ;; Tracked objects:
 11981 ;;		On entry : 0/0
 11982 ;;		On exit  : 0/0
 11983 ;;		Unchanged: 0/0
 11984 ;; Data sizes:     COMMON   BANK0   BANK1   BANK2   BANK3   BANK4   BANK5   BANK6   BANK7   BANK8   BANK9  BANK10  BANK1
      +1  BANK12  BANK13  BANK14  BANK15  BANK16  BANK17  BANK18  BANK19  BANK20  BANK21  BANK22  BANK23  BANK24  BANK25
 11985 ;;      Params:         2       0       0       0       0       0       0       0       0       0       0       0       
      +0       0       0       0       0       0       0       0       0       0       0       0       0       0       0
 11986 ;;      Locals:         1       0       0       0       0       0       0       0       0       0       0       0       
      +0       0       0       0       0       0       0       0       0       0       0       0       0       0       0
 11987 ;;      Temps:          4       0       0       0       0       0       0       0       0       0       0       0       
      +0       0       0       0       0       0       0       0       0       0       0       0       0       0       0
 11988 ;;      Totals:         7       0       0       0       0       0       0       0       0       0       0       0       
      +0       0       0       0       0       0       0       0       0       0       0       0       0       0       0
 11989 ;;Total ram usage:        7 bytes
 11990 ;; Hardware stack levels used: 1
 11991 ;; Hardware stack levels required when called: 1
 11992 ;; This function calls:
 11993 ;;		i1___bmul
 11994 ;; This function is called by:
 11995 ;;		_I2C_SlaveReceiveCallbackHandler
 11996 ;; This function uses a non-reentrant model
 11997 ;;
 11998                           
 11999     0C39                     _CMD_queue_add:	
 12000                           ;psect for function _CMD_queue_add
 12001                           
 12002                           
 12003                           ;incstack = 0
 12004                           ; Regs used in _CMD_queue_add: [wreg+fsr1l+fsr1h+status,2+status,0+pclath+cstack]
 12005                           ;CMD_queue_add@command stored from wreg
 12006     0C39  00FA               	movwf	CMD_queue_add@command
 12007                           
 12008                           ;D:/Microchip/MPLABProjects/PSoC3-PCIe-MKIII.X/main.c: 119:     CMD_add_queue_busy = 1;
 12009     0C3A  3001               	movlw	1
 12010     0C3B  0020               	movlb	0	; select bank0
 12011     0C3C  00EF               	movwf	_CMD_add_queue_busy	;volatile
 12012                           
 12013                           ;D:/Microchip/MPLABProjects/PSoC3-PCIe-MKIII.X/main.c: 120:     if (CMD_queue_front == (
      +                          CMD_queue_rear + 1) % 16) {
 12014     0C3D  0021               	movlb	1	; select bank1
 12015     0C3E  0861               	movf	_CMD_queue_rear^(0+128),w	;volatile
 12016     0C3F  3E01               	addlw	1
 12017     0C40  00F6               	movwf	??_CMD_queue_add
 12018     0C41  3000               	movlw	0
 12019     0C42  3D62               	addwfc	(_CMD_queue_rear+1)^(0+128),w	;volatile
 12020     0C43  00F7               	movwf	??_CMD_queue_add+1
 12021     0C44  300F               	movlw	15
 12022     0C45  0576               	andwf	??_CMD_queue_add,w
 12023     0C46  00F8               	movwf	??_CMD_queue_add+2
 12024     0C47  3000               	movlw	0
 12025     0C48  0577               	andwf	??_CMD_queue_add+1,w
 12026     0C49  00F9               	movwf	??_CMD_queue_add+3
 12027     0C4A  0864               	movf	(_CMD_queue_front+1)^(0+128),w	;volatile
 12028     0C4B  0679               	xorwf	??_CMD_queue_add+3,w
 12029     0C4C  1D03               	skipz
 12030     0C4D  2C50               	goto	u220_25
 12031     0C4E  0863               	movf	_CMD_queue_front^(0+128),w	;volatile
 12032     0C4F  0678               	xorwf	??_CMD_queue_add+2,w
 12033     0C50                     u220_25:
 12034     0C50  1D03               	skipz
 12035     0C51  2C66               	goto	i1l3161
 12036                           
 12037                           ;D:/Microchip/MPLABProjects/PSoC3-PCIe-MKIII.X/main.c: 121:         Queue_Overrun = 1;
 12038     0C52  3001               	movlw	1
 12039     0C53  00AF               	movwf	_Queue_Overrun^(0+128)	;volatile
 12040                           
 12041                           ;D:/Microchip/MPLABProjects/PSoC3-PCIe-MKIII.X/main.c: 122:         _delay((unsigned lon
      +                          g)((3)*(32000000/4000.0)));
 12042     0C54  3020               	movlw	32
 12043     0C55  00F6               	movwf	??_CMD_queue_add
 12044     0C56  302A               	movlw	42
 12045     0C57                     u559_27:
 12046     0C57  0B89               	decfsz	9,f
 12047     0C58  2C57               	goto	u559_27
 12048     0C59  0BF6               	decfsz	??_CMD_queue_add,f
 12049     0C5A  2C57               	goto	u559_27
 12050                           
 12051                           ;D:/Microchip/MPLABProjects/PSoC3-PCIe-MKIII.X/main.c: 123:         CMD_queue_front = -1
      +                          ;
 12052     0C5B  30FF               	movlw	255
 12053     0C5C  0021               	movlb	1	; select bank1
 12054     0C5D  00E3               	movwf	_CMD_queue_front^(0+128)	;volatile
 12055     0C5E  30FF               	movlw	255
 12056     0C5F  00E4               	movwf	(_CMD_queue_front^(0+128)+1)	;volatile
 12057                           
 12058                           ;D:/Microchip/MPLABProjects/PSoC3-PCIe-MKIII.X/main.c: 124:         CMD_queue_rear = -1;
 12059     0C60  30FF               	movlw	255
 12060     0C61  00E1               	movwf	_CMD_queue_rear^(0+128)	;volatile
 12061     0C62  30FF               	movlw	255
 12062     0C63  00E2               	movwf	(_CMD_queue_rear^(0+128)+1)	;volatile
 12063                           
 12064                           ;D:/Microchip/MPLABProjects/PSoC3-PCIe-MKIII.X/main.c: 126:         CMD_queue_count = 0;
 12065     0C64  01B0               	clrf	_CMD_queue_count^(0+128)	;volatile
 12066                           
 12067                           ;D:/Microchip/MPLABProjects/PSoC3-PCIe-MKIII.X/main.c: 127:     } else {
 12068     0C65  2CAE               	goto	i1l3179
 12069     0C66                     i1l3161:
 12070                           
 12071                           ;D:/Microchip/MPLABProjects/PSoC3-PCIe-MKIII.X/main.c: 128:         if (CMD_queue_front 
      +                          == -1) {
 12072     0C66  0A63               	incf	_CMD_queue_front^(0+128),w	;volatile
 12073     0C67  1D03               	skipz
 12074     0C68  2C71               	goto	i1l3165
 12075     0C69  0A64               	incf	(_CMD_queue_front+1)^(0+128),w	;volatile
 12076     0C6A  1D03               	btfss	3,2
 12077     0C6B  2C71               	goto	i1l3165
 12078                           
 12079                           ;D:/Microchip/MPLABProjects/PSoC3-PCIe-MKIII.X/main.c: 129:             CMD_queue_front 
      +                          = CMD_queue_rear = 0;
 12080     0C6C  01E1               	clrf	_CMD_queue_rear^(0+128)	;volatile
 12081     0C6D  01E2               	clrf	(_CMD_queue_rear+1)^(0+128)	;volatile
 12082     0C6E  01E3               	clrf	_CMD_queue_front^(0+128)	;volatile
 12083     0C6F  01E4               	clrf	(_CMD_queue_front+1)^(0+128)	;volatile
 12084                           
 12085                           ;D:/Microchip/MPLABProjects/PSoC3-PCIe-MKIII.X/main.c: 130:         } else {
 12086     0C70  2C7D               	goto	i1l3167
 12087     0C71                     i1l3165:
 12088                           
 12089                           ;D:/Microchip/MPLABProjects/PSoC3-PCIe-MKIII.X/main.c: 131:             CMD_queue_rear =
      +                           (CMD_queue_rear + 1) % 16;
 12090     0C71  0861               	movf	_CMD_queue_rear^(0+128),w	;volatile
 12091     0C72  3E01               	addlw	1
 12092     0C73  00F6               	movwf	??_CMD_queue_add
 12093     0C74  3000               	movlw	0
 12094     0C75  3D62               	addwfc	(_CMD_queue_rear+1)^(0+128),w	;volatile
 12095     0C76  00F7               	movwf	??_CMD_queue_add+1
 12096     0C77  300F               	movlw	15
 12097     0C78  0576               	andwf	??_CMD_queue_add,w
 12098     0C79  00E1               	movwf	_CMD_queue_rear^(0+128)	;volatile
 12099     0C7A  3000               	movlw	0
 12100     0C7B  0577               	andwf	??_CMD_queue_add+1,w
 12101     0C7C  00E2               	movwf	(_CMD_queue_rear+1)^(0+128)	;volatile
 12102     0C7D                     i1l3167:
 12103                           
 12104                           ;D:/Microchip/MPLABProjects/PSoC3-PCIe-MKIII.X/main.c: 133:         CMD_Queue[CMD_queue_
      +                          rear][0] = command;
 12105     0C7D  3003               	movlw	3
 12106     0C7E  00F0               	movwf	i1___bmul@multiplicand
 12107     0C7F  0861               	movf	_CMD_queue_rear^(0+128),w	;volatile
 12108     0C80  3188  2063  318C   	fcall	i1___bmul
 12109     0C83  3EA0               	addlw	(low (_CMD_Queue| (0+256)))& (0+255)
 12110     0C84  0086               	movwf	6
 12111     0C85  3001               	movlw	1	; select bank3/4
 12112     0C86  0087               	movwf	7
 12113     0C87  087A               	movf	CMD_queue_add@command,w
 12114     0C88  0081               	movwf	1
 12115                           
 12116                           ;D:/Microchip/MPLABProjects/PSoC3-PCIe-MKIII.X/main.c: 134:         CMD_Queue[CMD_queue_
      +                          rear][1] = param1;
 12117     0C89  3003               	movlw	3
 12118     0C8A  00F0               	movwf	i1___bmul@multiplicand
 12119     0C8B  0021               	movlb	1	; select bank1
 12120     0C8C  0861               	movf	_CMD_queue_rear^(0+128),w	;volatile
 12121     0C8D  3188  2063  318C   	fcall	i1___bmul
 12122     0C90  3EA1               	addlw	(low ((_CMD_Queue| (0+256)+1)))& (0+255)
 12123     0C91  0086               	movwf	6
 12124     0C92  3001               	movlw	1	; select bank3/4
 12125     0C93  0087               	movwf	7
 12126     0C94  0874               	movf	CMD_queue_add@param1,w
 12127     0C95  0081               	movwf	1
 12128                           
 12129                           ;D:/Microchip/MPLABProjects/PSoC3-PCIe-MKIII.X/main.c: 135:         CMD_Queue[CMD_queue_
      +                          rear][2] = param2;
 12130     0C96  3003               	movlw	3
 12131     0C97  00F0               	movwf	i1___bmul@multiplicand
 12132     0C98  0021               	movlb	1	; select bank1
 12133     0C99  0861               	movf	_CMD_queue_rear^(0+128),w	;volatile
 12134     0C9A  3188  2063  318C   	fcall	i1___bmul
 12135     0C9D  3EA2               	addlw	(low ((_CMD_Queue| (0+256)+2)))& (0+255)
 12136     0C9E  0086               	movwf	6
 12137     0C9F  3001               	movlw	1	; select bank3/4
 12138     0CA0  0087               	movwf	7
 12139     0CA1  0875               	movf	CMD_queue_add@param2,w
 12140     0CA2  0081               	movwf	1
 12141                           
 12142                           ;D:/Microchip/MPLABProjects/PSoC3-PCIe-MKIII.X/main.c: 136:         CMD_queue_count++;
 12143     0CA3  3001               	movlw	1
 12144     0CA4  00F6               	movwf	??_CMD_queue_add
 12145     0CA5  0876               	movf	??_CMD_queue_add,w
 12146     0CA6  0021               	movlb	1	; select bank1
 12147     0CA7  07B0               	addwf	_CMD_queue_count^(0+128),f	;volatile
 12148                           
 12149                           ;D:/Microchip/MPLABProjects/PSoC3-PCIe-MKIII.X/main.c: 137:         if (CMD_queue_count 
      +                          > 16) {
 12150     0CA8  3011               	movlw	17
 12151     0CA9  0230               	subwf	_CMD_queue_count^(0+128),w	;volatile
 12152     0CAA  1C03               	skipc
 12153     0CAB  2CAE               	goto	i1l3179
 12154                           
 12155                           ;D:/Microchip/MPLABProjects/PSoC3-PCIe-MKIII.X/main.c: 138:             CMD_queue_count 
      +                          = 16;
 12156     0CAC  3010               	movlw	16
 12157     0CAD  00B0               	movwf	_CMD_queue_count^(0+128)	;volatile
 12158     0CAE                     i1l3179:
 12159                           
 12160                           ;D:/Microchip/MPLABProjects/PSoC3-PCIe-MKIII.X/main.c: 141:     CMD_add_queue_busy = 0;
 12161     0CAE  0020               	movlb	0	; select bank0
 12162     0CAF  01EF               	clrf	_CMD_add_queue_busy	;volatile
 12163     0CB0  0008               	return
 12164     0CB1                     __end_of_CMD_queue_add:
 12165                           
 12166                           	psect	text61
 12167     0863                     __ptext61:	
 12168 ;; *************** function i1___bmul *****************
 12169 ;; Defined at:
 12170 ;;		line 4 in file "C:\Program Files\Microchip\xc8\v2.45\pic\sources\c99\common\Umul8.c"
 12171 ;; Parameters:    Size  Location     Type
 12172 ;;  multiplier      1    wreg     unsigned char 
 12173 ;;  multiplicand    1    0[COMMON] unsigned char 
 12174 ;; Auto vars:     Size  Location     Type
 12175 ;;  multiplier      1    3[COMMON] unsigned char 
 12176 ;;  product         1    2[COMMON] unsigned char 
 12177 ;; Return value:  Size  Location     Type
 12178 ;;                  1    wreg      unsigned char 
 12179 ;; Registers used:
 12180 ;;		wreg, status,2, status,0
 12181 ;; Tracked objects:
 12182 ;;		On entry : 0/0
 12183 ;;		On exit  : 0/0
 12184 ;;		Unchanged: 0/0
 12185 ;; Data sizes:     COMMON   BANK0   BANK1   BANK2   BANK3   BANK4   BANK5   BANK6   BANK7   BANK8   BANK9  BANK10  BANK1
      +1  BANK12  BANK13  BANK14  BANK15  BANK16  BANK17  BANK18  BANK19  BANK20  BANK21  BANK22  BANK23  BANK24  BANK25
 12186 ;;      Params:         1       0       0       0       0       0       0       0       0       0       0       0       
      +0       0       0       0       0       0       0       0       0       0       0       0       0       0       0
 12187 ;;      Locals:         2       0       0       0       0       0       0       0       0       0       0       0       
      +0       0       0       0       0       0       0       0       0       0       0       0       0       0       0
 12188 ;;      Temps:          1       0       0       0       0       0       0       0       0       0       0       0       
      +0       0       0       0       0       0       0       0       0       0       0       0       0       0       0
 12189 ;;      Totals:         4       0       0       0       0       0       0       0       0       0       0       0       
      +0       0       0       0       0       0       0       0       0       0       0       0       0       0       0
 12190 ;;Total ram usage:        4 bytes
 12191 ;; Hardware stack levels used: 1
 12192 ;; This function calls:
 12193 ;;		Nothing
 12194 ;; This function is called by:
 12195 ;;		_CMD_queue_add
 12196 ;; This function uses a non-reentrant model
 12197 ;;
 12198                           
 12199     0863                     i1___bmul:	
 12200                           ;psect for function i1___bmul
 12201                           
 12202                           
 12203                           ;incstack = 0
 12204                           ; Regs used in i1___bmul: [wreg+status,2+status,0]
 12205                           ;i1___bmul@multiplier stored from wreg
 12206     0863  00F3               	movwf	i1___bmul@multiplier
 12207     0864  01F2               	clrf	i1___bmul@product
 12208     0865                     i1l3135:
 12209     0865  1C73               	btfss	i1___bmul@multiplier,0
 12210     0866  286B               	goto	i1l3139
 12211     0867  0870               	movf	i1___bmul@multiplicand,w
 12212     0868  00F1               	movwf	??i1___bmul
 12213     0869  0871               	movf	??i1___bmul,w
 12214     086A  07F2               	addwf	i1___bmul@product,f
 12215     086B                     i1l3139:
 12216     086B  1003               	clrc
 12217     086C  0DF0               	rlf	i1___bmul@multiplicand,f
 12218     086D  1003               	clrc
 12219     086E  0CF3               	rrf	i1___bmul@multiplier,f
 12220     086F  0873               	movf	i1___bmul@multiplier,w
 12221     0870  1D03               	btfss	3,2
 12222     0871  2865               	goto	i1l3135
 12223     0872  0872               	movf	i1___bmul@product,w
 12224     0873  0008               	return
 12225     0874                     __end_ofi1___bmul:
 12226                           
 12227                           	psect	text62
 12228     177F                     __ptext62:	
 12229 ;; *************** function _I2C1_SlaveIsTxBufEmpty *****************
 12230 ;; Defined at:
 12231 ;;		line 381 in file "mcc_generated_files/i2c1_slave.c"
 12232 ;; Parameters:    Size  Location     Type
 12233 ;;		None
 12234 ;; Auto vars:     Size  Location     Type
 12235 ;;		None
 12236 ;; Return value:  Size  Location     Type
 12237 ;;                  1    wreg      _Bool 
 12238 ;; Registers used:
 12239 ;;		wreg, status,0
 12240 ;; Tracked objects:
 12241 ;;		On entry : 0/0
 12242 ;;		On exit  : 0/0
 12243 ;;		Unchanged: 0/0
 12244 ;; Data sizes:     COMMON   BANK0   BANK1   BANK2   BANK3   BANK4   BANK5   BANK6   BANK7   BANK8   BANK9  BANK10  BANK1
      +1  BANK12  BANK13  BANK14  BANK15  BANK16  BANK17  BANK18  BANK19  BANK20  BANK21  BANK22  BANK23  BANK24  BANK25
 12245 ;;      Params:         0       0       0       0       0       0       0       0       0       0       0       0       
      +0       0       0       0       0       0       0       0       0       0       0       0       0       0       0
 12246 ;;      Locals:         0       0       0       0       0       0       0       0       0       0       0       0       
      +0       0       0       0       0       0       0       0       0       0       0       0       0       0       0
 12247 ;;      Temps:          0       0       0       0       0       0       0       0       0       0       0       0       
      +0       0       0       0       0       0       0       0       0       0       0       0       0       0       0
 12248 ;;      Totals:         0       0       0       0       0       0       0       0       0       0       0       0       
      +0       0       0       0       0       0       0       0       0       0       0       0       0       0       0
 12249 ;;Total ram usage:        0 bytes
 12250 ;; Hardware stack levels used: 1
 12251 ;; This function calls:
 12252 ;;		Nothing
 12253 ;; This function is called by:
 12254 ;;		_I2C1_Isr
 12255 ;; This function uses a non-reentrant model
 12256 ;;
 12257                           
 12258     177F                     _I2C1_SlaveIsTxBufEmpty:	
 12259                           ;psect for function _I2C1_SlaveIsTxBufEmpty
 12260                           
 12261                           
 12262                           ;mcc_generated_files/i2c1_slave.c: 383:     return !SSP1STATbits.BF;
 12263                           
 12264                           ;incstack = 0
 12265                           ; Regs used in _I2C1_SlaveIsTxBufEmpty: [wreg+status,0]
 12266     177F  1003               	clrc
 12267     1780  0024               	movlb	4	; select bank4
 12268     1781  1C14               	btfss	20,0	;volatile
 12269     1782  1403               	setc
 12270     1783  3000               	movlw	0
 12271     1784  3D09               	addwfc	9,w
 12272     1785  0008               	return
 12273     1786                     __end_of_I2C1_SlaveIsTxBufEmpty:
 12274                           
 12275                           	psect	text63
 12276     1741                     __ptext63:	
 12277 ;; *************** function _I2C1_SlaveIsRxBufFull *****************
 12278 ;; Defined at:
 12279 ;;		line 386 in file "mcc_generated_files/i2c1_slave.c"
 12280 ;; Parameters:    Size  Location     Type
 12281 ;;		None
 12282 ;; Auto vars:     Size  Location     Type
 12283 ;;		None
 12284 ;; Return value:  Size  Location     Type
 12285 ;;                  1    wreg      _Bool 
 12286 ;; Registers used:
 12287 ;;		wreg, status,2, status,0
 12288 ;; Tracked objects:
 12289 ;;		On entry : 0/0
 12290 ;;		On exit  : 0/0
 12291 ;;		Unchanged: 0/0
 12292 ;; Data sizes:     COMMON   BANK0   BANK1   BANK2   BANK3   BANK4   BANK5   BANK6   BANK7   BANK8   BANK9  BANK10  BANK1
      +1  BANK12  BANK13  BANK14  BANK15  BANK16  BANK17  BANK18  BANK19  BANK20  BANK21  BANK22  BANK23  BANK24  BANK25
 12293 ;;      Params:         0       0       0       0       0       0       0       0       0       0       0       0       
      +0       0       0       0       0       0       0       0       0       0       0       0       0       0       0
 12294 ;;      Locals:         0       0       0       0       0       0       0       0       0       0       0       0       
      +0       0       0       0       0       0       0       0       0       0       0       0       0       0       0
 12295 ;;      Temps:          0       0       0       0       0       0       0       0       0       0       0       0       
      +0       0       0       0       0       0       0       0       0       0       0       0       0       0       0
 12296 ;;      Totals:         0       0       0       0       0       0       0       0       0       0       0       0       
      +0       0       0       0       0       0       0       0       0       0       0       0       0       0       0
 12297 ;;Total ram usage:        0 bytes
 12298 ;; Hardware stack levels used: 1
 12299 ;; This function calls:
 12300 ;;		Nothing
 12301 ;; This function is called by:
 12302 ;;		_I2C1_Isr
 12303 ;; This function uses a non-reentrant model
 12304 ;;
 12305                           
 12306     1741                     _I2C1_SlaveIsRxBufFull:	
 12307                           ;psect for function _I2C1_SlaveIsRxBufFull
 12308                           
 12309                           
 12310                           ;mcc_generated_files/i2c1_slave.c: 388:     return SSP1STATbits.BF;
 12311                           
 12312                           ;incstack = 0
 12313                           ; Regs used in _I2C1_SlaveIsRxBufFull: [wreg+status,2+status,0]
 12314     1741  0024               	movlb	4	; select bank4
 12315     1742  0814               	movf	20,w	;volatile
 12316     1743  3901               	andlw	1
 12317     1744  0008               	return
 12318     1745                     __end_of_I2C1_SlaveIsRxBufFull:
 12319                           
 12320                           	psect	text64
 12321     174E                     __ptext64:	
 12322 ;; *************** function _I2C1_SlaveIsRead *****************
 12323 ;; Defined at:
 12324 ;;		line 351 in file "mcc_generated_files/i2c1_slave.c"
 12325 ;; Parameters:    Size  Location     Type
 12326 ;;		None
 12327 ;; Auto vars:     Size  Location     Type
 12328 ;;		None
 12329 ;; Return value:  Size  Location     Type
 12330 ;;                  1    wreg      _Bool 
 12331 ;; Registers used:
 12332 ;;		wreg, status,2, status,0
 12333 ;; Tracked objects:
 12334 ;;		On entry : 0/0
 12335 ;;		On exit  : 0/0
 12336 ;;		Unchanged: 0/0
 12337 ;; Data sizes:     COMMON   BANK0   BANK1   BANK2   BANK3   BANK4   BANK5   BANK6   BANK7   BANK8   BANK9  BANK10  BANK1
      +1  BANK12  BANK13  BANK14  BANK15  BANK16  BANK17  BANK18  BANK19  BANK20  BANK21  BANK22  BANK23  BANK24  BANK25
 12338 ;;      Params:         0       0       0       0       0       0       0       0       0       0       0       0       
      +0       0       0       0       0       0       0       0       0       0       0       0       0       0       0
 12339 ;;      Locals:         0       0       0       0       0       0       0       0       0       0       0       0       
      +0       0       0       0       0       0       0       0       0       0       0       0       0       0       0
 12340 ;;      Temps:          0       0       0       0       0       0       0       0       0       0       0       0       
      +0       0       0       0       0       0       0       0       0       0       0       0       0       0       0
 12341 ;;      Totals:         0       0       0       0       0       0       0       0       0       0       0       0       
      +0       0       0       0       0       0       0       0       0       0       0       0       0       0       0
 12342 ;;Total ram usage:        0 bytes
 12343 ;; Hardware stack levels used: 1
 12344 ;; This function calls:
 12345 ;;		Nothing
 12346 ;; This function is called by:
 12347 ;;		_I2C1_Isr
 12348 ;;		_I2C1_IsRead
 12349 ;; This function uses a non-reentrant model
 12350 ;;
 12351                           
 12352     174E                     _I2C1_SlaveIsRead:	
 12353                           ;psect for function _I2C1_SlaveIsRead
 12354                           
 12355                           
 12356                           ;mcc_generated_files/i2c1_slave.c: 353:     return (SSP1STATbits.R_nW);
 12357                           
 12358                           ;incstack = 0
 12359                           ; Regs used in _I2C1_SlaveIsRead: [wreg+status,2+status,0]
 12360     174E  0024               	movlb	4	; select bank4
 12361     174F  0C14               	rrf	20,w	;volatile
 12362     1750  0C89               	rrf	9,f
 12363     1751  3901               	andlw	1
 12364     1752  0008               	return
 12365     1753                     __end_of_I2C1_SlaveIsRead:
 12366                           
 12367                           	psect	text65
 12368     1778                     __ptext65:	
 12369 ;; *************** function _I2C1_SlaveIsAddr *****************
 12370 ;; Defined at:
 12371 ;;		line 346 in file "mcc_generated_files/i2c1_slave.c"
 12372 ;; Parameters:    Size  Location     Type
 12373 ;;		None
 12374 ;; Auto vars:     Size  Location     Type
 12375 ;;		None
 12376 ;; Return value:  Size  Location     Type
 12377 ;;                  1    wreg      _Bool 
 12378 ;; Registers used:
 12379 ;;		wreg, status,0
 12380 ;; Tracked objects:
 12381 ;;		On entry : 0/0
 12382 ;;		On exit  : 0/0
 12383 ;;		Unchanged: 0/0
 12384 ;; Data sizes:     COMMON   BANK0   BANK1   BANK2   BANK3   BANK4   BANK5   BANK6   BANK7   BANK8   BANK9  BANK10  BANK1
      +1  BANK12  BANK13  BANK14  BANK15  BANK16  BANK17  BANK18  BANK19  BANK20  BANK21  BANK22  BANK23  BANK24  BANK25
 12385 ;;      Params:         0       0       0       0       0       0       0       0       0       0       0       0       
      +0       0       0       0       0       0       0       0       0       0       0       0       0       0       0
 12386 ;;      Locals:         0       0       0       0       0       0       0       0       0       0       0       0       
      +0       0       0       0       0       0       0       0       0       0       0       0       0       0       0
 12387 ;;      Temps:          0       0       0       0       0       0       0       0       0       0       0       0       
      +0       0       0       0       0       0       0       0       0       0       0       0       0       0       0
 12388 ;;      Totals:         0       0       0       0       0       0       0       0       0       0       0       0       
      +0       0       0       0       0       0       0       0       0       0       0       0       0       0       0
 12389 ;;Total ram usage:        0 bytes
 12390 ;; Hardware stack levels used: 1
 12391 ;; This function calls:
 12392 ;;		Nothing
 12393 ;; This function is called by:
 12394 ;;		_I2C1_Isr
 12395 ;; This function uses a non-reentrant model
 12396 ;;
 12397                           
 12398     1778                     _I2C1_SlaveIsAddr:	
 12399                           ;psect for function _I2C1_SlaveIsAddr
 12400                           
 12401                           
 12402                           ;mcc_generated_files/i2c1_slave.c: 348:     return !(SSP1STATbits.D_nA);
 12403                           
 12404                           ;incstack = 0
 12405                           ; Regs used in _I2C1_SlaveIsAddr: [wreg+status,0]
 12406     1778  1003               	clrc
 12407     1779  0024               	movlb	4	; select bank4
 12408     177A  1E94               	btfss	20,5	;volatile
 12409     177B  1403               	setc
 12410     177C  3000               	movlw	0
 12411     177D  3D09               	addwfc	9,w
 12412     177E  0008               	return
 12413     177F                     __end_of_I2C1_SlaveIsAddr:
 12414                           
 12415                           	psect	text66
 12416     1735                     __ptext66:	
 12417 ;; *************** function _I2C1_SlaveClearIrq *****************
 12418 ;; Defined at:
 12419 ;;		line 356 in file "mcc_generated_files/i2c1_slave.c"
 12420 ;; Parameters:    Size  Location     Type
 12421 ;;		None
 12422 ;; Auto vars:     Size  Location     Type
 12423 ;;		None
 12424 ;; Return value:  Size  Location     Type
 12425 ;;                  1    wreg      void 
 12426 ;; Registers used:
 12427 ;;		None
 12428 ;; Tracked objects:
 12429 ;;		On entry : 0/0
 12430 ;;		On exit  : 0/0
 12431 ;;		Unchanged: 0/0
 12432 ;; Data sizes:     COMMON   BANK0   BANK1   BANK2   BANK3   BANK4   BANK5   BANK6   BANK7   BANK8   BANK9  BANK10  BANK1
      +1  BANK12  BANK13  BANK14  BANK15  BANK16  BANK17  BANK18  BANK19  BANK20  BANK21  BANK22  BANK23  BANK24  BANK25
 12433 ;;      Params:         0       0       0       0       0       0       0       0       0       0       0       0       
      +0       0       0       0       0       0       0       0       0       0       0       0       0       0       0
 12434 ;;      Locals:         0       0       0       0       0       0       0       0       0       0       0       0       
      +0       0       0       0       0       0       0       0       0       0       0       0       0       0       0
 12435 ;;      Temps:          0       0       0       0       0       0       0       0       0       0       0       0       
      +0       0       0       0       0       0       0       0       0       0       0       0       0       0       0
 12436 ;;      Totals:         0       0       0       0       0       0       0       0       0       0       0       0       
      +0       0       0       0       0       0       0       0       0       0       0       0       0       0       0
 12437 ;;Total ram usage:        0 bytes
 12438 ;; Hardware stack levels used: 1
 12439 ;; This function calls:
 12440 ;;		Nothing
 12441 ;; This function is called by:
 12442 ;;		_I2C1_Isr
 12443 ;; This function uses a non-reentrant model
 12444 ;;
 12445                           
 12446     1735                     _I2C1_SlaveClearIrq:	
 12447                           ;psect for function _I2C1_SlaveClearIrq
 12448                           
 12449                           
 12450                           ;mcc_generated_files/i2c1_slave.c: 358:     PIR1bits.SSP1IF = 0;
 12451                           
 12452                           ;incstack = 0
 12453                           ; Regs used in _I2C1_SlaveClearIrq: []
 12454     1735  0020               	movlb	0	; select bank0
 12455     1736  1191               	bcf	17,3	;volatile
 12456     1737  0008               	return
 12457     1738                     __end_of_I2C1_SlaveClearIrq:
 12458                           
 12459                           	psect	text67
 12460     17F5                     __ptext67:	
 12461 ;; *************** function _I2C1_SlaveAddrCallBack *****************
 12462 ;; Defined at:
 12463 ;;		line 267 in file "mcc_generated_files/i2c1_slave.c"
 12464 ;; Parameters:    Size  Location     Type
 12465 ;;		None
 12466 ;; Auto vars:     Size  Location     Type
 12467 ;;		None
 12468 ;; Return value:  Size  Location     Type
 12469 ;;                  1    wreg      void 
 12470 ;; Registers used:
 12471 ;;		wreg, status,2, status,0, pclath, cstack
 12472 ;; Tracked objects:
 12473 ;;		On entry : 0/0
 12474 ;;		On exit  : 0/0
 12475 ;;		Unchanged: 0/0
 12476 ;; Data sizes:     COMMON   BANK0   BANK1   BANK2   BANK3   BANK4   BANK5   BANK6   BANK7   BANK8   BANK9  BANK10  BANK1
      +1  BANK12  BANK13  BANK14  BANK15  BANK16  BANK17  BANK18  BANK19  BANK20  BANK21  BANK22  BANK23  BANK24  BANK25
 12477 ;;      Params:         0       0       0       0       0       0       0       0       0       0       0       0       
      +0       0       0       0       0       0       0       0       0       0       0       0       0       0       0
 12478 ;;      Locals:         0       0       0       0       0       0       0       0       0       0       0       0       
      +0       0       0       0       0       0       0       0       0       0       0       0       0       0       0
 12479 ;;      Temps:          0       0       0       0       0       0       0       0       0       0       0       0       
      +0       0       0       0       0       0       0       0       0       0       0       0       0       0       0
 12480 ;;      Totals:         0       0       0       0       0       0       0       0       0       0       0       0       
      +0       0       0       0       0       0       0       0       0       0       0       0       0       0       0
 12481 ;;Total ram usage:        0 bytes
 12482 ;; Hardware stack levels used: 1
 12483 ;; Hardware stack levels required when called: 3
 12484 ;; This function calls:
 12485 ;;		NULL
 12486 ;;		_I2C1_SlaveDefAddrInterruptHandler
 12487 ;;		_I2C_SlaveAddressCallbackHandler
 12488 ;; This function is called by:
 12489 ;;		_I2C1_Isr
 12490 ;; This function uses a non-reentrant model
 12491 ;;
 12492                           
 12493     17F5                     _I2C1_SlaveAddrCallBack:	
 12494                           ;psect for function _I2C1_SlaveAddrCallBack
 12495                           
 12496                           
 12497                           ;mcc_generated_files/i2c1_slave.c: 269:     if (I2C1_SlaveAddrInterruptHandler) {
 12498                           
 12499                           ;incstack = 0
 12500                           ; Regs used in _I2C1_SlaveAddrCallBack: [wreg+status,2+status,0+pclath+cstack]
 12501     17F5  0022               	movlb	2	; select bank2
 12502     17F6  0851               	movf	_I2C1_SlaveAddrInterruptHandler^(0+256),w
 12503     17F7  0452               	iorwf	(_I2C1_SlaveAddrInterruptHandler+1)^(0+256),w
 12504     17F8  1903               	btfsc	3,2
 12505     17F9  0008               	return
 12506                           
 12507                           ;mcc_generated_files/i2c1_slave.c: 270:         I2C1_SlaveAddrInterruptHandler();
 12508     17FA  0852               	movf	(_I2C1_SlaveAddrInterruptHandler+1)^(0+256),w
 12509     17FB  008A               	movwf	10
 12510     17FC  0851               	movf	_I2C1_SlaveAddrInterruptHandler^(0+256),w
 12511     17FD  000A               	callw
 12512     17FE  3197               	pagesel	$
 12513     17FF  0008               	return
 12514     1800                     __end_of_I2C1_SlaveAddrCallBack:
 12515                           
 12516                           	psect	text68
 12517     1749                     __ptext68:	
 12518 ;; *************** function _I2C1_SlaveDefAddrInterruptHandler *****************
 12519 ;; Defined at:
 12520 ;;		line 274 in file "mcc_generated_files/i2c1_slave.c"
 12521 ;; Parameters:    Size  Location     Type
 12522 ;;		None
 12523 ;; Auto vars:     Size  Location     Type
 12524 ;;		None
 12525 ;; Return value:  Size  Location     Type
 12526 ;;                  1    wreg      void 
 12527 ;; Registers used:
 12528 ;;		wreg, pclath, cstack
 12529 ;; Tracked objects:
 12530 ;;		On entry : 0/0
 12531 ;;		On exit  : 0/0
 12532 ;;		Unchanged: 0/0
 12533 ;; Data sizes:     COMMON   BANK0   BANK1   BANK2   BANK3   BANK4   BANK5   BANK6   BANK7   BANK8   BANK9  BANK10  BANK1
      +1  BANK12  BANK13  BANK14  BANK15  BANK16  BANK17  BANK18  BANK19  BANK20  BANK21  BANK22  BANK23  BANK24  BANK25
 12534 ;;      Params:         0       0       0       0       0       0       0       0       0       0       0       0       
      +0       0       0       0       0       0       0       0       0       0       0       0       0       0       0
 12535 ;;      Locals:         0       0       0       0       0       0       0       0       0       0       0       0       
      +0       0       0       0       0       0       0       0       0       0       0       0       0       0       0
 12536 ;;      Temps:          0       0       0       0       0       0       0       0       0       0       0       0       
      +0       0       0       0       0       0       0       0       0       0       0       0       0       0       0
 12537 ;;      Totals:         0       0       0       0       0       0       0       0       0       0       0       0       
      +0       0       0       0       0       0       0       0       0       0       0       0       0       0       0
 12538 ;;Total ram usage:        0 bytes
 12539 ;; Hardware stack levels used: 1
 12540 ;; Hardware stack levels required when called: 1
 12541 ;; This function calls:
 12542 ;;		_I2C1_SlaveGetRxData
 12543 ;; This function is called by:
 12544 ;;		_I2C1_Open
 12545 ;;		_I2C1_SlaveAddrCallBack
 12546 ;; This function uses a non-reentrant model
 12547 ;;
 12548                           
 12549     1749                     _I2C1_SlaveDefAddrInterruptHandler:	
 12550                           ;psect for function _I2C1_SlaveDefAddrInterruptHandler
 12551                           
 12552                           
 12553                           ;mcc_generated_files/i2c1_slave.c: 275:     i2c1SlaveAddr = I2C1_SlaveGetRxData();
 12554                           
 12555                           ;incstack = 0
 12556                           ; Regs used in _I2C1_SlaveDefAddrInterruptHandler: [wreg+pclath+cstack]
 12557     1749  3197  272F         	fcall	_I2C1_SlaveGetRxData
 12558     174B  0021               	movlb	1	; select bank1
 12559     174C  00C1               	movwf	_i2c1SlaveAddr^(0+128)	;volatile
 12560     174D  0008               	return
 12561     174E                     __end_of_I2C1_SlaveDefAddrInterruptHandler:
 12562                           
 12563                           	psect	text69
 12564     08D7                     __ptext69:	
 12565 ;; *************** function _I2C_SlaveAddressCallbackHandler *****************
 12566 ;; Defined at:
 12567 ;;		line 144 in file "D:/Microchip/MPLABProjects/PSoC3-PCIe-MKIII.X/main.c"
 12568 ;; Parameters:    Size  Location     Type
 12569 ;;		None
 12570 ;; Auto vars:     Size  Location     Type
 12571 ;;		None
 12572 ;; Return value:  Size  Location     Type
 12573 ;;                  1    wreg      void 
 12574 ;; Registers used:
 12575 ;;		wreg, status,2, status,0, pclath, cstack
 12576 ;; Tracked objects:
 12577 ;;		On entry : 0/0
 12578 ;;		On exit  : 0/0
 12579 ;;		Unchanged: 0/0
 12580 ;; Data sizes:     COMMON   BANK0   BANK1   BANK2   BANK3   BANK4   BANK5   BANK6   BANK7   BANK8   BANK9  BANK10  BANK1
      +1  BANK12  BANK13  BANK14  BANK15  BANK16  BANK17  BANK18  BANK19  BANK20  BANK21  BANK22  BANK23  BANK24  BANK25
 12581 ;;      Params:         0       0       0       0       0       0       0       0       0       0       0       0       
      +0       0       0       0       0       0       0       0       0       0       0       0       0       0       0
 12582 ;;      Locals:         0       0       0       0       0       0       0       0       0       0       0       0       
      +0       0       0       0       0       0       0       0       0       0       0       0       0       0       0
 12583 ;;      Temps:          0       0       0       0       0       0       0       0       0       0       0       0       
      +0       0       0       0       0       0       0       0       0       0       0       0       0       0       0
 12584 ;;      Totals:         0       0       0       0       0       0       0       0       0       0       0       0       
      +0       0       0       0       0       0       0       0       0       0       0       0       0       0       0
 12585 ;;Total ram usage:        0 bytes
 12586 ;; Hardware stack levels used: 1
 12587 ;; Hardware stack levels required when called: 2
 12588 ;; This function calls:
 12589 ;;		_I2C1_Read
 12590 ;; This function is called by:
 12591 ;;		_I2C_Initialize
 12592 ;;		_I2C1_SlaveAddrCallBack
 12593 ;; This function uses a non-reentrant model
 12594 ;;
 12595                           
 12596     08D7                     _I2C_SlaveAddressCallbackHandler:	
 12597                           ;psect for function _I2C_SlaveAddressCallbackHandler
 12598                           
 12599                           
 12600                           ;D:/Microchip/MPLABProjects/PSoC3-PCIe-MKIII.X/main.c: 146:     tmpSlaveAddr = I2C1_Read
      +                          ();
 12601                           
 12602                           ;incstack = 0
 12603                           ; Regs used in _I2C_SlaveAddressCallbackHandler: [wreg+status,2+status,0+pclath+cstack]
 12604     08D7  3197  2732  3188   	fcall	_I2C1_Read
 12605     08DA  00FD               	movwf	_tmpSlaveAddr	;volatile
 12606                           
 12607                           ;D:/Microchip/MPLABProjects/PSoC3-PCIe-MKIII.X/main.c: 147:     SlaveAddress = tmpSlaveA
      +                          ddr >> 1u;
 12608     08DB  367D               	lsrf	_tmpSlaveAddr,w	;volatile
 12609     08DC  0021               	movlb	1	; select bank1
 12610     08DD  00BE               	movwf	_SlaveAddress^(0+128)	;volatile
 12611                           
 12612                           ;D:/Microchip/MPLABProjects/PSoC3-PCIe-MKIII.X/main.c: 148:     SlaveR_W = tmpSlaveAddr 
      +                          & 0x01u;
 12613     08DE  087D               	movf	_tmpSlaveAddr,w	;volatile
 12614     08DF  3901               	andlw	1
 12615     08E0  00BD               	movwf	_SlaveR_W^(0+128)	;volatile
 12616                           
 12617                           ;D:/Microchip/MPLABProjects/PSoC3-PCIe-MKIII.X/main.c: 150:     if (SlaveR_W == 0) {
 12618     08E1  083D               	movf	_SlaveR_W^(0+128),w	;volatile
 12619     08E2  1D03               	btfss	3,2
 12620     08E3  28E7               	goto	i1l3229
 12621                           
 12622                           ;D:/Microchip/MPLABProjects/PSoC3-PCIe-MKIII.X/main.c: 151:         SlaveInit = 1;
 12623     08E4  3001               	movlw	1
 12624     08E5  00B9               	movwf	_SlaveInit^(0+128)	;volatile
 12625                           
 12626                           ;D:/Microchip/MPLABProjects/PSoC3-PCIe-MKIII.X/main.c: 153:     } else
 12627     08E6  0008               	return
 12628     08E7                     i1l3229:
 12629                           
 12630                           ;D:/Microchip/MPLABProjects/PSoC3-PCIe-MKIII.X/main.c: 154:     {;D:/Microchip/MPLABProj
      +                          ects/PSoC3-PCIe-MKIII.X/main.c: 155:         Return_Queue_count = CMD_queue_count;
 12631     08E7  0830               	movf	_CMD_queue_count^(0+128),w	;volatile
 12632     08E8  00AE               	movwf	_Return_Queue_count^(0+128)	;volatile
 12633                           
 12634                           ;D:/Microchip/MPLABProjects/PSoC3-PCIe-MKIII.X/main.c: 156:         if (Return_Queue_cou
      +                          nt > 32) {
 12635     08E9  3021               	movlw	33
 12636     08EA  022E               	subwf	_Return_Queue_count^(0+128),w	;volatile
 12637     08EB  1C03               	skipc
 12638     08EC  0008               	return
 12639                           
 12640                           ;D:/Microchip/MPLABProjects/PSoC3-PCIe-MKIII.X/main.c: 157:             Return_Queue_cou
      +                          nt = 32;
 12641     08ED  3020               	movlw	32
 12642     08EE  00AE               	movwf	_Return_Queue_count^(0+128)	;volatile
 12643     08EF  0008               	return
 12644     08F0                     __end_of_I2C_SlaveAddressCallbackHandler:
 12645                           
 12646                           	psect	text70
 12647     1732                     __ptext70:	
 12648 ;; *************** function _I2C1_Read *****************
 12649 ;; Defined at:
 12650 ;;		line 135 in file "mcc_generated_files/i2c1_slave.c"
 12651 ;; Parameters:    Size  Location     Type
 12652 ;;		None
 12653 ;; Auto vars:     Size  Location     Type
 12654 ;;		None
 12655 ;; Return value:  Size  Location     Type
 12656 ;;                  1    wreg      unsigned char 
 12657 ;; Registers used:
 12658 ;;		wreg, pclath, cstack
 12659 ;; Tracked objects:
 12660 ;;		On entry : 0/0
 12661 ;;		On exit  : 0/0
 12662 ;;		Unchanged: 0/0
 12663 ;; Data sizes:     COMMON   BANK0   BANK1   BANK2   BANK3   BANK4   BANK5   BANK6   BANK7   BANK8   BANK9  BANK10  BANK1
      +1  BANK12  BANK13  BANK14  BANK15  BANK16  BANK17  BANK18  BANK19  BANK20  BANK21  BANK22  BANK23  BANK24  BANK25
 12664 ;;      Params:         0       0       0       0       0       0       0       0       0       0       0       0       
      +0       0       0       0       0       0       0       0       0       0       0       0       0       0       0
 12665 ;;      Locals:         0       0       0       0       0       0       0       0       0       0       0       0       
      +0       0       0       0       0       0       0       0       0       0       0       0       0       0       0
 12666 ;;      Temps:          0       0       0       0       0       0       0       0       0       0       0       0       
      +0       0       0       0       0       0       0       0       0       0       0       0       0       0       0
 12667 ;;      Totals:         0       0       0       0       0       0       0       0       0       0       0       0       
      +0       0       0       0       0       0       0       0       0       0       0       0       0       0       0
 12668 ;;Total ram usage:        0 bytes
 12669 ;; Hardware stack levels used: 1
 12670 ;; Hardware stack levels required when called: 1
 12671 ;; This function calls:
 12672 ;;		_I2C1_SlaveGetRxData
 12673 ;; This function is called by:
 12674 ;;		_I2C_SlaveAddressCallbackHandler
 12675 ;;		_I2C_SlaveReceiveCallbackHandler
 12676 ;; This function uses a non-reentrant model
 12677 ;;
 12678                           
 12679     1732                     _I2C1_Read:	
 12680                           ;psect for function _I2C1_Read
 12681                           
 12682                           
 12683                           ;mcc_generated_files/i2c1_slave.c: 137:    return I2C1_SlaveGetRxData();
 12684                           
 12685                           ;incstack = 0
 12686                           ; Regs used in _I2C1_Read: [wreg+pclath+cstack]
 12687     1732  3197  272F         	fcall	_I2C1_SlaveGetRxData
 12688     1734  0008               	return
 12689     1735                     __end_of_I2C1_Read:
 12690                           
 12691                           	psect	text71
 12692     172F                     __ptext71:	
 12693 ;; *************** function _I2C1_SlaveGetRxData *****************
 12694 ;; Defined at:
 12695 ;;		line 396 in file "mcc_generated_files/i2c1_slave.c"
 12696 ;; Parameters:    Size  Location     Type
 12697 ;;		None
 12698 ;; Auto vars:     Size  Location     Type
 12699 ;;		None
 12700 ;; Return value:  Size  Location     Type
 12701 ;;                  1    wreg      unsigned char 
 12702 ;; Registers used:
 12703 ;;		wreg
 12704 ;; Tracked objects:
 12705 ;;		On entry : 0/0
 12706 ;;		On exit  : 0/0
 12707 ;;		Unchanged: 0/0
 12708 ;; Data sizes:     COMMON   BANK0   BANK1   BANK2   BANK3   BANK4   BANK5   BANK6   BANK7   BANK8   BANK9  BANK10  BANK1
      +1  BANK12  BANK13  BANK14  BANK15  BANK16  BANK17  BANK18  BANK19  BANK20  BANK21  BANK22  BANK23  BANK24  BANK25
 12709 ;;      Params:         0       0       0       0       0       0       0       0       0       0       0       0       
      +0       0       0       0       0       0       0       0       0       0       0       0       0       0       0
 12710 ;;      Locals:         0       0       0       0       0       0       0       0       0       0       0       0       
      +0       0       0       0       0       0       0       0       0       0       0       0       0       0       0
 12711 ;;      Temps:          0       0       0       0       0       0       0       0       0       0       0       0       
      +0       0       0       0       0       0       0       0       0       0       0       0       0       0       0
 12712 ;;      Totals:         0       0       0       0       0       0       0       0       0       0       0       0       
      +0       0       0       0       0       0       0       0       0       0       0       0       0       0       0
 12713 ;;Total ram usage:        0 bytes
 12714 ;; Hardware stack levels used: 1
 12715 ;; This function calls:
 12716 ;;		Nothing
 12717 ;; This function is called by:
 12718 ;;		_I2C1_Read
 12719 ;;		_I2C1_SlaveDefRdInterruptHandler
 12720 ;;		_I2C1_SlaveDefAddrInterruptHandler
 12721 ;; This function uses a non-reentrant model
 12722 ;;
 12723                           
 12724     172F                     _I2C1_SlaveGetRxData:	
 12725                           ;psect for function _I2C1_SlaveGetRxData
 12726                           
 12727                           
 12728                           ;mcc_generated_files/i2c1_slave.c: 398:     return SSP1BUF;
 12729                           
 12730                           ;incstack = 0
 12731                           ; Regs used in _I2C1_SlaveGetRxData: [wreg]
 12732     172F  0024               	movlb	4	; select bank4
 12733     1730  0811               	movf	17,w	;volatile
 12734     1731  0008               	return
 12735     1732                     __end_of_I2C1_SlaveGetRxData:
 12736     007E                     btemp	set	126	;btemp
 12737     007E                     int$flags	set	126
 12738     007E                     wtemp0	set	126
 12739     26B0                     
 12740                           	psect	idloc
 12741                           
 12742                           ;Config register IDLOC0 @ 0x8000
 12743                           ;	unspecified, using default values
 12744     8000                     	org	32768
 12745     8000  3FFF               	dw	16383
 12746                           
 12747                           ;Config register IDLOC1 @ 0x8001
 12748                           ;	unspecified, using default values
 12749     8001                     	org	32769
 12750     8001  3FFF               	dw	16383
 12751                           
 12752                           ;Config register IDLOC2 @ 0x8002
 12753                           ;	unspecified, using default values
 12754     8002                     	org	32770
 12755     8002  3FFF               	dw	16383
 12756                           
 12757                           ;Config register IDLOC3 @ 0x8003
 12758                           ;	unspecified, using default values
 12759     8003                     	org	32771
 12760     8003  3FFF               	dw	16383
 12761                           
 12762                           	psect	config
 12763                           
 12764                           ;Config register CONFIG1 @ 0x8007
 12765                           ;	FEXTOSC External Oscillator mode Selection bits
 12766                           ;	FEXTOSC = OFF, Oscillator not enabled
 12767                           ;	Power-up default value for COSC bits
 12768                           ;	RSTOSC = HFINT32, HFINTOSC with 2x PLL (32MHz)
 12769                           ;	Clock Out Enable bit
 12770                           ;	CLKOUTEN = OFF, CLKOUT function is disabled; I/O or oscillator function on OSC2
 12771                           ;	Clock Switch Enable bit
 12772                           ;	CSWEN = ON, Writing to NOSC and NDIV is allowed
 12773                           ;	Fail-Safe Clock Monitor Enable
 12774                           ;	FCMEN = ON, Fail-Safe Clock Monitor is enabled
 12775     8007                     	org	32775
 12776     8007  3F8C               	dw	16268
 12777                           
 12778                           ;Config register CONFIG2 @ 0x8008
 12779                           ;	Master Clear Enable bit
 12780                           ;	MCLRE = ON, MCLR/VPP pin function is MCLR; Weak pull-up enabled
 12781                           ;	Power-up Timer Enable bit
 12782                           ;	PWRTE = OFF, PWRT disabled
 12783                           ;	Watchdog Timer Enable bits
 12784                           ;	WDTE = OFF, WDT disabled; SWDTEN is ignored
 12785                           ;	Low-power BOR enable bit
 12786                           ;	LPBOREN = OFF, ULPBOR disabled
 12787                           ;	Brown-out Reset Enable bits
 12788                           ;	BOREN = ON, Brown-out Reset enabled, SBOREN bit ignored
 12789                           ;	Brown-out Reset Voltage selection bit
 12790                           ;	BORV = LOW, Brown-out voltage (Vbor) set to 2.45V
 12791                           ;	PPSLOCK bit One-Way Set Enable bit
 12792                           ;	PPS1WAY = ON, The PPSLOCK bit can be cleared and set only once; PPS registers remain l
      +                          ocked after one clear/set cycle
 12793                           ;	Stack Overflow/Underflow Reset Enable bit
 12794                           ;	STVREN = ON, Stack Overflow or Underflow will cause a Reset
 12795                           ;	Debugger enable bit
 12796                           ;	DEBUG = OFF, Background debugger disabled
 12797     8008                     	org	32776
 12798     8008  3FF3               	dw	16371
 12799                           
 12800                           ;Config register CONFIG3 @ 0x8009
 12801                           ;	User NVM self-write protection bits
 12802                           ;	WRT = OFF, Write protection off
 12803                           ;	Low Voltage Programming Enable bit
 12804                           ;	LVP = ON, Low Voltage programming enabled. MCLR/VPP pin function is MCLR. MCLRE config
      +                          uration bit is ignored.
 12805     8009                     	org	32777
 12806     8009  3FFF               	dw	16383
 12807                           
 12808                           ;Config register CONFIG4 @ 0x800A
 12809                           ;	User NVM Program Memory Code Protection bit
 12810                           ;	CP = OFF, User NVM code protection disabled
 12811                           ;	Data NVM Memory Code Protection bit
 12812                           ;	CPD = OFF, Data NVM code protection disabled
 12813     800A                     	org	32778
 12814     800A  3FFF               	dw	16383

Data Sizes:
    Strings     0
    Constant    0
    Data        20
    BSS         145
    Persistent  34
    Stack       0

Auto Spaces:
    Space          Size  Autos    Used
    COMMON           14     13      14
    BANK0            80     79      80
    BANK1            80     29      75
    BANK2            80      0      59
    BANK3            80      0      48
    BANK4            80      0       0
    BANK5            80      0       0
    BANK6            80      0       0
    BANK7            80      0       0
    BANK8            80      0       0
    BANK9            80      0       0
    BANK10           80      0       0
    BANK11           80      0       0
    BANK12           80      0       0
    BANK13           80      0       0
    BANK14           80      0       0
    BANK15           80      0       0
    BANK16           80      0       0
    BANK17           80      0       0
    BANK18           80      0       0
    BANK19           80      0       0
    BANK20           80      0       0
    BANK21           32      0       0
    BANK22            0      0       0
    BANK23            0      0       0
    BANK24            0      0       0
    BANK25            0      0       0

Pointer List with Targets:

    CMD_dequeue@param1	PTR unsigned char  size(1) Largest target is 1
		 -> CW_Config@param1(BANK1[1]), 

    CMD_dequeue@param2	PTR unsigned char  size(1) Largest target is 1
		 -> CW_Config@param2(BANK1[1]), 

    __ctoee@addr	PTR eeprom void  size(1) Largest target is 1
		 -> memory__eeprom(EEDATA[1]), mode__eeprom(EEDATA[1]), paddle__eeprom(EEDATA[1]), spacing__eeprom(EEDATA[1]), 

    __eecpymem@cp	PTR volatile unsigned char  size(1) Largest target is 8
		 -> __eetoc@data(BANK0[1]), __eetofl@data(BANK0[4]), __eetoft@data(COMMON[4]), __eetoi@data(COMMON[2]), 
		 -> __eetol@data(COMMON[4]), __eetom@data(COMMON[3]), __eetoo@data(COMMON[8]), 

    __eecpymem@from	PTR eeprom unsigned char  size(1) Largest target is 4
		 -> memory__eeprom(EEDATA[1]), mode__eeprom(EEDATA[1]), paddle__eeprom(EEDATA[1]), spacing__eeprom(EEDATA[1]), 
		 -> speed_wpm__eeprom(EEDATA[4]), weight__eeprom(EEDATA[4]), 

    __eecpymem@to	PTR volatile unsigned char  size(1) Largest target is 8
		 -> __eetoc@data(BANK0[1]), __eetofl@data(BANK0[4]), __eetoft@data(COMMON[4]), __eetoi@data(COMMON[2]), 
		 -> __eetol@data(COMMON[4]), __eetom@data(COMMON[3]), __eetoo@data(COMMON[8]), 

    __eetoc@addr	PTR eeprom void  size(1) Largest target is 1
		 -> memory__eeprom(EEDATA[1]), mode__eeprom(EEDATA[1]), paddle__eeprom(EEDATA[1]), spacing__eeprom(EEDATA[1]), 

    __eetofl@addr	PTR eeprom void  size(1) Largest target is 4
		 -> speed_wpm__eeprom(EEDATA[4]), weight__eeprom(EEDATA[4]), 

    __fltoee@addr	PTR eeprom void  size(1) Largest target is 4
		 -> speed_wpm__eeprom(EEDATA[4]), weight__eeprom(EEDATA[4]), 

    I2C1_SlaveAddrInterruptHandler	PTR FTN()void  size(2) Largest target is 1
		 -> I2C1_SlaveDefAddrInterruptHandler(), I2C_SlaveAddressCallbackHandler(), NULL(), 

    I2C1_SlaveBusColInterruptHandler	PTR FTN()void  size(2) Largest target is 1
		 -> I2C1_SlaveDefBusColInterruptHandler(), I2C_SlaveCollisionCallbackHandler(), NULL(), 

    I2C1_SlaveRdInterruptHandler	PTR FTN()void  size(2) Largest target is 1
		 -> I2C1_SlaveDefRdInterruptHandler(), I2C_SlaveReceiveCallbackHandler(), NULL(), 

    I2C1_SlaveSetAddrIntHandler@handler	PTR FTN()void  size(2) Largest target is 1
		 -> I2C1_SlaveDefAddrInterruptHandler(), I2C_SlaveAddressCallbackHandler(), 

    I2C1_SlaveSetBusColIntHandler@handler	PTR FTN()void  size(2) Largest target is 1
		 -> I2C1_SlaveDefBusColInterruptHandler(), I2C_SlaveCollisionCallbackHandler(), 

    I2C1_SlaveSetIsrHandler@handler	PTR FTN()void  size(2) Largest target is 1
		 -> I2C1_Isr(), 

    I2C1_SlaveSetReadIntHandler@handler	PTR FTN()void  size(2) Largest target is 1
		 -> I2C1_SlaveDefRdInterruptHandler(), I2C_SlaveReceiveCallbackHandler(), 

    I2C1_SlaveSetWrColIntHandler@handler	PTR FTN()void  size(2) Largest target is 1
		 -> I2C1_SlaveDefWrColInterruptHandler(), 

    I2C1_SlaveSetWriteIntHandler@handler	PTR FTN()void  size(2) Largest target is 1
		 -> I2C1_SlaveDefWrInterruptHandler(), I2C_SlaveTransmitCallbackHandler(), 

    I2C1_SlaveWrColInterruptHandler	PTR FTN()void  size(2) Largest target is 1
		 -> I2C1_SlaveDefWrColInterruptHandler(), NULL(), 

    I2C1_SlaveWrInterruptHandler	PTR FTN()void  size(2) Largest target is 1
		 -> I2C1_SlaveDefWrInterruptHandler(), I2C_SlaveTransmitCallbackHandler(), NULL(), 

    __memcpyee@from	PTR const unsigned char  size(1) Largest target is 8
		 -> __ctoee@data(BANK0[1]), __fltoee@data(BANK0[4]), __fttoee@data(COMMON[4]), __itoee@data(COMMON[2]), 
		 -> __ltoee@data(COMMON[4]), __mtoee@data(COMMON[3]), __otoee@data(COMMON[8]), 

    __memcpyee@ptr	PTR const unsigned char  size(1) Largest target is 8
		 -> __ctoee@data(BANK0[1]), __fltoee@data(BANK0[4]), __fttoee@data(COMMON[4]), __itoee@data(COMMON[2]), 
		 -> __ltoee@data(COMMON[4]), __mtoee@data(COMMON[3]), __otoee@data(COMMON[8]), 

    __memcpyee@to	PTR eeprom unsigned char  size(1) Largest target is 4
		 -> memory__eeprom(EEDATA[1]), mode__eeprom(EEDATA[1]), paddle__eeprom(EEDATA[1]), spacing__eeprom(EEDATA[1]), 
		 -> speed_wpm__eeprom(EEDATA[4]), weight__eeprom(EEDATA[4]), 

    MSSP1_InterruptHandler	PTR FTN()void  size(2) Largest target is 1
		 -> I2C1_Isr(), NULL(), 

    TMR0_InterruptHandler	PTR FTN()void  size(2) Largest target is 1
		 -> micros(), TMR0_DefaultInterruptHandler(), NULL(), 

    TMR0_SetInterruptHandler@InterruptHandler	PTR FTN()void  size(2) Largest target is 1
		 -> micros(), TMR0_DefaultInterruptHandler(), 


Critical Paths under _main in COMMON

    None.

Critical Paths under _INTERRUPT_InterruptManager in COMMON

    _INTERRUPT_InterruptManager->_I2C1_Isr
    _I2C_SlaveTransmitCallbackHandler->_I2C1_Write
    _I2C1_Write->_I2C1_SlaveSendTxData
    _I2C1_SlaveDefWrInterruptHandler->_I2C1_SlaveSendTxData
    _I2C_SlaveReceiveCallbackHandler->_CMD_queue_add
    _CMD_queue_add->i1___bmul

Critical Paths under _main in BANK0

    _key_loop->___fltol
    ___flsub->___fladd
    ___fladd->___flmul
    ___flmul->___xxtofl
    _TMR0_Initialize->_TMR0_SetInterruptHandler
    _I2C_Initialize->_I2C1_SlaveSetAddrIntHandler
    _I2C_Initialize->_I2C1_SlaveSetBusColIntHandler
    _I2C_Initialize->_I2C1_SlaveSetReadIntHandler
    _I2C_Initialize->_I2C1_SlaveSetWriteIntHandler
    _I2C1_Open->_I2C1_SlaveSetAddrIntHandler
    _I2C1_Open->_I2C1_SlaveSetBusColIntHandler
    _I2C1_Open->_I2C1_SlaveSetIsrHandler
    _I2C1_Open->_I2C1_SlaveSetReadIntHandler
    _I2C1_Open->_I2C1_SlaveSetWrColIntHandler
    _I2C1_Open->_I2C1_SlaveSetWriteIntHandler
    ___eetofl->___eecpymem
    ___eetoc->___eecpymem
    _cfg_set_speed->___aldiv
    ___fltol->___flsub
    ___aldiv->___fltol
    ___fltoee->___xxtofl
    ___ctoee->___memcpyee
    _CMD_dequeue->___bmul

Critical Paths under _INTERRUPT_InterruptManager in BANK0

    None.

Critical Paths under _main in BANK1

    _main->_CW_Config
    _CW_Initialize->_cfg_set_speed
    _CW_Config->_cfg_set_speed
    _cfg_set_speed->___aldiv

Critical Paths under _INTERRUPT_InterruptManager in BANK1

    None.

Critical Paths under _main in BANK2

    None.

Critical Paths under _INTERRUPT_InterruptManager in BANK2

    None.

Critical Paths under _main in BANK3

    None.

Critical Paths under _INTERRUPT_InterruptManager in BANK3

    None.

Critical Paths under _main in BANK4

    None.

Critical Paths under _INTERRUPT_InterruptManager in BANK4

    None.

Critical Paths under _main in BANK5

    None.

Critical Paths under _INTERRUPT_InterruptManager in BANK5

    None.

Critical Paths under _main in BANK6

    None.

Critical Paths under _INTERRUPT_InterruptManager in BANK6

    None.

Critical Paths under _main in BANK7

    None.

Critical Paths under _INTERRUPT_InterruptManager in BANK7

    None.

Critical Paths under _main in BANK8

    None.

Critical Paths under _INTERRUPT_InterruptManager in BANK8

    None.

Critical Paths under _main in BANK9

    None.

Critical Paths under _INTERRUPT_InterruptManager in BANK9

    None.

Critical Paths under _main in BANK10

    None.

Critical Paths under _INTERRUPT_InterruptManager in BANK10

    None.

Critical Paths under _main in BANK11

    None.

Critical Paths under _INTERRUPT_InterruptManager in BANK11

    None.

Critical Paths under _main in BANK12

    None.

Critical Paths under _INTERRUPT_InterruptManager in BANK12

    None.

Critical Paths under _main in BANK13

    None.

Critical Paths under _INTERRUPT_InterruptManager in BANK13

    None.

Critical Paths under _main in BANK14

    None.

Critical Paths under _INTERRUPT_InterruptManager in BANK14

    None.

Critical Paths under _main in BANK15

    None.

Critical Paths under _INTERRUPT_InterruptManager in BANK15

    None.

Critical Paths under _main in BANK16

    None.

Critical Paths under _INTERRUPT_InterruptManager in BANK16

    None.

Critical Paths under _main in BANK17

    None.

Critical Paths under _INTERRUPT_InterruptManager in BANK17

    None.

Critical Paths under _main in BANK18

    None.

Critical Paths under _INTERRUPT_InterruptManager in BANK18

    None.

Critical Paths under _main in BANK19

    None.

Critical Paths under _INTERRUPT_InterruptManager in BANK19

    None.

Critical Paths under _main in BANK20

    None.

Critical Paths under _INTERRUPT_InterruptManager in BANK20

    None.

Critical Paths under _main in BANK21

    None.

Critical Paths under _INTERRUPT_InterruptManager in BANK21

    None.

Critical Paths under _main in BANK22

    None.

Critical Paths under _INTERRUPT_InterruptManager in BANK22

    None.

Critical Paths under _main in BANK23

    None.

Critical Paths under _INTERRUPT_InterruptManager in BANK23

    None.

Critical Paths under _main in BANK24

    None.

Critical Paths under _INTERRUPT_InterruptManager in BANK24

    None.

Critical Paths under _main in BANK25

    None.

Critical Paths under _INTERRUPT_InterruptManager in BANK25

    None.

Call Graph Tables:

 ---------------------------------------------------------------------------------
 (Depth) Function   	        Calls       Base Space   Used Autos Params    Refs
 ---------------------------------------------------------------------------------
 (0) _main                                                 0     0      0   25919
                          _CW_Config
                      _CW_Initialize
                     _I2C_Initialize
                    _NCO1_Initialize
                  _SYSTEM_Initialize
                    _TMR0_Initialize
           _TMR0_SetInterruptHandler
                    _TMR0_StartTimer
                           _key_loop
                            _tx_loop
 ---------------------------------------------------------------------------------
 (1) _tx_loop                                              8     4      4      98
                                              0 BANK0      8     4      4
 ---------------------------------------------------------------------------------
 (1) _key_loop                                            23    19      4   11847
                                              0 BANK1     22    18      4
                            ___fladd
                            ___flmul
                            ___flsub
                            ___fltol
                             ___lmul
                           ___xxtofl
                           _key_read
                            _tx_send
 ---------------------------------------------------------------------------------
 (2) _tx_send                                              4     0      4     250
                                              0 BANK0      4     0      4
 ---------------------------------------------------------------------------------
 (2) _key_read                                             2     2      0      50
                                              0 BANK0      2     2      0
 ---------------------------------------------------------------------------------
 (2) ___lmul                                              12     4      8     396
                                              0 BANK0     12     4      8
 ---------------------------------------------------------------------------------
 (2) ___flsub                                              8     0      8    2789
                                             60 BANK0      8     0      8
                            ___fladd
                            ___flmul (ARG)
 ---------------------------------------------------------------------------------
 (3) ___fladd                                             20    12      8    2592
                                             40 BANK0     20    12      8
                            ___flmul (ARG)
                           ___xxtofl (ARG)
 ---------------------------------------------------------------------------------
 (2) ___flmul                                             26    18      8    2873
                                             14 BANK0     26    18      8
                          __Umul8_16
                           ___xxtofl (ARG)
 ---------------------------------------------------------------------------------
 (3) __Umul8_16                                            9     7      2     799
                                              0 BANK0      9     7      2
 ---------------------------------------------------------------------------------
 (1) _TMR0_StartTimer                                      0     0      0       0
 ---------------------------------------------------------------------------------
 (1) _SYSTEM_Initialize                                    0     0      0     174
                    _I2C1_Initialize
                    _NCO1_Initialize
              _OSCILLATOR_Initialize
             _PIN_MANAGER_Initialize
                     _PMD_Initialize
                    _TMR0_Initialize
                     _WDT_Initialize
 ---------------------------------------------------------------------------------
 (2) _WDT_Initialize                                       0     0      0       0
 ---------------------------------------------------------------------------------
 (1) _TMR0_Initialize                                      0     0      0     174
           _TMR0_SetInterruptHandler
 ---------------------------------------------------------------------------------
 (1) _TMR0_SetInterruptHandler                             2     0      2     174
                                              0 BANK0      2     0      2
 ---------------------------------------------------------------------------------
 (2) _PMD_Initialize                                       0     0      0       0
 ---------------------------------------------------------------------------------
 (2) _PIN_MANAGER_Initialize                               0     0      0       0
 ---------------------------------------------------------------------------------
 (2) _OSCILLATOR_Initialize                                0     0      0       0
 ---------------------------------------------------------------------------------
 (2) _NCO1_Initialize                                      0     0      0       0
 ---------------------------------------------------------------------------------
 (1) _I2C_Initialize                                       0     0      0    1632
                    _I2C1_Initialize
                          _I2C1_Open
        _I2C1_SlaveSetAddrIntHandler
      _I2C1_SlaveSetBusColIntHandler
        _I2C1_SlaveSetReadIntHandler
       _I2C1_SlaveSetWriteIntHandler
 ---------------------------------------------------------------------------------
 (2) _I2C1_Open                                            0     0      0     936
                _I2C1_SlaveEnableIrq
                     _I2C1_SlaveOpen
        _I2C1_SlaveSetAddrIntHandler
      _I2C1_SlaveSetBusColIntHandler
            _I2C1_SlaveSetIsrHandler
        _I2C1_SlaveSetReadIntHandler
             _I2C1_SlaveSetSlaveAddr
             _I2C1_SlaveSetSlaveMask
       _I2C1_SlaveSetWrColIntHandler
       _I2C1_SlaveSetWriteIntHandler
 ---------------------------------------------------------------------------------
 (2) _I2C1_SlaveSetWriteIntHandler                         2     0      2     174
                                              0 BANK0      2     0      2
 ---------------------------------------------------------------------------------
 (3) _I2C1_SlaveSetWrColIntHandler                         2     0      2      98
                                              0 BANK0      2     0      2
 ---------------------------------------------------------------------------------
 (3) _I2C1_SlaveSetSlaveMask                               1     1      0      22
                                              0 BANK0      1     1      0
 ---------------------------------------------------------------------------------
 (3) _I2C1_SlaveSetSlaveAddr                               1     1      0      22
                                              0 BANK0      1     1      0
 ---------------------------------------------------------------------------------
 (2) _I2C1_SlaveSetReadIntHandler                          2     0      2     174
                                              0 BANK0      2     0      2
 ---------------------------------------------------------------------------------
 (3) _I2C1_SlaveSetIsrHandler                              2     0      2      98
                                              0 BANK0      2     0      2
 ---------------------------------------------------------------------------------
 (2) _I2C1_SlaveSetBusColIntHandler                        2     0      2     174
                                              0 BANK0      2     0      2
 ---------------------------------------------------------------------------------
 (2) _I2C1_SlaveSetAddrIntHandler                          2     0      2     174
                                              0 BANK0      2     0      2
 ---------------------------------------------------------------------------------
 (3) _I2C1_SlaveOpen                                       1     1      0       0
                                              0 BANK0      1     1      0
 ---------------------------------------------------------------------------------
 (3) _I2C1_SlaveEnableIrq                                  0     0      0       0
 ---------------------------------------------------------------------------------
 (2) _I2C1_Initialize                                      1     1      0       0
                                              0 BANK0      1     1      0
 ---------------------------------------------------------------------------------
 (1) _CW_Initialize                                        4     4      0    4519
                            ___eetoc
                           ___eetofl
                      _cfg_set_speed
 ---------------------------------------------------------------------------------
 (2) ___eetofl                                             9     5      4    1389
                                              5 BANK0      9     5      4
                         ___eecpymem
 ---------------------------------------------------------------------------------
 (2) ___eetoc                                              2     2      0    1455
                                              5 BANK0      2     2      0
                         ___eecpymem
 ---------------------------------------------------------------------------------
 (3) ___eecpymem                                           5     3      2    1255
                                              0 BANK0      5     3      2
 ---------------------------------------------------------------------------------
 (1) _CW_Config                                           11    11      0    7301
                                             18 BANK1     11    11      0
                        _CMD_dequeue
                            ___ctoee
                           ___fltoee
                           ___xxtofl
                      _cfg_set_speed
 ---------------------------------------------------------------------------------
 (2) _cfg_set_speed                                        4     0      4    1665
                                             14 BANK1      4     0      4
                            ___aldiv
                            ___fltol
 ---------------------------------------------------------------------------------
 (2) ___fltol                                             10     6      4     457
                                             68 BANK0     10     6      4
                            ___fladd (ARG)
                            ___flmul (ARG)
                            ___flsub (ARG)
                           ___xxtofl (ARG)
 ---------------------------------------------------------------------------------
 (3) ___aldiv                                             15     7      8     850
                                             78 BANK0      1     1      0
                                              0 BANK1     14     6      8
                            ___fltol (ARG)
 ---------------------------------------------------------------------------------
 (2) ___xxtofl                                            14    10      4     930
                                              0 BANK0     14    10      4
 ---------------------------------------------------------------------------------
 (2) ___fltoee                                             5     1      4    1524
                                             14 BANK0      5     1      4
                         ___memcpyee
                           ___xxtofl (ARG)
 ---------------------------------------------------------------------------------
 (2) ___ctoee                                              2     1      1    1742
                                              5 BANK0      2     1      1
                         ___memcpyee
 ---------------------------------------------------------------------------------
 (3) ___memcpyee                                           5     3      2    1255
                                              0 BANK0      5     3      2
 ---------------------------------------------------------------------------------
 (2) _CMD_dequeue                                          5     4      1     417
                                              4 BANK0      5     4      1
                             ___bmul
 ---------------------------------------------------------------------------------
 (3) ___bmul                                               4     3      1     217
                                              0 BANK0      4     3      1
 ---------------------------------------------------------------------------------
 Estimated maximum stack depth 3
 ---------------------------------------------------------------------------------
 (Depth) Function   	        Calls       Base Space   Used Autos Params    Refs
 ---------------------------------------------------------------------------------
 (4) _INTERRUPT_InterruptManager                           0     0      0     409
                                NULL *
                           _I2C1_Isr *
                           _TMR0_ISR
 ---------------------------------------------------------------------------------
 (5) _TMR0_ISR                                             0     0      0       0
                                NULL *
       _TMR0_DefaultInterruptHandler *
                             _micros *
 ---------------------------------------------------------------------------------
 (6) _micros                                               0     0      0       0
 ---------------------------------------------------------------------------------
 (6) _TMR0_DefaultInterruptHandler                         0     0      0       0
 ---------------------------------------------------------------------------------
 (5) _I2C1_Isr                                             2     2      0     409
                                             11 COMMON     2     2      0
             _I2C1_SlaveAddrCallBack
                 _I2C1_SlaveClearIrq
                   _I2C1_SlaveIsAddr
                   _I2C1_SlaveIsRead
              _I2C1_SlaveIsRxBufFull
             _I2C1_SlaveIsTxBufEmpty
               _I2C1_SlaveRdCallBack
             _I2C1_SlaveReleaseClock
               _I2C1_SlaveWrCallBack
 ---------------------------------------------------------------------------------
 (6) _I2C1_SlaveWrCallBack                                 0     0      0      66
                                NULL *
    _I2C1_SlaveDefWrInterruptHandler *
   _I2C_SlaveTransmitCallbackHandler *
 ---------------------------------------------------------------------------------
 (7) _I2C_SlaveTransmitCallbackHandler                     0     0      0      44
                         _I2C1_Write
 ---------------------------------------------------------------------------------
 (8) _I2C1_Write                                           1     1      0      44
                                              1 COMMON     1     1      0
               _I2C1_SlaveSendTxData
 ---------------------------------------------------------------------------------
 (7) _I2C1_SlaveDefWrInterruptHandler                      0     0      0      22
               _I2C1_SlaveSendTxData
 ---------------------------------------------------------------------------------
 (9) _I2C1_SlaveSendTxData                                 1     1      0      22
                                              0 COMMON     1     1      0
 ---------------------------------------------------------------------------------
 (6) _I2C1_SlaveReleaseClock                               0     0      0       0
 ---------------------------------------------------------------------------------
 (6) _I2C1_SlaveRdCallBack                                 0     0      0     343
                                NULL *
    _I2C1_SlaveDefRdInterruptHandler *
    _I2C_SlaveReceiveCallbackHandler *
 ---------------------------------------------------------------------------------
 (7) _I2C_SlaveReceiveCallbackHandler                      0     0      0     343
                      _CMD_queue_add
                          _I2C1_Read
 ---------------------------------------------------------------------------------
 (8) _CMD_queue_add                                        7     5      2     343
                                              4 COMMON     7     5      2
                           i1___bmul
 ---------------------------------------------------------------------------------
 (9) i1___bmul                                             4     3      1     125
                                              0 COMMON     4     3      1
 ---------------------------------------------------------------------------------
 (7) _I2C1_SlaveDefRdInterruptHandler                      0     0      0       0
                _I2C1_SlaveGetRxData
 ---------------------------------------------------------------------------------
 (6) _I2C1_SlaveIsTxBufEmpty                               0     0      0       0
 ---------------------------------------------------------------------------------
 (6) _I2C1_SlaveIsRxBufFull                                0     0      0       0
 ---------------------------------------------------------------------------------
 (6) _I2C1_SlaveIsRead                                     0     0      0       0
 ---------------------------------------------------------------------------------
 (6) _I2C1_SlaveIsAddr                                     0     0      0       0
 ---------------------------------------------------------------------------------
 (6) _I2C1_SlaveClearIrq                                   0     0      0       0
 ---------------------------------------------------------------------------------
 (6) _I2C1_SlaveAddrCallBack                               0     0      0       0
                                NULL *
  _I2C1_SlaveDefAddrInterruptHandler *
    _I2C_SlaveAddressCallbackHandler *
 ---------------------------------------------------------------------------------
 (7) _I2C_SlaveAddressCallbackHandler                      0     0      0       0
                          _I2C1_Read
 ---------------------------------------------------------------------------------
 (8) _I2C1_Read                                            0     0      0       0
                _I2C1_SlaveGetRxData
 ---------------------------------------------------------------------------------
 (7) _I2C1_SlaveDefAddrInterruptHandler                    0     0      0       0
                _I2C1_SlaveGetRxData
 ---------------------------------------------------------------------------------
 (9) _I2C1_SlaveGetRxData                                  0     0      0       0
 ---------------------------------------------------------------------------------
 (6) NULL(Fake)                                            0     0      0       0
 ---------------------------------------------------------------------------------
 Estimated maximum stack depth 9
 ---------------------------------------------------------------------------------

 Call Graph Graphs:

 _main (ROOT)
   _CW_Config
     _CMD_dequeue
       ___bmul
     ___ctoee
       ___memcpyee
     ___fltoee
       ___memcpyee
       ___xxtofl (ARG)
     ___xxtofl
     _cfg_set_speed
       ___aldiv
         ___fltol (ARG)
           ___fladd (ARG)
             ___flmul (ARG)
               __Umul8_16
               ___xxtofl (ARG)
             ___xxtofl (ARG)
           ___flmul (ARG)
           ___flsub (ARG)
             ___fladd
             ___flmul (ARG)
           ___xxtofl (ARG)
       ___fltol
   _CW_Initialize
     ___eetoc
       ___eecpymem
     ___eetofl
       ___eecpymem
     _cfg_set_speed
   _I2C_Initialize
     _I2C1_Initialize
     _I2C1_Open
       _I2C1_SlaveEnableIrq
       _I2C1_SlaveOpen
       _I2C1_SlaveSetAddrIntHandler
       _I2C1_SlaveSetBusColIntHandler
       _I2C1_SlaveSetIsrHandler
       _I2C1_SlaveSetReadIntHandler
       _I2C1_SlaveSetSlaveAddr
       _I2C1_SlaveSetSlaveMask
       _I2C1_SlaveSetWrColIntHandler
       _I2C1_SlaveSetWriteIntHandler
     _I2C1_SlaveSetAddrIntHandler
     _I2C1_SlaveSetBusColIntHandler
     _I2C1_SlaveSetReadIntHandler
     _I2C1_SlaveSetWriteIntHandler
   _NCO1_Initialize
   _SYSTEM_Initialize
     _I2C1_Initialize
     _NCO1_Initialize
     _OSCILLATOR_Initialize
     _PIN_MANAGER_Initialize
     _PMD_Initialize
     _TMR0_Initialize
       _TMR0_SetInterruptHandler
     _WDT_Initialize
   _TMR0_Initialize
   _TMR0_SetInterruptHandler
   _TMR0_StartTimer
   _key_loop
     ___fladd
     ___flmul
     ___flsub
     ___fltol
     ___lmul
     ___xxtofl
     _key_read
     _tx_send
   _tx_loop

 _INTERRUPT_InterruptManager (ROOT)
   NULL(Fake) *
   _I2C1_Isr *
     _I2C1_SlaveAddrCallBack
       NULL(Fake) *
       _I2C1_SlaveDefAddrInterruptHandler *
         _I2C1_SlaveGetRxData
       _I2C_SlaveAddressCallbackHandler *
         _I2C1_Read
           _I2C1_SlaveGetRxData
     _I2C1_SlaveClearIrq
     _I2C1_SlaveIsAddr
     _I2C1_SlaveIsRead
     _I2C1_SlaveIsRxBufFull
     _I2C1_SlaveIsTxBufEmpty
     _I2C1_SlaveRdCallBack
       NULL(Fake) *
       _I2C1_SlaveDefRdInterruptHandler *
         _I2C1_SlaveGetRxData
       _I2C_SlaveReceiveCallbackHandler *
         _CMD_queue_add
           i1___bmul
         _I2C1_Read
     _I2C1_SlaveReleaseClock
     _I2C1_SlaveWrCallBack
       NULL(Fake) *
       _I2C1_SlaveDefWrInterruptHandler *
         _I2C1_SlaveSendTxData
       _I2C_SlaveTransmitCallbackHandler *
         _I2C1_Write
           _I2C1_SlaveSendTxData
   _TMR0_ISR *
     NULL(Fake) *
     _TMR0_DefaultInterruptHandler *
     _micros *

 Address spaces:
Name               Size   Autos  Total    Cost      Usage
BIGRAM             7F0      0       0       0        0.0%
EEDATA             100      0       C       0        4.7%
NULL                 0      0       0       0        0.0%
CODE                 0      0       0       0        0.0%
BITCOMMON            E      0       0       1        0.0%
BITSFR0              0      0       0       1        0.0%
SFR0                 0      0       0       1        0.0%
COMMON               E      D       E       2      100.0%
BITSFR1              0      0       0       2        0.0%
SFR1                 0      0       0       2        0.0%
BITSFR2              0      0       0       3        0.0%
SFR2                 0      0       0       3        0.0%
STACK                0      0       0       3        0.0%
BITBANK0            50      0       0       4        0.0%
BITSFR3              0      0       0       4        0.0%
SFR3                 0      0       0       4        0.0%
BANK0               50     4F      50       5      100.0%
BITSFR4              0      0       0       5        0.0%
SFR4                 0      0       0       5        0.0%
BITBANK1            50      0       0       6        0.0%
BITSFR5              0      0       0       6        0.0%
SFR5                 0      0       0       6        0.0%
BANK1               50     1D      4B       7       93.8%
BITSFR6              0      0       0       7        0.0%
SFR6                 0      0       0       7        0.0%
BITBANK2            50      0       0       8        0.0%
BITSFR7              0      0       0       8        0.0%
SFR7                 0      0       0       8        0.0%
BANK2               50      0      3B       9       73.8%
BITSFR8              0      0       0       9        0.0%
SFR8                 0      0       0       9        0.0%
BITBANK3            50      0       0      10        0.0%
BITSFR9              0      0       0      10        0.0%
SFR9                 0      0       0      10        0.0%
BANK3               50      0      30      11       60.0%
BITSFR10             0      0       0      11        0.0%
SFR10                0      0       0      11        0.0%
BITBANK4            50      0       0      12        0.0%
BITSFR11             0      0       0      12        0.0%
SFR11                0      0       0      12        0.0%
BANK4               50      0       0      13        0.0%
BITSFR12             0      0       0      13        0.0%
SFR12                0      0       0      13        0.0%
BITSFR13             0      0       0      14        0.0%
SFR13                0      0       0      14        0.0%
ABS                  0      0     114      14        0.0%
BITBANK5            50      0       0      15        0.0%
BITSFR14             0      0       0      15        0.0%
SFR14                0      0       0      15        0.0%
BANK5               50      0       0      16        0.0%
BITSFR15             0      0       0      16        0.0%
SFR15                0      0       0      16        0.0%
BITBANK6            50      0       0      17        0.0%
BITSFR16             0      0       0      17        0.0%
SFR16                0      0       0      17        0.0%
BANK6               50      0       0      18        0.0%
BITSFR17             0      0       0      18        0.0%
SFR17                0      0       0      18        0.0%
BITBANK7            50      0       0      19        0.0%
BITSFR18             0      0       0      19        0.0%
SFR18                0      0       0      19        0.0%
BANK7               50      0       0      20        0.0%
BITSFR19             0      0       0      20        0.0%
SFR19                0      0       0      20        0.0%
BITBANK8            50      0       0      21        0.0%
BITSFR20             0      0       0      21        0.0%
SFR20                0      0       0      21        0.0%
BANK8               50      0       0      22        0.0%
BITSFR21             0      0       0      22        0.0%
SFR21                0      0       0      22        0.0%
BITBANK9            50      0       0      23        0.0%
BITSFR22             0      0       0      23        0.0%
SFR22                0      0       0      23        0.0%
BANK9               50      0       0      24        0.0%
BITSFR23             0      0       0      24        0.0%
SFR23                0      0       0      24        0.0%
BITBANK10           50      0       0      25        0.0%
BITSFR24             0      0       0      25        0.0%
SFR24                0      0       0      25        0.0%
BANK10              50      0       0      26        0.0%
BITSFR25             0      0       0      26        0.0%
SFR25                0      0       0      26        0.0%
BITBANK11           50      0       0      27        0.0%
BITSFR26             0      0       0      27        0.0%
SFR26                0      0       0      27        0.0%
BITSFR27             0      0       0      28        0.0%
SFR27                0      0       0      28        0.0%
DATA                 0      0     114      28        0.0%
BANK11              50      0       0      29        0.0%
BITSFR28             0      0       0      29        0.0%
SFR28                0      0       0      29        0.0%
BITBANK12           50      0       0      30        0.0%
BITSFR29             0      0       0      30        0.0%
SFR29                0      0       0      30        0.0%
BANK12              50      0       0      31        0.0%
BITSFR30             0      0       0      31        0.0%
SFR30                0      0       0      31        0.0%
BITBANK13           50      0       0      32        0.0%
BITSFR31             0      0       0      32        0.0%
SFR31                0      0       0      32        0.0%
BANK13              50      0       0      33        0.0%
BITBANK14           50      0       0      34        0.0%
BANK14              50      0       0      35        0.0%
BITBANK15           50      0       0      36        0.0%
BANK15              50      0       0      37        0.0%
BITBANK16           50      0       0      38        0.0%
BANK16              50      0       0      39        0.0%
BITBANK17           50      0       0      40        0.0%
BANK17              50      0       0      41        0.0%
BITBANK18           50      0       0      42        0.0%
BANK18              50      0       0      43        0.0%
BITBANK19           50      0       0      44        0.0%
BANK19              50      0       0      45        0.0%
BITBANK20           50      0       0      46        0.0%
BANK20              50      0       0      47        0.0%
BITBANK21           50      0       0      48        0.0%
BANK21              20      0       0      49        0.0%
BITBANK22           50      0       0      50        0.0%
BANK22               0      0       0      51        0.0%
BITBANK23           50      0       0      52        0.0%
BANK23               0      0       0      53        0.0%
BITBANK24           50      0       0      54        0.0%
BANK24               0      0       0      55        0.0%
BITBANK25           20      0       0      56        0.0%
BANK25               0      0       0      57        0.0%


Microchip Technology PIC Macro Assembler V2.45 build 20230818022343 
Symbol Table                                                                                   Wed Nov 22 00:15:21 2023

                 ??_I2C1_SlaveAddrCallBack 0070                             I2C1_Write@data 0071  
                           ___bmul@product 0022                              ___eetofl@addr 0029  
                            ___eetofl@data 002A                        __Umul8_16@word_mpld 0026  
                                      l657 0D27                                        l841 00DC  
                                      l914 09F0                                        l923 0A73  
                                      l843 0109                                        l835 00CF  
                                      l819 0093                                        l932 0AA4  
                                      l844 0111                                        l828 00BC  
                                      l928 0A85                                        l856 01A2  
                                      l697 07A8                                        l868 0213  
                                      l869 0211                      __end_of_CW_Initialize 0B83  
                 __end_of_I2C1_SlaveIsAddr 177F                               ___ctoee@addr 0026  
                             ___ctoee@data 0025                   __end_of_I2C1_SlaveIsRead 1753  
                                      _cfg 0130                                        _msg 00B7  
                                      wreg 0009                      __end_of_cfg_set_speed 0B31  
                             ___flmul@aexp 0040                               ___flmul@bexp 0041  
                             ___flmul@sign 003B                               ___flmul@temp 0046  
                             ___flmul@prod 0042                               ___fltol@exp1 006D  
                                     l1112 0D45                                       l1501 0E20  
                                     l1502 0E2A                                       l1248 0C1D  
                                     l1352 0F02                                       l1354 0EE7  
                                     l1348 0E93                                       l3301 087D  
                                     l1390 0FFA                                       l1382 0FE2  
                                     l1463 0991                                       l1456 069B  
                                     l1369 0F83                           __end_of_I2C1_Isr 0BD7  
                                     l3403 0E67                                       l3405 0E6F  
                                     l1494 0E0C                                       l3351 0BDF  
                                     l3423 0E88                                       l1488 0DD8  
                                     l3265 09FA                                       l3433 0E9D  
                                     l3371 0C0B                                       l3355 0BE8  
                                     l3507 0F31                                       l3427 0E8B  
                                     l3293 0A7F                                       l3381 0C2A  
                                     l3373 0C19                                       l3533 0FA2  
                                     l3525 0F95                                       l3517 0F7B  
                                     l3541 0FAB                                       l3711 0D2F  
                                     l5311 071D                                       l5303 06C4  
                                     l3551 0FB6                                       l3471 0EED  
                                     l3463 0EBB                                       l3297 0877  
                                     l3713 0D31                                       l3801 04B0  
                                     l3473 0EEF                                       l3481 0EFD  
                                     l3707 0D15                                       l5315 0728  
                                     l5307 0712                                       l3803 04B8  
                                     l3547 0FB4                                       l3539 0FA9  
                                     l5403 012C                                       l5261 0D68  
                                     l5253 0D58                                       l5325 078C  
                                     l3821 04D9                                       l3573 0FF6  
                                     l3741 09E9                                       l5501 0241  
                                     l5421 0163                                       l5271 0D98  
                                     l5263 0D78                                       l5319 0781  
                                     l3583 098B                                       l3903 0660  
                                     l3399 0E64                                       l3735 09DF  
                                     l5415 015F                                       l5423 017F  
                                     l3913 068C                                       l3817 04CF  
                                     l3569 0FF2                                       l3497 0F20  
                                     l3489 0F10                                       l5513 0253  
                                     l5601 07CE                                       l3931 0DD0  
                                     l5275 0DA3                                       l3907 0675  
                                     l3819 04D1                                       l3499 0F22  
                                     l3771 0A52                                       l3739 09E6  
                                     l5507 024A                                       l5443 01CD  
                                     l5427 0188                                       l5371 00AC  
                                     l5363 007D                                       l3941 0DE9  
                                     l3829 04E7                                       l5381 00D0  
                                     l5357 0072                                       l3951 0E1E  
                                     l3943 0DF9                                       l5279 0DB1  
                                     l3767 0A48                                       l5551 0492  
                                     l5543 0489                                       l5535 047E  
                                     l5439 01C8                                       l5455 01EB  
                                     l5391 00E1                                       l5367 0084  
                                     l3697 0CC5                                       l3953 0E11  
                                     l3937 0DE7                                       l3881 0607  
                                     l5545 048C                                       l5481 021B  
                                     l5473 020A                                       l5449 01D6  
                                     l5385 00DC                                       l5393 0100  
                                     l5377 00C0                                       l5299 06B9  
                                     l3883 061E                                       l5491 0229  
                                     l5475 020E                                       l5459 01F2  
                                     l3965 0E45                                       l3893 0637  
                                     l5485 0220                                       l5477 0216  
                                     l5733 00E9                                       l3799 04AE  
                                     l5487 0222                                       l5735 016B  
                                     l5399 011B                                       l5737 0794  
                                     l3889 0635                                       l5497 0234  
                                     _LATA 010C                                       u3015 0992  
                                     _LATC 010E                                       u3305 05F6  
                                     u2515 0C0C                                       u3315 060A  
                                     u3155 0A53                                       u3085 0D0A  
                                     u3405 064E                                       u3165 0A5A  
                                     u5015 0D79                                       u3415 0669  
                                     u3335 0613                                       u5025 0D8D  
                                     u2545 0C21                                       u3425 067F  
                                     u3265 0557                                       u3515 0E18  
                                     u5035 0D99                                       u3275 0582  
                                     u2715 0EF3                                       u2485 0BF1  
                                     u3285 05D0                                       u2670 0EDA  
                                     u3295 05E7                                       u2680 0EDB  
                                     u2665 0ECF                                       u3555 0E32  
                                     u3475 0DF2                                       u2835 0F96  
                                     _PMD0 0911                                       _PMD1 0912  
                                     _PMD2 0913                                       u3495 0E06  
                                     u2935 0FCD                                       _PMD3 0914  
                                     _PMD4 0915                                       u2793 0F43  
                                     u2785 0F26                                       _PMD5 0916  
                                     i1l37 0023                                       i1l29 0010  
                                     u4995 0D6B                                       _WPUA 020C  
                                     _WPUC 020E                           _cfg_speed_micros 00A4  
                                     _main 07A9   __end_of_I2C_SlaveTransmitCallbackHandler 1767  
       ??_I2C_SlaveTransmitCallbackHandler 0072          ?_I2C_SlaveTransmitCallbackHandler 0070  
         _I2C_SlaveTransmitCallbackHandler 1762         I2C1_SlaveSetAddrIntHandler@handler 0020  
                          _TMR0_StartTimer 173E                                       fsr0h 0005  
                                     fsr1h 0007                                       indf0 0000  
                                     fsr0l 0004                                       indf1 0001  
                                     fsr1l 0006                                       btemp 007E  
                                     start 0025                                 _i2c1RdData 00C2  
                         ?_NCO1_Initialize 0070                          ___bmul@multiplier 0023  
                               _i2c1WrData 00C3         I2C1_SlaveSetReadIntHandler@handler 0020  
             _I2C1_SlaveRdInterruptHandler 0155               _I2C1_SlaveWrInterruptHandler 0153  
                         ??_I2C1_SlaveOpen 0020                    __end_of_TMR0_Initialize 0961  
           ??_TMR0_DefaultInterruptHandler 0070              __end_of_OSCILLATOR_Initialize 17EB  
                            ___fltoee@addr 0032                              ___fltoee@data 002E  
                        CMD_dequeue@param1 0027                          CMD_dequeue@param2 0024  
                        __end_of_I2C1_Read 1735                              ___fltol@sign1 006C  
                          __end_of___aldiv 0DBA                          __end_of_I2C1_Open 0AEA  
                          __end_of___fladd 1000                                      ?_main 0070  
                          __end_of___eetoc 0824                            __end_of___ctoee 17D7  
                          __end_of___flmul 06A8                            __end_of___flsub 0980  
                          __end_of___fltol 0C39                                      _OSCEN 091D  
                                    _TMR0H 0016                                      _TMR0L 0015  
                                    _TRISA 008C                                      _TRISC 008E  
                      ___lmul@multiplicand 0024                  ?_TMR0_SetInterruptHandler 0020  
                          ??_CMD_queue_add 0076                          ??_I2C1_Initialize 0020  
                         __end_of_TMR0_ISR 08C2             I2C1_SlaveSetSlaveMask@maskAddr 0020  
                           _WDT_Initialize 1745                                      _cw_tx 00AD  
                           _i2c1SlaveState 00C0                           __end_ofi1___bmul 0874  
                                    pclath 000A                              ___memcpyee@to 0024  
                                    status 0003                                      wtemp0 007E  
                          __end_of_tx_loop 090B                            __end_of_tx_send 08AD  
                             ??_I2C1_Write 0071                            __initialization 0027  
                             __end_of_main 0800                ?_INTERRUPT_InterruptManager 0070  
                                   ??_main 006F                         _I2C1_SlaveClearIrq 1735  
                   __end_of_WDT_Initialize 1749                        ?_I2C1_SlaveClearIrq 0070  
                  __end_of_TMR0_StartTimer 1741                           __end_of___eetofl 0899  
                         cfg_set_speed@wpm 00D2                    ?_I2C1_SlaveReleaseClock 0070  
                       __end_of_I2C1_Write 1762                           __end_of___fltoee 17E1  
                                   _ANSELA 018C                                     _ANSELC 018E  
                                   _T0CON0 0017                                     _T0CON1 0018  
                                   _RC0PPS 0EA0                                     _RC1PPS 0EA1  
                                   _RC2PPS 0EA2                                     _ODCONA 028C  
                                   i1l4011 0BA2                                     i1l4003 0B94  
                                   _ODCONC 028E                                     i1l4005 0B96  
                                   i1l3135 0865                                     i1l4023 0BB4  
                                   i1l4031 0BD4                                     i1l3161 0C66  
                                   i1l4017 0BAF                                     i1l4009 0B9E  
                                   i1l3139 086B                                     i1l4019 0BB3  
                                   i1l3229 08E7                                     i1l3165 0C71  
                                   i1l4029 0BBE                                     i1l3167 0C7D  
                                   i1l3179 0CAE                                     i1l4339 001D  
                                   u220_25 0C50                                     u310_20 0924  
                                   i1l5739 0BC6                                     _INLVLA 038C  
                                   _INLVLC 038E                                     _OSCFRQ 091F  
                                   u559_27 0C57                                     _WDTCON 0097  
                        __end_of_CW_Config 07A9                           __end_of___xxtofl 0E4E  
                     ??_I2C1_SlaveClearIrq 0070                                     ___bmul 0874  
                                   ___lmul 0A3F                                  ??___aldiv 006E  
                                ??___fladd 0050                                  ??___eetoc 0025  
                                ??___ctoee 0026                                  ??___flmul 0036  
                                ??___flsub 0064                                  ??___fltol 0068  
                                   _param1 00B3                           __end_of_key_read 09EC  
                                   _param2 00B2                           ?_TMR0_Initialize 0070  
                         __end_of_key_loop 0498                                     _micros 090B  
                                ?_I2C1_Isr 0070                    ?_I2C1_SlaveSetSlaveAddr 0070  
                  ?_I2C1_SlaveSetSlaveMask 0070                               __pdataEEDATA 0000  
                           _PMD_Initialize 1786       __end_of_I2C1_SlaveSetWrColIntHandler 17BB  
             _I2C1_SlaveSetWrColIntHandler 17B2       I2C1_SlaveSetBusColIntHandler@handler 0020  
                          ?_WDT_Initialize 0070             __end_of_I2C1_SlaveReleaseClock 173B  
                           ___memcpyee@ptr 0023   TMR0_SetInterruptHandler@InterruptHandler 0020  
                   _I2C1_SlaveAddrCallBack 17F5                                  ??_tx_loop 0024  
                                ??_tx_send 0024                                 ___eecpymem 09EC  
                             ___xxtofl@arg 002A                               ___xxtofl@exp 0029  
                        _SYSTEM_Initialize 08C2                               ___xxtofl@val 0020  
                          _spacing__eeprom 0008                                _LineDataRow 00BF  
                  __end_of__initialization 0062        I2C1_SlaveSetWrColIntHandler@handler 0020  
                       ?_SYSTEM_Initialize 0070                                 ___fltol@f1 0064  
                      ___bmul@multiplicand 0020                                 ___memcpyee 0A6F  
                           __pcstackCOMMON 0070                               __pidataBANK1 17EB  
                      ??_SYSTEM_Initialize 0022                                  ?_TMR0_ISR 0070  
                            _key_loop$1840 00D0             __end_of_I2C1_SlaveSetSlaveAddr 1772  
           __end_of_I2C1_SlaveSetSlaveMask 1778                                 ??_I2C1_Isr 007B  
                   __end_of_PMD_Initialize 178E                                  ?i1___bmul 0070  
                      key_loop@start_after 00A0                          ?_I2C1_SlaveIsAddr 0070  
                        ?_I2C1_SlaveIsRead 0070                             _paddle__eeprom 000B  
                       ??_I2C1_SlaveIsAddr 0070                         ??_I2C1_SlaveIsRead 0070  
                         i1___bmul@product 0072                           ?_TMR0_StartTimer 0070  
                __end_of_SYSTEM_Initialize 08D7                                 __pbssBANK0 006F  
                               __pbssBANK1 00A0                                 __pbssBANK2 0120  
                               __pbssBANK3 01A0          _I2C_SlaveCollisionCallbackHandler 0000  
                      _I2C1_SlaveEnableIrq 173B                        _I2C1_SlaveGetRxData 172F  
                    _I2C1_SlaveIsRxBufFull 1741                          __end_of__Umul8_16 09A0  
                               __pmaintext 07A9              ?_I2C1_SlaveSetWriteIntHandler 0020  
                                  ?___bmul 0020           __end_of_TMR0_SetInterruptHandler 17CD  
                                  ?___lmul 0020                          CW_Config@scan_msg 00DF  
                               ??_TMR0_ISR 0070                                 __pintentry 0004  
                          _I2C1_Initialize 0824                                  ?___eetofl 0025  
                                  ?_micros 0070                             ___lmul@product 0028  
                     ?_I2C1_SlaveEnableIrq 0070                                  ?___fltoee 002E  
                     ?_I2C1_SlaveGetRxData 0070                                 ??i1___bmul 0071  
                          ?_PMD_Initialize 0070                              _cursor_column 00BB  
                                  _NCO1CLK 049F                                    _NCO1CON 049E  
                                ?___xxtofl 0020                                  _I2C1_Read 1732  
                                  _OSCCON1 0919                                    _OSCCON3 091B  
                                _I2C1_Open 0AAC                                    _NVMADRH 0892  
                                  _NVMADRL 0891                                    _NVMDATH 0894  
                                  _OSCTUNE 091E                                    _NVMDATL 0893  
                                  _NVMCON2 0896                                    _SSP1ADD 0212  
                                  _SLRCONA 030C                                    _SLRCONC 030E  
                                  _SSP1BUF 0211                                    _SSP1MSK 0213  
                 ?_I2C1_SlaveSetIsrHandler 0020                                ?___eecpymem 0020  
           ?_I2C1_SlaveSetBusColIntHandler 0020                                  ?_key_read 0070  
                                ?_key_loop 00C4                                 _first_pass 00EA  
                              ?___memcpyee 0020                                    ___aldiv 0D34  
                                  ___fladd 0E4E                                    ___eetoc 0818  
                                  ___ctoee 17CD                                    ___flmul 0498  
                                  ___flsub 0961                                    ___fltol 0BD7  
                    ??_I2C1_SlaveEnableIrq 0020                                 ??___eetofl 0029  
                    ??_I2C1_SlaveGetRxData 0070                                 ??___fltoee 0032  
                           _I2C_Initialize 09A0                                    __ptext1 08F0  
                                  __ptext2 0066                                    __ptext3 0899  
                                  __ptext4 09C6                                    __ptext5 0A3F  
                                  __ptext6 0961                                    __ptext7 0E4E  
                                  __ptext8 0498                                    __ptext9 0980  
                               _cursor_row 00BC             _I2C1_SlaveAddrInterruptHandler 0151  
                                _CMD_Queue 01A0                      _OSCILLATOR_Initialize 17E1  
                               ??___xxtofl 0024                                    _message 0120  
                           _Scan_Row_Index 00BA                           ___aldiv@dividend 00C8  
                             key_loop@mark 00C4                               key_loop@last 00AC  
          I2C1_SlaveSetSlaveAddr@slaveAddr 0020                   ??_PIN_MANAGER_Initialize 0020  
                               ?_I2C1_Read 0070                                 ?_I2C1_Open 0070  
                      i1___bmul@multiplier 0073                   ??_I2C1_SlaveIsTxBufEmpty 0070  
                                  _tx_flag 00E8                      __end_of_CMD_queue_add 0CB1  
                                  clrloop0 0831                                    _tx_loop 08F0  
                                  _tx_send 0899                       end_of_initialization 0062  
  __end_of_I2C_SlaveAddressCallbackHandler 08F0          ??_I2C_SlaveAddressCallbackHandler 0070  
         ?_I2C_SlaveAddressCallbackHandler 0070            _I2C_SlaveAddressCallbackHandler 08D7  
                          key_loop@spacing 00E7                                    init_ram 083C  
                               ??_key_read 0020                                 ??_key_loop 00C8  
                   ?_I2C1_SlaveIsRxBufFull 0070                                    initloop 083D  
          _I2C1_SlaveWrColInterruptHandler 014D                    __end_of_I2C1_Initialize 0830  
  __end_of_I2C_SlaveReceiveCallbackHandler 0944          ??_I2C_SlaveReceiveCallbackHandler 007B  
         ?_I2C_SlaveReceiveCallbackHandler 0070            _I2C_SlaveReceiveCallbackHandler 0927  
             __end_of_I2C1_SlaveRdCallBack 080D                                  _CW_Config 06A8  
                         ___aldiv@quotient 00CE                            ___memcpyee@from 0020  
                   __end_of_I2C_Initialize 09C6                            ___memcpyee@size 0021  
           ??_I2C1_SlaveSetWriteIntHandler 0022                           ??_WDT_Initialize 0020  
                 _TMR0_SetInterruptHandler 17C4                                  _PORTAbits 000C  
                            _CW_Initialize 0B31                                ___fladd@grs 005B  
          __end_of_I2C1_SlaveSetIsrHandler 17A9                    ?_I2C1_SlaveAddrCallBack 0070  
                            ___xxtofl@sign 0028                              _cfg_set_speed 0AEA  
                            ??_CMD_dequeue 0025             I2C1_SlaveSetIsrHandler@handler 0020  
                              ___flmul@grs 003C                                 ?_CW_Config 0070  
                     _timer0ReloadVal16bit 00A8                            ?_I2C_Initialize 0070  
                           __end_of___bmul 0886                             __end_of___lmul 0A6F  
                            __pidataEEDATA 0000                         key_loop@read_after 013D  
                            _i2c1SlaveAddr 00C1                       CMD_queue_add@command 007A  
                   ?_OSCILLATOR_Initialize 0070                             __end_of_micros 0927  
           __end_of_I2C1_SlaveAddrCallBack 1800                             ?_CW_Initialize 0070  
             __end_of_I2C1_SlaveSendTxData 175D                        start_initialization 0027  
                           ?_cfg_set_speed 00D2                                ??_I2C1_Read 0070  
                              ??_I2C1_Open 0022                                  _Line_Data 26B0  
             __end_of_I2C1_SlaveWrCallBack 0818                          ??_NCO1_Initialize 0020  
                             CW_Config@wpm 00DA                            CW_Config@param1 00E0  
                          CW_Config@param2 00DE                   I2C1_SlaveSendTxData@data 0070  
                      __end_of_CMD_dequeue 0D34                           ?_I2C1_Initialize 0070  
                                _SlaveInit 00B9                                 key_read@k0 0020  
                               key_read@k1 0021                                   ??___bmul 0021  
                         ??_PMD_Initialize 0020                                   ??___lmul 0028  
                               key_loop@k0 00D5                                 key_loop@k1 00D4  
                                __Umul8_16 0980                                __pdataBANK1 00E1  
                                 ??_micros 0070    __end_of_I2C1_SlaveDefRdInterruptHandler 1758  
        ??_I2C1_SlaveDefRdInterruptHandler 0070           ?_I2C1_SlaveDefRdInterruptHandler 0070  
          _I2C1_SlaveDefRdInterruptHandler 1753    __end_of_I2C1_SlaveDefWrInterruptHandler 176C  
        ??_I2C1_SlaveDefWrInterruptHandler 0071           ?_I2C1_SlaveDefWrInterruptHandler 0070  
          _I2C1_SlaveDefWrInterruptHandler 1767                              _SlaveTransmit 00B8  
                                ___fladd@a 004C                                  ___fladd@b 0048  
                              __pbssEEDATA 000A                                __pbssBIGRAM 26B0  
                                ___flmul@a 0032                                  ___flmul@b 002E  
                              __pbssCOMMON 007D                         _CMD_add_queue_busy 006F  
                                ___flsub@a 005C                                  ___flsub@b 0060  
                                ___latbits 0003                              _msg_size_read 00B5  
                            __pcstackBANK0 0020                              __pcstackBANK1 00C4  
                     _I2C1_SlaveRdCallBack 0802               ?_I2C1_SlaveSetAddrIntHandler 0020  
                          _CMD_queue_count 00B0                               ??___eecpymem 0022  
                       _Return_Queue_count 00AE                            _CMD_queue_front 00E3  
                     _Message_queue_status 00E9                      _TMR0_InterruptHandler 0159  
                                __pnvBANK2 0159                               ??___memcpyee 0022  
                              ??_CW_Config 00D6                     _PIN_MANAGER_Initialize 0A14  
                   _MSSP1_InterruptHandler 0157                     _I2C1_SlaveIsTxBufEmpty 177F  
                             _micro_tick_A 0149                               _micro_tick_B 0145  
                                 ?___aldiv 00C4                                   ?___fladd 0048  
                                 ?___eetoc 0070                                   ?___ctoee 0025  
                                 ?___flmul 002E               ?_I2C1_SlaveSetReadIntHandler 0020  
                                 ?___flsub 005C                                   ?___fltol 0064  
                               ?__Umul8_16 0020                                tx_loop@mark 0020  
                              tx_send@mark 0020            ??_I2C1_SlaveSetBusColIntHandler 0022  
                          ??_CW_Initialize 006F                                   _I2C1_Isr 0B83  
             ??_INTERRUPT_InterruptManager 007D                   ??_I2C1_SlaveReleaseClock 0070  
                             _mode__eeprom 000A                         __end_of___eecpymem 0A14  
                          ??_cfg_set_speed 006F        __end_of_I2C1_SlaveSetAddrIntHandler 1797  
              _I2C1_SlaveSetAddrIntHandler 178E                             _I2C1_SlaveOpen 0855  
                         _CMD_dequeue_busy 00B1                      ?_I2C1_SlaveRdCallBack 0070  
                              _NCO1CONbits 049E                         __end_of___memcpyee 0AAC  
                                 ?_tx_loop 0020                                   ?_tx_send 0020  
                  ??_I2C1_SlaveIsRxBufFull 0070                                _CMD_dequeue 0CB1  
            ?_I2C1_SlaveSetWrColIntHandler 0020                                   _NCO1ACCH 0499  
                                 _NCO1ACCL 0498                                   _NCO1ACCU 049A  
                                 _NCO1INCH 049C                                   _NCO1INCL 049B  
                                 _NCO1INCU 049D                            ___aldiv@divisor 00C4  
            ??_I2C1_SlaveSetAddrIntHandler 0022                          ??_TMR0_Initialize 0022  
                          ___aldiv@counter 00CC                                   _LATAbits 010C  
                                 _LATCbits 010E                                  clear_ram0 0830  
                                 _PIE0bits 0090                                   _PIE1bits 0091  
                           key_loop@staged 00AA                   ??_I2C1_SlaveSetSlaveAddr 0020  
      __end_of_I2C1_SlaveSetReadIntHandler 17B2                _I2C1_SlaveSetReadIntHandler 17A9  
                    i1___bmul@multiplicand 0070                   ??_I2C1_SlaveSetSlaveMask 0020  
              __end_of_I2C1_SlaveEnableIrq 173E                 ??_TMR0_SetInterruptHandler 0022  
                                 _PIR0bits 0010                __end_of_I2C1_SlaveGetRxData 1732  
                                 _PIR1bits 0011                       _I2C1_SlaveSendTxData 1758  
                               _I2C1_Write 175D                       _I2C1_SlaveWrCallBack 080D  
                                 _SSP1CON1 0215                                   _SSP1CON2 0216  
                                 _TMR0_ISR 08AD                                   _SSP1STAT 0214  
            ??_I2C1_SlaveSetReadIntHandler 0022                                   i1___bmul 0863  
                   __end_of_I2C1_SlaveOpen 0863                                   _WPUAbits 020C  
                           _weight__eeprom 0000           _I2C1_SlaveBusColInterruptHandler 014F  
                        ___lmul@multiplier 0020                        CMD_queue_add@param1 0074  
                      CMD_queue_add@param2 0075                               _SlaveAddress 00BE  
       _I2C1_SlaveDefWrColInterruptHandler 0000                             _memory__eeprom 0009  
__end_of_I2C1_SlaveDefAddrInterruptHandler 174E        ??_I2C1_SlaveDefAddrInterruptHandler 0070  
       ?_I2C1_SlaveDefAddrInterruptHandler 0070          _I2C1_SlaveDefAddrInterruptHandler 1749  
                         _I2C1_SlaveIsAddr 1778                           _I2C1_SlaveIsRead 174E  
                         ??_I2C_Initialize 0022                      ?_I2C1_SlaveSendTxData 0070  
                                 _SlaveR_W 00BD                      ?_I2C1_SlaveWrCallBack 0070  
                                key_loop@i 00D6                    ??_OSCILLATOR_Initialize 0020  
                              ??__Umul8_16 0022                          ??_TMR0_StartTimer 0020  
                          _NCO1_Initialize 0848                                   ___eetofl 0886  
                                 ___fltoee 17D7        _I2C1_SlaveDefBusColInterruptHandler 0000  
                           _CMD_queue_rear 00E1                            ?_I2C1_SlaveOpen 0070  
                   ??_I2C1_SlaveRdCallBack 007B      __end_of_I2C1_SlaveSetBusColIntHandler 17A0  
            _I2C1_SlaveSetBusColIntHandler 1797                          key_loop@ultimatic 00AB  
                                 ___xxtofl 0DBA                                 _T0CON0bits 0017  
                                 _cmd_read 00B4                                   __ptext10 173E  
                                 __ptext11 08C2                                   __ptext20 0AAC  
                                 __ptext12 1745                                   __ptext21 17BB  
                                 __ptext13 0944                                   __ptext30 173B  
                                 __ptext22 17B2                                   __ptext14 17C4  
                                 __ptext31 0824                                   __ptext23 1772  
                                 __ptext15 1786                                   __ptext40 0DBA  
                                 __ptext32 0B31                                   __ptext24 176C  
                                 __ptext16 0A14                                   __ptext41 17D7  
                                 __ptext33 0886                                   __ptext25 17A9  
                                 __ptext17 17E1                                   __ptext50 0B83  
                                 __ptext42 17CD                                   __ptext34 0818  
                                 __ptext26 17A0                                   __ptext18 0848  
                                 __ptext51 080D                                   __ptext43 0A6F  
                                 __ptext35 09EC                                   __ptext27 1797  
                                 __ptext19 09A0                                   __ptext60 0C39  
                                 __ptext52 1767                                   __ptext44 0CB1  
                                 __ptext36 06A8                                   __ptext28 178E  
                                 __ptext61 0863                                   __ptext53 1762  
                                 __ptext45 0874                                   __ptext37 0AEA  
                                 __ptext29 0855                                   __ptext70 1732  
                                 __ptext62 177F                                   __ptext54 175D  
                                 __ptext38 0BD7                                   __ptext71 172F  
                                 __ptext63 1741                                   __ptext55 1758  
                                 __ptext47 08AD                                   __ptext39 0D34  
                                 __ptext64 174E                                   __ptext56 1738  
                                 __ptext48 0003                                   __ptext65 1778  
                                 __ptext57 0802                                   __ptext49 090B  
                                 __ptext66 1735                                   __ptext58 1753  
                                 __ptext67 17F5                                   __ptext59 0927  
                                 __ptext68 1749                                   __ptext69 08D7  
                             _SSP1CON1bits 0215                               _SSP1CON2bits 0216  
                            _Queue_Overrun 00AF       __end_of_I2C1_SlaveSetWriteIntHandler 17C4  
             _I2C1_SlaveSetWriteIntHandler 17BB                                   _key_read 09C6  
                                 _key_loop 0066             ??_I2C1_SlaveSetWrColIntHandler 0022  
     __end_of_TMR0_DefaultInterruptHandler 0004               _TMR0_DefaultInterruptHandler 0003  
                            key_loop@mcode 00E5                 __end_of_I2C1_SlaveClearIrq 1738  
                  _I2C1_SlaveSetIsrHandler 17A0                              key_loop@state 00E6  
                              ?_I2C1_Write 0070                                   int$flags 007E  
       __end_of_INTERRUPT_InterruptManager 0025                 _INTERRUPT_InterruptManager 0004  
                             _SSP1STATbits 0214                                   _tx_timer 0141  
                           CMD_dequeue@ret 0028                            ___eecpymem@from 0020  
                          ___eecpymem@size 0021                                 _INTCONbits 000B  
                              _NVMCON1bits 0895                              _CMD_queue_add 0C39  
                                 intlevel1 0000                     _I2C1_SlaveReleaseClock 1738  
                  ?_PIN_MANAGER_Initialize 0070                    ?_I2C1_SlaveIsTxBufEmpty 0070  
                   ??_I2C1_SlaveSendTxData 0070                     ??_I2C1_SlaveWrCallBack 0072  
                  __end_of_NCO1_Initialize 0855              ?_TMR0_DefaultInterruptHandler 0070  
      I2C1_SlaveSetWriteIntHandler@handler 0020                               _tmpSlaveAddr 007D  
                        _speed_wpm__eeprom 0004                     __Umul8_16@multiplicand 0020  
                               _SSP1DATPPS 0E21                                 _SSP1CLKPPS 0E20  
                   _I2C1_SlaveSetSlaveAddr 176C                            _TMR0_Initialize 0944  
                   _I2C1_SlaveSetSlaveMask 1772                               ___aldiv@sign 00CD  
                            ___eecpymem@cp 0023                              ___eecpymem@to 0024  
                           ?_CMD_queue_add 0074                              ___fladd@signs 0058  
                             ?_CMD_dequeue 0024             __end_of_PIN_MANAGER_Initialize 0A3F  
           __end_of_I2C1_SlaveIsTxBufEmpty 1786              __end_of_I2C1_SlaveIsRxBufFull 1745  
                             ___fladd@aexp 0059                               ___fladd@bexp 005A  
                               _STATUSbits 0003                  ??_I2C1_SlaveSetIsrHandler 0022  
                     __Umul8_16@multiplier 0028                              _LineDataIndex 00B6  
                             ___eetoc@addr 0025                               ___eetoc@data 0026  
                        __Umul8_16@product 0024  
