

Microchip MPLAB XC8 Assembler V2.45 build 20230818022343 
                                                                                               Mon Nov 20 11:42:07 2023

Microchip MPLAB XC8 C Compiler v2.45 (Free license) build 20230818022343 Og1 
     1                           	processor	16LF18326
     2                           	pagewidth 120
     3                           	opt	flic
     4                           	psect	idataBANK1,global,class=CODE,delta=2,noexec
     5                           	psect	idataBANK2,global,class=CODE,delta=2,noexec
     6                           	psect	nvBANK2,global,class=BANK2,space=1,delta=1,noexec
     7                           	psect	cinit,global,class=CODE,merge=1,delta=2
     8                           	psect	bssCOMMON,global,class=COMMON,space=1,delta=1,noexec
     9                           	psect	bssBANK0,global,class=BANK0,space=1,delta=1,noexec
    10                           	psect	bssBANK1,global,class=BANK1,space=1,delta=1,noexec
    11                           	psect	dataBANK1,global,class=BANK1,space=1,delta=1,noexec
    12                           	psect	bssBANK2,global,class=BANK2,space=1,delta=1,noexec
    13                           	psect	dataBANK2,global,class=BANK2,space=1,delta=1,noexec
    14                           	psect	bssBANK3,global,class=BANK3,space=1,delta=1,noexec
    15                           	psect	clrtext,global,class=CODE,delta=2
    16                           	psect	cstackBANK1,global,class=BANK1,space=1,delta=1,noexec
    17                           	psect	cstackCOMMON,global,class=COMMON,space=1,delta=1,noexec
    18                           	psect	cstackBANK0,global,class=BANK0,space=1,delta=1,noexec
    19                           	psect	maintext,global,class=CODE,merge=1,split=1,delta=2
    20                           	psect	text1,local,class=CODE,merge=1,delta=2
    21                           	psect	text2,local,class=CODE,merge=1,delta=2
    22                           	psect	text3,local,class=CODE,merge=1,delta=2
    23                           	psect	text4,local,class=CODE,merge=1,delta=2
    24                           	psect	text5,local,class=CODE,merge=1,delta=2,group=1
    25                           	psect	text6,local,class=CODE,merge=1,delta=2,group=1
    26                           	psect	text7,local,class=CODE,merge=1,delta=2,group=1
    27                           	psect	text8,local,class=CODE,merge=1,delta=2,group=1
    28                           	psect	text9,local,class=CODE,merge=1,delta=2,group=1
    29                           	psect	text10,local,class=CODE,merge=1,delta=2
    30                           	psect	text11,local,class=CODE,merge=1,delta=2
    31                           	psect	text12,local,class=CODE,merge=1,delta=2
    32                           	psect	text13,local,class=CODE,merge=1,delta=2
    33                           	psect	text14,local,class=CODE,merge=1,delta=2
    34                           	psect	text15,local,class=CODE,merge=1,delta=2
    35                           	psect	text16,local,class=CODE,merge=1,delta=2
    36                           	psect	text17,local,class=CODE,merge=1,delta=2
    37                           	psect	text18,local,class=CODE,merge=1,delta=2
    38                           	psect	text19,local,class=CODE,merge=1,delta=2
    39                           	psect	text20,local,class=CODE,merge=1,delta=2
    40                           	psect	text21,local,class=CODE,merge=1,delta=2
    41                           	psect	text22,local,class=CODE,merge=1,delta=2
    42                           	psect	text23,local,class=CODE,merge=1,inline,delta=2
    43                           	psect	text24,local,class=CODE,merge=1,inline,delta=2
    44                           	psect	text25,local,class=CODE,merge=1,delta=2
    45                           	psect	text26,local,class=CODE,merge=1,delta=2
    46                           	psect	text27,local,class=CODE,merge=1,delta=2
    47                           	psect	text28,local,class=CODE,merge=1,delta=2
    48                           	psect	text29,local,class=CODE,merge=1,inline,delta=2
    49                           	psect	text30,local,class=CODE,merge=1,inline,delta=2
    50                           	psect	text31,local,class=CODE,merge=1,delta=2
    51                           	psect	text32,local,class=CODE,merge=1,delta=2
    52                           	psect	text33,local,class=CODE,merge=1,delta=2
    53                           	psect	text34,local,class=CODE,merge=1,delta=2
    54                           	psect	text35,local,class=CODE,merge=1,delta=2
    55                           	psect	text36,local,class=CODE,merge=1,delta=2,group=1
    56                           	psect	text37,local,class=CODE,merge=1,delta=2,group=1
    57                           	psect	text38,local,class=CODE,merge=1,delta=2,group=1
    58                           	psect	text39,local,class=CODE,merge=1,delta=2
    59                           	psect	text40,local,class=CODE,merge=1,delta=2,group=1
    60                           	psect	intentry,global,class=CODE,delta=2
    61                           	psect	text42,local,class=CODE,merge=1,delta=2
    62                           	psect	text43,local,class=CODE,merge=1,delta=2
    63                           	psect	text44,local,class=CODE,merge=1,delta=2
    64                           	psect	text45,local,class=CODE,merge=1,delta=2
    65                           	psect	text46,local,class=CODE,merge=1,delta=2
    66                           	psect	text47,local,class=CODE,merge=1,delta=2
    67                           	psect	text48,local,class=CODE,merge=1,delta=2
    68                           	psect	text49,local,class=CODE,merge=1,delta=2
    69                           	psect	text50,local,class=CODE,merge=1,inline,delta=2
    70                           	psect	text51,local,class=CODE,merge=1,inline,delta=2
    71                           	psect	text52,local,class=CODE,merge=1,delta=2
    72                           	psect	text53,local,class=CODE,merge=1,delta=2
    73                           	psect	text54,local,class=CODE,merge=1,delta=2
    74                           	psect	text55,local,class=CODE,merge=1,delta=2
    75                           	psect	text56,local,class=CODE,merge=1,delta=2
    76                           	psect	text57,local,class=CODE,merge=1,inline,delta=2
    77                           	psect	text58,local,class=CODE,merge=1,inline,delta=2
    78                           	psect	text59,local,class=CODE,merge=1,inline,delta=2
    79                           	psect	text60,local,class=CODE,merge=1,inline,delta=2
    80                           	psect	text61,local,class=CODE,merge=1,inline,delta=2
    81                           	psect	text62,local,class=CODE,merge=1,delta=2
    82                           	psect	text63,local,class=CODE,merge=1,delta=2
    83                           	psect	text64,local,class=CODE,merge=1,delta=2
    84                           	psect	text65,local,class=CODE,merge=1,delta=2
    85                           	psect	text66,local,class=CODE,merge=1,inline,delta=2
    86                           	psect	idloc,global,abs,ovrld,class=IDLOC,space=5,delta=2,noexec
    87                           	psect	config,global,abs,ovrld,class=CONFIG,space=4,delta=2,noexec
    88                           	dabs	1,0xCA0,32
    89                           	dabs	1,0xC20,80
    90                           	dabs	1,0xBA0,80
    91                           	dabs	1,0xB20,80
    92                           	dabs	1,0xAC0,48
    93                           	dabs	1,0x26B0,0,_Line_Data
    94                           	dabs	1,0x7E,2
    95     0000                     
    96                           ; Generated 21/06/2023 GMT
    97                           ; 
    98                           ; Copyright © 2023, Microchip Technology Inc. and its subsidiaries ("Microchip")
    99                           ; All rights reserved.
   100                           ; 
   101                           ; This software is developed by Microchip Technology Inc. and its subsidiaries ("Microch
      +                          ip").
   102                           ; 
   103                           ; Redistribution and use in source and binary forms, with or without modification, are
   104                           ; permitted provided that the following conditions are met:
   105                           ; 
   106                           ;     1. Redistributions of source code must retain the above copyright notice, this lis
      +                          t of
   107                           ;        conditions and the following disclaimer.
   108                           ; 
   109                           ;     2. Redistributions in binary form must reproduce the above copyright notice, this 
      +                          list
   110                           ;        of conditions and the following disclaimer in the documentation and/or other
   111                           ;        materials provided with the distribution. Publication is not required when
   112                           ;        this file is used in an embedded application.
   113                           ; 
   114                           ;     3. Microchip's name may not be used to endorse or promote products derived from th
      +                          is
   115                           ;        software without specific prior written permission.
   116                           ; 
   117                           ; THIS SOFTWARE IS PROVIDED BY MICROCHIP "AS IS" AND ANY EXPRESS OR IMPLIED WARRANTIES,
   118                           ; INCLUDING, BUT NOT LIMITED TO, THE IMPLIED WARRANTIES OF MERCHANTABILITY AND FITNESS F
      +                          OR
   119                           ; PURPOSE ARE DISCLAIMED.  IN NO EVENT SHALL MICROCHIP BE LIABLE FOR ANY DIRECT, INDIREC
      +                          T,
   120                           ; INCIDENTAL, SPECIAL, EXEMPLARY, OR CONSEQUENTIAL DAMAGES (INCLUDING BUT NOT LIMITED TO
   121                           ; PROCUREMENT OF SUBSTITUTE GOODS OR SERVICES; LOSS OF USE, DATA OR PROFITS; OR BUSINESS
   122                           ; INTERRUPTION) HOWSOEVER CAUSED AND ON ANY THEORY OF LIABILITY, WHETHER IN CONTRACT, ST
      +                          RICT
   123                           ; LIABILITY, OR TORT (INCLUDING NEGLIGENCE OR OTHERWISE) ARISING IN ANY WAY OUT OF THE U
      +                          SE OF
   124                           ; THIS SOFTWARE, EVEN IF ADVISED OF THE POSSIBILITY OF SUCH DAMAGE.
   125                           ; 
   126                           ; 
   127                           ; Code-generator required, PIC16LF18326 Definitions
   128                           ; 
   129                           ; SFR Addresses
   130     0000                     	;# 
   131     0001                     	;# 
   132     0002                     	;# 
   133     0003                     	;# 
   134     0004                     	;# 
   135     0005                     	;# 
   136     0006                     	;# 
   137     0007                     	;# 
   138     0008                     	;# 
   139     0009                     	;# 
   140     000A                     	;# 
   141     000B                     	;# 
   142     000C                     	;# 
   143     000E                     	;# 
   144     0010                     	;# 
   145     0011                     	;# 
   146     0012                     	;# 
   147     0013                     	;# 
   148     0014                     	;# 
   149     0015                     	;# 
   150     0015                     	;# 
   151     0016                     	;# 
   152     0016                     	;# 
   153     0017                     	;# 
   154     0018                     	;# 
   155     0019                     	;# 
   156     0019                     	;# 
   157     001A                     	;# 
   158     001B                     	;# 
   159     001C                     	;# 
   160     001D                     	;# 
   161     001E                     	;# 
   162     001F                     	;# 
   163     008C                     	;# 
   164     008E                     	;# 
   165     0090                     	;# 
   166     0091                     	;# 
   167     0092                     	;# 
   168     0093                     	;# 
   169     0094                     	;# 
   170     0097                     	;# 
   171     009B                     	;# 
   172     009B                     	;# 
   173     009C                     	;# 
   174     009D                     	;# 
   175     009E                     	;# 
   176     009F                     	;# 
   177     010C                     	;# 
   178     010E                     	;# 
   179     0111                     	;# 
   180     0112                     	;# 
   181     0113                     	;# 
   182     0114                     	;# 
   183     0115                     	;# 
   184     0116                     	;# 
   185     0117                     	;# 
   186     0118                     	;# 
   187     0119                     	;# 
   188     018C                     	;# 
   189     018E                     	;# 
   190     0199                     	;# 
   191     0199                     	;# 
   192     0199                     	;# 
   193     019A                     	;# 
   194     019A                     	;# 
   195     019A                     	;# 
   196     019B                     	;# 
   197     019B                     	;# 
   198     019B                     	;# 
   199     019B                     	;# 
   200     019B                     	;# 
   201     019C                     	;# 
   202     019C                     	;# 
   203     019C                     	;# 
   204     019D                     	;# 
   205     019D                     	;# 
   206     019D                     	;# 
   207     019E                     	;# 
   208     019E                     	;# 
   209     019E                     	;# 
   210     019F                     	;# 
   211     019F                     	;# 
   212     019F                     	;# 
   213     019F                     	;# 
   214     019F                     	;# 
   215     020C                     	;# 
   216     020E                     	;# 
   217     0211                     	;# 
   218     0211                     	;# 
   219     0212                     	;# 
   220     0212                     	;# 
   221     0213                     	;# 
   222     0213                     	;# 
   223     0214                     	;# 
   224     0214                     	;# 
   225     0215                     	;# 
   226     0215                     	;# 
   227     0215                     	;# 
   228     0215                     	;# 
   229     0216                     	;# 
   230     0216                     	;# 
   231     0217                     	;# 
   232     0217                     	;# 
   233     0219                     	;# 
   234     021A                     	;# 
   235     021B                     	;# 
   236     021C                     	;# 
   237     021D                     	;# 
   238     021D                     	;# 
   239     021E                     	;# 
   240     021F                     	;# 
   241     028C                     	;# 
   242     028E                     	;# 
   243     0291                     	;# 
   244     0291                     	;# 
   245     0292                     	;# 
   246     0293                     	;# 
   247     0294                     	;# 
   248     0295                     	;# 
   249     0295                     	;# 
   250     0296                     	;# 
   251     0297                     	;# 
   252     0298                     	;# 
   253     029F                     	;# 
   254     030C                     	;# 
   255     030E                     	;# 
   256     0311                     	;# 
   257     0311                     	;# 
   258     0312                     	;# 
   259     0313                     	;# 
   260     0314                     	;# 
   261     0315                     	;# 
   262     0315                     	;# 
   263     0316                     	;# 
   264     0317                     	;# 
   265     0318                     	;# 
   266     038C                     	;# 
   267     038E                     	;# 
   268     0391                     	;# 
   269     0392                     	;# 
   270     0393                     	;# 
   271     0397                     	;# 
   272     0398                     	;# 
   273     0399                     	;# 
   274     039A                     	;# 
   275     039C                     	;# 
   276     039D                     	;# 
   277     039E                     	;# 
   278     039F                     	;# 
   279     0411                     	;# 
   280     0411                     	;# 
   281     0412                     	;# 
   282     0413                     	;# 
   283     0414                     	;# 
   284     0415                     	;# 
   285     0416                     	;# 
   286     0417                     	;# 
   287     0418                     	;# 
   288     0418                     	;# 
   289     0419                     	;# 
   290     041A                     	;# 
   291     041B                     	;# 
   292     041C                     	;# 
   293     041D                     	;# 
   294     041E                     	;# 
   295     041F                     	;# 
   296     0498                     	;# 
   297     0498                     	;# 
   298     0499                     	;# 
   299     049A                     	;# 
   300     049B                     	;# 
   301     049B                     	;# 
   302     049C                     	;# 
   303     049D                     	;# 
   304     049E                     	;# 
   305     049F                     	;# 
   306     0617                     	;# 
   307     0618                     	;# 
   308     0619                     	;# 
   309     0619                     	;# 
   310     061A                     	;# 
   311     061B                     	;# 
   312     061C                     	;# 
   313     061C                     	;# 
   314     061F                     	;# 
   315     0691                     	;# 
   316     0692                     	;# 
   317     0693                     	;# 
   318     0694                     	;# 
   319     0695                     	;# 
   320     0696                     	;# 
   321     0697                     	;# 
   322     0698                     	;# 
   323     0699                     	;# 
   324     0711                     	;# 
   325     0712                     	;# 
   326     0713                     	;# 
   327     0714                     	;# 
   328     0715                     	;# 
   329     0716                     	;# 
   330     0717                     	;# 
   331     0718                     	;# 
   332     0719                     	;# 
   333     0891                     	;# 
   334     0891                     	;# 
   335     0891                     	;# 
   336     0891                     	;# 
   337     0891                     	;# 
   338     0891                     	;# 
   339     0892                     	;# 
   340     0892                     	;# 
   341     0892                     	;# 
   342     0893                     	;# 
   343     0893                     	;# 
   344     0893                     	;# 
   345     0893                     	;# 
   346     0893                     	;# 
   347     0893                     	;# 
   348     0894                     	;# 
   349     0894                     	;# 
   350     0894                     	;# 
   351     0895                     	;# 
   352     0895                     	;# 
   353     0895                     	;# 
   354     0896                     	;# 
   355     0896                     	;# 
   356     0896                     	;# 
   357     089B                     	;# 
   358     0911                     	;# 
   359     0912                     	;# 
   360     0913                     	;# 
   361     0914                     	;# 
   362     0915                     	;# 
   363     0916                     	;# 
   364     0918                     	;# 
   365     0919                     	;# 
   366     091A                     	;# 
   367     091B                     	;# 
   368     091C                     	;# 
   369     091D                     	;# 
   370     091E                     	;# 
   371     091F                     	;# 
   372     0E0F                     	;# 
   373     0E10                     	;# 
   374     0E11                     	;# 
   375     0E12                     	;# 
   376     0E13                     	;# 
   377     0E14                     	;# 
   378     0E15                     	;# 
   379     0E16                     	;# 
   380     0E17                     	;# 
   381     0E18                     	;# 
   382     0E19                     	;# 
   383     0E1A                     	;# 
   384     0E1B                     	;# 
   385     0E1C                     	;# 
   386     0E1D                     	;# 
   387     0E1E                     	;# 
   388     0E1F                     	;# 
   389     0E20                     	;# 
   390     0E21                     	;# 
   391     0E22                     	;# 
   392     0E24                     	;# 
   393     0E25                     	;# 
   394     0E28                     	;# 
   395     0E29                     	;# 
   396     0E2A                     	;# 
   397     0E2B                     	;# 
   398     0E2C                     	;# 
   399     0E2D                     	;# 
   400     0E2E                     	;# 
   401     0E2F                     	;# 
   402     0E90                     	;# 
   403     0E91                     	;# 
   404     0E92                     	;# 
   405     0E94                     	;# 
   406     0E95                     	;# 
   407     0EA0                     	;# 
   408     0EA1                     	;# 
   409     0EA2                     	;# 
   410     0EA3                     	;# 
   411     0EA4                     	;# 
   412     0EA5                     	;# 
   413     0F0F                     	;# 
   414     0F10                     	;# 
   415     0F11                     	;# 
   416     0F12                     	;# 
   417     0F13                     	;# 
   418     0F14                     	;# 
   419     0F15                     	;# 
   420     0F16                     	;# 
   421     0F17                     	;# 
   422     0F18                     	;# 
   423     0F19                     	;# 
   424     0F1A                     	;# 
   425     0F1B                     	;# 
   426     0F1C                     	;# 
   427     0F1D                     	;# 
   428     0F1E                     	;# 
   429     0F1F                     	;# 
   430     0F20                     	;# 
   431     0F21                     	;# 
   432     0F22                     	;# 
   433     0F23                     	;# 
   434     0F24                     	;# 
   435     0F25                     	;# 
   436     0F26                     	;# 
   437     0F27                     	;# 
   438     0F28                     	;# 
   439     0F29                     	;# 
   440     0F2A                     	;# 
   441     0F2B                     	;# 
   442     0F2C                     	;# 
   443     0F2D                     	;# 
   444     0F2E                     	;# 
   445     0F2F                     	;# 
   446     0F30                     	;# 
   447     0F31                     	;# 
   448     0F32                     	;# 
   449     0F33                     	;# 
   450     0F34                     	;# 
   451     0F35                     	;# 
   452     0F36                     	;# 
   453     0F37                     	;# 
   454     0FE4                     	;# 
   455     0FE5                     	;# 
   456     0FE6                     	;# 
   457     0FE7                     	;# 
   458     0FE8                     	;# 
   459     0FE9                     	;# 
   460     0FEA                     	;# 
   461     0FEB                     	;# 
   462     0FED                     	;# 
   463     0FEE                     	;# 
   464     0FEF                     	;# 
   465     0000                     	;# 
   466     0001                     	;# 
   467     0002                     	;# 
   468     0003                     	;# 
   469     0004                     	;# 
   470     0005                     	;# 
   471     0006                     	;# 
   472     0007                     	;# 
   473     0008                     	;# 
   474     0009                     	;# 
   475     000A                     	;# 
   476     000B                     	;# 
   477     000C                     	;# 
   478     000E                     	;# 
   479     0010                     	;# 
   480     0011                     	;# 
   481     0012                     	;# 
   482     0013                     	;# 
   483     0014                     	;# 
   484     0015                     	;# 
   485     0015                     	;# 
   486     0016                     	;# 
   487     0016                     	;# 
   488     0017                     	;# 
   489     0018                     	;# 
   490     0019                     	;# 
   491     0019                     	;# 
   492     001A                     	;# 
   493     001B                     	;# 
   494     001C                     	;# 
   495     001D                     	;# 
   496     001E                     	;# 
   497     001F                     	;# 
   498     008C                     	;# 
   499     008E                     	;# 
   500     0090                     	;# 
   501     0091                     	;# 
   502     0092                     	;# 
   503     0093                     	;# 
   504     0094                     	;# 
   505     0097                     	;# 
   506     009B                     	;# 
   507     009B                     	;# 
   508     009C                     	;# 
   509     009D                     	;# 
   510     009E                     	;# 
   511     009F                     	;# 
   512     010C                     	;# 
   513     010E                     	;# 
   514     0111                     	;# 
   515     0112                     	;# 
   516     0113                     	;# 
   517     0114                     	;# 
   518     0115                     	;# 
   519     0116                     	;# 
   520     0117                     	;# 
   521     0118                     	;# 
   522     0119                     	;# 
   523     018C                     	;# 
   524     018E                     	;# 
   525     0199                     	;# 
   526     0199                     	;# 
   527     0199                     	;# 
   528     019A                     	;# 
   529     019A                     	;# 
   530     019A                     	;# 
   531     019B                     	;# 
   532     019B                     	;# 
   533     019B                     	;# 
   534     019B                     	;# 
   535     019B                     	;# 
   536     019C                     	;# 
   537     019C                     	;# 
   538     019C                     	;# 
   539     019D                     	;# 
   540     019D                     	;# 
   541     019D                     	;# 
   542     019E                     	;# 
   543     019E                     	;# 
   544     019E                     	;# 
   545     019F                     	;# 
   546     019F                     	;# 
   547     019F                     	;# 
   548     019F                     	;# 
   549     019F                     	;# 
   550     020C                     	;# 
   551     020E                     	;# 
   552     0211                     	;# 
   553     0211                     	;# 
   554     0212                     	;# 
   555     0212                     	;# 
   556     0213                     	;# 
   557     0213                     	;# 
   558     0214                     	;# 
   559     0214                     	;# 
   560     0215                     	;# 
   561     0215                     	;# 
   562     0215                     	;# 
   563     0215                     	;# 
   564     0216                     	;# 
   565     0216                     	;# 
   566     0217                     	;# 
   567     0217                     	;# 
   568     0219                     	;# 
   569     021A                     	;# 
   570     021B                     	;# 
   571     021C                     	;# 
   572     021D                     	;# 
   573     021D                     	;# 
   574     021E                     	;# 
   575     021F                     	;# 
   576     028C                     	;# 
   577     028E                     	;# 
   578     0291                     	;# 
   579     0291                     	;# 
   580     0292                     	;# 
   581     0293                     	;# 
   582     0294                     	;# 
   583     0295                     	;# 
   584     0295                     	;# 
   585     0296                     	;# 
   586     0297                     	;# 
   587     0298                     	;# 
   588     029F                     	;# 
   589     030C                     	;# 
   590     030E                     	;# 
   591     0311                     	;# 
   592     0311                     	;# 
   593     0312                     	;# 
   594     0313                     	;# 
   595     0314                     	;# 
   596     0315                     	;# 
   597     0315                     	;# 
   598     0316                     	;# 
   599     0317                     	;# 
   600     0318                     	;# 
   601     038C                     	;# 
   602     038E                     	;# 
   603     0391                     	;# 
   604     0392                     	;# 
   605     0393                     	;# 
   606     0397                     	;# 
   607     0398                     	;# 
   608     0399                     	;# 
   609     039A                     	;# 
   610     039C                     	;# 
   611     039D                     	;# 
   612     039E                     	;# 
   613     039F                     	;# 
   614     0411                     	;# 
   615     0411                     	;# 
   616     0412                     	;# 
   617     0413                     	;# 
   618     0414                     	;# 
   619     0415                     	;# 
   620     0416                     	;# 
   621     0417                     	;# 
   622     0418                     	;# 
   623     0418                     	;# 
   624     0419                     	;# 
   625     041A                     	;# 
   626     041B                     	;# 
   627     041C                     	;# 
   628     041D                     	;# 
   629     041E                     	;# 
   630     041F                     	;# 
   631     0498                     	;# 
   632     0498                     	;# 
   633     0499                     	;# 
   634     049A                     	;# 
   635     049B                     	;# 
   636     049B                     	;# 
   637     049C                     	;# 
   638     049D                     	;# 
   639     049E                     	;# 
   640     049F                     	;# 
   641     0617                     	;# 
   642     0618                     	;# 
   643     0619                     	;# 
   644     0619                     	;# 
   645     061A                     	;# 
   646     061B                     	;# 
   647     061C                     	;# 
   648     061C                     	;# 
   649     061F                     	;# 
   650     0691                     	;# 
   651     0692                     	;# 
   652     0693                     	;# 
   653     0694                     	;# 
   654     0695                     	;# 
   655     0696                     	;# 
   656     0697                     	;# 
   657     0698                     	;# 
   658     0699                     	;# 
   659     0711                     	;# 
   660     0712                     	;# 
   661     0713                     	;# 
   662     0714                     	;# 
   663     0715                     	;# 
   664     0716                     	;# 
   665     0717                     	;# 
   666     0718                     	;# 
   667     0719                     	;# 
   668     0891                     	;# 
   669     0891                     	;# 
   670     0891                     	;# 
   671     0891                     	;# 
   672     0891                     	;# 
   673     0891                     	;# 
   674     0892                     	;# 
   675     0892                     	;# 
   676     0892                     	;# 
   677     0893                     	;# 
   678     0893                     	;# 
   679     0893                     	;# 
   680     0893                     	;# 
   681     0893                     	;# 
   682     0893                     	;# 
   683     0894                     	;# 
   684     0894                     	;# 
   685     0894                     	;# 
   686     0895                     	;# 
   687     0895                     	;# 
   688     0895                     	;# 
   689     0896                     	;# 
   690     0896                     	;# 
   691     0896                     	;# 
   692     089B                     	;# 
   693     0911                     	;# 
   694     0912                     	;# 
   695     0913                     	;# 
   696     0914                     	;# 
   697     0915                     	;# 
   698     0916                     	;# 
   699     0918                     	;# 
   700     0919                     	;# 
   701     091A                     	;# 
   702     091B                     	;# 
   703     091C                     	;# 
   704     091D                     	;# 
   705     091E                     	;# 
   706     091F                     	;# 
   707     0E0F                     	;# 
   708     0E10                     	;# 
   709     0E11                     	;# 
   710     0E12                     	;# 
   711     0E13                     	;# 
   712     0E14                     	;# 
   713     0E15                     	;# 
   714     0E16                     	;# 
   715     0E17                     	;# 
   716     0E18                     	;# 
   717     0E19                     	;# 
   718     0E1A                     	;# 
   719     0E1B                     	;# 
   720     0E1C                     	;# 
   721     0E1D                     	;# 
   722     0E1E                     	;# 
   723     0E1F                     	;# 
   724     0E20                     	;# 
   725     0E21                     	;# 
   726     0E22                     	;# 
   727     0E24                     	;# 
   728     0E25                     	;# 
   729     0E28                     	;# 
   730     0E29                     	;# 
   731     0E2A                     	;# 
   732     0E2B                     	;# 
   733     0E2C                     	;# 
   734     0E2D                     	;# 
   735     0E2E                     	;# 
   736     0E2F                     	;# 
   737     0E90                     	;# 
   738     0E91                     	;# 
   739     0E92                     	;# 
   740     0E94                     	;# 
   741     0E95                     	;# 
   742     0EA0                     	;# 
   743     0EA1                     	;# 
   744     0EA2                     	;# 
   745     0EA3                     	;# 
   746     0EA4                     	;# 
   747     0EA5                     	;# 
   748     0F0F                     	;# 
   749     0F10                     	;# 
   750     0F11                     	;# 
   751     0F12                     	;# 
   752     0F13                     	;# 
   753     0F14                     	;# 
   754     0F15                     	;# 
   755     0F16                     	;# 
   756     0F17                     	;# 
   757     0F18                     	;# 
   758     0F19                     	;# 
   759     0F1A                     	;# 
   760     0F1B                     	;# 
   761     0F1C                     	;# 
   762     0F1D                     	;# 
   763     0F1E                     	;# 
   764     0F1F                     	;# 
   765     0F20                     	;# 
   766     0F21                     	;# 
   767     0F22                     	;# 
   768     0F23                     	;# 
   769     0F24                     	;# 
   770     0F25                     	;# 
   771     0F26                     	;# 
   772     0F27                     	;# 
   773     0F28                     	;# 
   774     0F29                     	;# 
   775     0F2A                     	;# 
   776     0F2B                     	;# 
   777     0F2C                     	;# 
   778     0F2D                     	;# 
   779     0F2E                     	;# 
   780     0F2F                     	;# 
   781     0F30                     	;# 
   782     0F31                     	;# 
   783     0F32                     	;# 
   784     0F33                     	;# 
   785     0F34                     	;# 
   786     0F35                     	;# 
   787     0F36                     	;# 
   788     0F37                     	;# 
   789     0FE4                     	;# 
   790     0FE5                     	;# 
   791     0FE6                     	;# 
   792     0FE7                     	;# 
   793     0FE8                     	;# 
   794     0FE9                     	;# 
   795     0FEA                     	;# 
   796     0FEB                     	;# 
   797     0FED                     	;# 
   798     0FEE                     	;# 
   799     0FEF                     	;# 
   800     0000                     	;# 
   801     0001                     	;# 
   802     0002                     	;# 
   803     0003                     	;# 
   804     0004                     	;# 
   805     0005                     	;# 
   806     0006                     	;# 
   807     0007                     	;# 
   808     0008                     	;# 
   809     0009                     	;# 
   810     000A                     	;# 
   811     000B                     	;# 
   812     000C                     	;# 
   813     000E                     	;# 
   814     0010                     	;# 
   815     0011                     	;# 
   816     0012                     	;# 
   817     0013                     	;# 
   818     0014                     	;# 
   819     0015                     	;# 
   820     0015                     	;# 
   821     0016                     	;# 
   822     0016                     	;# 
   823     0017                     	;# 
   824     0018                     	;# 
   825     0019                     	;# 
   826     0019                     	;# 
   827     001A                     	;# 
   828     001B                     	;# 
   829     001C                     	;# 
   830     001D                     	;# 
   831     001E                     	;# 
   832     001F                     	;# 
   833     008C                     	;# 
   834     008E                     	;# 
   835     0090                     	;# 
   836     0091                     	;# 
   837     0092                     	;# 
   838     0093                     	;# 
   839     0094                     	;# 
   840     0097                     	;# 
   841     009B                     	;# 
   842     009B                     	;# 
   843     009C                     	;# 
   844     009D                     	;# 
   845     009E                     	;# 
   846     009F                     	;# 
   847     010C                     	;# 
   848     010E                     	;# 
   849     0111                     	;# 
   850     0112                     	;# 
   851     0113                     	;# 
   852     0114                     	;# 
   853     0115                     	;# 
   854     0116                     	;# 
   855     0117                     	;# 
   856     0118                     	;# 
   857     0119                     	;# 
   858     018C                     	;# 
   859     018E                     	;# 
   860     0199                     	;# 
   861     0199                     	;# 
   862     0199                     	;# 
   863     019A                     	;# 
   864     019A                     	;# 
   865     019A                     	;# 
   866     019B                     	;# 
   867     019B                     	;# 
   868     019B                     	;# 
   869     019B                     	;# 
   870     019B                     	;# 
   871     019C                     	;# 
   872     019C                     	;# 
   873     019C                     	;# 
   874     019D                     	;# 
   875     019D                     	;# 
   876     019D                     	;# 
   877     019E                     	;# 
   878     019E                     	;# 
   879     019E                     	;# 
   880     019F                     	;# 
   881     019F                     	;# 
   882     019F                     	;# 
   883     019F                     	;# 
   884     019F                     	;# 
   885     020C                     	;# 
   886     020E                     	;# 
   887     0211                     	;# 
   888     0211                     	;# 
   889     0212                     	;# 
   890     0212                     	;# 
   891     0213                     	;# 
   892     0213                     	;# 
   893     0214                     	;# 
   894     0214                     	;# 
   895     0215                     	;# 
   896     0215                     	;# 
   897     0215                     	;# 
   898     0215                     	;# 
   899     0216                     	;# 
   900     0216                     	;# 
   901     0217                     	;# 
   902     0217                     	;# 
   903     0219                     	;# 
   904     021A                     	;# 
   905     021B                     	;# 
   906     021C                     	;# 
   907     021D                     	;# 
   908     021D                     	;# 
   909     021E                     	;# 
   910     021F                     	;# 
   911     028C                     	;# 
   912     028E                     	;# 
   913     0291                     	;# 
   914     0291                     	;# 
   915     0292                     	;# 
   916     0293                     	;# 
   917     0294                     	;# 
   918     0295                     	;# 
   919     0295                     	;# 
   920     0296                     	;# 
   921     0297                     	;# 
   922     0298                     	;# 
   923     029F                     	;# 
   924     030C                     	;# 
   925     030E                     	;# 
   926     0311                     	;# 
   927     0311                     	;# 
   928     0312                     	;# 
   929     0313                     	;# 
   930     0314                     	;# 
   931     0315                     	;# 
   932     0315                     	;# 
   933     0316                     	;# 
   934     0317                     	;# 
   935     0318                     	;# 
   936     038C                     	;# 
   937     038E                     	;# 
   938     0391                     	;# 
   939     0392                     	;# 
   940     0393                     	;# 
   941     0397                     	;# 
   942     0398                     	;# 
   943     0399                     	;# 
   944     039A                     	;# 
   945     039C                     	;# 
   946     039D                     	;# 
   947     039E                     	;# 
   948     039F                     	;# 
   949     0411                     	;# 
   950     0411                     	;# 
   951     0412                     	;# 
   952     0413                     	;# 
   953     0414                     	;# 
   954     0415                     	;# 
   955     0416                     	;# 
   956     0417                     	;# 
   957     0418                     	;# 
   958     0418                     	;# 
   959     0419                     	;# 
   960     041A                     	;# 
   961     041B                     	;# 
   962     041C                     	;# 
   963     041D                     	;# 
   964     041E                     	;# 
   965     041F                     	;# 
   966     0498                     	;# 
   967     0498                     	;# 
   968     0499                     	;# 
   969     049A                     	;# 
   970     049B                     	;# 
   971     049B                     	;# 
   972     049C                     	;# 
   973     049D                     	;# 
   974     049E                     	;# 
   975     049F                     	;# 
   976     0617                     	;# 
   977     0618                     	;# 
   978     0619                     	;# 
   979     0619                     	;# 
   980     061A                     	;# 
   981     061B                     	;# 
   982     061C                     	;# 
   983     061C                     	;# 
   984     061F                     	;# 
   985     0691                     	;# 
   986     0692                     	;# 
   987     0693                     	;# 
   988     0694                     	;# 
   989     0695                     	;# 
   990     0696                     	;# 
   991     0697                     	;# 
   992     0698                     	;# 
   993     0699                     	;# 
   994     0711                     	;# 
   995     0712                     	;# 
   996     0713                     	;# 
   997     0714                     	;# 
   998     0715                     	;# 
   999     0716                     	;# 
  1000     0717                     	;# 
  1001     0718                     	;# 
  1002     0719                     	;# 
  1003     0891                     	;# 
  1004     0891                     	;# 
  1005     0891                     	;# 
  1006     0891                     	;# 
  1007     0891                     	;# 
  1008     0891                     	;# 
  1009     0892                     	;# 
  1010     0892                     	;# 
  1011     0892                     	;# 
  1012     0893                     	;# 
  1013     0893                     	;# 
  1014     0893                     	;# 
  1015     0893                     	;# 
  1016     0893                     	;# 
  1017     0893                     	;# 
  1018     0894                     	;# 
  1019     0894                     	;# 
  1020     0894                     	;# 
  1021     0895                     	;# 
  1022     0895                     	;# 
  1023     0895                     	;# 
  1024     0896                     	;# 
  1025     0896                     	;# 
  1026     0896                     	;# 
  1027     089B                     	;# 
  1028     0911                     	;# 
  1029     0912                     	;# 
  1030     0913                     	;# 
  1031     0914                     	;# 
  1032     0915                     	;# 
  1033     0916                     	;# 
  1034     0918                     	;# 
  1035     0919                     	;# 
  1036     091A                     	;# 
  1037     091B                     	;# 
  1038     091C                     	;# 
  1039     091D                     	;# 
  1040     091E                     	;# 
  1041     091F                     	;# 
  1042     0E0F                     	;# 
  1043     0E10                     	;# 
  1044     0E11                     	;# 
  1045     0E12                     	;# 
  1046     0E13                     	;# 
  1047     0E14                     	;# 
  1048     0E15                     	;# 
  1049     0E16                     	;# 
  1050     0E17                     	;# 
  1051     0E18                     	;# 
  1052     0E19                     	;# 
  1053     0E1A                     	;# 
  1054     0E1B                     	;# 
  1055     0E1C                     	;# 
  1056     0E1D                     	;# 
  1057     0E1E                     	;# 
  1058     0E1F                     	;# 
  1059     0E20                     	;# 
  1060     0E21                     	;# 
  1061     0E22                     	;# 
  1062     0E24                     	;# 
  1063     0E25                     	;# 
  1064     0E28                     	;# 
  1065     0E29                     	;# 
  1066     0E2A                     	;# 
  1067     0E2B                     	;# 
  1068     0E2C                     	;# 
  1069     0E2D                     	;# 
  1070     0E2E                     	;# 
  1071     0E2F                     	;# 
  1072     0E90                     	;# 
  1073     0E91                     	;# 
  1074     0E92                     	;# 
  1075     0E94                     	;# 
  1076     0E95                     	;# 
  1077     0EA0                     	;# 
  1078     0EA1                     	;# 
  1079     0EA2                     	;# 
  1080     0EA3                     	;# 
  1081     0EA4                     	;# 
  1082     0EA5                     	;# 
  1083     0F0F                     	;# 
  1084     0F10                     	;# 
  1085     0F11                     	;# 
  1086     0F12                     	;# 
  1087     0F13                     	;# 
  1088     0F14                     	;# 
  1089     0F15                     	;# 
  1090     0F16                     	;# 
  1091     0F17                     	;# 
  1092     0F18                     	;# 
  1093     0F19                     	;# 
  1094     0F1A                     	;# 
  1095     0F1B                     	;# 
  1096     0F1C                     	;# 
  1097     0F1D                     	;# 
  1098     0F1E                     	;# 
  1099     0F1F                     	;# 
  1100     0F20                     	;# 
  1101     0F21                     	;# 
  1102     0F22                     	;# 
  1103     0F23                     	;# 
  1104     0F24                     	;# 
  1105     0F25                     	;# 
  1106     0F26                     	;# 
  1107     0F27                     	;# 
  1108     0F28                     	;# 
  1109     0F29                     	;# 
  1110     0F2A                     	;# 
  1111     0F2B                     	;# 
  1112     0F2C                     	;# 
  1113     0F2D                     	;# 
  1114     0F2E                     	;# 
  1115     0F2F                     	;# 
  1116     0F30                     	;# 
  1117     0F31                     	;# 
  1118     0F32                     	;# 
  1119     0F33                     	;# 
  1120     0F34                     	;# 
  1121     0F35                     	;# 
  1122     0F36                     	;# 
  1123     0F37                     	;# 
  1124     0FE4                     	;# 
  1125     0FE5                     	;# 
  1126     0FE6                     	;# 
  1127     0FE7                     	;# 
  1128     0FE8                     	;# 
  1129     0FE9                     	;# 
  1130     0FEA                     	;# 
  1131     0FEB                     	;# 
  1132     0FED                     	;# 
  1133     0FEE                     	;# 
  1134     0FEF                     	;# 
  1135     0000                     	;# 
  1136     0001                     	;# 
  1137     0002                     	;# 
  1138     0003                     	;# 
  1139     0004                     	;# 
  1140     0005                     	;# 
  1141     0006                     	;# 
  1142     0007                     	;# 
  1143     0008                     	;# 
  1144     0009                     	;# 
  1145     000A                     	;# 
  1146     000B                     	;# 
  1147     000C                     	;# 
  1148     000E                     	;# 
  1149     0010                     	;# 
  1150     0011                     	;# 
  1151     0012                     	;# 
  1152     0013                     	;# 
  1153     0014                     	;# 
  1154     0015                     	;# 
  1155     0015                     	;# 
  1156     0016                     	;# 
  1157     0016                     	;# 
  1158     0017                     	;# 
  1159     0018                     	;# 
  1160     0019                     	;# 
  1161     0019                     	;# 
  1162     001A                     	;# 
  1163     001B                     	;# 
  1164     001C                     	;# 
  1165     001D                     	;# 
  1166     001E                     	;# 
  1167     001F                     	;# 
  1168     008C                     	;# 
  1169     008E                     	;# 
  1170     0090                     	;# 
  1171     0091                     	;# 
  1172     0092                     	;# 
  1173     0093                     	;# 
  1174     0094                     	;# 
  1175     0097                     	;# 
  1176     009B                     	;# 
  1177     009B                     	;# 
  1178     009C                     	;# 
  1179     009D                     	;# 
  1180     009E                     	;# 
  1181     009F                     	;# 
  1182     010C                     	;# 
  1183     010E                     	;# 
  1184     0111                     	;# 
  1185     0112                     	;# 
  1186     0113                     	;# 
  1187     0114                     	;# 
  1188     0115                     	;# 
  1189     0116                     	;# 
  1190     0117                     	;# 
  1191     0118                     	;# 
  1192     0119                     	;# 
  1193     018C                     	;# 
  1194     018E                     	;# 
  1195     0199                     	;# 
  1196     0199                     	;# 
  1197     0199                     	;# 
  1198     019A                     	;# 
  1199     019A                     	;# 
  1200     019A                     	;# 
  1201     019B                     	;# 
  1202     019B                     	;# 
  1203     019B                     	;# 
  1204     019B                     	;# 
  1205     019B                     	;# 
  1206     019C                     	;# 
  1207     019C                     	;# 
  1208     019C                     	;# 
  1209     019D                     	;# 
  1210     019D                     	;# 
  1211     019D                     	;# 
  1212     019E                     	;# 
  1213     019E                     	;# 
  1214     019E                     	;# 
  1215     019F                     	;# 
  1216     019F                     	;# 
  1217     019F                     	;# 
  1218     019F                     	;# 
  1219     019F                     	;# 
  1220     020C                     	;# 
  1221     020E                     	;# 
  1222     0211                     	;# 
  1223     0211                     	;# 
  1224     0212                     	;# 
  1225     0212                     	;# 
  1226     0213                     	;# 
  1227     0213                     	;# 
  1228     0214                     	;# 
  1229     0214                     	;# 
  1230     0215                     	;# 
  1231     0215                     	;# 
  1232     0215                     	;# 
  1233     0215                     	;# 
  1234     0216                     	;# 
  1235     0216                     	;# 
  1236     0217                     	;# 
  1237     0217                     	;# 
  1238     0219                     	;# 
  1239     021A                     	;# 
  1240     021B                     	;# 
  1241     021C                     	;# 
  1242     021D                     	;# 
  1243     021D                     	;# 
  1244     021E                     	;# 
  1245     021F                     	;# 
  1246     028C                     	;# 
  1247     028E                     	;# 
  1248     0291                     	;# 
  1249     0291                     	;# 
  1250     0292                     	;# 
  1251     0293                     	;# 
  1252     0294                     	;# 
  1253     0295                     	;# 
  1254     0295                     	;# 
  1255     0296                     	;# 
  1256     0297                     	;# 
  1257     0298                     	;# 
  1258     029F                     	;# 
  1259     030C                     	;# 
  1260     030E                     	;# 
  1261     0311                     	;# 
  1262     0311                     	;# 
  1263     0312                     	;# 
  1264     0313                     	;# 
  1265     0314                     	;# 
  1266     0315                     	;# 
  1267     0315                     	;# 
  1268     0316                     	;# 
  1269     0317                     	;# 
  1270     0318                     	;# 
  1271     038C                     	;# 
  1272     038E                     	;# 
  1273     0391                     	;# 
  1274     0392                     	;# 
  1275     0393                     	;# 
  1276     0397                     	;# 
  1277     0398                     	;# 
  1278     0399                     	;# 
  1279     039A                     	;# 
  1280     039C                     	;# 
  1281     039D                     	;# 
  1282     039E                     	;# 
  1283     039F                     	;# 
  1284     0411                     	;# 
  1285     0411                     	;# 
  1286     0412                     	;# 
  1287     0413                     	;# 
  1288     0414                     	;# 
  1289     0415                     	;# 
  1290     0416                     	;# 
  1291     0417                     	;# 
  1292     0418                     	;# 
  1293     0418                     	;# 
  1294     0419                     	;# 
  1295     041A                     	;# 
  1296     041B                     	;# 
  1297     041C                     	;# 
  1298     041D                     	;# 
  1299     041E                     	;# 
  1300     041F                     	;# 
  1301     0498                     	;# 
  1302     0498                     	;# 
  1303     0499                     	;# 
  1304     049A                     	;# 
  1305     049B                     	;# 
  1306     049B                     	;# 
  1307     049C                     	;# 
  1308     049D                     	;# 
  1309     049E                     	;# 
  1310     049F                     	;# 
  1311     0617                     	;# 
  1312     0618                     	;# 
  1313     0619                     	;# 
  1314     0619                     	;# 
  1315     061A                     	;# 
  1316     061B                     	;# 
  1317     061C                     	;# 
  1318     061C                     	;# 
  1319     061F                     	;# 
  1320     0691                     	;# 
  1321     0692                     	;# 
  1322     0693                     	;# 
  1323     0694                     	;# 
  1324     0695                     	;# 
  1325     0696                     	;# 
  1326     0697                     	;# 
  1327     0698                     	;# 
  1328     0699                     	;# 
  1329     0711                     	;# 
  1330     0712                     	;# 
  1331     0713                     	;# 
  1332     0714                     	;# 
  1333     0715                     	;# 
  1334     0716                     	;# 
  1335     0717                     	;# 
  1336     0718                     	;# 
  1337     0719                     	;# 
  1338     0891                     	;# 
  1339     0891                     	;# 
  1340     0891                     	;# 
  1341     0891                     	;# 
  1342     0891                     	;# 
  1343     0891                     	;# 
  1344     0892                     	;# 
  1345     0892                     	;# 
  1346     0892                     	;# 
  1347     0893                     	;# 
  1348     0893                     	;# 
  1349     0893                     	;# 
  1350     0893                     	;# 
  1351     0893                     	;# 
  1352     0893                     	;# 
  1353     0894                     	;# 
  1354     0894                     	;# 
  1355     0894                     	;# 
  1356     0895                     	;# 
  1357     0895                     	;# 
  1358     0895                     	;# 
  1359     0896                     	;# 
  1360     0896                     	;# 
  1361     0896                     	;# 
  1362     089B                     	;# 
  1363     0911                     	;# 
  1364     0912                     	;# 
  1365     0913                     	;# 
  1366     0914                     	;# 
  1367     0915                     	;# 
  1368     0916                     	;# 
  1369     0918                     	;# 
  1370     0919                     	;# 
  1371     091A                     	;# 
  1372     091B                     	;# 
  1373     091C                     	;# 
  1374     091D                     	;# 
  1375     091E                     	;# 
  1376     091F                     	;# 
  1377     0E0F                     	;# 
  1378     0E10                     	;# 
  1379     0E11                     	;# 
  1380     0E12                     	;# 
  1381     0E13                     	;# 
  1382     0E14                     	;# 
  1383     0E15                     	;# 
  1384     0E16                     	;# 
  1385     0E17                     	;# 
  1386     0E18                     	;# 
  1387     0E19                     	;# 
  1388     0E1A                     	;# 
  1389     0E1B                     	;# 
  1390     0E1C                     	;# 
  1391     0E1D                     	;# 
  1392     0E1E                     	;# 
  1393     0E1F                     	;# 
  1394     0E20                     	;# 
  1395     0E21                     	;# 
  1396     0E22                     	;# 
  1397     0E24                     	;# 
  1398     0E25                     	;# 
  1399     0E28                     	;# 
  1400     0E29                     	;# 
  1401     0E2A                     	;# 
  1402     0E2B                     	;# 
  1403     0E2C                     	;# 
  1404     0E2D                     	;# 
  1405     0E2E                     	;# 
  1406     0E2F                     	;# 
  1407     0E90                     	;# 
  1408     0E91                     	;# 
  1409     0E92                     	;# 
  1410     0E94                     	;# 
  1411     0E95                     	;# 
  1412     0EA0                     	;# 
  1413     0EA1                     	;# 
  1414     0EA2                     	;# 
  1415     0EA3                     	;# 
  1416     0EA4                     	;# 
  1417     0EA5                     	;# 
  1418     0F0F                     	;# 
  1419     0F10                     	;# 
  1420     0F11                     	;# 
  1421     0F12                     	;# 
  1422     0F13                     	;# 
  1423     0F14                     	;# 
  1424     0F15                     	;# 
  1425     0F16                     	;# 
  1426     0F17                     	;# 
  1427     0F18                     	;# 
  1428     0F19                     	;# 
  1429     0F1A                     	;# 
  1430     0F1B                     	;# 
  1431     0F1C                     	;# 
  1432     0F1D                     	;# 
  1433     0F1E                     	;# 
  1434     0F1F                     	;# 
  1435     0F20                     	;# 
  1436     0F21                     	;# 
  1437     0F22                     	;# 
  1438     0F23                     	;# 
  1439     0F24                     	;# 
  1440     0F25                     	;# 
  1441     0F26                     	;# 
  1442     0F27                     	;# 
  1443     0F28                     	;# 
  1444     0F29                     	;# 
  1445     0F2A                     	;# 
  1446     0F2B                     	;# 
  1447     0F2C                     	;# 
  1448     0F2D                     	;# 
  1449     0F2E                     	;# 
  1450     0F2F                     	;# 
  1451     0F30                     	;# 
  1452     0F31                     	;# 
  1453     0F32                     	;# 
  1454     0F33                     	;# 
  1455     0F34                     	;# 
  1456     0F35                     	;# 
  1457     0F36                     	;# 
  1458     0F37                     	;# 
  1459     0FE4                     	;# 
  1460     0FE5                     	;# 
  1461     0FE6                     	;# 
  1462     0FE7                     	;# 
  1463     0FE8                     	;# 
  1464     0FE9                     	;# 
  1465     0FEA                     	;# 
  1466     0FEB                     	;# 
  1467     0FED                     	;# 
  1468     0FEE                     	;# 
  1469     0FEF                     	;# 
  1470     0000                     	;# 
  1471     0001                     	;# 
  1472     0002                     	;# 
  1473     0003                     	;# 
  1474     0004                     	;# 
  1475     0005                     	;# 
  1476     0006                     	;# 
  1477     0007                     	;# 
  1478     0008                     	;# 
  1479     0009                     	;# 
  1480     000A                     	;# 
  1481     000B                     	;# 
  1482     000C                     	;# 
  1483     000E                     	;# 
  1484     0010                     	;# 
  1485     0011                     	;# 
  1486     0012                     	;# 
  1487     0013                     	;# 
  1488     0014                     	;# 
  1489     0015                     	;# 
  1490     0015                     	;# 
  1491     0016                     	;# 
  1492     0016                     	;# 
  1493     0017                     	;# 
  1494     0018                     	;# 
  1495     0019                     	;# 
  1496     0019                     	;# 
  1497     001A                     	;# 
  1498     001B                     	;# 
  1499     001C                     	;# 
  1500     001D                     	;# 
  1501     001E                     	;# 
  1502     001F                     	;# 
  1503     008C                     	;# 
  1504     008E                     	;# 
  1505     0090                     	;# 
  1506     0091                     	;# 
  1507     0092                     	;# 
  1508     0093                     	;# 
  1509     0094                     	;# 
  1510     0097                     	;# 
  1511     009B                     	;# 
  1512     009B                     	;# 
  1513     009C                     	;# 
  1514     009D                     	;# 
  1515     009E                     	;# 
  1516     009F                     	;# 
  1517     010C                     	;# 
  1518     010E                     	;# 
  1519     0111                     	;# 
  1520     0112                     	;# 
  1521     0113                     	;# 
  1522     0114                     	;# 
  1523     0115                     	;# 
  1524     0116                     	;# 
  1525     0117                     	;# 
  1526     0118                     	;# 
  1527     0119                     	;# 
  1528     018C                     	;# 
  1529     018E                     	;# 
  1530     0199                     	;# 
  1531     0199                     	;# 
  1532     0199                     	;# 
  1533     019A                     	;# 
  1534     019A                     	;# 
  1535     019A                     	;# 
  1536     019B                     	;# 
  1537     019B                     	;# 
  1538     019B                     	;# 
  1539     019B                     	;# 
  1540     019B                     	;# 
  1541     019C                     	;# 
  1542     019C                     	;# 
  1543     019C                     	;# 
  1544     019D                     	;# 
  1545     019D                     	;# 
  1546     019D                     	;# 
  1547     019E                     	;# 
  1548     019E                     	;# 
  1549     019E                     	;# 
  1550     019F                     	;# 
  1551     019F                     	;# 
  1552     019F                     	;# 
  1553     019F                     	;# 
  1554     019F                     	;# 
  1555     020C                     	;# 
  1556     020E                     	;# 
  1557     0211                     	;# 
  1558     0211                     	;# 
  1559     0212                     	;# 
  1560     0212                     	;# 
  1561     0213                     	;# 
  1562     0213                     	;# 
  1563     0214                     	;# 
  1564     0214                     	;# 
  1565     0215                     	;# 
  1566     0215                     	;# 
  1567     0215                     	;# 
  1568     0215                     	;# 
  1569     0216                     	;# 
  1570     0216                     	;# 
  1571     0217                     	;# 
  1572     0217                     	;# 
  1573     0219                     	;# 
  1574     021A                     	;# 
  1575     021B                     	;# 
  1576     021C                     	;# 
  1577     021D                     	;# 
  1578     021D                     	;# 
  1579     021E                     	;# 
  1580     021F                     	;# 
  1581     028C                     	;# 
  1582     028E                     	;# 
  1583     0291                     	;# 
  1584     0291                     	;# 
  1585     0292                     	;# 
  1586     0293                     	;# 
  1587     0294                     	;# 
  1588     0295                     	;# 
  1589     0295                     	;# 
  1590     0296                     	;# 
  1591     0297                     	;# 
  1592     0298                     	;# 
  1593     029F                     	;# 
  1594     030C                     	;# 
  1595     030E                     	;# 
  1596     0311                     	;# 
  1597     0311                     	;# 
  1598     0312                     	;# 
  1599     0313                     	;# 
  1600     0314                     	;# 
  1601     0315                     	;# 
  1602     0315                     	;# 
  1603     0316                     	;# 
  1604     0317                     	;# 
  1605     0318                     	;# 
  1606     038C                     	;# 
  1607     038E                     	;# 
  1608     0391                     	;# 
  1609     0392                     	;# 
  1610     0393                     	;# 
  1611     0397                     	;# 
  1612     0398                     	;# 
  1613     0399                     	;# 
  1614     039A                     	;# 
  1615     039C                     	;# 
  1616     039D                     	;# 
  1617     039E                     	;# 
  1618     039F                     	;# 
  1619     0411                     	;# 
  1620     0411                     	;# 
  1621     0412                     	;# 
  1622     0413                     	;# 
  1623     0414                     	;# 
  1624     0415                     	;# 
  1625     0416                     	;# 
  1626     0417                     	;# 
  1627     0418                     	;# 
  1628     0418                     	;# 
  1629     0419                     	;# 
  1630     041A                     	;# 
  1631     041B                     	;# 
  1632     041C                     	;# 
  1633     041D                     	;# 
  1634     041E                     	;# 
  1635     041F                     	;# 
  1636     0498                     	;# 
  1637     0498                     	;# 
  1638     0499                     	;# 
  1639     049A                     	;# 
  1640     049B                     	;# 
  1641     049B                     	;# 
  1642     049C                     	;# 
  1643     049D                     	;# 
  1644     049E                     	;# 
  1645     049F                     	;# 
  1646     0617                     	;# 
  1647     0618                     	;# 
  1648     0619                     	;# 
  1649     0619                     	;# 
  1650     061A                     	;# 
  1651     061B                     	;# 
  1652     061C                     	;# 
  1653     061C                     	;# 
  1654     061F                     	;# 
  1655     0691                     	;# 
  1656     0692                     	;# 
  1657     0693                     	;# 
  1658     0694                     	;# 
  1659     0695                     	;# 
  1660     0696                     	;# 
  1661     0697                     	;# 
  1662     0698                     	;# 
  1663     0699                     	;# 
  1664     0711                     	;# 
  1665     0712                     	;# 
  1666     0713                     	;# 
  1667     0714                     	;# 
  1668     0715                     	;# 
  1669     0716                     	;# 
  1670     0717                     	;# 
  1671     0718                     	;# 
  1672     0719                     	;# 
  1673     0891                     	;# 
  1674     0891                     	;# 
  1675     0891                     	;# 
  1676     0891                     	;# 
  1677     0891                     	;# 
  1678     0891                     	;# 
  1679     0892                     	;# 
  1680     0892                     	;# 
  1681     0892                     	;# 
  1682     0893                     	;# 
  1683     0893                     	;# 
  1684     0893                     	;# 
  1685     0893                     	;# 
  1686     0893                     	;# 
  1687     0893                     	;# 
  1688     0894                     	;# 
  1689     0894                     	;# 
  1690     0894                     	;# 
  1691     0895                     	;# 
  1692     0895                     	;# 
  1693     0895                     	;# 
  1694     0896                     	;# 
  1695     0896                     	;# 
  1696     0896                     	;# 
  1697     089B                     	;# 
  1698     0911                     	;# 
  1699     0912                     	;# 
  1700     0913                     	;# 
  1701     0914                     	;# 
  1702     0915                     	;# 
  1703     0916                     	;# 
  1704     0918                     	;# 
  1705     0919                     	;# 
  1706     091A                     	;# 
  1707     091B                     	;# 
  1708     091C                     	;# 
  1709     091D                     	;# 
  1710     091E                     	;# 
  1711     091F                     	;# 
  1712     0E0F                     	;# 
  1713     0E10                     	;# 
  1714     0E11                     	;# 
  1715     0E12                     	;# 
  1716     0E13                     	;# 
  1717     0E14                     	;# 
  1718     0E15                     	;# 
  1719     0E16                     	;# 
  1720     0E17                     	;# 
  1721     0E18                     	;# 
  1722     0E19                     	;# 
  1723     0E1A                     	;# 
  1724     0E1B                     	;# 
  1725     0E1C                     	;# 
  1726     0E1D                     	;# 
  1727     0E1E                     	;# 
  1728     0E1F                     	;# 
  1729     0E20                     	;# 
  1730     0E21                     	;# 
  1731     0E22                     	;# 
  1732     0E24                     	;# 
  1733     0E25                     	;# 
  1734     0E28                     	;# 
  1735     0E29                     	;# 
  1736     0E2A                     	;# 
  1737     0E2B                     	;# 
  1738     0E2C                     	;# 
  1739     0E2D                     	;# 
  1740     0E2E                     	;# 
  1741     0E2F                     	;# 
  1742     0E90                     	;# 
  1743     0E91                     	;# 
  1744     0E92                     	;# 
  1745     0E94                     	;# 
  1746     0E95                     	;# 
  1747     0EA0                     	;# 
  1748     0EA1                     	;# 
  1749     0EA2                     	;# 
  1750     0EA3                     	;# 
  1751     0EA4                     	;# 
  1752     0EA5                     	;# 
  1753     0F0F                     	;# 
  1754     0F10                     	;# 
  1755     0F11                     	;# 
  1756     0F12                     	;# 
  1757     0F13                     	;# 
  1758     0F14                     	;# 
  1759     0F15                     	;# 
  1760     0F16                     	;# 
  1761     0F17                     	;# 
  1762     0F18                     	;# 
  1763     0F19                     	;# 
  1764     0F1A                     	;# 
  1765     0F1B                     	;# 
  1766     0F1C                     	;# 
  1767     0F1D                     	;# 
  1768     0F1E                     	;# 
  1769     0F1F                     	;# 
  1770     0F20                     	;# 
  1771     0F21                     	;# 
  1772     0F22                     	;# 
  1773     0F23                     	;# 
  1774     0F24                     	;# 
  1775     0F25                     	;# 
  1776     0F26                     	;# 
  1777     0F27                     	;# 
  1778     0F28                     	;# 
  1779     0F29                     	;# 
  1780     0F2A                     	;# 
  1781     0F2B                     	;# 
  1782     0F2C                     	;# 
  1783     0F2D                     	;# 
  1784     0F2E                     	;# 
  1785     0F2F                     	;# 
  1786     0F30                     	;# 
  1787     0F31                     	;# 
  1788     0F32                     	;# 
  1789     0F33                     	;# 
  1790     0F34                     	;# 
  1791     0F35                     	;# 
  1792     0F36                     	;# 
  1793     0F37                     	;# 
  1794     0FE4                     	;# 
  1795     0FE5                     	;# 
  1796     0FE6                     	;# 
  1797     0FE7                     	;# 
  1798     0FE8                     	;# 
  1799     0FE9                     	;# 
  1800     0FEA                     	;# 
  1801     0FEB                     	;# 
  1802     0FED                     	;# 
  1803     0FEE                     	;# 
  1804     0FEF                     	;# 
  1805     0000                     	;# 
  1806     0001                     	;# 
  1807     0002                     	;# 
  1808     0003                     	;# 
  1809     0004                     	;# 
  1810     0005                     	;# 
  1811     0006                     	;# 
  1812     0007                     	;# 
  1813     0008                     	;# 
  1814     0009                     	;# 
  1815     000A                     	;# 
  1816     000B                     	;# 
  1817     000C                     	;# 
  1818     000E                     	;# 
  1819     0010                     	;# 
  1820     0011                     	;# 
  1821     0012                     	;# 
  1822     0013                     	;# 
  1823     0014                     	;# 
  1824     0015                     	;# 
  1825     0015                     	;# 
  1826     0016                     	;# 
  1827     0016                     	;# 
  1828     0017                     	;# 
  1829     0018                     	;# 
  1830     0019                     	;# 
  1831     0019                     	;# 
  1832     001A                     	;# 
  1833     001B                     	;# 
  1834     001C                     	;# 
  1835     001D                     	;# 
  1836     001E                     	;# 
  1837     001F                     	;# 
  1838     008C                     	;# 
  1839     008E                     	;# 
  1840     0090                     	;# 
  1841     0091                     	;# 
  1842     0092                     	;# 
  1843     0093                     	;# 
  1844     0094                     	;# 
  1845     0097                     	;# 
  1846     009B                     	;# 
  1847     009B                     	;# 
  1848     009C                     	;# 
  1849     009D                     	;# 
  1850     009E                     	;# 
  1851     009F                     	;# 
  1852     010C                     	;# 
  1853     010E                     	;# 
  1854     0111                     	;# 
  1855     0112                     	;# 
  1856     0113                     	;# 
  1857     0114                     	;# 
  1858     0115                     	;# 
  1859     0116                     	;# 
  1860     0117                     	;# 
  1861     0118                     	;# 
  1862     0119                     	;# 
  1863     018C                     	;# 
  1864     018E                     	;# 
  1865     0199                     	;# 
  1866     0199                     	;# 
  1867     0199                     	;# 
  1868     019A                     	;# 
  1869     019A                     	;# 
  1870     019A                     	;# 
  1871     019B                     	;# 
  1872     019B                     	;# 
  1873     019B                     	;# 
  1874     019B                     	;# 
  1875     019B                     	;# 
  1876     019C                     	;# 
  1877     019C                     	;# 
  1878     019C                     	;# 
  1879     019D                     	;# 
  1880     019D                     	;# 
  1881     019D                     	;# 
  1882     019E                     	;# 
  1883     019E                     	;# 
  1884     019E                     	;# 
  1885     019F                     	;# 
  1886     019F                     	;# 
  1887     019F                     	;# 
  1888     019F                     	;# 
  1889     019F                     	;# 
  1890     020C                     	;# 
  1891     020E                     	;# 
  1892     0211                     	;# 
  1893     0211                     	;# 
  1894     0212                     	;# 
  1895     0212                     	;# 
  1896     0213                     	;# 
  1897     0213                     	;# 
  1898     0214                     	;# 
  1899     0214                     	;# 
  1900     0215                     	;# 
  1901     0215                     	;# 
  1902     0215                     	;# 
  1903     0215                     	;# 
  1904     0216                     	;# 
  1905     0216                     	;# 
  1906     0217                     	;# 
  1907     0217                     	;# 
  1908     0219                     	;# 
  1909     021A                     	;# 
  1910     021B                     	;# 
  1911     021C                     	;# 
  1912     021D                     	;# 
  1913     021D                     	;# 
  1914     021E                     	;# 
  1915     021F                     	;# 
  1916     028C                     	;# 
  1917     028E                     	;# 
  1918     0291                     	;# 
  1919     0291                     	;# 
  1920     0292                     	;# 
  1921     0293                     	;# 
  1922     0294                     	;# 
  1923     0295                     	;# 
  1924     0295                     	;# 
  1925     0296                     	;# 
  1926     0297                     	;# 
  1927     0298                     	;# 
  1928     029F                     	;# 
  1929     030C                     	;# 
  1930     030E                     	;# 
  1931     0311                     	;# 
  1932     0311                     	;# 
  1933     0312                     	;# 
  1934     0313                     	;# 
  1935     0314                     	;# 
  1936     0315                     	;# 
  1937     0315                     	;# 
  1938     0316                     	;# 
  1939     0317                     	;# 
  1940     0318                     	;# 
  1941     038C                     	;# 
  1942     038E                     	;# 
  1943     0391                     	;# 
  1944     0392                     	;# 
  1945     0393                     	;# 
  1946     0397                     	;# 
  1947     0398                     	;# 
  1948     0399                     	;# 
  1949     039A                     	;# 
  1950     039C                     	;# 
  1951     039D                     	;# 
  1952     039E                     	;# 
  1953     039F                     	;# 
  1954     0411                     	;# 
  1955     0411                     	;# 
  1956     0412                     	;# 
  1957     0413                     	;# 
  1958     0414                     	;# 
  1959     0415                     	;# 
  1960     0416                     	;# 
  1961     0417                     	;# 
  1962     0418                     	;# 
  1963     0418                     	;# 
  1964     0419                     	;# 
  1965     041A                     	;# 
  1966     041B                     	;# 
  1967     041C                     	;# 
  1968     041D                     	;# 
  1969     041E                     	;# 
  1970     041F                     	;# 
  1971     0498                     	;# 
  1972     0498                     	;# 
  1973     0499                     	;# 
  1974     049A                     	;# 
  1975     049B                     	;# 
  1976     049B                     	;# 
  1977     049C                     	;# 
  1978     049D                     	;# 
  1979     049E                     	;# 
  1980     049F                     	;# 
  1981     0617                     	;# 
  1982     0618                     	;# 
  1983     0619                     	;# 
  1984     0619                     	;# 
  1985     061A                     	;# 
  1986     061B                     	;# 
  1987     061C                     	;# 
  1988     061C                     	;# 
  1989     061F                     	;# 
  1990     0691                     	;# 
  1991     0692                     	;# 
  1992     0693                     	;# 
  1993     0694                     	;# 
  1994     0695                     	;# 
  1995     0696                     	;# 
  1996     0697                     	;# 
  1997     0698                     	;# 
  1998     0699                     	;# 
  1999     0711                     	;# 
  2000     0712                     	;# 
  2001     0713                     	;# 
  2002     0714                     	;# 
  2003     0715                     	;# 
  2004     0716                     	;# 
  2005     0717                     	;# 
  2006     0718                     	;# 
  2007     0719                     	;# 
  2008     0891                     	;# 
  2009     0891                     	;# 
  2010     0891                     	;# 
  2011     0891                     	;# 
  2012     0891                     	;# 
  2013     0891                     	;# 
  2014     0892                     	;# 
  2015     0892                     	;# 
  2016     0892                     	;# 
  2017     0893                     	;# 
  2018     0893                     	;# 
  2019     0893                     	;# 
  2020     0893                     	;# 
  2021     0893                     	;# 
  2022     0893                     	;# 
  2023     0894                     	;# 
  2024     0894                     	;# 
  2025     0894                     	;# 
  2026     0895                     	;# 
  2027     0895                     	;# 
  2028     0895                     	;# 
  2029     0896                     	;# 
  2030     0896                     	;# 
  2031     0896                     	;# 
  2032     089B                     	;# 
  2033     0911                     	;# 
  2034     0912                     	;# 
  2035     0913                     	;# 
  2036     0914                     	;# 
  2037     0915                     	;# 
  2038     0916                     	;# 
  2039     0918                     	;# 
  2040     0919                     	;# 
  2041     091A                     	;# 
  2042     091B                     	;# 
  2043     091C                     	;# 
  2044     091D                     	;# 
  2045     091E                     	;# 
  2046     091F                     	;# 
  2047     0E0F                     	;# 
  2048     0E10                     	;# 
  2049     0E11                     	;# 
  2050     0E12                     	;# 
  2051     0E13                     	;# 
  2052     0E14                     	;# 
  2053     0E15                     	;# 
  2054     0E16                     	;# 
  2055     0E17                     	;# 
  2056     0E18                     	;# 
  2057     0E19                     	;# 
  2058     0E1A                     	;# 
  2059     0E1B                     	;# 
  2060     0E1C                     	;# 
  2061     0E1D                     	;# 
  2062     0E1E                     	;# 
  2063     0E1F                     	;# 
  2064     0E20                     	;# 
  2065     0E21                     	;# 
  2066     0E22                     	;# 
  2067     0E24                     	;# 
  2068     0E25                     	;# 
  2069     0E28                     	;# 
  2070     0E29                     	;# 
  2071     0E2A                     	;# 
  2072     0E2B                     	;# 
  2073     0E2C                     	;# 
  2074     0E2D                     	;# 
  2075     0E2E                     	;# 
  2076     0E2F                     	;# 
  2077     0E90                     	;# 
  2078     0E91                     	;# 
  2079     0E92                     	;# 
  2080     0E94                     	;# 
  2081     0E95                     	;# 
  2082     0EA0                     	;# 
  2083     0EA1                     	;# 
  2084     0EA2                     	;# 
  2085     0EA3                     	;# 
  2086     0EA4                     	;# 
  2087     0EA5                     	;# 
  2088     0F0F                     	;# 
  2089     0F10                     	;# 
  2090     0F11                     	;# 
  2091     0F12                     	;# 
  2092     0F13                     	;# 
  2093     0F14                     	;# 
  2094     0F15                     	;# 
  2095     0F16                     	;# 
  2096     0F17                     	;# 
  2097     0F18                     	;# 
  2098     0F19                     	;# 
  2099     0F1A                     	;# 
  2100     0F1B                     	;# 
  2101     0F1C                     	;# 
  2102     0F1D                     	;# 
  2103     0F1E                     	;# 
  2104     0F1F                     	;# 
  2105     0F20                     	;# 
  2106     0F21                     	;# 
  2107     0F22                     	;# 
  2108     0F23                     	;# 
  2109     0F24                     	;# 
  2110     0F25                     	;# 
  2111     0F26                     	;# 
  2112     0F27                     	;# 
  2113     0F28                     	;# 
  2114     0F29                     	;# 
  2115     0F2A                     	;# 
  2116     0F2B                     	;# 
  2117     0F2C                     	;# 
  2118     0F2D                     	;# 
  2119     0F2E                     	;# 
  2120     0F2F                     	;# 
  2121     0F30                     	;# 
  2122     0F31                     	;# 
  2123     0F32                     	;# 
  2124     0F33                     	;# 
  2125     0F34                     	;# 
  2126     0F35                     	;# 
  2127     0F36                     	;# 
  2128     0F37                     	;# 
  2129     0FE4                     	;# 
  2130     0FE5                     	;# 
  2131     0FE6                     	;# 
  2132     0FE7                     	;# 
  2133     0FE8                     	;# 
  2134     0FE9                     	;# 
  2135     0FEA                     	;# 
  2136     0FEB                     	;# 
  2137     0FED                     	;# 
  2138     0FEE                     	;# 
  2139     0FEF                     	;# 
  2140     0000                     	;# 
  2141     0001                     	;# 
  2142     0002                     	;# 
  2143     0003                     	;# 
  2144     0004                     	;# 
  2145     0005                     	;# 
  2146     0006                     	;# 
  2147     0007                     	;# 
  2148     0008                     	;# 
  2149     0009                     	;# 
  2150     000A                     	;# 
  2151     000B                     	;# 
  2152     000C                     	;# 
  2153     000E                     	;# 
  2154     0010                     	;# 
  2155     0011                     	;# 
  2156     0012                     	;# 
  2157     0013                     	;# 
  2158     0014                     	;# 
  2159     0015                     	;# 
  2160     0015                     	;# 
  2161     0016                     	;# 
  2162     0016                     	;# 
  2163     0017                     	;# 
  2164     0018                     	;# 
  2165     0019                     	;# 
  2166     0019                     	;# 
  2167     001A                     	;# 
  2168     001B                     	;# 
  2169     001C                     	;# 
  2170     001D                     	;# 
  2171     001E                     	;# 
  2172     001F                     	;# 
  2173     008C                     	;# 
  2174     008E                     	;# 
  2175     0090                     	;# 
  2176     0091                     	;# 
  2177     0092                     	;# 
  2178     0093                     	;# 
  2179     0094                     	;# 
  2180     0097                     	;# 
  2181     009B                     	;# 
  2182     009B                     	;# 
  2183     009C                     	;# 
  2184     009D                     	;# 
  2185     009E                     	;# 
  2186     009F                     	;# 
  2187     010C                     	;# 
  2188     010E                     	;# 
  2189     0111                     	;# 
  2190     0112                     	;# 
  2191     0113                     	;# 
  2192     0114                     	;# 
  2193     0115                     	;# 
  2194     0116                     	;# 
  2195     0117                     	;# 
  2196     0118                     	;# 
  2197     0119                     	;# 
  2198     018C                     	;# 
  2199     018E                     	;# 
  2200     0199                     	;# 
  2201     0199                     	;# 
  2202     0199                     	;# 
  2203     019A                     	;# 
  2204     019A                     	;# 
  2205     019A                     	;# 
  2206     019B                     	;# 
  2207     019B                     	;# 
  2208     019B                     	;# 
  2209     019B                     	;# 
  2210     019B                     	;# 
  2211     019C                     	;# 
  2212     019C                     	;# 
  2213     019C                     	;# 
  2214     019D                     	;# 
  2215     019D                     	;# 
  2216     019D                     	;# 
  2217     019E                     	;# 
  2218     019E                     	;# 
  2219     019E                     	;# 
  2220     019F                     	;# 
  2221     019F                     	;# 
  2222     019F                     	;# 
  2223     019F                     	;# 
  2224     019F                     	;# 
  2225     020C                     	;# 
  2226     020E                     	;# 
  2227     0211                     	;# 
  2228     0211                     	;# 
  2229     0212                     	;# 
  2230     0212                     	;# 
  2231     0213                     	;# 
  2232     0213                     	;# 
  2233     0214                     	;# 
  2234     0214                     	;# 
  2235     0215                     	;# 
  2236     0215                     	;# 
  2237     0215                     	;# 
  2238     0215                     	;# 
  2239     0216                     	;# 
  2240     0216                     	;# 
  2241     0217                     	;# 
  2242     0217                     	;# 
  2243     0219                     	;# 
  2244     021A                     	;# 
  2245     021B                     	;# 
  2246     021C                     	;# 
  2247     021D                     	;# 
  2248     021D                     	;# 
  2249     021E                     	;# 
  2250     021F                     	;# 
  2251     028C                     	;# 
  2252     028E                     	;# 
  2253     0291                     	;# 
  2254     0291                     	;# 
  2255     0292                     	;# 
  2256     0293                     	;# 
  2257     0294                     	;# 
  2258     0295                     	;# 
  2259     0295                     	;# 
  2260     0296                     	;# 
  2261     0297                     	;# 
  2262     0298                     	;# 
  2263     029F                     	;# 
  2264     030C                     	;# 
  2265     030E                     	;# 
  2266     0311                     	;# 
  2267     0311                     	;# 
  2268     0312                     	;# 
  2269     0313                     	;# 
  2270     0314                     	;# 
  2271     0315                     	;# 
  2272     0315                     	;# 
  2273     0316                     	;# 
  2274     0317                     	;# 
  2275     0318                     	;# 
  2276     038C                     	;# 
  2277     038E                     	;# 
  2278     0391                     	;# 
  2279     0392                     	;# 
  2280     0393                     	;# 
  2281     0397                     	;# 
  2282     0398                     	;# 
  2283     0399                     	;# 
  2284     039A                     	;# 
  2285     039C                     	;# 
  2286     039D                     	;# 
  2287     039E                     	;# 
  2288     039F                     	;# 
  2289     0411                     	;# 
  2290     0411                     	;# 
  2291     0412                     	;# 
  2292     0413                     	;# 
  2293     0414                     	;# 
  2294     0415                     	;# 
  2295     0416                     	;# 
  2296     0417                     	;# 
  2297     0418                     	;# 
  2298     0418                     	;# 
  2299     0419                     	;# 
  2300     041A                     	;# 
  2301     041B                     	;# 
  2302     041C                     	;# 
  2303     041D                     	;# 
  2304     041E                     	;# 
  2305     041F                     	;# 
  2306     0498                     	;# 
  2307     0498                     	;# 
  2308     0499                     	;# 
  2309     049A                     	;# 
  2310     049B                     	;# 
  2311     049B                     	;# 
  2312     049C                     	;# 
  2313     049D                     	;# 
  2314     049E                     	;# 
  2315     049F                     	;# 
  2316     0617                     	;# 
  2317     0618                     	;# 
  2318     0619                     	;# 
  2319     0619                     	;# 
  2320     061A                     	;# 
  2321     061B                     	;# 
  2322     061C                     	;# 
  2323     061C                     	;# 
  2324     061F                     	;# 
  2325     0691                     	;# 
  2326     0692                     	;# 
  2327     0693                     	;# 
  2328     0694                     	;# 
  2329     0695                     	;# 
  2330     0696                     	;# 
  2331     0697                     	;# 
  2332     0698                     	;# 
  2333     0699                     	;# 
  2334     0711                     	;# 
  2335     0712                     	;# 
  2336     0713                     	;# 
  2337     0714                     	;# 
  2338     0715                     	;# 
  2339     0716                     	;# 
  2340     0717                     	;# 
  2341     0718                     	;# 
  2342     0719                     	;# 
  2343     0891                     	;# 
  2344     0891                     	;# 
  2345     0891                     	;# 
  2346     0891                     	;# 
  2347     0891                     	;# 
  2348     0891                     	;# 
  2349     0892                     	;# 
  2350     0892                     	;# 
  2351     0892                     	;# 
  2352     0893                     	;# 
  2353     0893                     	;# 
  2354     0893                     	;# 
  2355     0893                     	;# 
  2356     0893                     	;# 
  2357     0893                     	;# 
  2358     0894                     	;# 
  2359     0894                     	;# 
  2360     0894                     	;# 
  2361     0895                     	;# 
  2362     0895                     	;# 
  2363     0895                     	;# 
  2364     0896                     	;# 
  2365     0896                     	;# 
  2366     0896                     	;# 
  2367     089B                     	;# 
  2368     0911                     	;# 
  2369     0912                     	;# 
  2370     0913                     	;# 
  2371     0914                     	;# 
  2372     0915                     	;# 
  2373     0916                     	;# 
  2374     0918                     	;# 
  2375     0919                     	;# 
  2376     091A                     	;# 
  2377     091B                     	;# 
  2378     091C                     	;# 
  2379     091D                     	;# 
  2380     091E                     	;# 
  2381     091F                     	;# 
  2382     0E0F                     	;# 
  2383     0E10                     	;# 
  2384     0E11                     	;# 
  2385     0E12                     	;# 
  2386     0E13                     	;# 
  2387     0E14                     	;# 
  2388     0E15                     	;# 
  2389     0E16                     	;# 
  2390     0E17                     	;# 
  2391     0E18                     	;# 
  2392     0E19                     	;# 
  2393     0E1A                     	;# 
  2394     0E1B                     	;# 
  2395     0E1C                     	;# 
  2396     0E1D                     	;# 
  2397     0E1E                     	;# 
  2398     0E1F                     	;# 
  2399     0E20                     	;# 
  2400     0E21                     	;# 
  2401     0E22                     	;# 
  2402     0E24                     	;# 
  2403     0E25                     	;# 
  2404     0E28                     	;# 
  2405     0E29                     	;# 
  2406     0E2A                     	;# 
  2407     0E2B                     	;# 
  2408     0E2C                     	;# 
  2409     0E2D                     	;# 
  2410     0E2E                     	;# 
  2411     0E2F                     	;# 
  2412     0E90                     	;# 
  2413     0E91                     	;# 
  2414     0E92                     	;# 
  2415     0E94                     	;# 
  2416     0E95                     	;# 
  2417     0EA0                     	;# 
  2418     0EA1                     	;# 
  2419     0EA2                     	;# 
  2420     0EA3                     	;# 
  2421     0EA4                     	;# 
  2422     0EA5                     	;# 
  2423     0F0F                     	;# 
  2424     0F10                     	;# 
  2425     0F11                     	;# 
  2426     0F12                     	;# 
  2427     0F13                     	;# 
  2428     0F14                     	;# 
  2429     0F15                     	;# 
  2430     0F16                     	;# 
  2431     0F17                     	;# 
  2432     0F18                     	;# 
  2433     0F19                     	;# 
  2434     0F1A                     	;# 
  2435     0F1B                     	;# 
  2436     0F1C                     	;# 
  2437     0F1D                     	;# 
  2438     0F1E                     	;# 
  2439     0F1F                     	;# 
  2440     0F20                     	;# 
  2441     0F21                     	;# 
  2442     0F22                     	;# 
  2443     0F23                     	;# 
  2444     0F24                     	;# 
  2445     0F25                     	;# 
  2446     0F26                     	;# 
  2447     0F27                     	;# 
  2448     0F28                     	;# 
  2449     0F29                     	;# 
  2450     0F2A                     	;# 
  2451     0F2B                     	;# 
  2452     0F2C                     	;# 
  2453     0F2D                     	;# 
  2454     0F2E                     	;# 
  2455     0F2F                     	;# 
  2456     0F30                     	;# 
  2457     0F31                     	;# 
  2458     0F32                     	;# 
  2459     0F33                     	;# 
  2460     0F34                     	;# 
  2461     0F35                     	;# 
  2462     0F36                     	;# 
  2463     0F37                     	;# 
  2464     0FE4                     	;# 
  2465     0FE5                     	;# 
  2466     0FE6                     	;# 
  2467     0FE7                     	;# 
  2468     0FE8                     	;# 
  2469     0FE9                     	;# 
  2470     0FEA                     	;# 
  2471     0FEB                     	;# 
  2472     0FED                     	;# 
  2473     0FEE                     	;# 
  2474     0FEF                     	;# 
  2475     0000                     	;# 
  2476     0001                     	;# 
  2477     0002                     	;# 
  2478     0003                     	;# 
  2479     0004                     	;# 
  2480     0005                     	;# 
  2481     0006                     	;# 
  2482     0007                     	;# 
  2483     0008                     	;# 
  2484     0009                     	;# 
  2485     000A                     	;# 
  2486     000B                     	;# 
  2487     000C                     	;# 
  2488     000E                     	;# 
  2489     0010                     	;# 
  2490     0011                     	;# 
  2491     0012                     	;# 
  2492     0013                     	;# 
  2493     0014                     	;# 
  2494     0015                     	;# 
  2495     0015                     	;# 
  2496     0016                     	;# 
  2497     0016                     	;# 
  2498     0017                     	;# 
  2499     0018                     	;# 
  2500     0019                     	;# 
  2501     0019                     	;# 
  2502     001A                     	;# 
  2503     001B                     	;# 
  2504     001C                     	;# 
  2505     001D                     	;# 
  2506     001E                     	;# 
  2507     001F                     	;# 
  2508     008C                     	;# 
  2509     008E                     	;# 
  2510     0090                     	;# 
  2511     0091                     	;# 
  2512     0092                     	;# 
  2513     0093                     	;# 
  2514     0094                     	;# 
  2515     0097                     	;# 
  2516     009B                     	;# 
  2517     009B                     	;# 
  2518     009C                     	;# 
  2519     009D                     	;# 
  2520     009E                     	;# 
  2521     009F                     	;# 
  2522     010C                     	;# 
  2523     010E                     	;# 
  2524     0111                     	;# 
  2525     0112                     	;# 
  2526     0113                     	;# 
  2527     0114                     	;# 
  2528     0115                     	;# 
  2529     0116                     	;# 
  2530     0117                     	;# 
  2531     0118                     	;# 
  2532     0119                     	;# 
  2533     018C                     	;# 
  2534     018E                     	;# 
  2535     0199                     	;# 
  2536     0199                     	;# 
  2537     0199                     	;# 
  2538     019A                     	;# 
  2539     019A                     	;# 
  2540     019A                     	;# 
  2541     019B                     	;# 
  2542     019B                     	;# 
  2543     019B                     	;# 
  2544     019B                     	;# 
  2545     019B                     	;# 
  2546     019C                     	;# 
  2547     019C                     	;# 
  2548     019C                     	;# 
  2549     019D                     	;# 
  2550     019D                     	;# 
  2551     019D                     	;# 
  2552     019E                     	;# 
  2553     019E                     	;# 
  2554     019E                     	;# 
  2555     019F                     	;# 
  2556     019F                     	;# 
  2557     019F                     	;# 
  2558     019F                     	;# 
  2559     019F                     	;# 
  2560     020C                     	;# 
  2561     020E                     	;# 
  2562     0211                     	;# 
  2563     0211                     	;# 
  2564     0212                     	;# 
  2565     0212                     	;# 
  2566     0213                     	;# 
  2567     0213                     	;# 
  2568     0214                     	;# 
  2569     0214                     	;# 
  2570     0215                     	;# 
  2571     0215                     	;# 
  2572     0215                     	;# 
  2573     0215                     	;# 
  2574     0216                     	;# 
  2575     0216                     	;# 
  2576     0217                     	;# 
  2577     0217                     	;# 
  2578     0219                     	;# 
  2579     021A                     	;# 
  2580     021B                     	;# 
  2581     021C                     	;# 
  2582     021D                     	;# 
  2583     021D                     	;# 
  2584     021E                     	;# 
  2585     021F                     	;# 
  2586     028C                     	;# 
  2587     028E                     	;# 
  2588     0291                     	;# 
  2589     0291                     	;# 
  2590     0292                     	;# 
  2591     0293                     	;# 
  2592     0294                     	;# 
  2593     0295                     	;# 
  2594     0295                     	;# 
  2595     0296                     	;# 
  2596     0297                     	;# 
  2597     0298                     	;# 
  2598     029F                     	;# 
  2599     030C                     	;# 
  2600     030E                     	;# 
  2601     0311                     	;# 
  2602     0311                     	;# 
  2603     0312                     	;# 
  2604     0313                     	;# 
  2605     0314                     	;# 
  2606     0315                     	;# 
  2607     0315                     	;# 
  2608     0316                     	;# 
  2609     0317                     	;# 
  2610     0318                     	;# 
  2611     038C                     	;# 
  2612     038E                     	;# 
  2613     0391                     	;# 
  2614     0392                     	;# 
  2615     0393                     	;# 
  2616     0397                     	;# 
  2617     0398                     	;# 
  2618     0399                     	;# 
  2619     039A                     	;# 
  2620     039C                     	;# 
  2621     039D                     	;# 
  2622     039E                     	;# 
  2623     039F                     	;# 
  2624     0411                     	;# 
  2625     0411                     	;# 
  2626     0412                     	;# 
  2627     0413                     	;# 
  2628     0414                     	;# 
  2629     0415                     	;# 
  2630     0416                     	;# 
  2631     0417                     	;# 
  2632     0418                     	;# 
  2633     0418                     	;# 
  2634     0419                     	;# 
  2635     041A                     	;# 
  2636     041B                     	;# 
  2637     041C                     	;# 
  2638     041D                     	;# 
  2639     041E                     	;# 
  2640     041F                     	;# 
  2641     0498                     	;# 
  2642     0498                     	;# 
  2643     0499                     	;# 
  2644     049A                     	;# 
  2645     049B                     	;# 
  2646     049B                     	;# 
  2647     049C                     	;# 
  2648     049D                     	;# 
  2649     049E                     	;# 
  2650     049F                     	;# 
  2651     0617                     	;# 
  2652     0618                     	;# 
  2653     0619                     	;# 
  2654     0619                     	;# 
  2655     061A                     	;# 
  2656     061B                     	;# 
  2657     061C                     	;# 
  2658     061C                     	;# 
  2659     061F                     	;# 
  2660     0691                     	;# 
  2661     0692                     	;# 
  2662     0693                     	;# 
  2663     0694                     	;# 
  2664     0695                     	;# 
  2665     0696                     	;# 
  2666     0697                     	;# 
  2667     0698                     	;# 
  2668     0699                     	;# 
  2669     0711                     	;# 
  2670     0712                     	;# 
  2671     0713                     	;# 
  2672     0714                     	;# 
  2673     0715                     	;# 
  2674     0716                     	;# 
  2675     0717                     	;# 
  2676     0718                     	;# 
  2677     0719                     	;# 
  2678     0891                     	;# 
  2679     0891                     	;# 
  2680     0891                     	;# 
  2681     0891                     	;# 
  2682     0891                     	;# 
  2683     0891                     	;# 
  2684     0892                     	;# 
  2685     0892                     	;# 
  2686     0892                     	;# 
  2687     0893                     	;# 
  2688     0893                     	;# 
  2689     0893                     	;# 
  2690     0893                     	;# 
  2691     0893                     	;# 
  2692     0893                     	;# 
  2693     0894                     	;# 
  2694     0894                     	;# 
  2695     0894                     	;# 
  2696     0895                     	;# 
  2697     0895                     	;# 
  2698     0895                     	;# 
  2699     0896                     	;# 
  2700     0896                     	;# 
  2701     0896                     	;# 
  2702     089B                     	;# 
  2703     0911                     	;# 
  2704     0912                     	;# 
  2705     0913                     	;# 
  2706     0914                     	;# 
  2707     0915                     	;# 
  2708     0916                     	;# 
  2709     0918                     	;# 
  2710     0919                     	;# 
  2711     091A                     	;# 
  2712     091B                     	;# 
  2713     091C                     	;# 
  2714     091D                     	;# 
  2715     091E                     	;# 
  2716     091F                     	;# 
  2717     0E0F                     	;# 
  2718     0E10                     	;# 
  2719     0E11                     	;# 
  2720     0E12                     	;# 
  2721     0E13                     	;# 
  2722     0E14                     	;# 
  2723     0E15                     	;# 
  2724     0E16                     	;# 
  2725     0E17                     	;# 
  2726     0E18                     	;# 
  2727     0E19                     	;# 
  2728     0E1A                     	;# 
  2729     0E1B                     	;# 
  2730     0E1C                     	;# 
  2731     0E1D                     	;# 
  2732     0E1E                     	;# 
  2733     0E1F                     	;# 
  2734     0E20                     	;# 
  2735     0E21                     	;# 
  2736     0E22                     	;# 
  2737     0E24                     	;# 
  2738     0E25                     	;# 
  2739     0E28                     	;# 
  2740     0E29                     	;# 
  2741     0E2A                     	;# 
  2742     0E2B                     	;# 
  2743     0E2C                     	;# 
  2744     0E2D                     	;# 
  2745     0E2E                     	;# 
  2746     0E2F                     	;# 
  2747     0E90                     	;# 
  2748     0E91                     	;# 
  2749     0E92                     	;# 
  2750     0E94                     	;# 
  2751     0E95                     	;# 
  2752     0EA0                     	;# 
  2753     0EA1                     	;# 
  2754     0EA2                     	;# 
  2755     0EA3                     	;# 
  2756     0EA4                     	;# 
  2757     0EA5                     	;# 
  2758     0F0F                     	;# 
  2759     0F10                     	;# 
  2760     0F11                     	;# 
  2761     0F12                     	;# 
  2762     0F13                     	;# 
  2763     0F14                     	;# 
  2764     0F15                     	;# 
  2765     0F16                     	;# 
  2766     0F17                     	;# 
  2767     0F18                     	;# 
  2768     0F19                     	;# 
  2769     0F1A                     	;# 
  2770     0F1B                     	;# 
  2771     0F1C                     	;# 
  2772     0F1D                     	;# 
  2773     0F1E                     	;# 
  2774     0F1F                     	;# 
  2775     0F20                     	;# 
  2776     0F21                     	;# 
  2777     0F22                     	;# 
  2778     0F23                     	;# 
  2779     0F24                     	;# 
  2780     0F25                     	;# 
  2781     0F26                     	;# 
  2782     0F27                     	;# 
  2783     0F28                     	;# 
  2784     0F29                     	;# 
  2785     0F2A                     	;# 
  2786     0F2B                     	;# 
  2787     0F2C                     	;# 
  2788     0F2D                     	;# 
  2789     0F2E                     	;# 
  2790     0F2F                     	;# 
  2791     0F30                     	;# 
  2792     0F31                     	;# 
  2793     0F32                     	;# 
  2794     0F33                     	;# 
  2795     0F34                     	;# 
  2796     0F35                     	;# 
  2797     0F36                     	;# 
  2798     0F37                     	;# 
  2799     0FE4                     	;# 
  2800     0FE5                     	;# 
  2801     0FE6                     	;# 
  2802     0FE7                     	;# 
  2803     0FE8                     	;# 
  2804     0FE9                     	;# 
  2805     0FEA                     	;# 
  2806     0FEB                     	;# 
  2807     0FED                     	;# 
  2808     0FEE                     	;# 
  2809     0FEF                     	;# 
  2810     0000                     	;# 
  2811     0001                     	;# 
  2812     0002                     	;# 
  2813     0003                     	;# 
  2814     0004                     	;# 
  2815     0005                     	;# 
  2816     0006                     	;# 
  2817     0007                     	;# 
  2818     0008                     	;# 
  2819     0009                     	;# 
  2820     000A                     	;# 
  2821     000B                     	;# 
  2822     000C                     	;# 
  2823     000E                     	;# 
  2824     0010                     	;# 
  2825     0011                     	;# 
  2826     0012                     	;# 
  2827     0013                     	;# 
  2828     0014                     	;# 
  2829     0015                     	;# 
  2830     0015                     	;# 
  2831     0016                     	;# 
  2832     0016                     	;# 
  2833     0017                     	;# 
  2834     0018                     	;# 
  2835     0019                     	;# 
  2836     0019                     	;# 
  2837     001A                     	;# 
  2838     001B                     	;# 
  2839     001C                     	;# 
  2840     001D                     	;# 
  2841     001E                     	;# 
  2842     001F                     	;# 
  2843     008C                     	;# 
  2844     008E                     	;# 
  2845     0090                     	;# 
  2846     0091                     	;# 
  2847     0092                     	;# 
  2848     0093                     	;# 
  2849     0094                     	;# 
  2850     0097                     	;# 
  2851     009B                     	;# 
  2852     009B                     	;# 
  2853     009C                     	;# 
  2854     009D                     	;# 
  2855     009E                     	;# 
  2856     009F                     	;# 
  2857     010C                     	;# 
  2858     010E                     	;# 
  2859     0111                     	;# 
  2860     0112                     	;# 
  2861     0113                     	;# 
  2862     0114                     	;# 
  2863     0115                     	;# 
  2864     0116                     	;# 
  2865     0117                     	;# 
  2866     0118                     	;# 
  2867     0119                     	;# 
  2868     018C                     	;# 
  2869     018E                     	;# 
  2870     0199                     	;# 
  2871     0199                     	;# 
  2872     0199                     	;# 
  2873     019A                     	;# 
  2874     019A                     	;# 
  2875     019A                     	;# 
  2876     019B                     	;# 
  2877     019B                     	;# 
  2878     019B                     	;# 
  2879     019B                     	;# 
  2880     019B                     	;# 
  2881     019C                     	;# 
  2882     019C                     	;# 
  2883     019C                     	;# 
  2884     019D                     	;# 
  2885     019D                     	;# 
  2886     019D                     	;# 
  2887     019E                     	;# 
  2888     019E                     	;# 
  2889     019E                     	;# 
  2890     019F                     	;# 
  2891     019F                     	;# 
  2892     019F                     	;# 
  2893     019F                     	;# 
  2894     019F                     	;# 
  2895     020C                     	;# 
  2896     020E                     	;# 
  2897     0211                     	;# 
  2898     0211                     	;# 
  2899     0212                     	;# 
  2900     0212                     	;# 
  2901     0213                     	;# 
  2902     0213                     	;# 
  2903     0214                     	;# 
  2904     0214                     	;# 
  2905     0215                     	;# 
  2906     0215                     	;# 
  2907     0215                     	;# 
  2908     0215                     	;# 
  2909     0216                     	;# 
  2910     0216                     	;# 
  2911     0217                     	;# 
  2912     0217                     	;# 
  2913     0219                     	;# 
  2914     021A                     	;# 
  2915     021B                     	;# 
  2916     021C                     	;# 
  2917     021D                     	;# 
  2918     021D                     	;# 
  2919     021E                     	;# 
  2920     021F                     	;# 
  2921     028C                     	;# 
  2922     028E                     	;# 
  2923     0291                     	;# 
  2924     0291                     	;# 
  2925     0292                     	;# 
  2926     0293                     	;# 
  2927     0294                     	;# 
  2928     0295                     	;# 
  2929     0295                     	;# 
  2930     0296                     	;# 
  2931     0297                     	;# 
  2932     0298                     	;# 
  2933     029F                     	;# 
  2934     030C                     	;# 
  2935     030E                     	;# 
  2936     0311                     	;# 
  2937     0311                     	;# 
  2938     0312                     	;# 
  2939     0313                     	;# 
  2940     0314                     	;# 
  2941     0315                     	;# 
  2942     0315                     	;# 
  2943     0316                     	;# 
  2944     0317                     	;# 
  2945     0318                     	;# 
  2946     038C                     	;# 
  2947     038E                     	;# 
  2948     0391                     	;# 
  2949     0392                     	;# 
  2950     0393                     	;# 
  2951     0397                     	;# 
  2952     0398                     	;# 
  2953     0399                     	;# 
  2954     039A                     	;# 
  2955     039C                     	;# 
  2956     039D                     	;# 
  2957     039E                     	;# 
  2958     039F                     	;# 
  2959     0411                     	;# 
  2960     0411                     	;# 
  2961     0412                     	;# 
  2962     0413                     	;# 
  2963     0414                     	;# 
  2964     0415                     	;# 
  2965     0416                     	;# 
  2966     0417                     	;# 
  2967     0418                     	;# 
  2968     0418                     	;# 
  2969     0419                     	;# 
  2970     041A                     	;# 
  2971     041B                     	;# 
  2972     041C                     	;# 
  2973     041D                     	;# 
  2974     041E                     	;# 
  2975     041F                     	;# 
  2976     0498                     	;# 
  2977     0498                     	;# 
  2978     0499                     	;# 
  2979     049A                     	;# 
  2980     049B                     	;# 
  2981     049B                     	;# 
  2982     049C                     	;# 
  2983     049D                     	;# 
  2984     049E                     	;# 
  2985     049F                     	;# 
  2986     0617                     	;# 
  2987     0618                     	;# 
  2988     0619                     	;# 
  2989     0619                     	;# 
  2990     061A                     	;# 
  2991     061B                     	;# 
  2992     061C                     	;# 
  2993     061C                     	;# 
  2994     061F                     	;# 
  2995     0691                     	;# 
  2996     0692                     	;# 
  2997     0693                     	;# 
  2998     0694                     	;# 
  2999     0695                     	;# 
  3000     0696                     	;# 
  3001     0697                     	;# 
  3002     0698                     	;# 
  3003     0699                     	;# 
  3004     0711                     	;# 
  3005     0712                     	;# 
  3006     0713                     	;# 
  3007     0714                     	;# 
  3008     0715                     	;# 
  3009     0716                     	;# 
  3010     0717                     	;# 
  3011     0718                     	;# 
  3012     0719                     	;# 
  3013     0891                     	;# 
  3014     0891                     	;# 
  3015     0891                     	;# 
  3016     0891                     	;# 
  3017     0891                     	;# 
  3018     0891                     	;# 
  3019     0892                     	;# 
  3020     0892                     	;# 
  3021     0892                     	;# 
  3022     0893                     	;# 
  3023     0893                     	;# 
  3024     0893                     	;# 
  3025     0893                     	;# 
  3026     0893                     	;# 
  3027     0893                     	;# 
  3028     0894                     	;# 
  3029     0894                     	;# 
  3030     0894                     	;# 
  3031     0895                     	;# 
  3032     0895                     	;# 
  3033     0895                     	;# 
  3034     0896                     	;# 
  3035     0896                     	;# 
  3036     0896                     	;# 
  3037     089B                     	;# 
  3038     0911                     	;# 
  3039     0912                     	;# 
  3040     0913                     	;# 
  3041     0914                     	;# 
  3042     0915                     	;# 
  3043     0916                     	;# 
  3044     0918                     	;# 
  3045     0919                     	;# 
  3046     091A                     	;# 
  3047     091B                     	;# 
  3048     091C                     	;# 
  3049     091D                     	;# 
  3050     091E                     	;# 
  3051     091F                     	;# 
  3052     0E0F                     	;# 
  3053     0E10                     	;# 
  3054     0E11                     	;# 
  3055     0E12                     	;# 
  3056     0E13                     	;# 
  3057     0E14                     	;# 
  3058     0E15                     	;# 
  3059     0E16                     	;# 
  3060     0E17                     	;# 
  3061     0E18                     	;# 
  3062     0E19                     	;# 
  3063     0E1A                     	;# 
  3064     0E1B                     	;# 
  3065     0E1C                     	;# 
  3066     0E1D                     	;# 
  3067     0E1E                     	;# 
  3068     0E1F                     	;# 
  3069     0E20                     	;# 
  3070     0E21                     	;# 
  3071     0E22                     	;# 
  3072     0E24                     	;# 
  3073     0E25                     	;# 
  3074     0E28                     	;# 
  3075     0E29                     	;# 
  3076     0E2A                     	;# 
  3077     0E2B                     	;# 
  3078     0E2C                     	;# 
  3079     0E2D                     	;# 
  3080     0E2E                     	;# 
  3081     0E2F                     	;# 
  3082     0E90                     	;# 
  3083     0E91                     	;# 
  3084     0E92                     	;# 
  3085     0E94                     	;# 
  3086     0E95                     	;# 
  3087     0EA0                     	;# 
  3088     0EA1                     	;# 
  3089     0EA2                     	;# 
  3090     0EA3                     	;# 
  3091     0EA4                     	;# 
  3092     0EA5                     	;# 
  3093     0F0F                     	;# 
  3094     0F10                     	;# 
  3095     0F11                     	;# 
  3096     0F12                     	;# 
  3097     0F13                     	;# 
  3098     0F14                     	;# 
  3099     0F15                     	;# 
  3100     0F16                     	;# 
  3101     0F17                     	;# 
  3102     0F18                     	;# 
  3103     0F19                     	;# 
  3104     0F1A                     	;# 
  3105     0F1B                     	;# 
  3106     0F1C                     	;# 
  3107     0F1D                     	;# 
  3108     0F1E                     	;# 
  3109     0F1F                     	;# 
  3110     0F20                     	;# 
  3111     0F21                     	;# 
  3112     0F22                     	;# 
  3113     0F23                     	;# 
  3114     0F24                     	;# 
  3115     0F25                     	;# 
  3116     0F26                     	;# 
  3117     0F27                     	;# 
  3118     0F28                     	;# 
  3119     0F29                     	;# 
  3120     0F2A                     	;# 
  3121     0F2B                     	;# 
  3122     0F2C                     	;# 
  3123     0F2D                     	;# 
  3124     0F2E                     	;# 
  3125     0F2F                     	;# 
  3126     0F30                     	;# 
  3127     0F31                     	;# 
  3128     0F32                     	;# 
  3129     0F33                     	;# 
  3130     0F34                     	;# 
  3131     0F35                     	;# 
  3132     0F36                     	;# 
  3133     0F37                     	;# 
  3134     0FE4                     	;# 
  3135     0FE5                     	;# 
  3136     0FE6                     	;# 
  3137     0FE7                     	;# 
  3138     0FE8                     	;# 
  3139     0FE9                     	;# 
  3140     0FEA                     	;# 
  3141     0FEB                     	;# 
  3142     0FED                     	;# 
  3143     0FEE                     	;# 
  3144     0FEF                     	;# 
  3145     0000                     	;# 
  3146     0001                     	;# 
  3147     0002                     	;# 
  3148     0003                     	;# 
  3149     0004                     	;# 
  3150     0005                     	;# 
  3151     0006                     	;# 
  3152     0007                     	;# 
  3153     0008                     	;# 
  3154     0009                     	;# 
  3155     000A                     	;# 
  3156     000B                     	;# 
  3157     000C                     	;# 
  3158     000E                     	;# 
  3159     0010                     	;# 
  3160     0011                     	;# 
  3161     0012                     	;# 
  3162     0013                     	;# 
  3163     0014                     	;# 
  3164     0015                     	;# 
  3165     0015                     	;# 
  3166     0016                     	;# 
  3167     0016                     	;# 
  3168     0017                     	;# 
  3169     0018                     	;# 
  3170     0019                     	;# 
  3171     0019                     	;# 
  3172     001A                     	;# 
  3173     001B                     	;# 
  3174     001C                     	;# 
  3175     001D                     	;# 
  3176     001E                     	;# 
  3177     001F                     	;# 
  3178     008C                     	;# 
  3179     008E                     	;# 
  3180     0090                     	;# 
  3181     0091                     	;# 
  3182     0092                     	;# 
  3183     0093                     	;# 
  3184     0094                     	;# 
  3185     0097                     	;# 
  3186     009B                     	;# 
  3187     009B                     	;# 
  3188     009C                     	;# 
  3189     009D                     	;# 
  3190     009E                     	;# 
  3191     009F                     	;# 
  3192     010C                     	;# 
  3193     010E                     	;# 
  3194     0111                     	;# 
  3195     0112                     	;# 
  3196     0113                     	;# 
  3197     0114                     	;# 
  3198     0115                     	;# 
  3199     0116                     	;# 
  3200     0117                     	;# 
  3201     0118                     	;# 
  3202     0119                     	;# 
  3203     018C                     	;# 
  3204     018E                     	;# 
  3205     0199                     	;# 
  3206     0199                     	;# 
  3207     0199                     	;# 
  3208     019A                     	;# 
  3209     019A                     	;# 
  3210     019A                     	;# 
  3211     019B                     	;# 
  3212     019B                     	;# 
  3213     019B                     	;# 
  3214     019B                     	;# 
  3215     019B                     	;# 
  3216     019C                     	;# 
  3217     019C                     	;# 
  3218     019C                     	;# 
  3219     019D                     	;# 
  3220     019D                     	;# 
  3221     019D                     	;# 
  3222     019E                     	;# 
  3223     019E                     	;# 
  3224     019E                     	;# 
  3225     019F                     	;# 
  3226     019F                     	;# 
  3227     019F                     	;# 
  3228     019F                     	;# 
  3229     019F                     	;# 
  3230     020C                     	;# 
  3231     020E                     	;# 
  3232     0211                     	;# 
  3233     0211                     	;# 
  3234     0212                     	;# 
  3235     0212                     	;# 
  3236     0213                     	;# 
  3237     0213                     	;# 
  3238     0214                     	;# 
  3239     0214                     	;# 
  3240     0215                     	;# 
  3241     0215                     	;# 
  3242     0215                     	;# 
  3243     0215                     	;# 
  3244     0216                     	;# 
  3245     0216                     	;# 
  3246     0217                     	;# 
  3247     0217                     	;# 
  3248     0219                     	;# 
  3249     021A                     	;# 
  3250     021B                     	;# 
  3251     021C                     	;# 
  3252     021D                     	;# 
  3253     021D                     	;# 
  3254     021E                     	;# 
  3255     021F                     	;# 
  3256     028C                     	;# 
  3257     028E                     	;# 
  3258     0291                     	;# 
  3259     0291                     	;# 
  3260     0292                     	;# 
  3261     0293                     	;# 
  3262     0294                     	;# 
  3263     0295                     	;# 
  3264     0295                     	;# 
  3265     0296                     	;# 
  3266     0297                     	;# 
  3267     0298                     	;# 
  3268     029F                     	;# 
  3269     030C                     	;# 
  3270     030E                     	;# 
  3271     0311                     	;# 
  3272     0311                     	;# 
  3273     0312                     	;# 
  3274     0313                     	;# 
  3275     0314                     	;# 
  3276     0315                     	;# 
  3277     0315                     	;# 
  3278     0316                     	;# 
  3279     0317                     	;# 
  3280     0318                     	;# 
  3281     038C                     	;# 
  3282     038E                     	;# 
  3283     0391                     	;# 
  3284     0392                     	;# 
  3285     0393                     	;# 
  3286     0397                     	;# 
  3287     0398                     	;# 
  3288     0399                     	;# 
  3289     039A                     	;# 
  3290     039C                     	;# 
  3291     039D                     	;# 
  3292     039E                     	;# 
  3293     039F                     	;# 
  3294     0411                     	;# 
  3295     0411                     	;# 
  3296     0412                     	;# 
  3297     0413                     	;# 
  3298     0414                     	;# 
  3299     0415                     	;# 
  3300     0416                     	;# 
  3301     0417                     	;# 
  3302     0418                     	;# 
  3303     0418                     	;# 
  3304     0419                     	;# 
  3305     041A                     	;# 
  3306     041B                     	;# 
  3307     041C                     	;# 
  3308     041D                     	;# 
  3309     041E                     	;# 
  3310     041F                     	;# 
  3311     0498                     	;# 
  3312     0498                     	;# 
  3313     0499                     	;# 
  3314     049A                     	;# 
  3315     049B                     	;# 
  3316     049B                     	;# 
  3317     049C                     	;# 
  3318     049D                     	;# 
  3319     049E                     	;# 
  3320     049F                     	;# 
  3321     0617                     	;# 
  3322     0618                     	;# 
  3323     0619                     	;# 
  3324     0619                     	;# 
  3325     061A                     	;# 
  3326     061B                     	;# 
  3327     061C                     	;# 
  3328     061C                     	;# 
  3329     061F                     	;# 
  3330     0691                     	;# 
  3331     0692                     	;# 
  3332     0693                     	;# 
  3333     0694                     	;# 
  3334     0695                     	;# 
  3335     0696                     	;# 
  3336     0697                     	;# 
  3337     0698                     	;# 
  3338     0699                     	;# 
  3339     0711                     	;# 
  3340     0712                     	;# 
  3341     0713                     	;# 
  3342     0714                     	;# 
  3343     0715                     	;# 
  3344     0716                     	;# 
  3345     0717                     	;# 
  3346     0718                     	;# 
  3347     0719                     	;# 
  3348     0891                     	;# 
  3349     0891                     	;# 
  3350     0891                     	;# 
  3351     0891                     	;# 
  3352     0891                     	;# 
  3353     0891                     	;# 
  3354     0892                     	;# 
  3355     0892                     	;# 
  3356     0892                     	;# 
  3357     0893                     	;# 
  3358     0893                     	;# 
  3359     0893                     	;# 
  3360     0893                     	;# 
  3361     0893                     	;# 
  3362     0893                     	;# 
  3363     0894                     	;# 
  3364     0894                     	;# 
  3365     0894                     	;# 
  3366     0895                     	;# 
  3367     0895                     	;# 
  3368     0895                     	;# 
  3369     0896                     	;# 
  3370     0896                     	;# 
  3371     0896                     	;# 
  3372     089B                     	;# 
  3373     0911                     	;# 
  3374     0912                     	;# 
  3375     0913                     	;# 
  3376     0914                     	;# 
  3377     0915                     	;# 
  3378     0916                     	;# 
  3379     0918                     	;# 
  3380     0919                     	;# 
  3381     091A                     	;# 
  3382     091B                     	;# 
  3383     091C                     	;# 
  3384     091D                     	;# 
  3385     091E                     	;# 
  3386     091F                     	;# 
  3387     0E0F                     	;# 
  3388     0E10                     	;# 
  3389     0E11                     	;# 
  3390     0E12                     	;# 
  3391     0E13                     	;# 
  3392     0E14                     	;# 
  3393     0E15                     	;# 
  3394     0E16                     	;# 
  3395     0E17                     	;# 
  3396     0E18                     	;# 
  3397     0E19                     	;# 
  3398     0E1A                     	;# 
  3399     0E1B                     	;# 
  3400     0E1C                     	;# 
  3401     0E1D                     	;# 
  3402     0E1E                     	;# 
  3403     0E1F                     	;# 
  3404     0E20                     	;# 
  3405     0E21                     	;# 
  3406     0E22                     	;# 
  3407     0E24                     	;# 
  3408     0E25                     	;# 
  3409     0E28                     	;# 
  3410     0E29                     	;# 
  3411     0E2A                     	;# 
  3412     0E2B                     	;# 
  3413     0E2C                     	;# 
  3414     0E2D                     	;# 
  3415     0E2E                     	;# 
  3416     0E2F                     	;# 
  3417     0E90                     	;# 
  3418     0E91                     	;# 
  3419     0E92                     	;# 
  3420     0E94                     	;# 
  3421     0E95                     	;# 
  3422     0EA0                     	;# 
  3423     0EA1                     	;# 
  3424     0EA2                     	;# 
  3425     0EA3                     	;# 
  3426     0EA4                     	;# 
  3427     0EA5                     	;# 
  3428     0F0F                     	;# 
  3429     0F10                     	;# 
  3430     0F11                     	;# 
  3431     0F12                     	;# 
  3432     0F13                     	;# 
  3433     0F14                     	;# 
  3434     0F15                     	;# 
  3435     0F16                     	;# 
  3436     0F17                     	;# 
  3437     0F18                     	;# 
  3438     0F19                     	;# 
  3439     0F1A                     	;# 
  3440     0F1B                     	;# 
  3441     0F1C                     	;# 
  3442     0F1D                     	;# 
  3443     0F1E                     	;# 
  3444     0F1F                     	;# 
  3445     0F20                     	;# 
  3446     0F21                     	;# 
  3447     0F22                     	;# 
  3448     0F23                     	;# 
  3449     0F24                     	;# 
  3450     0F25                     	;# 
  3451     0F26                     	;# 
  3452     0F27                     	;# 
  3453     0F28                     	;# 
  3454     0F29                     	;# 
  3455     0F2A                     	;# 
  3456     0F2B                     	;# 
  3457     0F2C                     	;# 
  3458     0F2D                     	;# 
  3459     0F2E                     	;# 
  3460     0F2F                     	;# 
  3461     0F30                     	;# 
  3462     0F31                     	;# 
  3463     0F32                     	;# 
  3464     0F33                     	;# 
  3465     0F34                     	;# 
  3466     0F35                     	;# 
  3467     0F36                     	;# 
  3468     0F37                     	;# 
  3469     0FE4                     	;# 
  3470     0FE5                     	;# 
  3471     0FE6                     	;# 
  3472     0FE7                     	;# 
  3473     0FE8                     	;# 
  3474     0FE9                     	;# 
  3475     0FEA                     	;# 
  3476     0FEB                     	;# 
  3477     0FED                     	;# 
  3478     0FEE                     	;# 
  3479     0FEF                     	;_Line_Data
  3480                           
  3481 ;; Function _I2C1_SlaveDefWrColInterruptHandler is unused but had its address taken
  3482     0000                     
  3483 ;; Function _I2C1_SlaveDefBusColInterruptHandler is unused but had its address taken
  3484     0000                     
  3485 ;; Function _I2C_SlaveCollisionCallbackHandler is unused but had its address taken
  3486     0000                     
  3487                           	psect	idataBANK1
  3488     0900                     __pidataBANK1:
  3489                           
  3490                           ;initializer for _CMD_queue_rear
  3491     0900  34FF               	retlw	255
  3492     0901  34FF               	retlw	255
  3493                           
  3494                           ;initializer for _CMD_queue_front
  3495     0902  34FF               	retlw	255
  3496     0903  34FF               	retlw	255
  3497                           
  3498                           ;initializer for key_loop@mcode
  3499     0904  3480               	retlw	128
  3500                           
  3501                           ;initializer for key_loop@state
  3502     0905  3403               	retlw	3
  3503                           
  3504                           ;initializer for key_loop@spacing
  3505     0906  3402               	retlw	2
  3506                           
  3507                           ;initializer for _Message_queue_status
  3508     0907  3401               	retlw	1
  3509                           
  3510                           ;initializer for _first_pass
  3511     0908  3401               	retlw	1
  3512                           
  3513                           	psect	idataBANK2
  3514     0003                     __pidataBANK2:
  3515                           
  3516                           ;initializer for _tx_flag
  3517     0003  3401               	retlw	1
  3518                           
  3519                           	psect	nvBANK2
  3520     0151                     __pnvBANK2:
  3521     0151                     _TMR0_InterruptHandler:
  3522     0151                     	ds	2
  3523     000C                     _PORTAbits	set	12
  3524     0017                     _T0CON0bits	set	23
  3525     0017                     _T0CON0	set	23
  3526     0015                     _TMR0L	set	21
  3527     0016                     _TMR0H	set	22
  3528     0018                     _T0CON1	set	24
  3529     0011                     _PIR1bits	set	17
  3530     000B                     _INTCONbits	set	11
  3531     0010                     _PIR0bits	set	16
  3532     0097                     _WDTCON	set	151
  3533     008E                     _TRISC	set	142
  3534     008C                     _TRISA	set	140
  3535     0091                     _PIE1bits	set	145
  3536     0090                     _PIE0bits	set	144
  3537     010E                     _LATCbits	set	270
  3538     010C                     _LATAbits	set	268
  3539     010E                     _LATC	set	270
  3540     010C                     _LATA	set	268
  3541     018C                     _ANSELA	set	396
  3542     018E                     _ANSELC	set	398
  3543     020C                     _WPUAbits	set	524
  3544     0211                     _SSP1BUF	set	529
  3545     0216                     _SSP1CON2bits	set	534
  3546     0214                     _SSP1STATbits	set	532
  3547     0213                     _SSP1MSK	set	531
  3548     0212                     _SSP1ADD	set	530
  3549     0215                     _SSP1CON1bits	set	533
  3550     0216                     _SSP1CON2	set	534
  3551     0215                     _SSP1CON1	set	533
  3552     0214                     _SSP1STAT	set	532
  3553     020E                     _WPUC	set	526
  3554     020C                     _WPUA	set	524
  3555     028E                     _ODCONC	set	654
  3556     028C                     _ODCONA	set	652
  3557     030E                     _SLRCONC	set	782
  3558     030C                     _SLRCONA	set	780
  3559     038E                     _INLVLC	set	910
  3560     038C                     _INLVLA	set	908
  3561     049E                     _NCO1CONbits	set	1182
  3562     049B                     _NCO1INCL	set	1179
  3563     049C                     _NCO1INCH	set	1180
  3564     049D                     _NCO1INCU	set	1181
  3565     0498                     _NCO1ACCL	set	1176
  3566     0499                     _NCO1ACCH	set	1177
  3567     049A                     _NCO1ACCU	set	1178
  3568     049F                     _NCO1CLK	set	1183
  3569     049E                     _NCO1CON	set	1182
  3570     0896                     _NVMCON2	set	2198
  3571     0893                     _NVMDATL	set	2195
  3572     0894                     _NVMDATH	set	2196
  3573     0895                     _NVMCON1bits	set	2197
  3574     0892                     _NVMADRH	set	2194
  3575     0891                     _NVMADRL	set	2193
  3576     0916                     _PMD5	set	2326
  3577     0915                     _PMD4	set	2325
  3578     0914                     _PMD3	set	2324
  3579     0913                     _PMD2	set	2323
  3580     0912                     _PMD1	set	2322
  3581     0911                     _PMD0	set	2321
  3582     091E                     _OSCTUNE	set	2334
  3583     091F                     _OSCFRQ	set	2335
  3584     091D                     _OSCEN	set	2333
  3585     091B                     _OSCCON3	set	2331
  3586     0919                     _OSCCON1	set	2329
  3587     0E21                     _SSP1DATPPS	set	3617
  3588     0E20                     _SSP1CLKPPS	set	3616
  3589     0EA2                     _RC2PPS	set	3746
  3590     0EA1                     _RC1PPS	set	3745
  3591     0EA0                     _RC0PPS	set	3744
  3592                           
  3593                           	psect	cinit
  3594     0027                     start_initialization:	
  3595                           ; #config settings
  3596                           
  3597     0027                     __initialization:	;BIGRAM
  3598                           
  3599                           ; Initialize objects allocated to BANK1
  3600     0027  3000               	movlw	low __pidataBANK1
  3601     0028  0084               	movwf	4
  3602     0029  3089               	movlw	(high __pidataBANK1)| (0+128)
  3603     002A  0085               	movwf	5
  3604     002B  0021               	movlb	1	; select bank1
  3605     002C  0012               	moviw fsr0++
  3606     002D  00E7               	movwf	__pdataBANK1& (0+127)
  3607     002E  0012               	moviw fsr0++
  3608     002F  00E8               	movwf	(__pdataBANK1+1)& (0+127)
  3609     0030  0012               	moviw fsr0++
  3610     0031  00E9               	movwf	(__pdataBANK1+2)& (0+127)
  3611     0032  0012               	moviw fsr0++
  3612     0033  00EA               	movwf	(__pdataBANK1+3)& (0+127)
  3613     0034  0012               	moviw fsr0++
  3614     0035  00EB               	movwf	(__pdataBANK1+4)& (0+127)
  3615     0036  0012               	moviw fsr0++
  3616     0037  00EC               	movwf	(__pdataBANK1+5)& (0+127)
  3617     0038  0012               	moviw fsr0++
  3618     0039  00ED               	movwf	(__pdataBANK1+6)& (0+127)
  3619     003A  0012               	moviw fsr0++
  3620     003B  00EE               	movwf	(__pdataBANK1+7)& (0+127)
  3621     003C  0012               	moviw fsr0++
  3622     003D  00EF               	movwf	(__pdataBANK1+8)& (0+127)
  3623                           
  3624                           ; Initialize objects allocated to BANK2
  3625     003E  0022               	movlb	2	; select bank2
  3626     003F  3180  2003  3180   	fcall	__pidataBANK2	;fetch initializer
  3627     0042  00D3               	movwf	__pdataBANK2& (0+127)
  3628                           
  3629                           ; Clear objects allocated to BIGRAM
  3630     0043  30B0               	movlw	low (0+9904)
  3631     0044  0084               	movwf	4
  3632     0045  3026               	movlw	high (0+9904)
  3633     0046  0085               	movwf	5
  3634     0047  3040               	movlw	64
  3635     0048  00FE               	movwf	btemp
  3636     0049  3001               	movlw	1
  3637     004A  00FF               	movwf	btemp+1
  3638     004B  3189  2140  3180   	fcall	clear_ram0
  3639                           
  3640                           ; Clear objects allocated to COMMON
  3641     004E  01FD               	clrf	__pbssCOMMON& (0+127)
  3642                           
  3643                           ; Clear objects allocated to BANK0
  3644     004F  0020               	movlb	0	; select bank0
  3645     0050  01EF               	clrf	__pbssBANK0& (0+127)
  3646                           
  3647                           ; Clear objects allocated to BANK1
  3648     0051  30A0               	movlw	low __pbssBANK1
  3649     0052  0084               	movwf	4
  3650     0053  3000               	movlw	high __pbssBANK1
  3651     0054  0085               	movwf	5
  3652     0055  302A               	movlw	42
  3653     0056  00FE               	movwf	btemp
  3654     0057  3000               	movlw	0
  3655     0058  00FF               	movwf	btemp+1
  3656     0059  3189  2140  3180   	fcall	clear_ram0
  3657                           
  3658                           ; Clear objects allocated to BANK2
  3659     005C  3020               	movlw	low __pbssBANK2
  3660     005D  0084               	movwf	4
  3661     005E  3001               	movlw	high __pbssBANK2
  3662     005F  0085               	movwf	5
  3663     0060  3031               	movlw	49
  3664     0061  00FE               	movwf	btemp
  3665     0062  3000               	movlw	0
  3666     0063  00FF               	movwf	btemp+1
  3667     0064  3189  2140  3180   	fcall	clear_ram0
  3668                           
  3669                           ; Clear objects allocated to BANK3
  3670     0067  30A0               	movlw	low __pbssBANK3
  3671     0068  0084               	movwf	4
  3672     0069  3001               	movlw	high __pbssBANK3
  3673     006A  0085               	movwf	5
  3674     006B  3030               	movlw	48
  3675     006C  00FE               	movwf	btemp
  3676     006D  3000               	movlw	0
  3677     006E  00FF               	movwf	btemp+1
  3678     006F  3189  2140         	fcall	clear_ram0
  3679     0071                     end_of_initialization:	
  3680                           ;End of C runtime variable initialization code
  3681                           
  3682     0071                     __end_of__initialization:
  3683     0071  107E               	bcf	int$flags,0	;clear compiler interrupt flag (level 1)
  3684     0072  0020               	movlb	0
  3685     0073  318C  2C61         	ljmp	_main	;jump to C main() function
  3686                           
  3687                           	psect	bssCOMMON
  3688     007D                     __pbssCOMMON:
  3689     007D                     _tmpSlaveAddr:
  3690     007D                     	ds	1
  3691                           
  3692                           	psect	bssBANK0
  3693     006F                     __pbssBANK0:
  3694     006F                     _CMD_add_queue_busy:
  3695     006F                     	ds	1
  3696                           
  3697                           	psect	bssBANK1
  3698     00A0                     __pbssBANK1:
  3699     00A0                     _cfg:
  3700     00A0                     	ds	9
  3701     00A9                     key_loop@start_after:
  3702     00A9                     	ds	4
  3703     00AD                     _cfg_speed_micros:
  3704     00AD                     	ds	4
  3705     00B1                     key_loop@staged:
  3706     00B1                     	ds	1
  3707     00B2                     key_loop@ultimatic:
  3708     00B2                     	ds	1
  3709     00B3                     key_loop@last:
  3710     00B3                     	ds	1
  3711     00B4                     _Return_Queue_count:
  3712     00B4                     	ds	1
  3713     00B5                     _Queue_Overrun:
  3714     00B5                     	ds	1
  3715     00B6                     _CMD_queue_count:
  3716     00B6                     	ds	1
  3717     00B7                     _CMD_dequeue_busy:
  3718     00B7                     	ds	1
  3719     00B8                     _param2:
  3720     00B8                     	ds	1
  3721     00B9                     _param1:
  3722     00B9                     	ds	1
  3723     00BA                     _cmd_read:
  3724     00BA                     	ds	1
  3725     00BB                     _msg_size_read:
  3726     00BB                     	ds	1
  3727     00BC                     _LineDataIndex:
  3728     00BC                     	ds	1
  3729     00BD                     _msg:
  3730     00BD                     	ds	1
  3731     00BE                     _SlaveTransmit:
  3732     00BE                     	ds	1
  3733     00BF                     _SlaveInit:
  3734     00BF                     	ds	1
  3735     00C0                     _Scan_Row_Index:
  3736     00C0                     	ds	1
  3737     00C1                     _cursor_column:
  3738     00C1                     	ds	1
  3739     00C2                     _cursor_row:
  3740     00C2                     	ds	1
  3741     00C3                     _SlaveR_W:
  3742     00C3                     	ds	1
  3743     00C4                     _SlaveAddress:
  3744     00C4                     	ds	1
  3745     00C5                     _LineDataRow:
  3746     00C5                     	ds	1
  3747     00C6                     _i2c1SlaveState:
  3748     00C6                     	ds	1
  3749     00C7                     _i2c1SlaveAddr:
  3750     00C7                     	ds	1
  3751     00C8                     _i2c1RdData:
  3752     00C8                     	ds	1
  3753     00C9                     _i2c1WrData:
  3754     00C9                     	ds	1
  3755                           
  3756                           	psect	dataBANK1
  3757     00E7                     __pdataBANK1:
  3758     00E7                     _CMD_queue_rear:
  3759     00E7                     	ds	2
  3760     00E9                     _CMD_queue_front:
  3761     00E9                     	ds	2
  3762     00EB                     key_loop@mcode:
  3763     00EB                     	ds	1
  3764     00EC                     key_loop@state:
  3765     00EC                     	ds	1
  3766     00ED                     key_loop@spacing:
  3767     00ED                     	ds	1
  3768     00EE                     _Message_queue_status:
  3769     00EE                     	ds	1
  3770     00EF                     _first_pass:
  3771     00EF                     	ds	1
  3772                           
  3773                           	psect	bssBANK2
  3774     0120                     __pbssBANK2:
  3775     0120                     _message:
  3776     0120                     	ds	16
  3777     0130                     key_loop@read_after:
  3778     0130                     	ds	4
  3779     0134                     _tx_timer:
  3780     0134                     	ds	4
  3781     0138                     _cfg_speed_wpm:
  3782     0138                     	ds	4
  3783     013C                     _micro_tick_B:
  3784     013C                     	ds	4
  3785     0140                     _micro_tick_A:
  3786     0140                     	ds	4
  3787     0144                     _I2C1_SlaveWrColInterruptHandler:
  3788     0144                     	ds	2
  3789     0146                     _I2C1_SlaveBusColInterruptHandler:
  3790     0146                     	ds	2
  3791     0148                     _I2C1_SlaveAddrInterruptHandler:
  3792     0148                     	ds	2
  3793     014A                     _I2C1_SlaveWrInterruptHandler:
  3794     014A                     	ds	2
  3795     014C                     _I2C1_SlaveRdInterruptHandler:
  3796     014C                     	ds	2
  3797     014E                     _MSSP1_InterruptHandler:
  3798     014E                     	ds	2
  3799     0150                     _cw_tx:
  3800     0150                     	ds	1
  3801                           
  3802                           	psect	dataBANK2
  3803     0153                     __pdataBANK2:
  3804     0153                     _tx_flag:
  3805     0153                     	ds	1
  3806                           
  3807                           	psect	bssBANK3
  3808     01A0                     __pbssBANK3:
  3809     01A0                     _CMD_Queue:
  3810     01A0                     	ds	48
  3811                           
  3812                           	psect	clrtext
  3813     0940                     clear_ram0:	
  3814                           ;	Called with FSR0 containing the base address, and
  3815                           ;	btemp/btemp+1 has the size to clear
  3816                           
  3817     0940  0064               	clrwdt	;clear the watchdog before getting into this loop
  3818     0941                     clrloop0:
  3819     0941  0180               	clrf	0	;clear RAM location pointed to by FSR
  3820     0942  3101               	addfsr 0,1
  3821     0943  3001               	movlw	1
  3822     0944  02FE               	subwf	126,f
  3823     0945  3000               	movlw	0
  3824     0946  3BFF               	subwfb	127,f
  3825     0947  087F               	movf	127,w
  3826     0948  047E               	iorwf	126,w
  3827     0949  1903               	btfsc	3,2
  3828     094A  3400               	retlw	0	;all done for this memory range, return
  3829     094B  2941               	goto	clrloop0	;have we reached the end yet?
  3830                           
  3831                           	psect	cstackBANK1
  3832     00CA                     __pcstackBANK1:
  3833     00CA                     ?_key_loop:
  3834     00CA                     ?___aldiv:	
  3835                           ; 1 bytes @ 0x0
  3836                           
  3837     00CA                     key_loop@mark:	
  3838                           ; 4 bytes @ 0x0
  3839                           
  3840     00CA                     ___aldiv@divisor:	
  3841                           ; 4 bytes @ 0x0
  3842                           
  3843                           
  3844                           ; 4 bytes @ 0x0
  3845     00CA                     	ds	4
  3846     00CE                     ??_key_loop:
  3847     00CE                     ___aldiv@dividend:	
  3848                           ; 1 bytes @ 0x4
  3849                           
  3850                           
  3851                           ; 4 bytes @ 0x4
  3852     00CE                     	ds	4
  3853     00D2                     ___aldiv@counter:
  3854                           
  3855                           ; 1 bytes @ 0x8
  3856     00D2                     	ds	1
  3857     00D3                     ___aldiv@sign:
  3858                           
  3859                           ; 1 bytes @ 0x9
  3860     00D3                     	ds	1
  3861     00D4                     ___aldiv@quotient:
  3862                           
  3863                           ; 4 bytes @ 0xA
  3864     00D4                     	ds	2
  3865     00D6                     _key_loop$1828:
  3866                           
  3867                           ; 4 bytes @ 0xC
  3868     00D6                     	ds	2
  3869     00D8                     ?_cfg_set_speed:
  3870     00D8                     cfg_set_speed@wpm:	
  3871                           ; 1 bytes @ 0xE
  3872                           
  3873                           
  3874                           ; 4 bytes @ 0xE
  3875     00D8                     	ds	2
  3876     00DA                     key_loop@k1:
  3877                           
  3878                           ; 1 bytes @ 0x10
  3879     00DA                     	ds	1
  3880     00DB                     key_loop@k0:
  3881                           
  3882                           ; 1 bytes @ 0x11
  3883     00DB                     	ds	1
  3884     00DC                     ??_CW_Config:
  3885     00DC                     CW_Initialize@wpm:	
  3886                           ; 1 bytes @ 0x12
  3887                           
  3888     00DC                     key_loop@i:	
  3889                           ; 4 bytes @ 0x12
  3890                           
  3891                           
  3892                           ; 4 bytes @ 0x12
  3893     00DC                     	ds	4
  3894     00E0                     CW_Config@wpm:
  3895                           
  3896                           ; 4 bytes @ 0x16
  3897     00E0                     	ds	4
  3898     00E4                     CW_Config@param2:
  3899                           
  3900                           ; 1 bytes @ 0x1A
  3901     00E4                     	ds	1
  3902     00E5                     CW_Config@scan_msg:
  3903                           
  3904                           ; 1 bytes @ 0x1B
  3905     00E5                     	ds	1
  3906     00E6                     CW_Config@param1:
  3907                           
  3908                           ; 1 bytes @ 0x1C
  3909     00E6                     	ds	1
  3910                           
  3911                           	psect	cstackCOMMON
  3912     0070                     __pcstackCOMMON:
  3913     0070                     ?_TMR0_ISR:
  3914     0070                     ??_TMR0_ISR:	
  3915                           ; 1 bytes @ 0x0
  3916                           
  3917     0070                     ?_TMR0_DefaultInterruptHandler:	
  3918                           ; 1 bytes @ 0x0
  3919                           
  3920     0070                     ??_TMR0_DefaultInterruptHandler:	
  3921                           ; 1 bytes @ 0x0
  3922                           
  3923     0070                     ?_PMD_Initialize:	
  3924                           ; 1 bytes @ 0x0
  3925                           
  3926     0070                     ?_I2C1_Initialize:	
  3927                           ; 1 bytes @ 0x0
  3928                           
  3929     0070                     ?_OSCILLATOR_Initialize:	
  3930                           ; 1 bytes @ 0x0
  3931                           
  3932     0070                     ?_WDT_Initialize:	
  3933                           ; 1 bytes @ 0x0
  3934                           
  3935     0070                     ?_NCO1_Initialize:	
  3936                           ; 1 bytes @ 0x0
  3937                           
  3938     0070                     ?_I2C1_SlaveOpen:	
  3939                           ; 1 bytes @ 0x0
  3940                           
  3941     0070                     ?_I2C1_SlaveSetSlaveAddr:	
  3942                           ; 1 bytes @ 0x0
  3943                           
  3944     0070                     ?_I2C1_SlaveSetSlaveMask:	
  3945                           ; 1 bytes @ 0x0
  3946                           
  3947     0070                     ?_I2C1_Isr:	
  3948                           ; 1 bytes @ 0x0
  3949                           
  3950     0070                     ?_I2C1_SlaveDefWrInterruptHandler:	
  3951                           ; 1 bytes @ 0x0
  3952                           
  3953     0070                     ?_I2C1_SlaveDefRdInterruptHandler:	
  3954                           ; 1 bytes @ 0x0
  3955                           
  3956     0070                     ??_I2C1_SlaveDefRdInterruptHandler:	
  3957                           ; 1 bytes @ 0x0
  3958                           
  3959     0070                     ?_I2C1_SlaveDefAddrInterruptHandler:	
  3960                           ; 1 bytes @ 0x0
  3961                           
  3962     0070                     ??_I2C1_SlaveDefAddrInterruptHandler:	
  3963                           ; 1 bytes @ 0x0
  3964                           
  3965     0070                     ?_I2C1_SlaveEnableIrq:	
  3966                           ; 1 bytes @ 0x0
  3967                           
  3968     0070                     ?_I2C1_SlaveGetRxData:	
  3969                           ; 1 bytes @ 0x0
  3970                           
  3971     0070                     ??_I2C1_SlaveGetRxData:	
  3972                           ; 1 bytes @ 0x0
  3973                           
  3974     0070                     ?_I2C1_SlaveSendTxData:	
  3975                           ; 1 bytes @ 0x0
  3976                           
  3977     0070                     ??_I2C1_SlaveSendTxData:	
  3978                           ; 1 bytes @ 0x0
  3979                           
  3980     0070                     ?_I2C1_SlaveIsRead:	
  3981                           ; 1 bytes @ 0x0
  3982                           
  3983     0070                     ??_I2C1_SlaveIsRead:	
  3984                           ; 1 bytes @ 0x0
  3985                           
  3986     0070                     ?_I2C1_SlaveClearIrq:	
  3987                           ; 1 bytes @ 0x0
  3988                           
  3989     0070                     ??_I2C1_SlaveClearIrq:	
  3990                           ; 1 bytes @ 0x0
  3991                           
  3992     0070                     ?_I2C1_SlaveIsAddr:	
  3993                           ; 1 bytes @ 0x0
  3994                           
  3995     0070                     ??_I2C1_SlaveIsAddr:	
  3996                           ; 1 bytes @ 0x0
  3997                           
  3998     0070                     ?_I2C1_SlaveAddrCallBack:	
  3999                           ; 1 bytes @ 0x0
  4000                           
  4001     0070                     ??_I2C1_SlaveAddrCallBack:	
  4002                           ; 1 bytes @ 0x0
  4003                           
  4004     0070                     ?_I2C1_SlaveIsTxBufEmpty:	
  4005                           ; 1 bytes @ 0x0
  4006                           
  4007     0070                     ??_I2C1_SlaveIsTxBufEmpty:	
  4008                           ; 1 bytes @ 0x0
  4009                           
  4010     0070                     ?_I2C1_SlaveWrCallBack:	
  4011                           ; 1 bytes @ 0x0
  4012                           
  4013     0070                     ?_I2C1_SlaveIsRxBufFull:	
  4014                           ; 1 bytes @ 0x0
  4015                           
  4016     0070                     ??_I2C1_SlaveIsRxBufFull:	
  4017                           ; 1 bytes @ 0x0
  4018                           
  4019     0070                     ?_I2C1_SlaveRdCallBack:	
  4020                           ; 1 bytes @ 0x0
  4021                           
  4022     0070                     ?_I2C1_SlaveReleaseClock:	
  4023                           ; 1 bytes @ 0x0
  4024                           
  4025     0070                     ??_I2C1_SlaveReleaseClock:	
  4026                           ; 1 bytes @ 0x0
  4027                           
  4028     0070                     ?_INTERRUPT_InterruptManager:	
  4029                           ; 1 bytes @ 0x0
  4030                           
  4031     0070                     ?_TMR0_Initialize:	
  4032                           ; 1 bytes @ 0x0
  4033                           
  4034     0070                     ?_TMR0_StartTimer:	
  4035                           ; 1 bytes @ 0x0
  4036                           
  4037     0070                     ?_PIN_MANAGER_Initialize:	
  4038                           ; 1 bytes @ 0x0
  4039                           
  4040     0070                     ?_SYSTEM_Initialize:	
  4041                           ; 1 bytes @ 0x0
  4042                           
  4043     0070                     ?_I2C1_Open:	
  4044                           ; 1 bytes @ 0x0
  4045                           
  4046     0070                     ?_I2C1_Read:	
  4047                           ; 1 bytes @ 0x0
  4048                           
  4049     0070                     ??_I2C1_Read:	
  4050                           ; 1 bytes @ 0x0
  4051                           
  4052     0070                     ?_I2C1_Write:	
  4053                           ; 1 bytes @ 0x0
  4054                           
  4055     0070                     ?_I2C_SlaveAddressCallbackHandler:	
  4056                           ; 1 bytes @ 0x0
  4057                           
  4058     0070                     ??_I2C_SlaveAddressCallbackHandler:	
  4059                           ; 1 bytes @ 0x0
  4060                           
  4061     0070                     ?_I2C_SlaveReceiveCallbackHandler:	
  4062                           ; 1 bytes @ 0x0
  4063                           
  4064     0070                     ?_I2C_SlaveTransmitCallbackHandler:	
  4065                           ; 1 bytes @ 0x0
  4066                           
  4067     0070                     ?_CW_Config:	
  4068                           ; 1 bytes @ 0x0
  4069                           
  4070     0070                     ?_CW_Initialize:	
  4071                           ; 1 bytes @ 0x0
  4072                           
  4073     0070                     ?_I2C_Initialize:	
  4074                           ; 1 bytes @ 0x0
  4075                           
  4076     0070                     ?_micros:	
  4077                           ; 1 bytes @ 0x0
  4078                           
  4079     0070                     ??_micros:	
  4080                           ; 1 bytes @ 0x0
  4081                           
  4082     0070                     ?_main:	
  4083                           ; 1 bytes @ 0x0
  4084                           
  4085     0070                     ?_key_read:	
  4086                           ; 1 bytes @ 0x0
  4087                           
  4088     0070                     ?i1___bmul:	
  4089                           ; 1 bytes @ 0x0
  4090                           
  4091     0070                     I2C1_SlaveSendTxData@data:	
  4092                           ; 1 bytes @ 0x0
  4093                           
  4094     0070                     i1___bmul@multiplicand:	
  4095                           ; 1 bytes @ 0x0
  4096                           
  4097                           
  4098                           ; 1 bytes @ 0x0
  4099     0070                     	ds	1
  4100     0071                     ??_I2C1_SlaveDefWrInterruptHandler:
  4101     0071                     ??_I2C1_Write:	
  4102                           ; 1 bytes @ 0x1
  4103                           
  4104     0071                     ??i1___bmul:	
  4105                           ; 1 bytes @ 0x1
  4106                           
  4107     0071                     I2C1_Write@data:	
  4108                           ; 1 bytes @ 0x1
  4109                           
  4110                           
  4111                           ; 1 bytes @ 0x1
  4112     0071                     	ds	1
  4113     0072                     ??_I2C1_SlaveWrCallBack:
  4114     0072                     ??_I2C_SlaveTransmitCallbackHandler:	
  4115                           ; 1 bytes @ 0x2
  4116                           
  4117     0072                     i1___bmul@product:	
  4118                           ; 1 bytes @ 0x2
  4119                           
  4120                           
  4121                           ; 1 bytes @ 0x2
  4122     0072                     	ds	1
  4123     0073                     i1___bmul@multiplier:
  4124                           
  4125                           ; 1 bytes @ 0x3
  4126     0073                     	ds	1
  4127     0074                     ?_CMD_queue_add:
  4128     0074                     CMD_queue_add@param1:	
  4129                           ; 1 bytes @ 0x4
  4130                           
  4131                           
  4132                           ; 1 bytes @ 0x4
  4133     0074                     	ds	1
  4134     0075                     CMD_queue_add@param2:
  4135                           
  4136                           ; 1 bytes @ 0x5
  4137     0075                     	ds	1
  4138     0076                     ??_CMD_queue_add:
  4139                           
  4140                           ; 1 bytes @ 0x6
  4141     0076                     	ds	4
  4142     007A                     CMD_queue_add@command:
  4143                           
  4144                           ; 1 bytes @ 0xA
  4145     007A                     	ds	1
  4146     007B                     ??_I2C1_Isr:
  4147     007B                     ??_I2C1_SlaveRdCallBack:	
  4148                           ; 1 bytes @ 0xB
  4149                           
  4150     007B                     ??_I2C_SlaveReceiveCallbackHandler:	
  4151                           ; 1 bytes @ 0xB
  4152                           
  4153                           
  4154                           ; 1 bytes @ 0xB
  4155     007B                     	ds	2
  4156     007D                     ??_INTERRUPT_InterruptManager:
  4157                           
  4158                           	psect	cstackBANK0
  4159     0020                     __pcstackBANK0:	
  4160                           ; 1 bytes @ 0xD
  4161                           
  4162     0020                     ?_TMR0_SetInterruptHandler:
  4163     0020                     ??_PMD_Initialize:	
  4164                           ; 1 bytes @ 0x0
  4165                           
  4166     0020                     ??_I2C1_Initialize:	
  4167                           ; 1 bytes @ 0x0
  4168                           
  4169     0020                     ??_OSCILLATOR_Initialize:	
  4170                           ; 1 bytes @ 0x0
  4171                           
  4172     0020                     ??_WDT_Initialize:	
  4173                           ; 1 bytes @ 0x0
  4174                           
  4175     0020                     ??_NCO1_Initialize:	
  4176                           ; 1 bytes @ 0x0
  4177                           
  4178     0020                     ??_I2C1_SlaveOpen:	
  4179                           ; 1 bytes @ 0x0
  4180                           
  4181     0020                     ??_I2C1_SlaveSetSlaveAddr:	
  4182                           ; 1 bytes @ 0x0
  4183                           
  4184     0020                     ??_I2C1_SlaveSetSlaveMask:	
  4185                           ; 1 bytes @ 0x0
  4186                           
  4187     0020                     ?_I2C1_SlaveSetIsrHandler:	
  4188                           ; 1 bytes @ 0x0
  4189                           
  4190     0020                     ?_I2C1_SlaveSetBusColIntHandler:	
  4191                           ; 1 bytes @ 0x0
  4192                           
  4193     0020                     ?_I2C1_SlaveSetWriteIntHandler:	
  4194                           ; 1 bytes @ 0x0
  4195                           
  4196     0020                     ?_I2C1_SlaveSetReadIntHandler:	
  4197                           ; 1 bytes @ 0x0
  4198                           
  4199     0020                     ?_I2C1_SlaveSetAddrIntHandler:	
  4200                           ; 1 bytes @ 0x0
  4201                           
  4202     0020                     ?_I2C1_SlaveSetWrColIntHandler:	
  4203                           ; 1 bytes @ 0x0
  4204                           
  4205     0020                     ??_I2C1_SlaveEnableIrq:	
  4206                           ; 1 bytes @ 0x0
  4207                           
  4208     0020                     ?_tx_loop:	
  4209                           ; 1 bytes @ 0x0
  4210                           
  4211     0020                     ??_TMR0_StartTimer:	
  4212                           ; 1 bytes @ 0x0
  4213                           
  4214     0020                     ??_PIN_MANAGER_Initialize:	
  4215                           ; 1 bytes @ 0x0
  4216                           
  4217     0020                     ?_DATAEE_WriteByte:	
  4218                           ; 1 bytes @ 0x0
  4219                           
  4220     0020                     ?_tx_send:	
  4221                           ; 1 bytes @ 0x0
  4222                           
  4223     0020                     ??_key_read:	
  4224                           ; 1 bytes @ 0x0
  4225                           
  4226     0020                     ?___bmul:	
  4227                           ; 1 bytes @ 0x0
  4228                           
  4229     0020                     ?__Umul8_16:	
  4230                           ; 1 bytes @ 0x0
  4231                           
  4232     0020                     ?___lmul:	
  4233                           ; 2 bytes @ 0x0
  4234                           
  4235     0020                     ?___xxtofl:	
  4236                           ; 4 bytes @ 0x0
  4237                           
  4238     0020                     I2C1_SlaveSetSlaveAddr@slaveAddr:	
  4239                           ; 4 bytes @ 0x0
  4240                           
  4241     0020                     I2C1_SlaveSetSlaveMask@maskAddr:	
  4242                           ; 1 bytes @ 0x0
  4243                           
  4244     0020                     key_read@k0:	
  4245                           ; 1 bytes @ 0x0
  4246                           
  4247     0020                     ___bmul@multiplicand:	
  4248                           ; 1 bytes @ 0x0
  4249                           
  4250     0020                     __Umul8_16@multiplicand:	
  4251                           ; 1 bytes @ 0x0
  4252                           
  4253     0020                     TMR0_SetInterruptHandler@InterruptHandler:	
  4254                           ; 1 bytes @ 0x0
  4255                           
  4256     0020                     DATAEE_WriteByte@bAdd:	
  4257                           ; 2 bytes @ 0x0
  4258                           
  4259     0020                     I2C1_SlaveSetIsrHandler@handler:	
  4260                           ; 2 bytes @ 0x0
  4261                           
  4262     0020                     I2C1_SlaveSetReadIntHandler@handler:	
  4263                           ; 2 bytes @ 0x0
  4264                           
  4265     0020                     I2C1_SlaveSetWriteIntHandler@handler:	
  4266                           ; 2 bytes @ 0x0
  4267                           
  4268     0020                     I2C1_SlaveSetAddrIntHandler@handler:	
  4269                           ; 2 bytes @ 0x0
  4270                           
  4271     0020                     I2C1_SlaveSetWrColIntHandler@handler:	
  4272                           ; 2 bytes @ 0x0
  4273                           
  4274     0020                     I2C1_SlaveSetBusColIntHandler@handler:	
  4275                           ; 2 bytes @ 0x0
  4276                           
  4277     0020                     tx_send@mark:	
  4278                           ; 2 bytes @ 0x0
  4279                           
  4280     0020                     tx_loop@mark:	
  4281                           ; 4 bytes @ 0x0
  4282                           
  4283     0020                     ___lmul@multiplier:	
  4284                           ; 4 bytes @ 0x0
  4285                           
  4286     0020                     ___xxtofl@val:	
  4287                           ; 4 bytes @ 0x0
  4288                           
  4289                           
  4290                           ; 4 bytes @ 0x0
  4291     0020                     	ds	1
  4292     0021                     ??___bmul:
  4293     0021                     key_read@k1:	
  4294                           ; 1 bytes @ 0x1
  4295                           
  4296                           
  4297                           ; 1 bytes @ 0x1
  4298     0021                     	ds	1
  4299     0022                     ??_TMR0_SetInterruptHandler:
  4300     0022                     ??_I2C1_SlaveSetIsrHandler:	
  4301                           ; 1 bytes @ 0x2
  4302                           
  4303     0022                     ??_I2C1_SlaveSetBusColIntHandler:	
  4304                           ; 1 bytes @ 0x2
  4305                           
  4306     0022                     ??_I2C1_SlaveSetWriteIntHandler:	
  4307                           ; 1 bytes @ 0x2
  4308                           
  4309     0022                     ??_I2C1_SlaveSetReadIntHandler:	
  4310                           ; 1 bytes @ 0x2
  4311                           
  4312     0022                     ??_I2C1_SlaveSetAddrIntHandler:	
  4313                           ; 1 bytes @ 0x2
  4314                           
  4315     0022                     ??_I2C1_SlaveSetWrColIntHandler:	
  4316                           ; 1 bytes @ 0x2
  4317                           
  4318     0022                     ??__Umul8_16:	
  4319                           ; 1 bytes @ 0x2
  4320                           
  4321     0022                     ??_TMR0_Initialize:	
  4322                           ; 1 bytes @ 0x2
  4323                           
  4324     0022                     ??_SYSTEM_Initialize:	
  4325                           ; 1 bytes @ 0x2
  4326                           
  4327     0022                     ??_I2C1_Open:	
  4328                           ; 1 bytes @ 0x2
  4329                           
  4330     0022                     ??_I2C_Initialize:	
  4331                           ; 1 bytes @ 0x2
  4332                           
  4333     0022                     DATAEE_WriteByte@bData:	
  4334                           ; 1 bytes @ 0x2
  4335                           
  4336     0022                     ___bmul@product:	
  4337                           ; 1 bytes @ 0x2
  4338                           
  4339                           
  4340                           ; 1 bytes @ 0x2
  4341     0022                     	ds	1
  4342     0023                     ??_DATAEE_WriteByte:
  4343     0023                     DATAEE_WriteByte@GIEBitValue:	
  4344                           ; 1 bytes @ 0x3
  4345                           
  4346     0023                     ___bmul@multiplier:	
  4347                           ; 1 bytes @ 0x3
  4348                           
  4349                           
  4350                           ; 1 bytes @ 0x3
  4351     0023                     	ds	1
  4352     0024                     ??_tx_loop:
  4353     0024                     ?_CMD_dequeue:	
  4354                           ; 1 bytes @ 0x4
  4355                           
  4356     0024                     ??_tx_send:	
  4357                           ; 1 bytes @ 0x4
  4358                           
  4359     0024                     ??___xxtofl:	
  4360                           ; 1 bytes @ 0x4
  4361                           
  4362     0024                     CMD_dequeue@param2:	
  4363                           ; 1 bytes @ 0x4
  4364                           
  4365     0024                     __Umul8_16@product:	
  4366                           ; 1 bytes @ 0x4
  4367                           
  4368     0024                     ___lmul@multiplicand:	
  4369                           ; 2 bytes @ 0x4
  4370                           
  4371                           
  4372                           ; 4 bytes @ 0x4
  4373     0024                     	ds	1
  4374     0025                     ??_CMD_dequeue:
  4375                           
  4376                           ; 1 bytes @ 0x5
  4377     0025                     	ds	1
  4378     0026                     __Umul8_16@word_mpld:
  4379                           
  4380                           ; 2 bytes @ 0x6
  4381     0026                     	ds	1
  4382     0027                     CMD_dequeue@param1:
  4383                           
  4384                           ; 1 bytes @ 0x7
  4385     0027                     	ds	1
  4386     0028                     ??___lmul:
  4387     0028                     CMD_dequeue@ret:	
  4388                           ; 1 bytes @ 0x8
  4389                           
  4390     0028                     __Umul8_16@multiplier:	
  4391                           ; 1 bytes @ 0x8
  4392                           
  4393     0028                     ___xxtofl@sign:	
  4394                           ; 1 bytes @ 0x8
  4395                           
  4396     0028                     ___lmul@product:	
  4397                           ; 1 bytes @ 0x8
  4398                           
  4399                           
  4400                           ; 4 bytes @ 0x8
  4401     0028                     	ds	1
  4402     0029                     ___xxtofl@exp:
  4403                           
  4404                           ; 1 bytes @ 0x9
  4405     0029                     	ds	1
  4406     002A                     ___xxtofl@arg:
  4407                           
  4408                           ; 4 bytes @ 0xA
  4409     002A                     	ds	4
  4410     002E                     ?___flmul:
  4411     002E                     ___flmul@b:	
  4412                           ; 4 bytes @ 0xE
  4413                           
  4414                           
  4415                           ; 4 bytes @ 0xE
  4416     002E                     	ds	4
  4417     0032                     ___flmul@a:
  4418                           
  4419                           ; 4 bytes @ 0x12
  4420     0032                     	ds	4
  4421     0036                     ??___flmul:
  4422                           
  4423                           ; 1 bytes @ 0x16
  4424     0036                     	ds	5
  4425     003B                     ___flmul@sign:
  4426                           
  4427                           ; 1 bytes @ 0x1B
  4428     003B                     	ds	1
  4429     003C                     ___flmul@grs:
  4430                           
  4431                           ; 4 bytes @ 0x1C
  4432     003C                     	ds	4
  4433     0040                     ___flmul@aexp:
  4434                           
  4435                           ; 1 bytes @ 0x20
  4436     0040                     	ds	1
  4437     0041                     ___flmul@bexp:
  4438                           
  4439                           ; 1 bytes @ 0x21
  4440     0041                     	ds	1
  4441     0042                     ___flmul@prod:
  4442                           
  4443                           ; 4 bytes @ 0x22
  4444     0042                     	ds	4
  4445     0046                     ___flmul@temp:
  4446                           
  4447                           ; 2 bytes @ 0x26
  4448     0046                     	ds	2
  4449     0048                     ?___fladd:
  4450     0048                     ___fladd@b:	
  4451                           ; 4 bytes @ 0x28
  4452                           
  4453                           
  4454                           ; 4 bytes @ 0x28
  4455     0048                     	ds	4
  4456     004C                     ___fladd@a:
  4457                           
  4458                           ; 4 bytes @ 0x2C
  4459     004C                     	ds	4
  4460     0050                     ??___fladd:
  4461                           
  4462                           ; 1 bytes @ 0x30
  4463     0050                     	ds	8
  4464     0058                     ___fladd@signs:
  4465                           
  4466                           ; 1 bytes @ 0x38
  4467     0058                     	ds	1
  4468     0059                     ___fladd@aexp:
  4469                           
  4470                           ; 1 bytes @ 0x39
  4471     0059                     	ds	1
  4472     005A                     ___fladd@bexp:
  4473                           
  4474                           ; 1 bytes @ 0x3A
  4475     005A                     	ds	1
  4476     005B                     ___fladd@grs:
  4477                           
  4478                           ; 1 bytes @ 0x3B
  4479     005B                     	ds	1
  4480     005C                     ?___flsub:
  4481     005C                     ___flsub@a:	
  4482                           ; 4 bytes @ 0x3C
  4483                           
  4484                           
  4485                           ; 4 bytes @ 0x3C
  4486     005C                     	ds	4
  4487     0060                     ___flsub@b:
  4488                           
  4489                           ; 4 bytes @ 0x40
  4490     0060                     	ds	4
  4491     0064                     ??___flsub:
  4492     0064                     ?___fltol:	
  4493                           ; 1 bytes @ 0x44
  4494                           
  4495     0064                     ___fltol@f1:	
  4496                           ; 4 bytes @ 0x44
  4497                           
  4498                           
  4499                           ; 4 bytes @ 0x44
  4500     0064                     	ds	4
  4501     0068                     ??___fltol:
  4502                           
  4503                           ; 1 bytes @ 0x48
  4504     0068                     	ds	4
  4505     006C                     ___fltol@sign1:
  4506                           
  4507                           ; 1 bytes @ 0x4C
  4508     006C                     	ds	1
  4509     006D                     ___fltol@exp1:
  4510                           
  4511                           ; 1 bytes @ 0x4D
  4512     006D                     	ds	1
  4513     006E                     ??___aldiv:
  4514                           
  4515                           ; 1 bytes @ 0x4E
  4516     006E                     	ds	1
  4517     006F                     ??_cfg_set_speed:
  4518     006F                     ??_CW_Initialize:	
  4519                           ; 1 bytes @ 0x4F
  4520                           
  4521     006F                     ??_main:	
  4522                           ; 1 bytes @ 0x4F
  4523                           
  4524                           
  4525                           	psect	maintext
  4526     0C61                     __pmaintext:	
  4527                           ; 1 bytes @ 0x4F
  4528 ;;
  4529 ;;Main: autosize = 0, tempsize = 0, incstack = 0, save=0
  4530 ;;
  4531 ;; *************** function _main *****************
  4532 ;; Defined at:
  4533 ;;		line 238 in file "D:/Microchip/MPLABProjects/PSoC3-PCIe-MKIII.X/main.c"
  4534 ;; Parameters:    Size  Location     Type
  4535 ;;		None
  4536 ;; Auto vars:     Size  Location     Type
  4537 ;;		None
  4538 ;; Return value:  Size  Location     Type
  4539 ;;                  1    wreg      void 
  4540 ;; Registers used:
  4541 ;;		wreg, fsr0l, fsr0h, fsr1l, fsr1h, status,2, status,0, pclath, cstack
  4542 ;; Tracked objects:
  4543 ;;		On entry : B1F/0
  4544 ;;		On exit  : 0/0
  4545 ;;		Unchanged: 0/0
  4546 ;; Data sizes:     COMMON   BANK0   BANK1   BANK2   BANK3   BANK4   BANK5   BANK6   BANK7   BANK8   BANK9  BANK10  BANK1
      +1  BANK12  BANK13  BANK14  BANK15  BANK16  BANK17  BANK18  BANK19  BANK20  BANK21  BANK22  BANK23  BANK24  BANK25
  4547 ;;      Params:         0       0       0       0       0       0       0       0       0       0       0       0       
      +0       0       0       0       0       0       0       0       0       0       0       0       0       0       0
  4548 ;;      Locals:         0       0       0       0       0       0       0       0       0       0       0       0       
      +0       0       0       0       0       0       0       0       0       0       0       0       0       0       0
  4549 ;;      Temps:          0       0       0       0       0       0       0       0       0       0       0       0       
      +0       0       0       0       0       0       0       0       0       0       0       0       0       0       0
  4550 ;;      Totals:         0       0       0       0       0       0       0       0       0       0       0       0       
      +0       0       0       0       0       0       0       0       0       0       0       0       0       0       0
  4551 ;;Total ram usage:        0 bytes
  4552 ;; Hardware stack levels required when called: 9
  4553 ;; This function calls:
  4554 ;;		_CW_Config
  4555 ;;		_CW_Initialize
  4556 ;;		_DATAEE_WriteByte
  4557 ;;		_I2C_Initialize
  4558 ;;		_NCO1_Initialize
  4559 ;;		_SYSTEM_Initialize
  4560 ;;		_TMR0_Initialize
  4561 ;;		_TMR0_SetInterruptHandler
  4562 ;;		_TMR0_StartTimer
  4563 ;;		_key_loop
  4564 ;;		_tx_loop
  4565 ;; This function is called by:
  4566 ;;		Startup code after reset
  4567 ;; This function uses a non-reentrant model
  4568 ;;
  4569                           
  4570     0C61                     _main:	
  4571                           ;psect for function _main
  4572                           
  4573                           
  4574                           ;D:/Microchip/MPLABProjects/PSoC3-PCIe-MKIII.X/main.c: 241:     SYSTEM_Initialize();
  4575                           
  4576                           ;incstack = 0
  4577                           ; Regs used in _main: [wreg-fsr1h+status,2+status,0+pclath+cstack]
  4578     0C61  3189  21C4  318C   	fcall	_SYSTEM_Initialize
  4579                           
  4580                           ;D:/Microchip/MPLABProjects/PSoC3-PCIe-MKIII.X/main.c: 242:     (INTCONbits.GIE = 1);
  4581     0C64  178B               	bsf	11,7	;volatile
  4582                           
  4583                           ;D:/Microchip/MPLABProjects/PSoC3-PCIe-MKIII.X/main.c: 243:     (INTCONbits.PEIE = 1);
  4584     0C65  170B               	bsf	11,6	;volatile
  4585                           
  4586                           ;D:/Microchip/MPLABProjects/PSoC3-PCIe-MKIII.X/main.c: 244:     I2C_Initialize();
  4587     0C66  318A  22AE  318C   	fcall	_I2C_Initialize
  4588                           
  4589                           ;D:/Microchip/MPLABProjects/PSoC3-PCIe-MKIII.X/main.c: 245:     TMR0_Initialize();
  4590     0C69  3189  219C  318C   	fcall	_TMR0_Initialize
  4591                           
  4592                           ;D:/Microchip/MPLABProjects/PSoC3-PCIe-MKIII.X/main.c: 246:     TMR0_StartTimer();
  4593     0C6C  3188  2071  318C   	fcall	_TMR0_StartTimer
  4594                           
  4595                           ;D:/Microchip/MPLABProjects/PSoC3-PCIe-MKIII.X/main.c: 247:     TMR0_SetInterruptHandler
      +                          (micros);
  4596     0C6F  3078               	movlw	low _micros
  4597     0C70  0020               	movlb	0	; select bank0
  4598     0C71  00A0               	movwf	TMR0_SetInterruptHandler@InterruptHandler
  4599     0C72  3009               	movlw	high _micros
  4600     0C73  00A1               	movwf	TMR0_SetInterruptHandler@InterruptHandler+1
  4601     0C74  3188  20F7  318C   	fcall	_TMR0_SetInterruptHandler
  4602                           
  4603                           ;D:/Microchip/MPLABProjects/PSoC3-PCIe-MKIII.X/main.c: 248:     NCO1_Initialize();
  4604     0C77  3187  27F3  318C   	fcall	_NCO1_Initialize
  4605                           
  4606                           ;D:/Microchip/MPLABProjects/PSoC3-PCIe-MKIII.X/main.c: 249:     CW_Initialize();
  4607     0C7A  318A  228B  318C   	fcall	_CW_Initialize
  4608     0C7D  0024               	movlb	4	; select bank4
  4609     0C7E  168C               	bsf	12,5	;volatile
  4610     0C7F  160C               	bsf	12,4	;volatile
  4611     0C80  0022               	movlb	2	; select bank2
  4612     0C81  120C               	bcf	12,4	;volatile
  4613     0C82  128C               	bcf	12,5	;volatile
  4614     0C83  160E               	bsf	14,4	;volatile
  4615     0C84  168E               	bsf	14,5	;volatile
  4616     0C85  118E               	bcf	14,3	;volatile
  4617                           
  4618                           ;D:/Microchip/MPLABProjects/PSoC3-PCIe-MKIII.X/main.c: 259:     DATAEE_WriteByte(0xF010,
      +                           0x55);
  4619     0C86  3010               	movlw	16
  4620     0C87  0020               	movlb	0	; select bank0
  4621     0C88  00A0               	movwf	DATAEE_WriteByte@bAdd
  4622     0C89  30F0               	movlw	240
  4623     0C8A  00A1               	movwf	DATAEE_WriteByte@bAdd+1
  4624     0C8B  3055               	movlw	85
  4625     0C8C  00A2               	movwf	DATAEE_WriteByte@bData
  4626     0C8D  318A  2269  318C   	fcall	_DATAEE_WriteByte
  4627     0C90                     l4256:
  4628                           
  4629                           ;D:/Microchip/MPLABProjects/PSoC3-PCIe-MKIII.X/main.c: 261:         if (Queue_Overrun ==
      +                           1) {
  4630     0C90  0021               	movlb	1	; select bank1
  4631     0C91  0335               	decf	_Queue_Overrun^(0+128),w	;volatile
  4632     0C92  1903               	btfsc	3,2
  4633                           
  4634                           ;D:/Microchip/MPLABProjects/PSoC3-PCIe-MKIII.X/main.c: 262:             Queue_Overrun = 
      +                          0;
  4635     0C93  01B5               	clrf	_Queue_Overrun^(0+128)	;volatile
  4636                           
  4637                           ;D:/Microchip/MPLABProjects/PSoC3-PCIe-MKIII.X/main.c: 264:         key_loop(micro_tick_
      +                          A);
  4638     0C94  0022               	movlb	2	; select bank2
  4639     0C95  0843               	movf	(_micro_tick_A+3)^(0+256),w
  4640     0C96  0021               	movlb	1	; select bank1
  4641     0C97  00CD               	movwf	(key_loop@mark+3)^(0+128)
  4642     0C98  0022               	movlb	2	; select bank2
  4643     0C99  0842               	movf	(_micro_tick_A+2)^(0+256),w
  4644     0C9A  0021               	movlb	1	; select bank1
  4645     0C9B  00CC               	movwf	(key_loop@mark+2)^(0+128)
  4646     0C9C  0022               	movlb	2	; select bank2
  4647     0C9D  0841               	movf	(_micro_tick_A+1)^(0+256),w
  4648     0C9E  0021               	movlb	1	; select bank1
  4649     0C9F  00CB               	movwf	(key_loop@mark+1)^(0+128)
  4650     0CA0  0022               	movlb	2	; select bank2
  4651     0CA1  0840               	movf	_micro_tick_A^(0+256),w
  4652     0CA2  0021               	movlb	1	; select bank1
  4653     0CA3  00CA               	movwf	key_loop@mark^(0+128)
  4654     0CA4  3180  2075  318C   	fcall	_key_loop
  4655                           
  4656                           ;D:/Microchip/MPLABProjects/PSoC3-PCIe-MKIII.X/main.c: 265:         tx_loop(micro_tick_B
      +                          );
  4657     0CA7  0022               	movlb	2	; select bank2
  4658     0CA8  083F               	movf	(_micro_tick_B+3)^(0+256),w
  4659     0CA9  0020               	movlb	0	; select bank0
  4660     0CAA  00A3               	movwf	tx_loop@mark+3
  4661     0CAB  0022               	movlb	2	; select bank2
  4662     0CAC  083E               	movf	(_micro_tick_B+2)^(0+256),w
  4663     0CAD  0020               	movlb	0	; select bank0
  4664     0CAE  00A2               	movwf	tx_loop@mark+2
  4665     0CAF  0022               	movlb	2	; select bank2
  4666     0CB0  083D               	movf	(_micro_tick_B+1)^(0+256),w
  4667     0CB1  0020               	movlb	0	; select bank0
  4668     0CB2  00A1               	movwf	tx_loop@mark+1
  4669     0CB3  0022               	movlb	2	; select bank2
  4670     0CB4  083C               	movf	_micro_tick_B^(0+256),w
  4671     0CB5  0020               	movlb	0	; select bank0
  4672     0CB6  00A0               	movwf	tx_loop@mark
  4673     0CB7  3189  21F2  318C   	fcall	_tx_loop
  4674     0CBA  1003               	clrc
  4675     0CBB  0022               	movlb	2	; select bank2
  4676     0CBC  1D8E               	btfss	14,3	;volatile
  4677     0CBD  1403               	setc
  4678     0CBE  1C03               	btfss	3,0
  4679     0CBF  2CC3               	goto	u4020
  4680     0CC0  0022               	movlb	2	; select bank2
  4681     0CC1  158E               	bsf	14,3	;volatile
  4682     0CC2  2CC5               	goto	l4266
  4683     0CC3                     u4020:
  4684     0CC3  0022               	movlb	2	; select bank2
  4685     0CC4  118E               	bcf	14,3	;volatile
  4686     0CC5                     l4266:
  4687                           
  4688                           ;D:/Microchip/MPLABProjects/PSoC3-PCIe-MKIII.X/main.c: 276:         if (CMD_add_queue_bu
      +                          sy == 0) {
  4689     0CC5  0020               	movlb	0	; select bank0
  4690     0CC6  086F               	movf	_CMD_add_queue_busy,w	;volatile
  4691     0CC7  1D03               	btfss	3,2
  4692     0CC8  2C90               	goto	l4256
  4693                           
  4694                           ;D:/Microchip/MPLABProjects/PSoC3-PCIe-MKIII.X/main.c: 277:             CW_Config();
  4695     0CC9  3186  269A  318C   	fcall	_CW_Config
  4696     0CCC  2C90               	goto	l4256
  4697     0CCD                     __end_of_main:
  4698                           
  4699                           	psect	text1
  4700     09F2                     __ptext1:	
  4701 ;; *************** function _tx_loop *****************
  4702 ;; Defined at:
  4703 ;;		line 38 in file "D:/Microchip/MPLABProjects/PSoC3-PCIe-MKIII.X/cw-gen.c"
  4704 ;; Parameters:    Size  Location     Type
  4705 ;;  mark            4    0[BANK0 ] long 
  4706 ;; Auto vars:     Size  Location     Type
  4707 ;;  temp_mark       4    0        long 
  4708 ;; Return value:  Size  Location     Type
  4709 ;;                  1    wreg      void 
  4710 ;; Registers used:
  4711 ;;		wreg
  4712 ;; Tracked objects:
  4713 ;;		On entry : 0/0
  4714 ;;		On exit  : 0/0
  4715 ;;		Unchanged: 0/0
  4716 ;; Data sizes:     COMMON   BANK0   BANK1   BANK2   BANK3   BANK4   BANK5   BANK6   BANK7   BANK8   BANK9  BANK10  BANK1
      +1  BANK12  BANK13  BANK14  BANK15  BANK16  BANK17  BANK18  BANK19  BANK20  BANK21  BANK22  BANK23  BANK24  BANK25
  4717 ;;      Params:         0       4       0       0       0       0       0       0       0       0       0       0       
      +0       0       0       0       0       0       0       0       0       0       0       0       0       0       0
  4718 ;;      Locals:         0       0       0       0       0       0       0       0       0       0       0       0       
      +0       0       0       0       0       0       0       0       0       0       0       0       0       0       0
  4719 ;;      Temps:          0       4       0       0       0       0       0       0       0       0       0       0       
      +0       0       0       0       0       0       0       0       0       0       0       0       0       0       0
  4720 ;;      Totals:         0       8       0       0       0       0       0       0       0       0       0       0       
      +0       0       0       0       0       0       0       0       0       0       0       0       0       0       0
  4721 ;;Total ram usage:        8 bytes
  4722 ;; Hardware stack levels used: 1
  4723 ;; Hardware stack levels required when called: 6
  4724 ;; This function calls:
  4725 ;;		Nothing
  4726 ;; This function is called by:
  4727 ;;		_main
  4728 ;; This function uses a non-reentrant model
  4729 ;;
  4730                           
  4731     09F2                     _tx_loop:	
  4732                           ;psect for function _tx_loop
  4733                           
  4734                           
  4735                           ;D:/Microchip/MPLABProjects/PSoC3-PCIe-MKIII.X/cw-gen.c: 40:     if (tx_timer - mark < 0
      +                          ){
  4736                           
  4737                           ;incstack = 0
  4738                           ; Regs used in _tx_loop: [wreg]
  4739     09F2  0020               	movlb	0	; select bank0
  4740     09F3  0820               	movf	tx_loop@mark,w
  4741     09F4  0022               	movlb	2	; select bank2
  4742     09F5  0234               	subwf	_tx_timer^(0+256),w
  4743     09F6  0020               	movlb	0	; select bank0
  4744     09F7  00A4               	movwf	??_tx_loop
  4745     09F8  0821               	movf	tx_loop@mark+1,w
  4746     09F9  0022               	movlb	2	; select bank2
  4747     09FA  3B35               	subwfb	(_tx_timer+1)^(0+256),w
  4748     09FB  0020               	movlb	0	; select bank0
  4749     09FC  00A5               	movwf	??_tx_loop+1
  4750     09FD  0822               	movf	tx_loop@mark+2,w
  4751     09FE  0022               	movlb	2	; select bank2
  4752     09FF  3B36               	subwfb	(_tx_timer+2)^(0+256),w
  4753     0A00  0020               	movlb	0	; select bank0
  4754     0A01  00A6               	movwf	??_tx_loop+2
  4755     0A02  0823               	movf	tx_loop@mark+3,w
  4756     0A03  0022               	movlb	2	; select bank2
  4757     0A04  3B37               	subwfb	(_tx_timer+3)^(0+256),w
  4758     0A05  0020               	movlb	0	; select bank0
  4759     0A06  00A7               	movwf	??_tx_loop+3
  4760     0A07  1FA7               	btfss	??_tx_loop+3,7
  4761     0A08  0008               	return
  4762                           
  4763                           ;D:/Microchip/MPLABProjects/PSoC3-PCIe-MKIII.X/cw-gen.c: 41:         do { LATCbits.LATC5
      +                           = 0; } while(0);
  4764     0A09  0022               	movlb	2	; select bank2
  4765     0A0A  128E               	bcf	14,5	;volatile
  4766                           
  4767                           ;D:/Microchip/MPLABProjects/PSoC3-PCIe-MKIII.X/cw-gen.c: 42:         do { LATAbits.LATA2
      +                           = 0; } while(0);
  4768     0A0B  110C               	bcf	12,2	;volatile
  4769     0A0C  0008               	return
  4770     0A0D                     __end_of_tx_loop:
  4771                           
  4772                           	psect	text2
  4773     0075                     __ptext2:	
  4774 ;; *************** function _key_loop *****************
  4775 ;; Defined at:
  4776 ;;		line 63 in file "D:/Microchip/MPLABProjects/PSoC3-PCIe-MKIII.X/cw-gen.c"
  4777 ;; Parameters:    Size  Location     Type
  4778 ;;  mark            4    0[BANK1 ] long 
  4779 ;; Auto vars:     Size  Location     Type
  4780 ;;  i               4   18[BANK1 ] long 
  4781 ;;  k0              1   17[BANK1 ] unsigned char 
  4782 ;;  k1              1   16[BANK1 ] unsigned char 
  4783 ;;  ret             1    0        unsigned char 
  4784 ;; Return value:  Size  Location     Type
  4785 ;;                  1    wreg      unsigned char 
  4786 ;; Registers used:
  4787 ;;		wreg, fsr0l, fsr0h, fsr1l, fsr1h, status,2, status,0, pclath, cstack
  4788 ;; Tracked objects:
  4789 ;;		On entry : 0/0
  4790 ;;		On exit  : 0/0
  4791 ;;		Unchanged: 0/0
  4792 ;; Data sizes:     COMMON   BANK0   BANK1   BANK2   BANK3   BANK4   BANK5   BANK6   BANK7   BANK8   BANK9  BANK10  BANK1
      +1  BANK12  BANK13  BANK14  BANK15  BANK16  BANK17  BANK18  BANK19  BANK20  BANK21  BANK22  BANK23  BANK24  BANK25
  4793 ;;      Params:         0       0       4       0       0       0       0       0       0       0       0       0       
      +0       0       0       0       0       0       0       0       0       0       0       0       0       0       0
  4794 ;;      Locals:         0       0      10       0       0       0       0       0       0       0       0       0       
      +0       0       0       0       0       0       0       0       0       0       0       0       0       0       0
  4795 ;;      Temps:          0       0       8       0       0       0       0       0       0       0       0       0       
      +0       0       0       0       0       0       0       0       0       0       0       0       0       0       0
  4796 ;;      Totals:         0       0      22       0       0       0       0       0       0       0       0       0       
      +0       0       0       0       0       0       0       0       0       0       0       0       0       0       0
  4797 ;;Total ram usage:       22 bytes
  4798 ;; Hardware stack levels used: 1
  4799 ;; Hardware stack levels required when called: 8
  4800 ;; This function calls:
  4801 ;;		___fladd
  4802 ;;		___flmul
  4803 ;;		___flsub
  4804 ;;		___fltol
  4805 ;;		___lmul
  4806 ;;		___xxtofl
  4807 ;;		_key_read
  4808 ;;		_tx_send
  4809 ;; This function is called by:
  4810 ;;		_main
  4811 ;; This function uses a non-reentrant model
  4812 ;;
  4813                           
  4814     0075                     _key_loop:	
  4815                           ;psect for function _key_loop
  4816                           
  4817                           
  4818                           ;D:/Microchip/MPLABProjects/PSoC3-PCIe-MKIII.X/cw-gen.c: 67:     long i;;D:/Microchip/MP
      +                          LABProjects/PSoC3-PCIe-MKIII.X/cw-gen.c: 69:     k0 = key_read();
  4819                           
  4820                           ;incstack = 0
  4821                           ; Regs used in _key_loop: [wreg-fsr1h+status,2+status,0+pclath+cstack]
  4822     0075  318A  22D4  3180   	fcall	_key_read
  4823     0078  0021               	movlb	1	; select bank1
  4824     0079  00DB               	movwf	key_loop@k0^(0+128)
  4825                           
  4826                           ;D:/Microchip/MPLABProjects/PSoC3-PCIe-MKIII.X/cw-gen.c: 70:     k1 = k0 & 2;
  4827     007A  085B               	movf	key_loop@k0^(0+128),w
  4828     007B  3902               	andlw	2
  4829     007C  00DA               	movwf	key_loop@k1^(0+128)
  4830                           
  4831                           ;D:/Microchip/MPLABProjects/PSoC3-PCIe-MKIII.X/cw-gen.c: 71:     k0 = k0 & 1;
  4832     007D  085B               	movf	key_loop@k0^(0+128),w
  4833     007E  3901               	andlw	1
  4834     007F  00DB               	movwf	key_loop@k0^(0+128)
  4835                           
  4836                           ;D:/Microchip/MPLABProjects/PSoC3-PCIe-MKIII.X/cw-gen.c: 72:     switch (state) {
  4837     0080  2969               	goto	l4042
  4838     0081                     l3978:
  4839                           
  4840                           ;D:/Microchip/MPLABProjects/PSoC3-PCIe-MKIII.X/cw-gen.c: 74:             if (cfg.spacing
      +                           == 0)
  4841     0081  0822               	movf	(_cfg^(0+128)+2),w
  4842     0082  1D03               	btfss	3,2
  4843     0083  28A0               	goto	l804
  4844                           
  4845                           ;D:/Microchip/MPLABProjects/PSoC3-PCIe-MKIII.X/cw-gen.c: 75:                 if ((k0 && 
      +                          last == 1) || (k1 && last == 3))
  4846     0084  085B               	movf	key_loop@k0^(0+128),w
  4847     0085  1903               	btfsc	3,2
  4848     0086  288A               	goto	l3984
  4849     0087  0333               	decf	key_loop@last^(0+128),w
  4850     0088  1903               	btfsc	3,2
  4851     0089  2891               	goto	l3988
  4852     008A                     l3984:
  4853     008A  085A               	movf	key_loop@k1^(0+128),w
  4854     008B  1903               	btfsc	3,2
  4855     008C  28A0               	goto	l804
  4856     008D  3003               	movlw	3
  4857     008E  0633               	xorwf	key_loop@last^(0+128),w
  4858     008F  1D03               	btfss	3,2
  4859     0090  28A0               	goto	l804
  4860     0091                     l3988:
  4861                           
  4862                           ;D:/Microchip/MPLABProjects/PSoC3-PCIe-MKIII.X/cw-gen.c: 76:                     read_af
      +                          ter = mark ;
  4863     0091  084D               	movf	(key_loop@mark+3)^(0+128),w
  4864     0092  0022               	movlb	2	; select bank2
  4865     0093  00B3               	movwf	(key_loop@read_after+3)^(0+256)
  4866     0094  0021               	movlb	1	; select bank1
  4867     0095  084C               	movf	(key_loop@mark+2)^(0+128),w
  4868     0096  0022               	movlb	2	; select bank2
  4869     0097  00B2               	movwf	(key_loop@read_after+2)^(0+256)
  4870     0098  0021               	movlb	1	; select bank1
  4871     0099  084B               	movf	(key_loop@mark+1)^(0+128),w
  4872     009A  0022               	movlb	2	; select bank2
  4873     009B  00B1               	movwf	(key_loop@read_after+1)^(0+256)
  4874     009C  0021               	movlb	1	; select bank1
  4875     009D  084A               	movf	key_loop@mark^(0+128),w
  4876     009E  0022               	movlb	2	; select bank2
  4877     009F  00B0               	movwf	key_loop@read_after^(0+256)
  4878     00A0                     l804:
  4879                           
  4880                           ;D:/Microchip/MPLABProjects/PSoC3-PCIe-MKIII.X/cw-gen.c: 77:             if (read_after 
      +                          - mark < 0) state = 2;
  4881     00A0  0021               	movlb	1	; select bank1
  4882     00A1  084A               	movf	key_loop@mark^(0+128),w
  4883     00A2  0022               	movlb	2	; select bank2
  4884     00A3  0230               	subwf	key_loop@read_after^(0+256),w
  4885     00A4  0021               	movlb	1	; select bank1
  4886     00A5  00CE               	movwf	??_key_loop^(0+128)
  4887     00A6  084B               	movf	(key_loop@mark+1)^(0+128),w
  4888     00A7  0022               	movlb	2	; select bank2
  4889     00A8  3B31               	subwfb	(key_loop@read_after+1)^(0+256),w
  4890     00A9  0021               	movlb	1	; select bank1
  4891     00AA  00CF               	movwf	(??_key_loop^(0+128)+1)
  4892     00AB  084C               	movf	(key_loop@mark+2)^(0+128),w
  4893     00AC  0022               	movlb	2	; select bank2
  4894     00AD  3B32               	subwfb	(key_loop@read_after+2)^(0+256),w
  4895     00AE  0021               	movlb	1	; select bank1
  4896     00AF  00D0               	movwf	(??_key_loop^(0+128)+2)
  4897     00B0  084D               	movf	(key_loop@mark+3)^(0+128),w
  4898     00B1  0022               	movlb	2	; select bank2
  4899     00B2  3B33               	subwfb	(key_loop@read_after+3)^(0+256),w
  4900     00B3  0021               	movlb	1	; select bank1
  4901     00B4  00D1               	movwf	(??_key_loop^(0+128)+3)
  4902     00B5  1FD1               	btfss	(??_key_loop+3)^(0+128),7
  4903     00B6  2985               	goto	l4044
  4904     00B7  3002               	movlw	2
  4905     00B8  2930               	goto	L1
  4906     00B9                     l3992:
  4907                           
  4908                           ;D:/Microchip/MPLABProjects/PSoC3-PCIe-MKIII.X/cw-gen.c: 80:             if (start_after
      +                           - mark < 0) state = 3;
  4909     00B9  084A               	movf	key_loop@mark^(0+128),w
  4910     00BA  0229               	subwf	key_loop@start_after^(0+128),w
  4911     00BB  00CE               	movwf	??_key_loop^(0+128)
  4912     00BC  084B               	movf	(key_loop@mark+1)^(0+128),w
  4913     00BD  3B2A               	subwfb	(key_loop@start_after+1)^(0+128),w
  4914     00BE  00CF               	movwf	(??_key_loop^(0+128)+1)
  4915     00BF  084C               	movf	(key_loop@mark+2)^(0+128),w
  4916     00C0  3B2B               	subwfb	(key_loop@start_after+2)^(0+128),w
  4917     00C1  00D0               	movwf	(??_key_loop^(0+128)+2)
  4918     00C2  084D               	movf	(key_loop@mark+3)^(0+128),w
  4919     00C3  3B2C               	subwfb	(key_loop@start_after+3)^(0+128),w
  4920     00C4  00D1               	movwf	(??_key_loop^(0+128)+3)
  4921     00C5  1FD1               	btfss	(??_key_loop+3)^(0+128),7
  4922     00C6  28C9               	goto	l813
  4923     00C7  3003               	movlw	3
  4924     00C8  00EC               	movwf	key_loop@state^(0+128)
  4925     00C9                     l813:
  4926                           
  4927                           ;D:/Microchip/MPLABProjects/PSoC3-PCIe-MKIII.X/cw-gen.c: 81:             if (spacing < 4
      +                          ) break;
  4928     00C9  3004               	movlw	4
  4929     00CA  026D               	subwf	key_loop@spacing^(0+128),w
  4930     00CB  1C03               	btfss	3,0
  4931     00CC  2985               	goto	l4044
  4932     00CD                     l3998:
  4933                           
  4934                           ;D:/Microchip/MPLABProjects/PSoC3-PCIe-MKIII.X/cw-gen.c: 84:             if (start_after
      +                           - mark < 0) {
  4935     00CD  084A               	movf	key_loop@mark^(0+128),w
  4936     00CE  0229               	subwf	key_loop@start_after^(0+128),w
  4937     00CF  00CE               	movwf	??_key_loop^(0+128)
  4938     00D0  084B               	movf	(key_loop@mark+1)^(0+128),w
  4939     00D1  3B2A               	subwfb	(key_loop@start_after+1)^(0+128),w
  4940     00D2  00CF               	movwf	(??_key_loop^(0+128)+1)
  4941     00D3  084C               	movf	(key_loop@mark+2)^(0+128),w
  4942     00D4  3B2B               	subwfb	(key_loop@start_after+2)^(0+128),w
  4943     00D5  00D0               	movwf	(??_key_loop^(0+128)+2)
  4944     00D6  084D               	movf	(key_loop@mark+3)^(0+128),w
  4945     00D7  3B2C               	subwfb	(key_loop@start_after+3)^(0+128),w
  4946     00D8  00D1               	movwf	(??_key_loop^(0+128)+3)
  4947     00D9  1BD1               	btfsc	(??_key_loop+3)^(0+128),7
  4948     00DA  28EB               	goto	l4012
  4949     00DB  2985               	goto	l4044
  4950     00DC                     l820:	
  4951                           ;D:/Microchip/MPLABProjects/PSoC3-PCIe-MKIII.X/cw-gen.c: 88:                     case 3:
  4952                           
  4953                           
  4954                           ;D:/Microchip/MPLABProjects/PSoC3-PCIe-MKIII.X/cw-gen.c: 89:                         bre
      +                          ak;
  4955     00DC  290A               	goto	l4014
  4956     00DD                     l4002:
  4957                           
  4958                           ;D:/Microchip/MPLABProjects/PSoC3-PCIe-MKIII.X/cw-gen.c: 92:                         mco
      +                          de = 0x80;
  4959     00DD  3080               	movlw	128
  4960     00DE  00EB               	movwf	key_loop@mcode^(0+128)
  4961                           
  4962                           ;D:/Microchip/MPLABProjects/PSoC3-PCIe-MKIII.X/cw-gen.c: 93:                         if 
      +                          (cfg.spacing >= 2) state = 2;
  4963     00DF  0822               	movf	(_cfg^(0+128)+2),w
  4964     00E0  3A80               	xorlw	128
  4965     00E1  3E7E               	addlw	-130
  4966     00E2                     L2:
  4967     00E2  1C03               	skipc
  4968     00E3  290A               	goto	l4014
  4969     00E4  3002               	movlw	2
  4970     00E5  00EC               	movwf	key_loop@state^(0+128)
  4971     00E6  290A               	goto	l4014
  4972     00E7                     l4006:
  4973     00E7                     l826:	
  4974                           ;D:/Microchip/MPLABProjects/PSoC3-PCIe-MKIII.X/cw-gen.c: 99:                     case 6:
  4975                           
  4976                           
  4977                           ;D:/Microchip/MPLABProjects/PSoC3-PCIe-MKIII.X/cw-gen.c: 100:                         if
      +                           (cfg.spacing >= 3) state = 2;
  4978     00E7  0822               	movf	(_cfg^(0+128)+2),w
  4979     00E8  3A80               	xorlw	128
  4980     00E9  3E7D               	addlw	-131
  4981     00EA  28E2               	goto	L2
  4982     00EB                     l4012:
  4983     00EB  086D               	movf	key_loop@spacing^(0+128),w
  4984     00EC  00CE               	movwf	??_key_loop^(0+128)
  4985     00ED  01CF               	clrf	(??_key_loop^(0+128)+1)
  4986                           
  4987                           ; Switch on 2 bytes has been partitioned into a top level switch of size 1, and 1 sub-sw
      +                          itches
  4988                           ; Switch size 1, requested type "simple"
  4989                           ; Number of cases is 1, Range of values is 0 to 0
  4990                           ; switch strategies available:
  4991                           ; Name         Instructions Cycles
  4992                           ; simple_byte            4     3 (average)
  4993                           ; direct_byte            8     6 (fixed)
  4994                           ; jumptable            260     6 (fixed)
  4995                           ;	Chosen strategy is simple_byte
  4996     00EE  084F               	movf	(??_key_loop+1)^(0+128),w
  4997     00EF  3A00               	xorlw	0	; case 0
  4998     00F0  1903               	skipnz
  4999     00F1  28F3               	goto	l4390
  5000     00F2  290A               	goto	l4014
  5001     00F3                     l4390:
  5002                           
  5003                           ; Switch size 1, requested type "simple"
  5004                           ; Number of cases is 7, Range of values is 0 to 6
  5005                           ; switch strategies available:
  5006                           ; Name         Instructions Cycles
  5007                           ; direct_byte           20     6 (fixed)
  5008                           ; simple_byte           22    12 (average)
  5009                           ; jumptable            260     6 (fixed)
  5010                           ;	Chosen strategy is simple_byte
  5011     00F3  084E               	movf	??_key_loop^(0+128),w
  5012     00F4  3A00               	xorlw	0	; case 0
  5013     00F5  1903               	skipnz
  5014     00F6  28DC               	goto	l820
  5015     00F7  3A01               	xorlw	1	; case 1
  5016     00F8  1903               	skipnz
  5017     00F9  28DD               	goto	l4002
  5018     00FA  3A03               	xorlw	3	; case 2
  5019     00FB  1903               	skipnz
  5020     00FC  290A               	goto	l4014
  5021     00FD  3A01               	xorlw	1	; case 3
  5022     00FE  1903               	skipnz
  5023     00FF  290A               	goto	l4014
  5024     0100  3A07               	xorlw	7	; case 4
  5025     0101  1903               	skipnz
  5026     0102  28E7               	goto	l4006
  5027     0103  3A01               	xorlw	1	; case 5
  5028     0104  1903               	skipnz
  5029     0105  28E7               	goto	l826
  5030     0106  3A03               	xorlw	3	; case 6
  5031     0107  1903               	skipnz
  5032     0108  28E7               	goto	l826
  5033     0109  290A               	goto	l4014
  5034     010A                     l4014:
  5035                           
  5036                           ;D:/Microchip/MPLABProjects/PSoC3-PCIe-MKIII.X/cw-gen.c: 103:                 if (spacin
      +                          g < 7) spacing += 1;
  5037     010A  3007               	movlw	7
  5038     010B  026D               	subwf	key_loop@spacing^(0+128),w
  5039     010C  1803               	skipnc
  5040     010D  2912               	goto	l828
  5041     010E  3001               	movlw	1
  5042     010F  00CE               	movwf	??_key_loop^(0+128)
  5043     0110  084E               	movf	??_key_loop^(0+128),w
  5044     0111  07ED               	addwf	key_loop@spacing^(0+128),f
  5045     0112                     l828:
  5046                           
  5047                           ;D:/Microchip/MPLABProjects/PSoC3-PCIe-MKIII.X/cw-gen.c: 104:                 if (cfg.mo
      +                          de == 2) state = 3;
  5048     0112  3002               	movlw	2
  5049     0113  0620               	xorwf	_cfg^(0+128),w
  5050     0114  1D03               	btfss	3,2
  5051     0115  2918               	goto	l829
  5052     0116  3003               	movlw	3
  5053     0117  00EC               	movwf	key_loop@state^(0+128)
  5054     0118                     l829:
  5055                           
  5056                           ;D:/Microchip/MPLABProjects/PSoC3-PCIe-MKIII.X/cw-gen.c: 105:                 start_afte
      +                          r += 1 * cfg_speed_micros;
  5057     0118  082D               	movf	_cfg_speed_micros^(0+128),w
  5058     0119  07A9               	addwf	key_loop@start_after^(0+128),f
  5059     011A  082E               	movf	(_cfg_speed_micros+1)^(0+128),w
  5060     011B  3DAA               	addwfc	(key_loop@start_after+1)^(0+128),f
  5061     011C  082F               	movf	(_cfg_speed_micros+2)^(0+128),w
  5062     011D  3DAB               	addwfc	(key_loop@start_after+2)^(0+128),f
  5063     011E  0830               	movf	(_cfg_speed_micros+3)^(0+128),w
  5064     011F  3DAC               	addwfc	(key_loop@start_after+3)^(0+128),f
  5065     0120  2985               	goto	l4044
  5066     0121                     l4020:
  5067                           
  5068                           ;D:/Microchip/MPLABProjects/PSoC3-PCIe-MKIII.X/cw-gen.c: 109:             if (start_afte
      +                          r - mark < 0) state = 5;
  5069     0121  084A               	movf	key_loop@mark^(0+128),w
  5070     0122  0229               	subwf	key_loop@start_after^(0+128),w
  5071     0123  00CE               	movwf	??_key_loop^(0+128)
  5072     0124  084B               	movf	(key_loop@mark+1)^(0+128),w
  5073     0125  3B2A               	subwfb	(key_loop@start_after+1)^(0+128),w
  5074     0126  00CF               	movwf	(??_key_loop^(0+128)+1)
  5075     0127  084C               	movf	(key_loop@mark+2)^(0+128),w
  5076     0128  3B2B               	subwfb	(key_loop@start_after+2)^(0+128),w
  5077     0129  00D0               	movwf	(??_key_loop^(0+128)+2)
  5078     012A  084D               	movf	(key_loop@mark+3)^(0+128),w
  5079     012B  3B2C               	subwfb	(key_loop@start_after+3)^(0+128),w
  5080     012C  00D1               	movwf	(??_key_loop^(0+128)+3)
  5081     012D  1FD1               	btfss	(??_key_loop+3)^(0+128),7
  5082     012E  2985               	goto	l4044
  5083     012F  3005               	movlw	5
  5084     0130                     L1:
  5085     0130  00EC               	movwf	key_loop@state^(0+128)
  5086     0131  2985               	goto	l4044
  5087     0132                     l4024:
  5088                           
  5089                           ;D:/Microchip/MPLABProjects/PSoC3-PCIe-MKIII.X/cw-gen.c: 114:             if (read_after
      +                           - mark < 0) {
  5090     0132  084A               	movf	key_loop@mark^(0+128),w
  5091     0133  0022               	movlb	2	; select bank2
  5092     0134  0230               	subwf	key_loop@read_after^(0+256),w
  5093     0135  0021               	movlb	1	; select bank1
  5094     0136  00CE               	movwf	??_key_loop^(0+128)
  5095     0137  084B               	movf	(key_loop@mark+1)^(0+128),w
  5096     0138  0022               	movlb	2	; select bank2
  5097     0139  3B31               	subwfb	(key_loop@read_after+1)^(0+256),w
  5098     013A  0021               	movlb	1	; select bank1
  5099     013B  00CF               	movwf	(??_key_loop^(0+128)+1)
  5100     013C  084C               	movf	(key_loop@mark+2)^(0+128),w
  5101     013D  0022               	movlb	2	; select bank2
  5102     013E  3B32               	subwfb	(key_loop@read_after+2)^(0+256),w
  5103     013F  0021               	movlb	1	; select bank1
  5104     0140  00D0               	movwf	(??_key_loop^(0+128)+2)
  5105     0141  084D               	movf	(key_loop@mark+3)^(0+128),w
  5106     0142  0022               	movlb	2	; select bank2
  5107     0143  3B33               	subwfb	(key_loop@read_after+3)^(0+256),w
  5108     0144  0021               	movlb	1	; select bank1
  5109     0145  00D1               	movwf	(??_key_loop^(0+128)+3)
  5110     0146  1FD1               	btfss	(??_key_loop+3)^(0+128),7
  5111     0147  2985               	goto	l4044
  5112                           
  5113                           ;D:/Microchip/MPLABProjects/PSoC3-PCIe-MKIII.X/cw-gen.c: 115:                 state = 3;
  5114     0148  3003               	movlw	3
  5115     0149  00EC               	movwf	key_loop@state^(0+128)
  5116                           
  5117                           ;D:/Microchip/MPLABProjects/PSoC3-PCIe-MKIII.X/cw-gen.c: 116:                 staged = 0
      +                          ;
  5118     014A  01B1               	clrf	key_loop@staged^(0+128)
  5119                           
  5120                           ;D:/Microchip/MPLABProjects/PSoC3-PCIe-MKIII.X/cw-gen.c: 117:                 start_afte
      +                          r = mark + 1 * cfg_speed_micros;
  5121     014B  082D               	movf	_cfg_speed_micros^(0+128),w
  5122     014C  074A               	addwf	key_loop@mark^(0+128),w
  5123     014D  00CE               	movwf	??_key_loop^(0+128)
  5124     014E  082E               	movf	(_cfg_speed_micros+1)^(0+128),w
  5125     014F  3D4B               	addwfc	(key_loop@mark+1)^(0+128),w
  5126     0150  00CF               	movwf	(??_key_loop^(0+128)+1)
  5127     0151  082F               	movf	(_cfg_speed_micros+2)^(0+128),w
  5128     0152  3D4C               	addwfc	(key_loop@mark+2)^(0+128),w
  5129     0153  00D0               	movwf	(??_key_loop^(0+128)+2)
  5130     0154  0830               	movf	(_cfg_speed_micros+3)^(0+128),w
  5131     0155  3D4D               	addwfc	(key_loop@mark+3)^(0+128),w
  5132     0156  00D1               	movwf	(??_key_loop^(0+128)+3)
  5133     0157  0851               	movf	(??_key_loop+3)^(0+128),w
  5134     0158  00AC               	movwf	(key_loop@start_after+3)^(0+128)
  5135     0159  0850               	movf	(??_key_loop+2)^(0+128),w
  5136     015A  00AB               	movwf	(key_loop@start_after+2)^(0+128)
  5137     015B  084F               	movf	(??_key_loop+1)^(0+128),w
  5138     015C  00AA               	movwf	(key_loop@start_after+1)^(0+128)
  5139     015D  084E               	movf	??_key_loop^(0+128),w
  5140     015E  00A9               	movwf	key_loop@start_after^(0+128)
  5141                           
  5142                           ;D:/Microchip/MPLABProjects/PSoC3-PCIe-MKIII.X/cw-gen.c: 118:                 spacing = 
      +                          0;
  5143     015F  01ED               	clrf	key_loop@spacing^(0+128)
  5144                           
  5145                           ;D:/Microchip/MPLABProjects/PSoC3-PCIe-MKIII.X/cw-gen.c: 119:                 if (mcode 
      +                          & 0x01) {
  5146     0160  1C6B               	btfss	key_loop@mcode^(0+128),0
  5147     0161  2965               	goto	l4036
  5148                           
  5149                           ;D:/Microchip/MPLABProjects/PSoC3-PCIe-MKIII.X/cw-gen.c: 120:                     mcode 
      +                          = 0xFF;
  5150     0162  30FF               	movlw	255
  5151     0163  00EB               	movwf	key_loop@mcode^(0+128)
  5152                           
  5153                           ;D:/Microchip/MPLABProjects/PSoC3-PCIe-MKIII.X/cw-gen.c: 121:                 } else {
  5154     0164  2985               	goto	l4044
  5155     0165                     l4036:
  5156                           
  5157                           ;D:/Microchip/MPLABProjects/PSoC3-PCIe-MKIII.X/cw-gen.c: 122:                     mcode 
      +                          >>= 1;
  5158     0165  1003               	clrc
  5159     0166  0CEB               	rrf	key_loop@mcode^(0+128),f
  5160                           
  5161                           ;D:/Microchip/MPLABProjects/PSoC3-PCIe-MKIII.X/cw-gen.c: 123:                     mcode 
      +                          |= 0x80;
  5162     0167  17EB               	bsf	key_loop@mcode^(0+128),7
  5163     0168  2985               	goto	l4044
  5164     0169                     l4042:
  5165     0169  086C               	movf	key_loop@state^(0+128),w
  5166     016A  00CE               	movwf	??_key_loop^(0+128)
  5167     016B  01CF               	clrf	(??_key_loop^(0+128)+1)
  5168                           
  5169                           ; Switch on 2 bytes has been partitioned into a top level switch of size 1, and 1 sub-sw
      +                          itches
  5170                           ; Switch size 1, requested type "simple"
  5171                           ; Number of cases is 1, Range of values is 0 to 0
  5172                           ; switch strategies available:
  5173                           ; Name         Instructions Cycles
  5174                           ; simple_byte            4     3 (average)
  5175                           ; direct_byte            8     6 (fixed)
  5176                           ; jumptable            260     6 (fixed)
  5177                           ;	Chosen strategy is simple_byte
  5178     016C  084F               	movf	(??_key_loop+1)^(0+128),w
  5179     016D  3A00               	xorlw	0	; case 0
  5180     016E  1903               	skipnz
  5181     016F  2971               	goto	l4392
  5182     0170  2985               	goto	l4044
  5183     0171                     l4392:
  5184                           
  5185                           ; Switch size 1, requested type "simple"
  5186                           ; Number of cases is 6, Range of values is 1 to 6
  5187                           ; switch strategies available:
  5188                           ; Name         Instructions Cycles
  5189                           ; simple_byte           19    10 (average)
  5190                           ; direct_byte           21     9 (fixed)
  5191                           ; jumptable            263     9 (fixed)
  5192                           ;	Chosen strategy is simple_byte
  5193     0171  084E               	movf	??_key_loop^(0+128),w
  5194     0172  3A01               	xorlw	1	; case 1
  5195     0173  1903               	skipnz
  5196     0174  2881               	goto	l3978
  5197     0175  3A03               	xorlw	3	; case 2
  5198     0176  1903               	skipnz
  5199     0177  28B9               	goto	l3992
  5200     0178  3A01               	xorlw	1	; case 3
  5201     0179  1903               	skipnz
  5202     017A  28CD               	goto	l3998
  5203     017B  3A07               	xorlw	7	; case 4
  5204     017C  1903               	skipnz
  5205     017D  2921               	goto	l4020
  5206     017E  3A01               	xorlw	1	; case 5
  5207     017F  1903               	skipnz
  5208     0180  2985               	goto	l4044
  5209     0181  3A03               	xorlw	3	; case 6
  5210     0182  1903               	skipnz
  5211     0183  2932               	goto	l4024
  5212     0184  2985               	goto	l4044
  5213     0185                     l4044:
  5214                           
  5215                           ;D:/Microchip/MPLABProjects/PSoC3-PCIe-MKIII.X/cw-gen.c: 129:     if (cfg.mode == 3 || c
      +                          fg.mode == 2) {
  5216     0185  3003               	movlw	3
  5217     0186  0620               	xorwf	_cfg^(0+128),w
  5218     0187  1903               	btfsc	3,2
  5219     0188  298D               	goto	l4048
  5220     0189  3002               	movlw	2
  5221     018A  0620               	xorwf	_cfg^(0+128),w
  5222     018B  1D03               	btfss	3,2
  5223     018C  29EF               	goto	l4076
  5224     018D                     l4048:
  5225                           
  5226                           ;D:/Microchip/MPLABProjects/PSoC3-PCIe-MKIII.X/cw-gen.c: 130:         if (k1) {
  5227     018D  085A               	movf	key_loop@k1^(0+128),w
  5228     018E  1903               	btfsc	3,2
  5229     018F  29D1               	goto	l4064
  5230                           
  5231                           ;D:/Microchip/MPLABProjects/PSoC3-PCIe-MKIII.X/cw-gen.c: 131:             i = mark ;
  5232     0190  084D               	movf	(key_loop@mark+3)^(0+128),w
  5233     0191  00DF               	movwf	(key_loop@i+3)^(0+128)
  5234     0192  084C               	movf	(key_loop@mark+2)^(0+128),w
  5235     0193  00DE               	movwf	(key_loop@i+2)^(0+128)
  5236     0194  084B               	movf	(key_loop@mark+1)^(0+128),w
  5237     0195  00DD               	movwf	(key_loop@i+1)^(0+128)
  5238     0196  084A               	movf	key_loop@mark^(0+128),w
  5239     0197  00DC               	movwf	key_loop@i^(0+128)
  5240                           
  5241                           ;D:/Microchip/MPLABProjects/PSoC3-PCIe-MKIII.X/cw-gen.c: 132:             if (state < 4)
      +                           {
  5242     0198  3004               	movlw	4
  5243     0199  026C               	subwf	key_loop@state^(0+128),w
  5244     019A  1803               	skipnc
  5245     019B  29A6               	goto	l841
  5246                           
  5247                           ;D:/Microchip/MPLABProjects/PSoC3-PCIe-MKIII.X/cw-gen.c: 133:                 state = 4;
  5248     019C  3004               	movlw	4
  5249     019D  00EC               	movwf	key_loop@state^(0+128)
  5250                           
  5251                           ;D:/Microchip/MPLABProjects/PSoC3-PCIe-MKIII.X/cw-gen.c: 134:                 start_afte
      +                          r = i;
  5252     019E  085F               	movf	(key_loop@i+3)^(0+128),w
  5253     019F  00AC               	movwf	(key_loop@start_after+3)^(0+128)
  5254     01A0  085E               	movf	(key_loop@i+2)^(0+128),w
  5255     01A1  00AB               	movwf	(key_loop@start_after+2)^(0+128)
  5256     01A2  085D               	movf	(key_loop@i+1)^(0+128),w
  5257     01A3  00AA               	movwf	(key_loop@start_after+1)^(0+128)
  5258     01A4  085C               	movf	key_loop@i^(0+128),w
  5259     01A5  00A9               	movwf	key_loop@start_after^(0+128)
  5260     01A6                     l841:	
  5261                           ;D:/Microchip/MPLABProjects/PSoC3-PCIe-MKIII.X/cw-gen.c: 135:             }
  5262                           
  5263                           
  5264                           ;D:/Microchip/MPLABProjects/PSoC3-PCIe-MKIII.X/cw-gen.c: 136:             if (state < 6)
      +                           {
  5265     01A6  3006               	movlw	6
  5266     01A7  026C               	subwf	key_loop@state^(0+128),w
  5267     01A8  1803               	skipnc
  5268     01A9  29CC               	goto	l4060
  5269                           
  5270                           ;D:/Microchip/MPLABProjects/PSoC3-PCIe-MKIII.X/cw-gen.c: 137:                 read_after
      +                           = i;
  5271     01AA  085F               	movf	(key_loop@i+3)^(0+128),w
  5272     01AB  0022               	movlb	2	; select bank2
  5273     01AC  00B3               	movwf	(key_loop@read_after+3)^(0+256)
  5274     01AD  0021               	movlb	1	; select bank1
  5275     01AE  085E               	movf	(key_loop@i+2)^(0+128),w
  5276     01AF  0022               	movlb	2	; select bank2
  5277     01B0  00B2               	movwf	(key_loop@read_after+2)^(0+256)
  5278     01B1  0021               	movlb	1	; select bank1
  5279     01B2  085D               	movf	(key_loop@i+1)^(0+128),w
  5280     01B3  0022               	movlb	2	; select bank2
  5281     01B4  00B1               	movwf	(key_loop@read_after+1)^(0+256)
  5282     01B5  0021               	movlb	1	; select bank1
  5283     01B6  085C               	movf	key_loop@i^(0+128),w
  5284     01B7  0022               	movlb	2	; select bank2
  5285     01B8  00B0               	movwf	key_loop@read_after^(0+256)
  5286                           
  5287                           ;D:/Microchip/MPLABProjects/PSoC3-PCIe-MKIII.X/cw-gen.c: 138:                 tx_send(i)
      +                          ;
  5288     01B9  0021               	movlb	1	; select bank1
  5289     01BA  085F               	movf	(key_loop@i+3)^(0+128),w
  5290     01BB  0020               	movlb	0	; select bank0
  5291     01BC  00A3               	movwf	tx_send@mark+3
  5292     01BD  0021               	movlb	1	; select bank1
  5293     01BE  085E               	movf	(key_loop@i+2)^(0+128),w
  5294     01BF  0020               	movlb	0	; select bank0
  5295     01C0  00A2               	movwf	tx_send@mark+2
  5296     01C1  0021               	movlb	1	; select bank1
  5297     01C2  085D               	movf	(key_loop@i+1)^(0+128),w
  5298     01C3  0020               	movlb	0	; select bank0
  5299     01C4  00A1               	movwf	tx_send@mark+1
  5300     01C5  0021               	movlb	1	; select bank1
  5301     01C6  085C               	movf	key_loop@i^(0+128),w
  5302     01C7  0020               	movlb	0	; select bank0
  5303     01C8  00A0               	movwf	tx_send@mark
  5304     01C9  3189  21B0  3180   	fcall	_tx_send
  5305     01CC                     l4060:
  5306                           
  5307                           ;D:/Microchip/MPLABProjects/PSoC3-PCIe-MKIII.X/cw-gen.c: 141:             last = 3;
  5308     01CC  3003               	movlw	3
  5309     01CD  0021               	movlb	1	; select bank1
  5310     01CE  00B3               	movwf	key_loop@last^(0+128)
  5311                           
  5312                           ;D:/Microchip/MPLABProjects/PSoC3-PCIe-MKIII.X/cw-gen.c: 142:             staged = 0;
  5313     01CF  01B1               	clrf	key_loop@staged^(0+128)
  5314                           
  5315                           ;D:/Microchip/MPLABProjects/PSoC3-PCIe-MKIII.X/cw-gen.c: 143:         }
  5316     01D0  29F5               	goto	l4080
  5317     01D1                     l4064:
  5318     01D1  3005               	movlw	5
  5319     01D2  066C               	xorwf	key_loop@state^(0+128),w
  5320     01D3  1D03               	btfss	3,2
  5321     01D4  29F5               	goto	l4080
  5322                           
  5323                           ;D:/Microchip/MPLABProjects/PSoC3-PCIe-MKIII.X/cw-gen.c: 145:             if (staged == 
      +                          1) {
  5324     01D5  0331               	decf	key_loop@staged^(0+128),w
  5325     01D6  1D03               	btfss	3,2
  5326     01D7  29DA               	goto	l4070
  5327                           
  5328                           ;D:/Microchip/MPLABProjects/PSoC3-PCIe-MKIII.X/cw-gen.c: 146:                 state = 3;
  5329     01D8  3003               	movlw	3
  5330     01D9  29F4               	goto	L3
  5331     01DA                     l4070:	
  5332                           ;D:/Microchip/MPLABProjects/PSoC3-PCIe-MKIII.X/cw-gen.c: 147:             } else {
  5333                           
  5334                           
  5335                           ;D:/Microchip/MPLABProjects/PSoC3-PCIe-MKIII.X/cw-gen.c: 148:                 state = 6;
  5336     01DA  3006               	movlw	6
  5337     01DB  00EC               	movwf	key_loop@state^(0+128)
  5338                           
  5339                           ;D:/Microchip/MPLABProjects/PSoC3-PCIe-MKIII.X/cw-gen.c: 149:                 tx_send(ma
      +                          rk);
  5340     01DC  084D               	movf	(key_loop@mark+3)^(0+128),w
  5341     01DD  0020               	movlb	0	; select bank0
  5342     01DE  00A3               	movwf	tx_send@mark+3
  5343     01DF  0021               	movlb	1	; select bank1
  5344     01E0  084C               	movf	(key_loop@mark+2)^(0+128),w
  5345     01E1  0020               	movlb	0	; select bank0
  5346     01E2  00A2               	movwf	tx_send@mark+2
  5347     01E3  0021               	movlb	1	; select bank1
  5348     01E4  084B               	movf	(key_loop@mark+1)^(0+128),w
  5349     01E5  0020               	movlb	0	; select bank0
  5350     01E6  00A1               	movwf	tx_send@mark+1
  5351     01E7  0021               	movlb	1	; select bank1
  5352     01E8  084A               	movf	key_loop@mark^(0+128),w
  5353     01E9  0020               	movlb	0	; select bank0
  5354     01EA  00A0               	movwf	tx_send@mark
  5355     01EB  3189  21B0  3180   	fcall	_tx_send
  5356     01EE  29F5               	goto	l4080
  5357     01EF                     l4076:
  5358                           
  5359                           ;D:/Microchip/MPLABProjects/PSoC3-PCIe-MKIII.X/cw-gen.c: 154:         if (state > 3) sta
      +                          te = 6;
  5360     01EF  3004               	movlw	4
  5361     01F0  026C               	subwf	key_loop@state^(0+128),w
  5362     01F1  1C03               	skipc
  5363     01F2  29F5               	goto	l4080
  5364     01F3  3006               	movlw	6
  5365     01F4                     L3:
  5366     01F4  00EC               	movwf	key_loop@state^(0+128)
  5367     01F5                     l4080:
  5368                           
  5369                           ;D:/Microchip/MPLABProjects/PSoC3-PCIe-MKIII.X/cw-gen.c: 157:     if (!staged) {
  5370     01F5  0021               	movlb	1	; select bank1
  5371     01F6  0831               	movf	key_loop@staged^(0+128),w
  5372     01F7  1D03               	btfss	3,2
  5373     01F8  2A4D               	goto	l4134
  5374                           
  5375                           ;D:/Microchip/MPLABProjects/PSoC3-PCIe-MKIII.X/cw-gen.c: 158:         if (state > 1) {
  5376     01F9  3002               	movlw	2
  5377     01FA  026C               	subwf	key_loop@state^(0+128),w
  5378     01FB  1C03               	skipc
  5379     01FC  2A22               	goto	l4108
  5380                           
  5381                           ;D:/Microchip/MPLABProjects/PSoC3-PCIe-MKIII.X/cw-gen.c: 159:             if (k0 && k1) 
      +                          {
  5382     01FD  085B               	movf	key_loop@k0^(0+128),w
  5383     01FE  1903               	btfsc	3,2
  5384     01FF  2A16               	goto	l4098
  5385     0200  085A               	movf	key_loop@k1^(0+128),w
  5386     0201  1903               	btfsc	3,2
  5387     0202  2A16               	goto	l4098
  5388                           
  5389                           ;D:/Microchip/MPLABProjects/PSoC3-PCIe-MKIII.X/cw-gen.c: 160:                 if (ultima
      +                          tic && cfg.mode == 1) staged = last;
  5390     0203  0832               	movf	key_loop@ultimatic^(0+128),w
  5391     0204  1903               	btfsc	3,2
  5392     0205  2A0B               	goto	l4094
  5393     0206  0320               	decf	_cfg^(0+128),w
  5394     0207  1D03               	btfss	3,2
  5395     0208  2A0B               	goto	l4094
  5396     0209  0833               	movf	key_loop@last^(0+128),w
  5397     020A  2A0F               	goto	L4
  5398     020B                     l4094:
  5399     020B  0333               	decf	key_loop@last^(0+128),w
  5400     020C  1D03               	btfss	3,2
  5401     020D  2A11               	goto	l854
  5402     020E                     l4096:
  5403     020E  3003               	movlw	3
  5404     020F                     L4:
  5405     020F  00B1               	movwf	key_loop@staged^(0+128)
  5406     0210  2A13               	goto	l853
  5407     0211                     l854:	
  5408                           ;D:/Microchip/MPLABProjects/PSoC3-PCIe-MKIII.X/cw-gen.c: 162:                 else stage
      +                          d = 1;
  5409                           
  5410     0211  01B1               	clrf	key_loop@staged^(0+128)
  5411     0212  0AB1               	incf	key_loop@staged^(0+128),f
  5412     0213                     l853:
  5413                           
  5414                           ;D:/Microchip/MPLABProjects/PSoC3-PCIe-MKIII.X/cw-gen.c: 163:                 ultimatic 
      +                          = 1;
  5415     0213  01B2               	clrf	key_loop@ultimatic^(0+128)
  5416     0214  0AB2               	incf	key_loop@ultimatic^(0+128),f
  5417                           
  5418                           ;D:/Microchip/MPLABProjects/PSoC3-PCIe-MKIII.X/cw-gen.c: 164:             } else {
  5419     0215  2A4D               	goto	l4134
  5420     0216                     l4098:
  5421                           
  5422                           ;D:/Microchip/MPLABProjects/PSoC3-PCIe-MKIII.X/cw-gen.c: 165:                 if (k0) st
      +                          aged = 1;
  5423     0216  085B               	movf	key_loop@k0^(0+128),w
  5424     0217  1903               	btfsc	3,2
  5425     0218  2A1B               	goto	l4102
  5426     0219  01B1               	clrf	key_loop@staged^(0+128)
  5427     021A  0AB1               	incf	key_loop@staged^(0+128),f
  5428     021B                     l4102:
  5429                           
  5430                           ;D:/Microchip/MPLABProjects/PSoC3-PCIe-MKIII.X/cw-gen.c: 166:                 if (k1) st
      +                          aged = 3;
  5431     021B  085A               	movf	key_loop@k1^(0+128),w
  5432     021C  1903               	btfsc	3,2
  5433     021D  2A20               	goto	l4106
  5434     021E  3003               	movlw	3
  5435     021F  00B1               	movwf	key_loop@staged^(0+128)
  5436     0220                     l4106:
  5437                           
  5438                           ;D:/Microchip/MPLABProjects/PSoC3-PCIe-MKIII.X/cw-gen.c: 167:                 ultimatic 
      +                          = 0;
  5439     0220  01B2               	clrf	key_loop@ultimatic^(0+128)
  5440     0221  2A4D               	goto	l4134
  5441     0222                     l4108:
  5442     0222  0832               	movf	key_loop@ultimatic^(0+128),w
  5443     0223  1903               	btfsc	3,2
  5444     0224  2A28               	goto	l4112
  5445     0225  0320               	decf	_cfg^(0+128),w
  5446     0226  1903               	btfsc	3,2
  5447     0227  2A4D               	goto	l4134
  5448     0228                     l4112:
  5449                           
  5450                           ;D:/Microchip/MPLABProjects/PSoC3-PCIe-MKIII.X/cw-gen.c: 170:             if (k0 && (las
      +                          t == 3 || spacing > 0)) {
  5451     0228  085B               	movf	key_loop@k0^(0+128),w
  5452     0229  1903               	btfsc	3,2
  5453     022A  2A3D               	goto	l4122
  5454     022B  3003               	movlw	3
  5455     022C  0633               	xorwf	key_loop@last^(0+128),w
  5456     022D  1903               	btfsc	3,2
  5457     022E  2A32               	goto	l4118
  5458     022F  086D               	movf	key_loop@spacing^(0+128),w
  5459     0230  1903               	btfsc	3,2
  5460     0231  2A3D               	goto	l4122
  5461     0232                     l4118:
  5462                           
  5463                           ;D:/Microchip/MPLABProjects/PSoC3-PCIe-MKIII.X/cw-gen.c: 171:                 if (cfg.me
      +                          mory & 2) {
  5464     0232  0821               	movf	(_cfg^(0+128)+1),w
  5465     0233  00CE               	movwf	??_key_loop^(0+128)
  5466     0234  01CF               	clrf	(??_key_loop^(0+128)+1)
  5467     0235  1BCE               	btfsc	??_key_loop^(0+128),7
  5468     0236  03CF               	decf	(??_key_loop^(0+128)+1),f
  5469     0237  1CCE               	btfss	??_key_loop^(0+128),1
  5470     0238  2A3D               	goto	l4122
  5471                           
  5472                           ;D:/Microchip/MPLABProjects/PSoC3-PCIe-MKIII.X/cw-gen.c: 172:                     staged
      +                           = 1;
  5473     0239  01B1               	clrf	key_loop@staged^(0+128)
  5474     023A  0AB1               	incf	key_loop@staged^(0+128),f
  5475                           
  5476                           ;D:/Microchip/MPLABProjects/PSoC3-PCIe-MKIII.X/cw-gen.c: 173:                     ultima
      +                          tic = 1;
  5477     023B  01B2               	clrf	key_loop@ultimatic^(0+128)
  5478     023C  0AB2               	incf	key_loop@ultimatic^(0+128),f
  5479     023D                     l4122:
  5480                           
  5481                           ;D:/Microchip/MPLABProjects/PSoC3-PCIe-MKIII.X/cw-gen.c: 176:             if (k1 && (las
      +                          t == 1 || spacing > 0)) {
  5482     023D  085A               	movf	key_loop@k1^(0+128),w
  5483     023E  1903               	btfsc	3,2
  5484     023F  2A4D               	goto	l4134
  5485     0240  0333               	decf	key_loop@last^(0+128),w
  5486     0241  1903               	btfsc	3,2
  5487     0242  2A46               	goto	l4128
  5488     0243  086D               	movf	key_loop@spacing^(0+128),w
  5489     0244  1903               	btfsc	3,2
  5490     0245  2A4D               	goto	l4134
  5491     0246                     l4128:
  5492                           
  5493                           ;D:/Microchip/MPLABProjects/PSoC3-PCIe-MKIII.X/cw-gen.c: 177:                 if (cfg.me
      +                          mory & 1) {
  5494     0246  0821               	movf	(_cfg^(0+128)+1),w
  5495     0247  00CE               	movwf	??_key_loop^(0+128)
  5496     0248  01CF               	clrf	(??_key_loop^(0+128)+1)
  5497     0249  1BCE               	btfsc	??_key_loop^(0+128),7
  5498     024A  03CF               	decf	(??_key_loop^(0+128)+1),f
  5499     024B  184E               	btfsc	??_key_loop^(0+128),0
  5500     024C  2A0E               	goto	l4096
  5501     024D                     l4134:
  5502                           
  5503                           ;D:/Microchip/MPLABProjects/PSoC3-PCIe-MKIII.X/cw-gen.c: 185:     if (state == 3 && stag
      +                          ed) {
  5504     024D  3003               	movlw	3
  5505     024E  066C               	xorwf	key_loop@state^(0+128),w
  5506     024F  1D03               	btfss	3,2
  5507     0250  0008               	return
  5508     0251  0831               	movf	key_loop@staged^(0+128),w
  5509     0252  1903               	btfsc	3,2
  5510     0253  0008               	return
  5511                           
  5512                           ;D:/Microchip/MPLABProjects/PSoC3-PCIe-MKIII.X/cw-gen.c: 186:         i = mark + (long) 
      +                          staged * cfg_speed_micros;
  5513     0254  0831               	movf	key_loop@staged^(0+128),w
  5514     0255  00CE               	movwf	??_key_loop^(0+128)
  5515     0256  01CF               	clrf	(??_key_loop^(0+128)+1)
  5516     0257  01D0               	clrf	(??_key_loop^(0+128)+2)
  5517     0258  01D1               	clrf	(??_key_loop^(0+128)+3)
  5518     0259  0851               	movf	(??_key_loop+3)^(0+128),w
  5519     025A  0020               	movlb	0	; select bank0
  5520     025B  00A3               	movwf	___lmul@multiplier+3
  5521     025C  0021               	movlb	1	; select bank1
  5522     025D  0850               	movf	(??_key_loop+2)^(0+128),w
  5523     025E  0020               	movlb	0	; select bank0
  5524     025F  00A2               	movwf	___lmul@multiplier+2
  5525     0260  0021               	movlb	1	; select bank1
  5526     0261  084F               	movf	(??_key_loop+1)^(0+128),w
  5527     0262  0020               	movlb	0	; select bank0
  5528     0263  00A1               	movwf	___lmul@multiplier+1
  5529     0264  0021               	movlb	1	; select bank1
  5530     0265  084E               	movf	??_key_loop^(0+128),w
  5531     0266  0020               	movlb	0	; select bank0
  5532     0267  00A0               	movwf	___lmul@multiplier
  5533     0268  0021               	movlb	1	; select bank1
  5534     0269  0830               	movf	(_cfg_speed_micros+3)^(0+128),w
  5535     026A  0020               	movlb	0	; select bank0
  5536     026B  00A7               	movwf	___lmul@multiplicand+3
  5537     026C  0021               	movlb	1	; select bank1
  5538     026D  082F               	movf	(_cfg_speed_micros+2)^(0+128),w
  5539     026E  0020               	movlb	0	; select bank0
  5540     026F  00A6               	movwf	___lmul@multiplicand+2
  5541     0270  0021               	movlb	1	; select bank1
  5542     0271  082E               	movf	(_cfg_speed_micros+1)^(0+128),w
  5543     0272  0020               	movlb	0	; select bank0
  5544     0273  00A5               	movwf	___lmul@multiplicand+1
  5545     0274  0021               	movlb	1	; select bank1
  5546     0275  082D               	movf	_cfg_speed_micros^(0+128),w
  5547     0276  0020               	movlb	0	; select bank0
  5548     0277  00A4               	movwf	___lmul@multiplicand
  5549     0278  3187  27C3  3180   	fcall	___lmul
  5550     027B  0020               	movlb	0	; select bank0
  5551     027C  0820               	movf	?___lmul,w
  5552     027D  0021               	movlb	1	; select bank1
  5553     027E  074A               	addwf	key_loop@mark^(0+128),w
  5554     027F  00D2               	movwf	(??_key_loop+4)^(0+128)
  5555     0280  0020               	movlb	0	; select bank0
  5556     0281  0821               	movf	?___lmul+1,w
  5557     0282  0021               	movlb	1	; select bank1
  5558     0283  3D4B               	addwfc	(key_loop@mark+1)^(0+128),w
  5559     0284  00D3               	movwf	((??_key_loop+4)^(0+128)+1)
  5560     0285  0020               	movlb	0	; select bank0
  5561     0286  0822               	movf	?___lmul+2,w
  5562     0287  0021               	movlb	1	; select bank1
  5563     0288  3D4C               	addwfc	(key_loop@mark+2)^(0+128),w
  5564     0289  00D4               	movwf	((??_key_loop+4)^(0+128)+2)
  5565     028A  0020               	movlb	0	; select bank0
  5566     028B  0823               	movf	?___lmul+3,w
  5567     028C  0021               	movlb	1	; select bank1
  5568     028D  3D4D               	addwfc	(key_loop@mark+3)^(0+128),w
  5569     028E  00D5               	movwf	((??_key_loop+4)^(0+128)+3)
  5570     028F  0855               	movf	(??_key_loop+7)^(0+128),w
  5571     0290  00DF               	movwf	(key_loop@i+3)^(0+128)
  5572     0291  0854               	movf	(??_key_loop+6)^(0+128),w
  5573     0292  00DE               	movwf	(key_loop@i+2)^(0+128)
  5574     0293  0853               	movf	(??_key_loop+5)^(0+128),w
  5575     0294  00DD               	movwf	(key_loop@i+1)^(0+128)
  5576     0295  0852               	movf	(??_key_loop+4)^(0+128),w
  5577     0296  00DC               	movwf	key_loop@i^(0+128)
  5578                           
  5579                           ;D:/Microchip/MPLABProjects/PSoC3-PCIe-MKIII.X/cw-gen.c: 187:         i += 1 * cfg_speed
      +                          _micros * (cfg.weight * 2 - 1);
  5580     0297  3003               	movlw	3
  5581     0298  3EA0               	addlw	(low (_cfg| 0))& (0+255)
  5582     0299  0086               	movwf	6
  5583     029A  0187               	clrf	7
  5584     029B  3F40               	moviw [0]fsr1
  5585     029C  0020               	movlb	0	; select bank0
  5586     029D  00B2               	movwf	___flmul@a
  5587     029E  3F41               	moviw [1]fsr1
  5588     029F  00B3               	movwf	___flmul@a+1
  5589     02A0  3F42               	moviw [2]fsr1
  5590     02A1  00B4               	movwf	___flmul@a+2
  5591     02A2  3F43               	moviw [3]fsr1
  5592     02A3  00B5               	movwf	___flmul@a+3
  5593     02A4  3040               	movlw	64
  5594     02A5  00B1               	movwf	___flmul@b+3
  5595     02A6  3000               	movlw	0
  5596     02A7  00B0               	movwf	___flmul@b+2
  5597     02A8  3000               	movlw	0
  5598     02A9  00AF               	movwf	___flmul@b+1
  5599     02AA  3000               	movlw	0
  5600     02AB  00AE               	movwf	___flmul@b
  5601     02AC  3184  248A  3180   	fcall	___flmul
  5602     02AF  0020               	movlb	0	; select bank0
  5603     02B0  0831               	movf	?___flmul+3,w
  5604     02B1  00CF               	movwf	___fladd@a+3
  5605     02B2  0830               	movf	?___flmul+2,w
  5606     02B3  00CE               	movwf	___fladd@a+2
  5607     02B4  082F               	movf	?___flmul+1,w
  5608     02B5  00CD               	movwf	___fladd@a+1
  5609     02B6  082E               	movf	?___flmul,w
  5610     02B7  00CC               	movwf	___fladd@a
  5611     02B8  30BF               	movlw	191
  5612     02B9  00CB               	movwf	___fladd@b+3
  5613     02BA  3080               	movlw	128
  5614     02BB  00CA               	movwf	___fladd@b+2
  5615     02BC  3000               	movlw	0
  5616     02BD  00C9               	movwf	___fladd@b+1
  5617     02BE  3000               	movlw	0
  5618     02BF  00C8               	movwf	___fladd@b
  5619     02C0  318E  264E  3180   	fcall	___fladd
  5620     02C3  0020               	movlb	0	; select bank0
  5621     02C4  084B               	movf	?___fladd+3,w
  5622     02C5  0021               	movlb	1	; select bank1
  5623     02C6  00D9               	movwf	(_key_loop$1828+3)^(0+128)
  5624     02C7  0020               	movlb	0	; select bank0
  5625     02C8  084A               	movf	?___fladd+2,w
  5626     02C9  0021               	movlb	1	; select bank1
  5627     02CA  00D8               	movwf	(_key_loop$1828+2)^(0+128)
  5628     02CB  0020               	movlb	0	; select bank0
  5629     02CC  0849               	movf	?___fladd+1,w
  5630     02CD  0021               	movlb	1	; select bank1
  5631     02CE  00D7               	movwf	(_key_loop$1828+1)^(0+128)
  5632     02CF  0020               	movlb	0	; select bank0
  5633     02D0  0848               	movf	?___fladd,w
  5634     02D1  0021               	movlb	1	; select bank1
  5635     02D2  00D6               	movwf	_key_loop$1828^(0+128)
  5636                           
  5637                           ;D:/Microchip/MPLABProjects/PSoC3-PCIe-MKIII.X/cw-gen.c: 187:         i += 1 * cfg_speed
      +                          _micros * (cfg.weight * 2 - 1);
  5638     02D3  085F               	movf	(key_loop@i+3)^(0+128),w
  5639     02D4  0020               	movlb	0	; select bank0
  5640     02D5  00A3               	movwf	___xxtofl@val+3
  5641     02D6  0021               	movlb	1	; select bank1
  5642     02D7  085E               	movf	(key_loop@i+2)^(0+128),w
  5643     02D8  0020               	movlb	0	; select bank0
  5644     02D9  00A2               	movwf	___xxtofl@val+2
  5645     02DA  0021               	movlb	1	; select bank1
  5646     02DB  085D               	movf	(key_loop@i+1)^(0+128),w
  5647     02DC  0020               	movlb	0	; select bank0
  5648     02DD  00A1               	movwf	___xxtofl@val+1
  5649     02DE  0021               	movlb	1	; select bank1
  5650     02DF  085C               	movf	key_loop@i^(0+128),w
  5651     02E0  0020               	movlb	0	; select bank0
  5652     02E1  00A0               	movwf	___xxtofl@val
  5653     02E2  3001               	movlw	1
  5654     02E3  3187  272F  3180   	fcall	___xxtofl
  5655     02E6  0020               	movlb	0	; select bank0
  5656     02E7  0823               	movf	?___xxtofl+3,w
  5657     02E8  00CF               	movwf	___fladd@a+3
  5658     02E9  0822               	movf	?___xxtofl+2,w
  5659     02EA  00CE               	movwf	___fladd@a+2
  5660     02EB  0821               	movf	?___xxtofl+1,w
  5661     02EC  00CD               	movwf	___fladd@a+1
  5662     02ED  0820               	movf	?___xxtofl,w
  5663     02EE  00CC               	movwf	___fladd@a
  5664     02EF  0021               	movlb	1	; select bank1
  5665     02F0  0859               	movf	(_key_loop$1828+3)^(0+128),w
  5666     02F1  0020               	movlb	0	; select bank0
  5667     02F2  00B5               	movwf	___flmul@a+3
  5668     02F3  0021               	movlb	1	; select bank1
  5669     02F4  0858               	movf	(_key_loop$1828+2)^(0+128),w
  5670     02F5  0020               	movlb	0	; select bank0
  5671     02F6  00B4               	movwf	___flmul@a+2
  5672     02F7  0021               	movlb	1	; select bank1
  5673     02F8  0857               	movf	(_key_loop$1828+1)^(0+128),w
  5674     02F9  0020               	movlb	0	; select bank0
  5675     02FA  00B3               	movwf	___flmul@a+1
  5676     02FB  0021               	movlb	1	; select bank1
  5677     02FC  0856               	movf	_key_loop$1828^(0+128),w
  5678     02FD  0020               	movlb	0	; select bank0
  5679     02FE  00B2               	movwf	___flmul@a
  5680     02FF  0021               	movlb	1	; select bank1
  5681     0300  0830               	movf	(_cfg_speed_micros+3)^(0+128),w
  5682     0301  0020               	movlb	0	; select bank0
  5683     0302  00A3               	movwf	___xxtofl@val+3
  5684     0303  0021               	movlb	1	; select bank1
  5685     0304  082F               	movf	(_cfg_speed_micros+2)^(0+128),w
  5686     0305  0020               	movlb	0	; select bank0
  5687     0306  00A2               	movwf	___xxtofl@val+2
  5688     0307  0021               	movlb	1	; select bank1
  5689     0308  082E               	movf	(_cfg_speed_micros+1)^(0+128),w
  5690     0309  0020               	movlb	0	; select bank0
  5691     030A  00A1               	movwf	___xxtofl@val+1
  5692     030B  0021               	movlb	1	; select bank1
  5693     030C  082D               	movf	_cfg_speed_micros^(0+128),w
  5694     030D  0020               	movlb	0	; select bank0
  5695     030E  00A0               	movwf	___xxtofl@val
  5696     030F  3001               	movlw	1
  5697     0310  3187  272F  3180   	fcall	___xxtofl
  5698     0313  0020               	movlb	0	; select bank0
  5699     0314  0823               	movf	?___xxtofl+3,w
  5700     0315  00B1               	movwf	___flmul@b+3
  5701     0316  0822               	movf	?___xxtofl+2,w
  5702     0317  00B0               	movwf	___flmul@b+2
  5703     0318  0821               	movf	?___xxtofl+1,w
  5704     0319  00AF               	movwf	___flmul@b+1
  5705     031A  0820               	movf	?___xxtofl,w
  5706     031B  00AE               	movwf	___flmul@b
  5707     031C  3184  248A  3180   	fcall	___flmul
  5708     031F  0020               	movlb	0	; select bank0
  5709     0320  0831               	movf	?___flmul+3,w
  5710     0321  00CB               	movwf	___fladd@b+3
  5711     0322  0830               	movf	?___flmul+2,w
  5712     0323  00CA               	movwf	___fladd@b+2
  5713     0324  082F               	movf	?___flmul+1,w
  5714     0325  00C9               	movwf	___fladd@b+1
  5715     0326  082E               	movf	?___flmul,w
  5716     0327  00C8               	movwf	___fladd@b
  5717     0328  318E  264E  3180   	fcall	___fladd
  5718     032B  0020               	movlb	0	; select bank0
  5719     032C  084B               	movf	?___fladd+3,w
  5720     032D  00E7               	movwf	___fltol@f1+3
  5721     032E  084A               	movf	?___fladd+2,w
  5722     032F  00E6               	movwf	___fltol@f1+2
  5723     0330  0849               	movf	?___fladd+1,w
  5724     0331  00E5               	movwf	___fltol@f1+1
  5725     0332  0848               	movf	?___fladd,w
  5726     0333  00E4               	movwf	___fltol@f1
  5727     0334  318B  23FF  3180   	fcall	___fltol
  5728     0337  0020               	movlb	0	; select bank0
  5729     0338  0867               	movf	?___fltol+3,w
  5730     0339  0021               	movlb	1	; select bank1
  5731     033A  00DF               	movwf	(key_loop@i+3)^(0+128)
  5732     033B  0020               	movlb	0	; select bank0
  5733     033C  0866               	movf	?___fltol+2,w
  5734     033D  0021               	movlb	1	; select bank1
  5735     033E  00DE               	movwf	(key_loop@i+2)^(0+128)
  5736     033F  0020               	movlb	0	; select bank0
  5737     0340  0865               	movf	?___fltol+1,w
  5738     0341  0021               	movlb	1	; select bank1
  5739     0342  00DD               	movwf	(key_loop@i+1)^(0+128)
  5740     0343  0020               	movlb	0	; select bank0
  5741     0344  0864               	movf	?___fltol,w
  5742     0345  0021               	movlb	1	; select bank1
  5743     0346  00DC               	movwf	key_loop@i^(0+128)
  5744                           
  5745                           ;D:/Microchip/MPLABProjects/PSoC3-PCIe-MKIII.X/cw-gen.c: 188:         read_after = start
      +                          _after = i + (long) cfg.lag * 1000;
  5746     0347  0828               	movf	(_cfg^(0+128)+8),w
  5747     0348  00CE               	movwf	??_key_loop^(0+128)
  5748     0349  01CF               	clrf	(??_key_loop^(0+128)+1)
  5749     034A  01D0               	clrf	(??_key_loop^(0+128)+2)
  5750     034B  01D1               	clrf	(??_key_loop^(0+128)+3)
  5751     034C  0851               	movf	(??_key_loop+3)^(0+128),w
  5752     034D  0020               	movlb	0	; select bank0
  5753     034E  00A3               	movwf	___lmul@multiplier+3
  5754     034F  0021               	movlb	1	; select bank1
  5755     0350  0850               	movf	(??_key_loop+2)^(0+128),w
  5756     0351  0020               	movlb	0	; select bank0
  5757     0352  00A2               	movwf	___lmul@multiplier+2
  5758     0353  0021               	movlb	1	; select bank1
  5759     0354  084F               	movf	(??_key_loop+1)^(0+128),w
  5760     0355  0020               	movlb	0	; select bank0
  5761     0356  00A1               	movwf	___lmul@multiplier+1
  5762     0357  0021               	movlb	1	; select bank1
  5763     0358  084E               	movf	??_key_loop^(0+128),w
  5764     0359  0020               	movlb	0	; select bank0
  5765     035A  00A0               	movwf	___lmul@multiplier
  5766     035B  3000               	movlw	0
  5767     035C  00A7               	movwf	___lmul@multiplicand+3
  5768     035D  3000               	movlw	0
  5769     035E  00A6               	movwf	___lmul@multiplicand+2
  5770     035F  3003               	movlw	3
  5771     0360  00A5               	movwf	___lmul@multiplicand+1
  5772     0361  30E8               	movlw	232
  5773     0362  00A4               	movwf	___lmul@multiplicand
  5774     0363  3187  27C3  3180   	fcall	___lmul
  5775     0366  0020               	movlb	0	; select bank0
  5776     0367  0820               	movf	?___lmul,w
  5777     0368  0021               	movlb	1	; select bank1
  5778     0369  075C               	addwf	key_loop@i^(0+128),w
  5779     036A  00D2               	movwf	(??_key_loop+4)^(0+128)
  5780     036B  0020               	movlb	0	; select bank0
  5781     036C  0821               	movf	?___lmul+1,w
  5782     036D  0021               	movlb	1	; select bank1
  5783     036E  3D5D               	addwfc	(key_loop@i+1)^(0+128),w
  5784     036F  00D3               	movwf	((??_key_loop+4)^(0+128)+1)
  5785     0370  0020               	movlb	0	; select bank0
  5786     0371  0822               	movf	?___lmul+2,w
  5787     0372  0021               	movlb	1	; select bank1
  5788     0373  3D5E               	addwfc	(key_loop@i+2)^(0+128),w
  5789     0374  00D4               	movwf	((??_key_loop+4)^(0+128)+2)
  5790     0375  0020               	movlb	0	; select bank0
  5791     0376  0823               	movf	?___lmul+3,w
  5792     0377  0021               	movlb	1	; select bank1
  5793     0378  3D5F               	addwfc	(key_loop@i+3)^(0+128),w
  5794     0379  00D5               	movwf	((??_key_loop+4)^(0+128)+3)
  5795     037A  0855               	movf	(??_key_loop+7)^(0+128),w
  5796     037B  00AC               	movwf	(key_loop@start_after+3)^(0+128)
  5797     037C  0854               	movf	(??_key_loop+6)^(0+128),w
  5798     037D  00AB               	movwf	(key_loop@start_after+2)^(0+128)
  5799     037E  0853               	movf	(??_key_loop+5)^(0+128),w
  5800     037F  00AA               	movwf	(key_loop@start_after+1)^(0+128)
  5801     0380  0852               	movf	(??_key_loop+4)^(0+128),w
  5802     0381  00A9               	movwf	key_loop@start_after^(0+128)
  5803     0382  082C               	movf	(key_loop@start_after+3)^(0+128),w
  5804     0383  0022               	movlb	2	; select bank2
  5805     0384  00B3               	movwf	(key_loop@read_after+3)^(0+256)
  5806     0385  0021               	movlb	1	; select bank1
  5807     0386  082B               	movf	(key_loop@start_after+2)^(0+128),w
  5808     0387  0022               	movlb	2	; select bank2
  5809     0388  00B2               	movwf	(key_loop@read_after+2)^(0+256)
  5810     0389  0021               	movlb	1	; select bank1
  5811     038A  082A               	movf	(key_loop@start_after+1)^(0+128),w
  5812     038B  0022               	movlb	2	; select bank2
  5813     038C  00B1               	movwf	(key_loop@read_after+1)^(0+256)
  5814     038D  0021               	movlb	1	; select bank1
  5815     038E  0829               	movf	key_loop@start_after^(0+128),w
  5816     038F  0022               	movlb	2	; select bank2
  5817     0390  00B0               	movwf	key_loop@read_after^(0+256)
  5818                           
  5819                           ;D:/Microchip/MPLABProjects/PSoC3-PCIe-MKIII.X/cw-gen.c: 189:         tx_send(start_afte
      +                          r);
  5820     0391  0021               	movlb	1	; select bank1
  5821     0392  082C               	movf	(key_loop@start_after+3)^(0+128),w
  5822     0393  0020               	movlb	0	; select bank0
  5823     0394  00A3               	movwf	tx_send@mark+3
  5824     0395  0021               	movlb	1	; select bank1
  5825     0396  082B               	movf	(key_loop@start_after+2)^(0+128),w
  5826     0397  0020               	movlb	0	; select bank0
  5827     0398  00A2               	movwf	tx_send@mark+2
  5828     0399  0021               	movlb	1	; select bank1
  5829     039A  082A               	movf	(key_loop@start_after+1)^(0+128),w
  5830     039B  0020               	movlb	0	; select bank0
  5831     039C  00A1               	movwf	tx_send@mark+1
  5832     039D  0021               	movlb	1	; select bank1
  5833     039E  0829               	movf	key_loop@start_after^(0+128),w
  5834     039F  0020               	movlb	0	; select bank0
  5835     03A0  00A0               	movwf	tx_send@mark
  5836     03A1  3189  21B0  3180   	fcall	_tx_send
  5837                           
  5838                           ;D:/Microchip/MPLABProjects/PSoC3-PCIe-MKIII.X/cw-gen.c: 191:         i += 1 * cfg_speed
      +                          _micros * (2.0 - cfg.weight * 2);
  5839     03A4  3040               	movlw	64
  5840     03A5  0020               	movlb	0	; select bank0
  5841     03A6  00E3               	movwf	___flsub@b+3
  5842     03A7  3000               	movlw	0
  5843     03A8  00E2               	movwf	___flsub@b+2
  5844     03A9  3000               	movlw	0
  5845     03AA  00E1               	movwf	___flsub@b+1
  5846     03AB  3000               	movlw	0
  5847     03AC  00E0               	movwf	___flsub@b
  5848     03AD  3003               	movlw	3
  5849     03AE  3EA0               	addlw	(low (_cfg| 0))& (0+255)
  5850     03AF  0086               	movwf	6
  5851     03B0  0187               	clrf	7
  5852     03B1  3F40               	moviw [0]fsr1
  5853     03B2  00B2               	movwf	___flmul@a
  5854     03B3  3F41               	moviw [1]fsr1
  5855     03B4  00B3               	movwf	___flmul@a+1
  5856     03B5  3F42               	moviw [2]fsr1
  5857     03B6  00B4               	movwf	___flmul@a+2
  5858     03B7  3F43               	moviw [3]fsr1
  5859     03B8  00B5               	movwf	___flmul@a+3
  5860     03B9  3040               	movlw	64
  5861     03BA  00B1               	movwf	___flmul@b+3
  5862     03BB  3000               	movlw	0
  5863     03BC  00B0               	movwf	___flmul@b+2
  5864     03BD  3000               	movlw	0
  5865     03BE  00AF               	movwf	___flmul@b+1
  5866     03BF  3000               	movlw	0
  5867     03C0  00AE               	movwf	___flmul@b
  5868     03C1  3184  248A  3180   	fcall	___flmul
  5869     03C4  0020               	movlb	0	; select bank0
  5870     03C5  0831               	movf	?___flmul+3,w
  5871     03C6  00DF               	movwf	___flsub@a+3
  5872     03C7  0830               	movf	?___flmul+2,w
  5873     03C8  00DE               	movwf	___flsub@a+2
  5874     03C9  082F               	movf	?___flmul+1,w
  5875     03CA  00DD               	movwf	___flsub@a+1
  5876     03CB  082E               	movf	?___flmul,w
  5877     03CC  00DC               	movwf	___flsub@a
  5878     03CD  318A  222A  3180   	fcall	___flsub
  5879     03D0  0020               	movlb	0	; select bank0
  5880     03D1  085F               	movf	?___flsub+3,w
  5881     03D2  0021               	movlb	1	; select bank1
  5882     03D3  00D9               	movwf	(_key_loop$1828+3)^(0+128)
  5883     03D4  0020               	movlb	0	; select bank0
  5884     03D5  085E               	movf	?___flsub+2,w
  5885     03D6  0021               	movlb	1	; select bank1
  5886     03D7  00D8               	movwf	(_key_loop$1828+2)^(0+128)
  5887     03D8  0020               	movlb	0	; select bank0
  5888     03D9  085D               	movf	?___flsub+1,w
  5889     03DA  0021               	movlb	1	; select bank1
  5890     03DB  00D7               	movwf	(_key_loop$1828+1)^(0+128)
  5891     03DC  0020               	movlb	0	; select bank0
  5892     03DD  085C               	movf	?___flsub,w
  5893     03DE  0021               	movlb	1	; select bank1
  5894     03DF  00D6               	movwf	_key_loop$1828^(0+128)
  5895                           
  5896                           ;D:/Microchip/MPLABProjects/PSoC3-PCIe-MKIII.X/cw-gen.c: 191:         i += 1 * cfg_speed
      +                          _micros * (2.0 - cfg.weight * 2);
  5897     03E0  085F               	movf	(key_loop@i+3)^(0+128),w
  5898     03E1  0020               	movlb	0	; select bank0
  5899     03E2  00A3               	movwf	___xxtofl@val+3
  5900     03E3  0021               	movlb	1	; select bank1
  5901     03E4  085E               	movf	(key_loop@i+2)^(0+128),w
  5902     03E5  0020               	movlb	0	; select bank0
  5903     03E6  00A2               	movwf	___xxtofl@val+2
  5904     03E7  0021               	movlb	1	; select bank1
  5905     03E8  085D               	movf	(key_loop@i+1)^(0+128),w
  5906     03E9  0020               	movlb	0	; select bank0
  5907     03EA  00A1               	movwf	___xxtofl@val+1
  5908     03EB  0021               	movlb	1	; select bank1
  5909     03EC  085C               	movf	key_loop@i^(0+128),w
  5910     03ED  0020               	movlb	0	; select bank0
  5911     03EE  00A0               	movwf	___xxtofl@val
  5912     03EF  3001               	movlw	1
  5913     03F0  3187  272F  3180   	fcall	___xxtofl
  5914     03F3  0020               	movlb	0	; select bank0
  5915     03F4  0823               	movf	?___xxtofl+3,w
  5916     03F5  00CF               	movwf	___fladd@a+3
  5917     03F6  0822               	movf	?___xxtofl+2,w
  5918     03F7  00CE               	movwf	___fladd@a+2
  5919     03F8  0821               	movf	?___xxtofl+1,w
  5920     03F9  00CD               	movwf	___fladd@a+1
  5921     03FA  0820               	movf	?___xxtofl,w
  5922     03FB  00CC               	movwf	___fladd@a
  5923     03FC  0021               	movlb	1	; select bank1
  5924     03FD  0830               	movf	(_cfg_speed_micros+3)^(0+128),w
  5925     03FE  0020               	movlb	0	; select bank0
  5926     03FF  00A3               	movwf	___xxtofl@val+3
  5927     0400  0021               	movlb	1	; select bank1
  5928     0401  082F               	movf	(_cfg_speed_micros+2)^(0+128),w
  5929     0402  0020               	movlb	0	; select bank0
  5930     0403  00A2               	movwf	___xxtofl@val+2
  5931     0404  0021               	movlb	1	; select bank1
  5932     0405  082E               	movf	(_cfg_speed_micros+1)^(0+128),w
  5933     0406  0020               	movlb	0	; select bank0
  5934     0407  00A1               	movwf	___xxtofl@val+1
  5935     0408  0021               	movlb	1	; select bank1
  5936     0409  082D               	movf	_cfg_speed_micros^(0+128),w
  5937     040A  0020               	movlb	0	; select bank0
  5938     040B  00A0               	movwf	___xxtofl@val
  5939     040C  3001               	movlw	1
  5940     040D  3187  272F  3180   	fcall	___xxtofl
  5941     0410  0020               	movlb	0	; select bank0
  5942     0411  0823               	movf	?___xxtofl+3,w
  5943     0412  00B5               	movwf	___flmul@a+3
  5944     0413  0822               	movf	?___xxtofl+2,w
  5945     0414  00B4               	movwf	___flmul@a+2
  5946     0415  0821               	movf	?___xxtofl+1,w
  5947     0416  00B3               	movwf	___flmul@a+1
  5948     0417  0820               	movf	?___xxtofl,w
  5949     0418  00B2               	movwf	___flmul@a
  5950     0419  0021               	movlb	1	; select bank1
  5951     041A  0859               	movf	(_key_loop$1828+3)^(0+128),w
  5952     041B  0020               	movlb	0	; select bank0
  5953     041C  00B1               	movwf	___flmul@b+3
  5954     041D  0021               	movlb	1	; select bank1
  5955     041E  0858               	movf	(_key_loop$1828+2)^(0+128),w
  5956     041F  0020               	movlb	0	; select bank0
  5957     0420  00B0               	movwf	___flmul@b+2
  5958     0421  0021               	movlb	1	; select bank1
  5959     0422  0857               	movf	(_key_loop$1828+1)^(0+128),w
  5960     0423  0020               	movlb	0	; select bank0
  5961     0424  00AF               	movwf	___flmul@b+1
  5962     0425  0021               	movlb	1	; select bank1
  5963     0426  0856               	movf	_key_loop$1828^(0+128),w
  5964     0427  0020               	movlb	0	; select bank0
  5965     0428  00AE               	movwf	___flmul@b
  5966     0429  3184  248A  3180   	fcall	___flmul
  5967     042C  0020               	movlb	0	; select bank0
  5968     042D  0831               	movf	?___flmul+3,w
  5969     042E  00CB               	movwf	___fladd@b+3
  5970     042F  0830               	movf	?___flmul+2,w
  5971     0430  00CA               	movwf	___fladd@b+2
  5972     0431  082F               	movf	?___flmul+1,w
  5973     0432  00C9               	movwf	___fladd@b+1
  5974     0433  082E               	movf	?___flmul,w
  5975     0434  00C8               	movwf	___fladd@b
  5976     0435  318E  264E  3180   	fcall	___fladd
  5977     0438  0020               	movlb	0	; select bank0
  5978     0439  084B               	movf	?___fladd+3,w
  5979     043A  00E7               	movwf	___fltol@f1+3
  5980     043B  084A               	movf	?___fladd+2,w
  5981     043C  00E6               	movwf	___fltol@f1+2
  5982     043D  0849               	movf	?___fladd+1,w
  5983     043E  00E5               	movwf	___fltol@f1+1
  5984     043F  0848               	movf	?___fladd,w
  5985     0440  00E4               	movwf	___fltol@f1
  5986     0441  318B  23FF  3180   	fcall	___fltol
  5987     0444  0020               	movlb	0	; select bank0
  5988     0445  0867               	movf	?___fltol+3,w
  5989     0446  0021               	movlb	1	; select bank1
  5990     0447  00DF               	movwf	(key_loop@i+3)^(0+128)
  5991     0448  0020               	movlb	0	; select bank0
  5992     0449  0866               	movf	?___fltol+2,w
  5993     044A  0021               	movlb	1	; select bank1
  5994     044B  00DE               	movwf	(key_loop@i+2)^(0+128)
  5995     044C  0020               	movlb	0	; select bank0
  5996     044D  0865               	movf	?___fltol+1,w
  5997     044E  0021               	movlb	1	; select bank1
  5998     044F  00DD               	movwf	(key_loop@i+1)^(0+128)
  5999     0450  0020               	movlb	0	; select bank0
  6000     0451  0864               	movf	?___fltol,w
  6001     0452  0021               	movlb	1	; select bank1
  6002     0453  00DC               	movwf	key_loop@i^(0+128)
  6003                           
  6004                           ;D:/Microchip/MPLABProjects/PSoC3-PCIe-MKIII.X/cw-gen.c: 192:         if (cfg.spacing >=
      +                           1) {
  6005     0454  0822               	movf	(_cfg^(0+128)+2),w
  6006     0455  3A80               	xorlw	128
  6007     0456  3E7F               	addlw	-129
  6008     0457  1C03               	skipc
  6009     0458  2C71               	goto	l4156
  6010                           
  6011                           ;D:/Microchip/MPLABProjects/PSoC3-PCIe-MKIII.X/cw-gen.c: 193:             read_after = i
      +                           ;
  6012     0459  085F               	movf	(key_loop@i+3)^(0+128),w
  6013     045A  0022               	movlb	2	; select bank2
  6014     045B  00B3               	movwf	(key_loop@read_after+3)^(0+256)
  6015     045C  0021               	movlb	1	; select bank1
  6016     045D  085E               	movf	(key_loop@i+2)^(0+128),w
  6017     045E  0022               	movlb	2	; select bank2
  6018     045F  00B2               	movwf	(key_loop@read_after+2)^(0+256)
  6019     0460  0021               	movlb	1	; select bank1
  6020     0461  085D               	movf	(key_loop@i+1)^(0+128),w
  6021     0462  0022               	movlb	2	; select bank2
  6022     0463  00B1               	movwf	(key_loop@read_after+1)^(0+256)
  6023     0464  0021               	movlb	1	; select bank1
  6024     0465  085C               	movf	key_loop@i^(0+128),w
  6025     0466  0022               	movlb	2	; select bank2
  6026     0467  00B0               	movwf	key_loop@read_after^(0+256)
  6027                           
  6028                           ;D:/Microchip/MPLABProjects/PSoC3-PCIe-MKIII.X/cw-gen.c: 194:             start_after = 
      +                          i;
  6029     0468  0021               	movlb	1	; select bank1
  6030     0469  085F               	movf	(key_loop@i+3)^(0+128),w
  6031     046A  00AC               	movwf	(key_loop@start_after+3)^(0+128)
  6032     046B  085E               	movf	(key_loop@i+2)^(0+128),w
  6033     046C  00AB               	movwf	(key_loop@start_after+2)^(0+128)
  6034     046D  085D               	movf	(key_loop@i+1)^(0+128),w
  6035     046E  00AA               	movwf	(key_loop@start_after+1)^(0+128)
  6036     046F  085C               	movf	key_loop@i^(0+128),w
  6037     0470  00A9               	movwf	key_loop@start_after^(0+128)
  6038     0471                     l4156:
  6039                           
  6040                           ;D:/Microchip/MPLABProjects/PSoC3-PCIe-MKIII.X/cw-gen.c: 196:         spacing = 0;
  6041     0471  01ED               	clrf	key_loop@spacing^(0+128)
  6042                           
  6043                           ;D:/Microchip/MPLABProjects/PSoC3-PCIe-MKIII.X/cw-gen.c: 197:         if (mcode & 0x01) 
      +                          {
  6044     0472  1C6B               	btfss	key_loop@mcode^(0+128),0
  6045     0473  2C7E               	goto	l4166
  6046                           
  6047                           ;D:/Microchip/MPLABProjects/PSoC3-PCIe-MKIII.X/cw-gen.c: 198:             if (mcode != 0
      +                          x01 || staged == 3) mcode = 0xFF;
  6048     0474  036B               	decf	key_loop@mcode^(0+128),w
  6049     0475  1D03               	btfss	3,2
  6050     0476  2C7B               	goto	l4164
  6051     0477  3003               	movlw	3
  6052     0478  0631               	xorwf	key_loop@staged^(0+128),w
  6053     0479  1D03               	btfss	3,2
  6054     047A  2C84               	goto	l4172
  6055     047B                     l4164:
  6056     047B  30FF               	movlw	255
  6057     047C  00EB               	movwf	key_loop@mcode^(0+128)
  6058     047D  2C84               	goto	l4172
  6059     047E                     l4166:
  6060                           
  6061                           ;D:/Microchip/MPLABProjects/PSoC3-PCIe-MKIII.X/cw-gen.c: 200:             mcode >>= 1;
  6062     047E  1003               	clrc
  6063     047F  0CEB               	rrf	key_loop@mcode^(0+128),f
  6064                           
  6065                           ;D:/Microchip/MPLABProjects/PSoC3-PCIe-MKIII.X/cw-gen.c: 201:             if (staged == 
      +                          3) mcode |= 0x80;
  6066     0480  3003               	movlw	3
  6067     0481  0631               	xorwf	key_loop@staged^(0+128),w
  6068     0482  1903               	btfsc	3,2
  6069     0483  17EB               	bsf	key_loop@mcode^(0+128),7
  6070     0484                     l4172:
  6071                           
  6072                           ;D:/Microchip/MPLABProjects/PSoC3-PCIe-MKIII.X/cw-gen.c: 203:         last = staged;
  6073     0484  0831               	movf	key_loop@staged^(0+128),w
  6074     0485  00B3               	movwf	key_loop@last^(0+128)
  6075                           
  6076                           ;D:/Microchip/MPLABProjects/PSoC3-PCIe-MKIII.X/cw-gen.c: 204:         staged = 0;
  6077     0486  01B1               	clrf	key_loop@staged^(0+128)
  6078                           
  6079                           ;D:/Microchip/MPLABProjects/PSoC3-PCIe-MKIII.X/cw-gen.c: 205:         state = 1;
  6080     0487  01EC               	clrf	key_loop@state^(0+128)
  6081     0488  0AEC               	incf	key_loop@state^(0+128),f
  6082     0489  0008               	return
  6083     048A                     __end_of_key_loop:
  6084                           
  6085                           	psect	text3
  6086     09B0                     __ptext3:	
  6087 ;; *************** function _tx_send *****************
  6088 ;; Defined at:
  6089 ;;		line 31 in file "D:/Microchip/MPLABProjects/PSoC3-PCIe-MKIII.X/cw-gen.c"
  6090 ;; Parameters:    Size  Location     Type
  6091 ;;  mark            4    0[BANK0 ] long 
  6092 ;; Auto vars:     Size  Location     Type
  6093 ;;		None
  6094 ;; Return value:  Size  Location     Type
  6095 ;;                  1    wreg      void 
  6096 ;; Registers used:
  6097 ;;		wreg
  6098 ;; Tracked objects:
  6099 ;;		On entry : 0/0
  6100 ;;		On exit  : 0/0
  6101 ;;		Unchanged: 0/0
  6102 ;; Data sizes:     COMMON   BANK0   BANK1   BANK2   BANK3   BANK4   BANK5   BANK6   BANK7   BANK8   BANK9  BANK10  BANK1
      +1  BANK12  BANK13  BANK14  BANK15  BANK16  BANK17  BANK18  BANK19  BANK20  BANK21  BANK22  BANK23  BANK24  BANK25
  6103 ;;      Params:         0       4       0       0       0       0       0       0       0       0       0       0       
      +0       0       0       0       0       0       0       0       0       0       0       0       0       0       0
  6104 ;;      Locals:         0       0       0       0       0       0       0       0       0       0       0       0       
      +0       0       0       0       0       0       0       0       0       0       0       0       0       0       0
  6105 ;;      Temps:          0       0       0       0       0       0       0       0       0       0       0       0       
      +0       0       0       0       0       0       0       0       0       0       0       0       0       0       0
  6106 ;;      Totals:         0       4       0       0       0       0       0       0       0       0       0       0       
      +0       0       0       0       0       0       0       0       0       0       0       0       0       0       0
  6107 ;;Total ram usage:        4 bytes
  6108 ;; Hardware stack levels used: 1
  6109 ;; Hardware stack levels required when called: 6
  6110 ;; This function calls:
  6111 ;;		Nothing
  6112 ;; This function is called by:
  6113 ;;		_key_loop
  6114 ;; This function uses a non-reentrant model
  6115 ;;
  6116                           
  6117     09B0                     _tx_send:	
  6118                           ;psect for function _tx_send
  6119                           
  6120                           
  6121                           ;incstack = 0
  6122                           ; Regs used in _tx_send: [wreg]
  6123                           ;D:/Microchip/MPLABProjects/PSoC3-PCIe-MKIII.X/cw-gen.c: 33:     do { LATCbits.LATC5 = 1
      +                          ; } while(0);
  6124     09B0  0022               	movlb	2	; select bank2
  6125     09B1  168E               	bsf	14,5	;volatile
  6126                           
  6127                           ;D:/Microchip/MPLABProjects/PSoC3-PCIe-MKIII.X/cw-gen.c: 34:     tx_timer = mark;
  6128     09B2  0020               	movlb	0	; select bank0
  6129     09B3  0823               	movf	tx_send@mark+3,w
  6130     09B4  0022               	movlb	2	; select bank2
  6131     09B5  00B7               	movwf	(_tx_timer+3)^(0+256)
  6132     09B6  0020               	movlb	0	; select bank0
  6133     09B7  0822               	movf	tx_send@mark+2,w
  6134     09B8  0022               	movlb	2	; select bank2
  6135     09B9  00B6               	movwf	(_tx_timer+2)^(0+256)
  6136     09BA  0020               	movlb	0	; select bank0
  6137     09BB  0821               	movf	tx_send@mark+1,w
  6138     09BC  0022               	movlb	2	; select bank2
  6139     09BD  00B5               	movwf	(_tx_timer+1)^(0+256)
  6140     09BE  0020               	movlb	0	; select bank0
  6141     09BF  0820               	movf	tx_send@mark,w
  6142     09C0  0022               	movlb	2	; select bank2
  6143     09C1  00B4               	movwf	_tx_timer^(0+256)
  6144     09C2  150C               	bsf	12,2	;volatile
  6145     09C3  0008               	return
  6146     09C4                     __end_of_tx_send:
  6147                           
  6148                           	psect	text4
  6149     0AD4                     __ptext4:	
  6150 ;; *************** function _key_read *****************
  6151 ;; Defined at:
  6152 ;;		line 46 in file "D:/Microchip/MPLABProjects/PSoC3-PCIe-MKIII.X/cw-gen.c"
  6153 ;; Parameters:    Size  Location     Type
  6154 ;;		None
  6155 ;; Auto vars:     Size  Location     Type
  6156 ;;  k1              1    1[BANK0 ] unsigned char 
  6157 ;;  k0              1    0[BANK0 ] unsigned char 
  6158 ;; Return value:  Size  Location     Type
  6159 ;;                  1    wreg      unsigned char 
  6160 ;; Registers used:
  6161 ;;		wreg, status,2, status,0
  6162 ;; Tracked objects:
  6163 ;;		On entry : 0/0
  6164 ;;		On exit  : 0/0
  6165 ;;		Unchanged: 0/0
  6166 ;; Data sizes:     COMMON   BANK0   BANK1   BANK2   BANK3   BANK4   BANK5   BANK6   BANK7   BANK8   BANK9  BANK10  BANK1
      +1  BANK12  BANK13  BANK14  BANK15  BANK16  BANK17  BANK18  BANK19  BANK20  BANK21  BANK22  BANK23  BANK24  BANK25
  6167 ;;      Params:         0       0       0       0       0       0       0       0       0       0       0       0       
      +0       0       0       0       0       0       0       0       0       0       0       0       0       0       0
  6168 ;;      Locals:         0       2       0       0       0       0       0       0       0       0       0       0       
      +0       0       0       0       0       0       0       0       0       0       0       0       0       0       0
  6169 ;;      Temps:          0       0       0       0       0       0       0       0       0       0       0       0       
      +0       0       0       0       0       0       0       0       0       0       0       0       0       0       0
  6170 ;;      Totals:         0       2       0       0       0       0       0       0       0       0       0       0       
      +0       0       0       0       0       0       0       0       0       0       0       0       0       0       0
  6171 ;;Total ram usage:        2 bytes
  6172 ;; Hardware stack levels used: 1
  6173 ;; Hardware stack levels required when called: 6
  6174 ;; This function calls:
  6175 ;;		Nothing
  6176 ;; This function is called by:
  6177 ;;		_key_loop
  6178 ;; This function uses a non-reentrant model
  6179 ;;
  6180                           
  6181     0AD4                     _key_read:	
  6182                           ;psect for function _key_read
  6183                           
  6184                           
  6185                           ;D:/Microchip/MPLABProjects/PSoC3-PCIe-MKIII.X/cw-gen.c: 47:     uint8_t k0, k1;;D:/Micr
      +                          ochip/MPLABProjects/PSoC3-PCIe-MKIII.X/cw-gen.c: 49:     k0 = PORTAbits.RA5 ^ 1;
  6186                           
  6187                           ;incstack = 0
  6188                           ; Regs used in _key_read: [wreg+status,2+status,0]
  6189     0AD4  1003               	clrc
  6190     0AD5  0020               	movlb	0	; select bank0
  6191     0AD6  1E8C               	btfss	12,5	;volatile
  6192     0AD7  1403               	setc
  6193     0AD8  3000               	movlw	0
  6194     0AD9  1803               	btfsc	3,0
  6195     0ADA  3001               	movlw	1
  6196     0ADB  00A0               	movwf	key_read@k0
  6197                           
  6198                           ;D:/Microchip/MPLABProjects/PSoC3-PCIe-MKIII.X/cw-gen.c: 50:     k1 = PORTAbits.RA4 ^ 1;
  6199     0ADC  1003               	clrc
  6200     0ADD  1E0C               	btfss	12,4	;volatile
  6201     0ADE  1403               	setc
  6202     0ADF  3000               	movlw	0
  6203     0AE0  1803               	btfsc	3,0
  6204     0AE1  3001               	movlw	1
  6205     0AE2  00A1               	movwf	key_read@k1
  6206                           
  6207                           ;D:/Microchip/MPLABProjects/PSoC3-PCIe-MKIII.X/cw-gen.c: 52:     if (cfg.mode == 3) {
  6208     0AE3  3003               	movlw	3
  6209     0AE4  0021               	movlb	1	; select bank1
  6210     0AE5  0620               	xorwf	_cfg^(0+128),w
  6211     0AE6  1D03               	btfss	3,2
  6212     0AE7  2AED               	goto	l3622
  6213                           
  6214                           ;D:/Microchip/MPLABProjects/PSoC3-PCIe-MKIII.X/cw-gen.c: 53:         k0 <<= 1;
  6215     0AE8  1003               	clrc
  6216     0AE9  0020               	movlb	0	; select bank0
  6217     0AEA  0DA0               	rlf	key_read@k0,f
  6218                           
  6219                           ;D:/Microchip/MPLABProjects/PSoC3-PCIe-MKIII.X/cw-gen.c: 54:         k1 = 0;
  6220     0AEB  01A1               	clrf	key_read@k1
  6221                           
  6222                           ;D:/Microchip/MPLABProjects/PSoC3-PCIe-MKIII.X/cw-gen.c: 55:     } else if (cfg.paddle =
      +                          = 0) {
  6223     0AEC  2AF7               	goto	l3628
  6224     0AED                     l3622:
  6225     0AED  0827               	movf	(_cfg^(0+128)+7),w
  6226     0AEE  1D03               	btfss	3,2
  6227     0AEF  2AF4               	goto	l3626
  6228                           
  6229                           ;D:/Microchip/MPLABProjects/PSoC3-PCIe-MKIII.X/cw-gen.c: 56:         k1 <<= 1;
  6230     0AF0  1003               	clrc
  6231     0AF1  0020               	movlb	0	; select bank0
  6232     0AF2  0DA1               	rlf	key_read@k1,f
  6233                           
  6234                           ;D:/Microchip/MPLABProjects/PSoC3-PCIe-MKIII.X/cw-gen.c: 57:     } else {
  6235     0AF3  2AF7               	goto	l3628
  6236     0AF4                     l3626:
  6237                           
  6238                           ;D:/Microchip/MPLABProjects/PSoC3-PCIe-MKIII.X/cw-gen.c: 58:         k0 <<= 1;
  6239     0AF4  1003               	clrc
  6240     0AF5  0020               	movlb	0	; select bank0
  6241     0AF6  0DA0               	rlf	key_read@k0,f
  6242     0AF7                     l3628:
  6243                           
  6244                           ;D:/Microchip/MPLABProjects/PSoC3-PCIe-MKIII.X/cw-gen.c: 60:     return (k0 | k1);
  6245     0AF7  0820               	movf	key_read@k0,w
  6246     0AF8  0421               	iorwf	key_read@k1,w
  6247     0AF9  0008               	return
  6248     0AFA                     __end_of_key_read:
  6249                           
  6250                           	psect	text5
  6251     07C3                     __ptext5:	
  6252 ;; *************** function ___lmul *****************
  6253 ;; Defined at:
  6254 ;;		line 15 in file "C:\Program Files\Microchip\xc8\v2.45\pic\sources\c99\common\Umul32.c"
  6255 ;; Parameters:    Size  Location     Type
  6256 ;;  multiplier      4    0[BANK0 ] unsigned long 
  6257 ;;  multiplicand    4    4[BANK0 ] unsigned long 
  6258 ;; Auto vars:     Size  Location     Type
  6259 ;;  product         4    8[BANK0 ] unsigned long 
  6260 ;; Return value:  Size  Location     Type
  6261 ;;                  4    0[BANK0 ] unsigned long 
  6262 ;; Registers used:
  6263 ;;		wreg, status,2, status,0
  6264 ;; Tracked objects:
  6265 ;;		On entry : 0/0
  6266 ;;		On exit  : 0/0
  6267 ;;		Unchanged: 0/0
  6268 ;; Data sizes:     COMMON   BANK0   BANK1   BANK2   BANK3   BANK4   BANK5   BANK6   BANK7   BANK8   BANK9  BANK10  BANK1
      +1  BANK12  BANK13  BANK14  BANK15  BANK16  BANK17  BANK18  BANK19  BANK20  BANK21  BANK22  BANK23  BANK24  BANK25
  6269 ;;      Params:         0       8       0       0       0       0       0       0       0       0       0       0       
      +0       0       0       0       0       0       0       0       0       0       0       0       0       0       0
  6270 ;;      Locals:         0       4       0       0       0       0       0       0       0       0       0       0       
      +0       0       0       0       0       0       0       0       0       0       0       0       0       0       0
  6271 ;;      Temps:          0       0       0       0       0       0       0       0       0       0       0       0       
      +0       0       0       0       0       0       0       0       0       0       0       0       0       0       0
  6272 ;;      Totals:         0      12       0       0       0       0       0       0       0       0       0       0       
      +0       0       0       0       0       0       0       0       0       0       0       0       0       0       0
  6273 ;;Total ram usage:       12 bytes
  6274 ;; Hardware stack levels used: 1
  6275 ;; Hardware stack levels required when called: 6
  6276 ;; This function calls:
  6277 ;;		Nothing
  6278 ;; This function is called by:
  6279 ;;		_key_loop
  6280 ;; This function uses a non-reentrant model
  6281 ;;
  6282                           
  6283     07C3                     ___lmul:	
  6284                           ;psect for function ___lmul
  6285                           
  6286                           
  6287                           ;incstack = 0
  6288                           ; Regs used in ___lmul: [wreg+status,2+status,0]
  6289     07C3  3000               	movlw	0
  6290     07C4  0020               	movlb	0	; select bank0
  6291     07C5  00AB               	movwf	___lmul@product+3
  6292     07C6  3000               	movlw	0
  6293     07C7  00AA               	movwf	___lmul@product+2
  6294     07C8  3000               	movlw	0
  6295     07C9  00A9               	movwf	___lmul@product+1
  6296     07CA  3000               	movlw	0
  6297     07CB  00A8               	movwf	___lmul@product
  6298     07CC                     l3634:
  6299     07CC  1C20               	btfss	___lmul@multiplier,0
  6300     07CD  2FD6               	goto	l3638
  6301     07CE  0824               	movf	___lmul@multiplicand,w
  6302     07CF  07A8               	addwf	___lmul@product,f
  6303     07D0  0825               	movf	___lmul@multiplicand+1,w
  6304     07D1  3DA9               	addwfc	___lmul@product+1,f
  6305     07D2  0826               	movf	___lmul@multiplicand+2,w
  6306     07D3  3DAA               	addwfc	___lmul@product+2,f
  6307     07D4  0827               	movf	___lmul@multiplicand+3,w
  6308     07D5  3DAB               	addwfc	___lmul@product+3,f
  6309     07D6                     l3638:
  6310     07D6  3001               	movlw	1
  6311     07D7                     u2895:
  6312     07D7  35A4               	lslf	___lmul@multiplicand,f
  6313     07D8  0DA5               	rlf	___lmul@multiplicand+1,f
  6314     07D9  0DA6               	rlf	___lmul@multiplicand+2,f
  6315     07DA  0DA7               	rlf	___lmul@multiplicand+3,f
  6316     07DB  0B89               	decfsz	9,f
  6317     07DC  2FD7               	goto	u2895
  6318     07DD  3001               	movlw	1
  6319     07DE                     u2905:
  6320     07DE  36A3               	lsrf	___lmul@multiplier+3,f
  6321     07DF  0CA2               	rrf	___lmul@multiplier+2,f
  6322     07E0  0CA1               	rrf	___lmul@multiplier+1,f
  6323     07E1  0CA0               	rrf	___lmul@multiplier,f
  6324     07E2  0B89               	decfsz	9,f
  6325     07E3  2FDE               	goto	u2905
  6326     07E4  0823               	movf	___lmul@multiplier+3,w
  6327     07E5  0422               	iorwf	___lmul@multiplier+2,w
  6328     07E6  0421               	iorwf	___lmul@multiplier+1,w
  6329     07E7  0420               	iorwf	___lmul@multiplier,w
  6330     07E8  1D03               	skipz
  6331     07E9  2FCC               	goto	l3634
  6332     07EA  082B               	movf	___lmul@product+3,w
  6333     07EB  00A3               	movwf	?___lmul+3
  6334     07EC  082A               	movf	___lmul@product+2,w
  6335     07ED  00A2               	movwf	?___lmul+2
  6336     07EE  0829               	movf	___lmul@product+1,w
  6337     07EF  00A1               	movwf	?___lmul+1
  6338     07F0  0828               	movf	___lmul@product,w
  6339     07F1  00A0               	movwf	?___lmul
  6340     07F2  0008               	return
  6341     07F3                     __end_of___lmul:
  6342                           
  6343                           	psect	text6
  6344     0A2A                     __ptext6:	
  6345 ;; *************** function ___flsub *****************
  6346 ;; Defined at:
  6347 ;;		line 242 in file "C:\Program Files\Microchip\xc8\v2.45\pic\sources\c99\common\sprcadd.c"
  6348 ;; Parameters:    Size  Location     Type
  6349 ;;  a               4   60[BANK0 ] unsigned long 
  6350 ;;  b               4   64[BANK0 ] unsigned long 
  6351 ;; Auto vars:     Size  Location     Type
  6352 ;;		None
  6353 ;; Return value:  Size  Location     Type
  6354 ;;                  4   60[BANK0 ] unsigned long 
  6355 ;; Registers used:
  6356 ;;		wreg, status,2, status,0, pclath, cstack
  6357 ;; Tracked objects:
  6358 ;;		On entry : 0/0
  6359 ;;		On exit  : 0/0
  6360 ;;		Unchanged: 0/0
  6361 ;; Data sizes:     COMMON   BANK0   BANK1   BANK2   BANK3   BANK4   BANK5   BANK6   BANK7   BANK8   BANK9  BANK10  BANK1
      +1  BANK12  BANK13  BANK14  BANK15  BANK16  BANK17  BANK18  BANK19  BANK20  BANK21  BANK22  BANK23  BANK24  BANK25
  6362 ;;      Params:         0       8       0       0       0       0       0       0       0       0       0       0       
      +0       0       0       0       0       0       0       0       0       0       0       0       0       0       0
  6363 ;;      Locals:         0       0       0       0       0       0       0       0       0       0       0       0       
      +0       0       0       0       0       0       0       0       0       0       0       0       0       0       0
  6364 ;;      Temps:          0       0       0       0       0       0       0       0       0       0       0       0       
      +0       0       0       0       0       0       0       0       0       0       0       0       0       0       0
  6365 ;;      Totals:         0       8       0       0       0       0       0       0       0       0       0       0       
      +0       0       0       0       0       0       0       0       0       0       0       0       0       0       0
  6366 ;;Total ram usage:        8 bytes
  6367 ;; Hardware stack levels used: 1
  6368 ;; Hardware stack levels required when called: 7
  6369 ;; This function calls:
  6370 ;;		___fladd
  6371 ;; This function is called by:
  6372 ;;		_key_loop
  6373 ;; This function uses a non-reentrant model
  6374 ;;
  6375                           
  6376     0A2A                     ___flsub:	
  6377                           ;psect for function ___flsub
  6378                           
  6379                           
  6380                           ;incstack = 0
  6381                           ; Regs used in ___flsub: [wreg+status,2+status,0+pclath+cstack]
  6382     0A2A  3080               	movlw	128
  6383     0A2B  0020               	movlb	0	; select bank0
  6384     0A2C  06DF               	xorwf	___flsub@a+3,f
  6385     0A2D  0863               	movf	___flsub@b+3,w
  6386     0A2E  00CB               	movwf	___fladd@b+3
  6387     0A2F  0862               	movf	___flsub@b+2,w
  6388     0A30  00CA               	movwf	___fladd@b+2
  6389     0A31  0861               	movf	___flsub@b+1,w
  6390     0A32  00C9               	movwf	___fladd@b+1
  6391     0A33  0860               	movf	___flsub@b,w
  6392     0A34  00C8               	movwf	___fladd@b
  6393     0A35  085F               	movf	___flsub@a+3,w
  6394     0A36  00CF               	movwf	___fladd@a+3
  6395     0A37  085E               	movf	___flsub@a+2,w
  6396     0A38  00CE               	movwf	___fladd@a+2
  6397     0A39  085D               	movf	___flsub@a+1,w
  6398     0A3A  00CD               	movwf	___fladd@a+1
  6399     0A3B  085C               	movf	___flsub@a,w
  6400     0A3C  00CC               	movwf	___fladd@a
  6401     0A3D  318E  264E         	fcall	___fladd
  6402     0A3F  0020               	movlb	0	; select bank0
  6403     0A40  084B               	movf	?___fladd+3,w
  6404     0A41  00DF               	movwf	?___flsub+3
  6405     0A42  084A               	movf	?___fladd+2,w
  6406     0A43  00DE               	movwf	?___flsub+2
  6407     0A44  0849               	movf	?___fladd+1,w
  6408     0A45  00DD               	movwf	?___flsub+1
  6409     0A46  0848               	movf	?___fladd,w
  6410     0A47  00DC               	movwf	?___flsub
  6411     0A48  0008               	return
  6412     0A49                     __end_of___flsub:
  6413                           
  6414                           	psect	text7
  6415     0E4E                     __ptext7:	
  6416 ;; *************** function ___fladd *****************
  6417 ;; Defined at:
  6418 ;;		line 10 in file "C:\Program Files\Microchip\xc8\v2.45\pic\sources\c99\common\sprcadd.c"
  6419 ;; Parameters:    Size  Location     Type
  6420 ;;  b               4   40[BANK0 ] unsigned long 
  6421 ;;  a               4   44[BANK0 ] unsigned long 
  6422 ;; Auto vars:     Size  Location     Type
  6423 ;;  grs             1   59[BANK0 ] unsigned char 
  6424 ;;  bexp            1   58[BANK0 ] unsigned char 
  6425 ;;  aexp            1   57[BANK0 ] unsigned char 
  6426 ;;  signs           1   56[BANK0 ] unsigned char 
  6427 ;; Return value:  Size  Location     Type
  6428 ;;                  4   40[BANK0 ] unsigned char 
  6429 ;; Registers used:
  6430 ;;		wreg, status,2, status,0
  6431 ;; Tracked objects:
  6432 ;;		On entry : 0/0
  6433 ;;		On exit  : 0/0
  6434 ;;		Unchanged: 0/0
  6435 ;; Data sizes:     COMMON   BANK0   BANK1   BANK2   BANK3   BANK4   BANK5   BANK6   BANK7   BANK8   BANK9  BANK10  BANK1
      +1  BANK12  BANK13  BANK14  BANK15  BANK16  BANK17  BANK18  BANK19  BANK20  BANK21  BANK22  BANK23  BANK24  BANK25
  6436 ;;      Params:         0       8       0       0       0       0       0       0       0       0       0       0       
      +0       0       0       0       0       0       0       0       0       0       0       0       0       0       0
  6437 ;;      Locals:         0       4       0       0       0       0       0       0       0       0       0       0       
      +0       0       0       0       0       0       0       0       0       0       0       0       0       0       0
  6438 ;;      Temps:          0       8       0       0       0       0       0       0       0       0       0       0       
      +0       0       0       0       0       0       0       0       0       0       0       0       0       0       0
  6439 ;;      Totals:         0      20       0       0       0       0       0       0       0       0       0       0       
      +0       0       0       0       0       0       0       0       0       0       0       0       0       0       0
  6440 ;;Total ram usage:       20 bytes
  6441 ;; Hardware stack levels used: 1
  6442 ;; Hardware stack levels required when called: 6
  6443 ;; This function calls:
  6444 ;;		Nothing
  6445 ;; This function is called by:
  6446 ;;		_key_loop
  6447 ;;		___flsub
  6448 ;; This function uses a non-reentrant model
  6449 ;;
  6450                           
  6451     0E4E                     ___fladd:	
  6452                           ;psect for function ___fladd
  6453                           
  6454                           
  6455                           ;incstack = 0
  6456                           ; Regs used in ___fladd: [wreg+status,2+status,0]
  6457     0E4E  0020               	movlb	0	; select bank0
  6458     0E4F  084B               	movf	___fladd@b+3,w
  6459     0E50  3980               	andlw	128
  6460     0E51  00D8               	movwf	___fladd@signs
  6461     0E52  354B               	lslf	___fladd@b+3,w
  6462     0E53  00DA               	movwf	___fladd@bexp
  6463     0E54  1BCA               	btfsc	___fladd@b+2,7
  6464     0E55  145A               	bsf	___fladd@bexp,0
  6465     0E56  085A               	movf	___fladd@bexp,w
  6466     0E57  1903               	btfsc	3,2
  6467     0E58  2E67               	goto	l3276
  6468     0E59  0A5A               	incf	___fladd@bexp,w
  6469     0E5A  1D03               	btfss	3,2
  6470     0E5B  2E64               	goto	l3272
  6471     0E5C  3000               	movlw	0
  6472     0E5D  00CB               	movwf	___fladd@b+3
  6473     0E5E  3000               	movlw	0
  6474     0E5F  00CA               	movwf	___fladd@b+2
  6475     0E60  3000               	movlw	0
  6476     0E61  00C9               	movwf	___fladd@b+1
  6477     0E62  3000               	movlw	0
  6478     0E63  00C8               	movwf	___fladd@b
  6479     0E64                     l3272:
  6480     0E64  17CA               	bsf	___fladd@b+2,7
  6481     0E65  01CB               	clrf	___fladd@b+3
  6482     0E66  2E6F               	goto	l3278
  6483     0E67                     l3276:
  6484     0E67  3000               	movlw	0
  6485     0E68  00CB               	movwf	___fladd@b+3
  6486     0E69  3000               	movlw	0
  6487     0E6A  00CA               	movwf	___fladd@b+2
  6488     0E6B  3000               	movlw	0
  6489     0E6C  00C9               	movwf	___fladd@b+1
  6490     0E6D  3000               	movlw	0
  6491     0E6E  00C8               	movwf	___fladd@b
  6492     0E6F                     l3278:
  6493     0E6F  084F               	movf	___fladd@a+3,w
  6494     0E70  3980               	andlw	128
  6495     0E71  00D9               	movwf	___fladd@aexp
  6496     0E72  0859               	movf	___fladd@aexp,w
  6497     0E73  0658               	xorwf	___fladd@signs,w
  6498     0E74  1D03               	btfss	3,2
  6499     0E75  1758               	bsf	___fladd@signs,6
  6500     0E76  354F               	lslf	___fladd@a+3,w
  6501     0E77  00D9               	movwf	___fladd@aexp
  6502     0E78  1BCE               	btfsc	___fladd@a+2,7
  6503     0E79  1459               	bsf	___fladd@aexp,0
  6504     0E7A  0859               	movf	___fladd@aexp,w
  6505     0E7B  1903               	btfsc	3,2
  6506     0E7C  2E8B               	goto	l3300
  6507     0E7D  0A59               	incf	___fladd@aexp,w
  6508     0E7E  1D03               	btfss	3,2
  6509     0E7F  2E88               	goto	l3296
  6510     0E80  3000               	movlw	0
  6511     0E81  00CF               	movwf	___fladd@a+3
  6512     0E82  3000               	movlw	0
  6513     0E83  00CE               	movwf	___fladd@a+2
  6514     0E84  3000               	movlw	0
  6515     0E85  00CD               	movwf	___fladd@a+1
  6516     0E86  3000               	movlw	0
  6517     0E87  00CC               	movwf	___fladd@a
  6518     0E88                     l3296:
  6519     0E88  17CE               	bsf	___fladd@a+2,7
  6520     0E89  01CF               	clrf	___fladd@a+3
  6521     0E8A  2E93               	goto	l1333
  6522     0E8B                     l3300:
  6523     0E8B  3000               	movlw	0
  6524     0E8C  00CF               	movwf	___fladd@a+3
  6525     0E8D  3000               	movlw	0
  6526     0E8E  00CE               	movwf	___fladd@a+2
  6527     0E8F  3000               	movlw	0
  6528     0E90  00CD               	movwf	___fladd@a+1
  6529     0E91  3000               	movlw	0
  6530     0E92  00CC               	movwf	___fladd@a
  6531     0E93                     l1333:
  6532     0E93  085A               	movf	___fladd@bexp,w
  6533     0E94  0259               	subwf	___fladd@aexp,w
  6534     0E95  1803               	skipnc
  6535     0E96  2EBB               	goto	l3336
  6536     0E97  1F58               	btfss	___fladd@signs,6
  6537     0E98  2E9D               	goto	l3306
  6538     0E99  3080               	movlw	128
  6539     0E9A  00D0               	movwf	??___fladd
  6540     0E9B  0850               	movf	??___fladd,w
  6541     0E9C  06D8               	xorwf	___fladd@signs,f
  6542     0E9D                     l3306:
  6543     0E9D  085A               	movf	___fladd@bexp,w
  6544     0E9E  00DB               	movwf	___fladd@grs
  6545     0E9F  0859               	movf	___fladd@aexp,w
  6546     0EA0  00DA               	movwf	___fladd@bexp
  6547     0EA1  085B               	movf	___fladd@grs,w
  6548     0EA2  00D9               	movwf	___fladd@aexp
  6549     0EA3  0848               	movf	___fladd@b,w
  6550     0EA4  00DB               	movwf	___fladd@grs
  6551     0EA5  084C               	movf	___fladd@a,w
  6552     0EA6  00C8               	movwf	___fladd@b
  6553     0EA7  085B               	movf	___fladd@grs,w
  6554     0EA8  00CC               	movwf	___fladd@a
  6555     0EA9  0849               	movf	___fladd@b+1,w
  6556     0EAA  00DB               	movwf	___fladd@grs
  6557     0EAB  084D               	movf	___fladd@a+1,w
  6558     0EAC  00C9               	movwf	___fladd@b+1
  6559     0EAD  085B               	movf	___fladd@grs,w
  6560     0EAE  00CD               	movwf	___fladd@a+1
  6561     0EAF  084A               	movf	___fladd@b+2,w
  6562     0EB0  00DB               	movwf	___fladd@grs
  6563     0EB1  084E               	movf	___fladd@a+2,w
  6564     0EB2  00CA               	movwf	___fladd@b+2
  6565     0EB3  085B               	movf	___fladd@grs,w
  6566     0EB4  00CE               	movwf	___fladd@a+2
  6567     0EB5  084B               	movf	___fladd@b+3,w
  6568     0EB6  00DB               	movwf	___fladd@grs
  6569     0EB7  084F               	movf	___fladd@a+3,w
  6570     0EB8  00CB               	movwf	___fladd@b+3
  6571     0EB9  085B               	movf	___fladd@grs,w
  6572     0EBA  00CF               	movwf	___fladd@a+3
  6573     0EBB                     l3336:
  6574     0EBB  01DB               	clrf	___fladd@grs
  6575     0EBC  0859               	movf	___fladd@aexp,w
  6576     0EBD  00D0               	movwf	??___fladd
  6577     0EBE  01D1               	clrf	??___fladd+1
  6578     0EBF  0851               	movf	??___fladd+1,w
  6579     0EC0  00D3               	movwf	??___fladd+3
  6580     0EC1  085A               	movf	___fladd@bexp,w
  6581     0EC2  0250               	subwf	??___fladd,w
  6582     0EC3  00D2               	movwf	??___fladd+2
  6583     0EC4  1C03               	skipc
  6584     0EC5  03D3               	decf	??___fladd+3,f
  6585     0EC6  0853               	movf	??___fladd+3,w
  6586     0EC7  3A80               	xorlw	128
  6587     0EC8  00D4               	movwf	??___fladd+4
  6588     0EC9  3080               	movlw	128
  6589     0ECA  0254               	subwf	??___fladd+4,w
  6590     0ECB  1D03               	skipz
  6591     0ECC  2ECF               	goto	u2425
  6592     0ECD  301A               	movlw	26
  6593     0ECE  0252               	subwf	??___fladd+2,w
  6594     0ECF                     u2425:
  6595     0ECF  1C03               	skipc
  6596     0ED0  2EFD               	goto	l3354
  6597     0ED1  0020               	movlb	0	; select bank0
  6598     0ED2  084B               	movf	___fladd@b+3,w
  6599     0ED3  044A               	iorwf	___fladd@b+2,w
  6600     0ED4  0449               	iorwf	___fladd@b+1,w
  6601     0ED5  0448               	iorwf	___fladd@b,w
  6602     0ED6  1903               	btfsc	3,2
  6603     0ED7  2EDA               	goto	u2430
  6604     0ED8  3001               	movlw	1
  6605     0ED9  2EDB               	goto	u2440
  6606     0EDA                     u2430:
  6607     0EDA  3000               	movlw	0
  6608     0EDB                     u2440:
  6609     0EDB  00DB               	movwf	___fladd@grs
  6610     0EDC  3000               	movlw	0
  6611     0EDD  00CB               	movwf	___fladd@b+3
  6612     0EDE  3000               	movlw	0
  6613     0EDF  00CA               	movwf	___fladd@b+2
  6614     0EE0  3000               	movlw	0
  6615     0EE1  00C9               	movwf	___fladd@b+1
  6616     0EE2  3000               	movlw	0
  6617     0EE3  00C8               	movwf	___fladd@b
  6618     0EE4  0859               	movf	___fladd@aexp,w
  6619     0EE5  00DA               	movwf	___fladd@bexp
  6620     0EE6  2F02               	goto	l1337
  6621     0EE7                     l1339:
  6622     0EE7  1C5B               	btfss	___fladd@grs,0
  6623     0EE8  2EED               	goto	l3344
  6624     0EE9  365B               	lsrf	___fladd@grs,w
  6625     0EEA  3801               	iorlw	1
  6626     0EEB  00DB               	movwf	___fladd@grs
  6627     0EEC  2EEF               	goto	l3346
  6628     0EED                     l3344:
  6629     0EED  1003               	clrc
  6630     0EEE  0CDB               	rrf	___fladd@grs,f
  6631     0EEF                     l3346:
  6632     0EEF  1848               	btfsc	___fladd@b,0
  6633     0EF0  17DB               	bsf	___fladd@grs,7
  6634     0EF1  3001               	movlw	1
  6635     0EF2  00D0               	movwf	??___fladd
  6636     0EF3                     u2475:
  6637     0EF3  37CB               	asrf	___fladd@b+3,f
  6638     0EF4  0CCA               	rrf	___fladd@b+2,f
  6639     0EF5  0CC9               	rrf	___fladd@b+1,f
  6640     0EF6  0CC8               	rrf	___fladd@b,f
  6641     0EF7  0BD0               	decfsz	??___fladd& (0+127),f
  6642     0EF8  2EF3               	goto	u2475
  6643     0EF9  3001               	movlw	1
  6644     0EFA  00D0               	movwf	??___fladd
  6645     0EFB  0850               	movf	??___fladd,w
  6646     0EFC  07DA               	addwf	___fladd@bexp,f
  6647     0EFD                     l3354:
  6648     0EFD  0020               	movlb	0	; select bank0
  6649     0EFE  0859               	movf	___fladd@aexp,w
  6650     0EFF  025A               	subwf	___fladd@bexp,w
  6651     0F00  1C03               	skipc
  6652     0F01  2EE7               	goto	l1339
  6653     0F02                     l1337:
  6654     0F02  1B58               	btfsc	___fladd@signs,6
  6655     0F03  2F31               	goto	l3380
  6656     0F04  085A               	movf	___fladd@bexp,w
  6657     0F05  1D03               	btfss	3,2
  6658     0F06  2F10               	goto	l3362
  6659     0F07  3000               	movlw	0
  6660     0F08  00CB               	movwf	?___fladd+3
  6661     0F09  3000               	movlw	0
  6662     0F0A  00CA               	movwf	?___fladd+2
  6663     0F0B  3000               	movlw	0
  6664     0F0C  00C9               	movwf	?___fladd+1
  6665     0F0D  3000               	movlw	0
  6666     0F0E  00C8               	movwf	?___fladd
  6667     0F0F  0008               	return
  6668     0F10                     l3362:
  6669     0F10  084C               	movf	___fladd@a,w
  6670     0F11  07C8               	addwf	___fladd@b,f
  6671     0F12  084D               	movf	___fladd@a+1,w
  6672     0F13  3DC9               	addwfc	___fladd@b+1,f
  6673     0F14  084E               	movf	___fladd@a+2,w
  6674     0F15  3DCA               	addwfc	___fladd@b+2,f
  6675     0F16  084F               	movf	___fladd@a+3,w
  6676     0F17  3DCB               	addwfc	___fladd@b+3,f
  6677     0F18  1C4B               	btfss	___fladd@b+3,0
  6678     0F19  2FAB               	goto	l3414
  6679     0F1A  1C5B               	btfss	___fladd@grs,0
  6680     0F1B  2F20               	goto	l3370
  6681     0F1C  365B               	lsrf	___fladd@grs,w
  6682     0F1D  3801               	iorlw	1
  6683     0F1E  00DB               	movwf	___fladd@grs
  6684     0F1F  2F22               	goto	l3372
  6685     0F20                     l3370:
  6686     0F20  1003               	clrc
  6687     0F21  0CDB               	rrf	___fladd@grs,f
  6688     0F22                     l3372:
  6689     0F22  1848               	btfsc	___fladd@b,0
  6690     0F23  17DB               	bsf	___fladd@grs,7
  6691     0F24  3001               	movlw	1
  6692     0F25  00D0               	movwf	??___fladd
  6693     0F26                     u2545:
  6694     0F26  37CB               	asrf	___fladd@b+3,f
  6695     0F27  0CCA               	rrf	___fladd@b+2,f
  6696     0F28  0CC9               	rrf	___fladd@b+1,f
  6697     0F29  0CC8               	rrf	___fladd@b,f
  6698     0F2A  0BD0               	decfsz	??___fladd& (0+127),f
  6699     0F2B  2F26               	goto	u2545
  6700     0F2C  3001               	movlw	1
  6701     0F2D  00D0               	movwf	??___fladd
  6702     0F2E  0850               	movf	??___fladd,w
  6703     0F2F  07DA               	addwf	___fladd@bexp,f
  6704     0F30  2FAB               	goto	l3414
  6705     0F31                     l3380:
  6706     0F31  084B               	movf	___fladd@b+3,w
  6707     0F32  3A80               	xorlw	128
  6708     0F33  00D0               	movwf	??___fladd
  6709     0F34  084F               	movf	___fladd@a+3,w
  6710     0F35  3A80               	xorlw	128
  6711     0F36  0250               	subwf	??___fladd,w
  6712     0F37  1D03               	skipz
  6713     0F38  2F43               	goto	u2553
  6714     0F39  084E               	movf	___fladd@a+2,w
  6715     0F3A  024A               	subwf	___fladd@b+2,w
  6716     0F3B  1D03               	skipz
  6717     0F3C  2F43               	goto	u2553
  6718     0F3D  084D               	movf	___fladd@a+1,w
  6719     0F3E  0249               	subwf	___fladd@b+1,w
  6720     0F3F  1D03               	skipz
  6721     0F40  2F43               	goto	u2553
  6722     0F41  084C               	movf	___fladd@a,w
  6723     0F42  0248               	subwf	___fladd@b,w
  6724     0F43                     u2553:
  6725     0F43  1803               	skipnc
  6726     0F44  2F7B               	goto	l3390
  6727     0F45  30FF               	movlw	255
  6728     0F46  00D0               	movwf	??___fladd
  6729     0F47  30FF               	movlw	255
  6730     0F48  00D1               	movwf	??___fladd+1
  6731     0F49  30FF               	movlw	255
  6732     0F4A  00D2               	movwf	??___fladd+2
  6733     0F4B  30FF               	movlw	255
  6734     0F4C  00D3               	movwf	??___fladd+3
  6735     0F4D  0848               	movf	___fladd@b,w
  6736     0F4E  024C               	subwf	___fladd@a,w
  6737     0F4F  00D4               	movwf	??___fladd+4
  6738     0F50  0849               	movf	___fladd@b+1,w
  6739     0F51  3B4D               	subwfb	___fladd@a+1,w
  6740     0F52  00D5               	movwf	??___fladd+5
  6741     0F53  084A               	movf	___fladd@b+2,w
  6742     0F54  3B4E               	subwfb	___fladd@a+2,w
  6743     0F55  00D6               	movwf	??___fladd+6
  6744     0F56  084B               	movf	___fladd@b+3,w
  6745     0F57  3B4F               	subwfb	___fladd@a+3,w
  6746     0F58  00D7               	movwf	??___fladd+7
  6747     0F59  0854               	movf	??___fladd+4,w
  6748     0F5A  07D0               	addwf	??___fladd,f
  6749     0F5B  0855               	movf	??___fladd+5,w
  6750     0F5C  3DD1               	addwfc	??___fladd+1,f
  6751     0F5D  0856               	movf	??___fladd+6,w
  6752     0F5E  3DD2               	addwfc	??___fladd+2,f
  6753     0F5F  0857               	movf	??___fladd+7,w
  6754     0F60  3DD3               	addwfc	??___fladd+3,f
  6755     0F61  0853               	movf	??___fladd+3,w
  6756     0F62  00CB               	movwf	___fladd@b+3
  6757     0F63  0852               	movf	??___fladd+2,w
  6758     0F64  00CA               	movwf	___fladd@b+2
  6759     0F65  0851               	movf	??___fladd+1,w
  6760     0F66  00C9               	movwf	___fladd@b+1
  6761     0F67  0850               	movf	??___fladd,w
  6762     0F68  00C8               	movwf	___fladd@b
  6763     0F69  3080               	movlw	128
  6764     0F6A  00D0               	movwf	??___fladd
  6765     0F6B  0850               	movf	??___fladd,w
  6766     0F6C  06D8               	xorwf	___fladd@signs,f
  6767     0F6D  09DB               	comf	___fladd@grs,f
  6768     0F6E  0ADB               	incf	___fladd@grs,f
  6769     0F6F  085B               	movf	___fladd@grs,w
  6770     0F70  1D03               	btfss	3,2
  6771     0F71  2F83               	goto	l1354
  6772     0F72  3001               	movlw	1
  6773     0F73  07C8               	addwf	___fladd@b,f
  6774     0F74  3000               	movlw	0
  6775     0F75  3DC9               	addwfc	___fladd@b+1,f
  6776     0F76  3000               	movlw	0
  6777     0F77  3DCA               	addwfc	___fladd@b+2,f
  6778     0F78  3000               	movlw	0
  6779     0F79  3DCB               	addwfc	___fladd@b+3,f
  6780     0F7A  2F83               	goto	l1354
  6781     0F7B                     l3390:
  6782     0F7B  084C               	movf	___fladd@a,w
  6783     0F7C  02C8               	subwf	___fladd@b,f
  6784     0F7D  084D               	movf	___fladd@a+1,w
  6785     0F7E  3BC9               	subwfb	___fladd@b+1,f
  6786     0F7F  084E               	movf	___fladd@a+2,w
  6787     0F80  3BCA               	subwfb	___fladd@b+2,f
  6788     0F81  084F               	movf	___fladd@a+3,w
  6789     0F82  3BCB               	subwfb	___fladd@b+3,f
  6790     0F83                     l1354:
  6791     0F83  084B               	movf	___fladd@b+3,w
  6792     0F84  044A               	iorwf	___fladd@b+2,w
  6793     0F85  0449               	iorwf	___fladd@b+1,w
  6794     0F86  0448               	iorwf	___fladd@b,w
  6795     0F87  1D03               	skipz
  6796     0F88  2FA9               	goto	l3412
  6797     0F89  085B               	movf	___fladd@grs,w
  6798     0F8A  1D03               	btfss	3,2
  6799     0F8B  2FA9               	goto	l3412
  6800     0F8C  3000               	movlw	0
  6801     0F8D  00CB               	movwf	?___fladd+3
  6802     0F8E  3000               	movlw	0
  6803     0F8F  00CA               	movwf	?___fladd+2
  6804     0F90  3000               	movlw	0
  6805     0F91  00C9               	movwf	?___fladd+1
  6806     0F92  3000               	movlw	0
  6807     0F93  00C8               	movwf	?___fladd
  6808     0F94  0008               	return
  6809     0F95                     l3398:
  6810     0F95  3001               	movlw	1
  6811     0F96                     u2595:
  6812     0F96  35C8               	lslf	___fladd@b,f
  6813     0F97  0DC9               	rlf	___fladd@b+1,f
  6814     0F98  0DCA               	rlf	___fladd@b+2,f
  6815     0F99  0DCB               	rlf	___fladd@b+3,f
  6816     0F9A  0B89               	decfsz	9,f
  6817     0F9B  2F96               	goto	u2595
  6818     0F9C  1BDB               	btfsc	___fladd@grs,7
  6819     0F9D  1448               	bsf	___fladd@b,0
  6820     0F9E  1C5B               	btfss	___fladd@grs,0
  6821     0F9F  2FA2               	goto	l3406
  6822     0FA0  1403               	setc
  6823     0FA1  2FA3               	goto	L5
  6824     0FA2                     l3406:
  6825     0FA2  1003               	clrc
  6826     0FA3                     L5:
  6827     0FA3  0DDB               	rlf	___fladd@grs,f
  6828     0FA4  085A               	movf	___fladd@bexp,w
  6829     0FA5  1903               	btfsc	3,2
  6830     0FA6  2FA9               	goto	l3412
  6831     0FA7  3001               	movlw	1
  6832     0FA8  02DA               	subwf	___fladd@bexp,f
  6833     0FA9                     l3412:
  6834     0FA9  1FCA               	btfss	___fladd@b+2,7
  6835     0FAA  2F95               	goto	l3398
  6836     0FAB                     l3414:
  6837     0FAB  01D9               	clrf	___fladd@aexp
  6838     0FAC  1FDB               	btfss	___fladd@grs,7
  6839     0FAD  2FB6               	goto	l3424
  6840     0FAE  085B               	movf	___fladd@grs,w
  6841     0FAF  397F               	andlw	127
  6842     0FB0  1903               	btfsc	3,2
  6843     0FB1  1848               	btfsc	___fladd@b,0
  6844     0FB2  2FB4               	goto	l3420
  6845     0FB3  2FB6               	goto	l3424
  6846     0FB4                     l3420:
  6847     0FB4  01D9               	clrf	___fladd@aexp
  6848     0FB5  0AD9               	incf	___fladd@aexp,f
  6849     0FB6                     l3424:
  6850     0FB6  0859               	movf	___fladd@aexp,w
  6851     0FB7  1903               	btfsc	3,2
  6852     0FB8  2FE2               	goto	l1367
  6853     0FB9  3001               	movlw	1
  6854     0FBA  07C8               	addwf	___fladd@b,f
  6855     0FBB  3000               	movlw	0
  6856     0FBC  3DC9               	addwfc	___fladd@b+1,f
  6857     0FBD  3000               	movlw	0
  6858     0FBE  3DCA               	addwfc	___fladd@b+2,f
  6859     0FBF  3000               	movlw	0
  6860     0FC0  3DCB               	addwfc	___fladd@b+3,f
  6861     0FC1  1C4B               	btfss	___fladd@b+3,0
  6862     0FC2  2FE2               	goto	l1367
  6863     0FC3  0848               	movf	___fladd@b,w
  6864     0FC4  00D0               	movwf	??___fladd
  6865     0FC5  0849               	movf	___fladd@b+1,w
  6866     0FC6  00D1               	movwf	??___fladd+1
  6867     0FC7  084A               	movf	___fladd@b+2,w
  6868     0FC8  00D2               	movwf	??___fladd+2
  6869     0FC9  084B               	movf	___fladd@b+3,w
  6870     0FCA  00D3               	movwf	??___fladd+3
  6871     0FCB  3001               	movlw	1
  6872     0FCC  00D4               	movwf	??___fladd+4
  6873     0FCD                     u2695:
  6874     0FCD  37D3               	asrf	??___fladd+3,f
  6875     0FCE  0CD2               	rrf	??___fladd+2,f
  6876     0FCF  0CD1               	rrf	??___fladd+1,f
  6877     0FD0  0CD0               	rrf	??___fladd,f
  6878     0FD1  0BD4               	decfsz	??___fladd+4,f
  6879     0FD2  2FCD               	goto	u2695
  6880     0FD3  0853               	movf	??___fladd+3,w
  6881     0FD4  00CB               	movwf	___fladd@b+3
  6882     0FD5  0852               	movf	??___fladd+2,w
  6883     0FD6  00CA               	movwf	___fladd@b+2
  6884     0FD7  0851               	movf	??___fladd+1,w
  6885     0FD8  00C9               	movwf	___fladd@b+1
  6886     0FD9  0850               	movf	??___fladd,w
  6887     0FDA  00C8               	movwf	___fladd@b
  6888     0FDB  0A5A               	incf	___fladd@bexp,w
  6889     0FDC  1903               	btfsc	3,2
  6890     0FDD  2FE2               	goto	l1367
  6891     0FDE  3001               	movlw	1
  6892     0FDF  00D0               	movwf	??___fladd
  6893     0FE0  0850               	movf	??___fladd,w
  6894     0FE1  07DA               	addwf	___fladd@bexp,f
  6895     0FE2                     l1367:
  6896     0FE2  0A5A               	incf	___fladd@bexp,w
  6897     0FE3  1D03               	btfss	3,2
  6898     0FE4  085A               	movf	___fladd@bexp,w
  6899     0FE5  1D03               	btfss	3,2
  6900     0FE6  2FF2               	goto	l3442
  6901     0FE7  3000               	movlw	0
  6902     0FE8  00CB               	movwf	___fladd@b+3
  6903     0FE9  3000               	movlw	0
  6904     0FEA  00CA               	movwf	___fladd@b+2
  6905     0FEB  3000               	movlw	0
  6906     0FEC  00C9               	movwf	___fladd@b+1
  6907     0FED  3000               	movlw	0
  6908     0FEE  00C8               	movwf	___fladd@b
  6909     0FEF  085A               	movf	___fladd@bexp,w
  6910     0FF0  1903               	btfsc	3,2
  6911     0FF1  01D8               	clrf	___fladd@signs
  6912     0FF2                     l3442:
  6913     0FF2  1C5A               	btfss	___fladd@bexp,0
  6914     0FF3  2FF6               	goto	l3446
  6915     0FF4  17CA               	bsf	___fladd@b+2,7
  6916     0FF5  2FFA               	goto	l1375
  6917     0FF6                     l3446:
  6918     0FF6  307F               	movlw	127
  6919     0FF7  00D0               	movwf	??___fladd
  6920     0FF8  0850               	movf	??___fladd,w
  6921     0FF9  05CA               	andwf	___fladd@b+2,f
  6922     0FFA                     l1375:
  6923     0FFA  365A               	lsrf	___fladd@bexp,w
  6924     0FFB  00CB               	movwf	___fladd@b+3
  6925     0FFC  1FD8               	btfss	___fladd@signs,7
  6926     0FFD  0008               	return
  6927     0FFE  17CB               	bsf	___fladd@b+3,7
  6928     0FFF  0008               	return
  6929     1000                     __end_of___fladd:
  6930                           
  6931                           	psect	text8
  6932     048A                     __ptext8:	
  6933 ;; *************** function ___flmul *****************
  6934 ;; Defined at:
  6935 ;;		line 8 in file "C:\Program Files\Microchip\xc8\v2.45\pic\sources\c99\common\sprcmul.c"
  6936 ;; Parameters:    Size  Location     Type
  6937 ;;  b               4   14[BANK0 ] unsigned char 
  6938 ;;  a               4   18[BANK0 ] unsigned char 
  6939 ;; Auto vars:     Size  Location     Type
  6940 ;;  prod            4   34[BANK0 ] struct .
  6941 ;;  grs             4   28[BANK0 ] unsigned long 
  6942 ;;  temp            2   38[BANK0 ] struct .
  6943 ;;  bexp            1   33[BANK0 ] unsigned char 
  6944 ;;  aexp            1   32[BANK0 ] unsigned char 
  6945 ;;  sign            1   27[BANK0 ] unsigned char 
  6946 ;; Return value:  Size  Location     Type
  6947 ;;                  4   14[BANK0 ] unsigned char 
  6948 ;; Registers used:
  6949 ;;		wreg, status,2, status,0, pclath, cstack
  6950 ;; Tracked objects:
  6951 ;;		On entry : 0/0
  6952 ;;		On exit  : 0/0
  6953 ;;		Unchanged: 0/0
  6954 ;; Data sizes:     COMMON   BANK0   BANK1   BANK2   BANK3   BANK4   BANK5   BANK6   BANK7   BANK8   BANK9  BANK10  BANK1
      +1  BANK12  BANK13  BANK14  BANK15  BANK16  BANK17  BANK18  BANK19  BANK20  BANK21  BANK22  BANK23  BANK24  BANK25
  6955 ;;      Params:         0       8       0       0       0       0       0       0       0       0       0       0       
      +0       0       0       0       0       0       0       0       0       0       0       0       0       0       0
  6956 ;;      Locals:         0      13       0       0       0       0       0       0       0       0       0       0       
      +0       0       0       0       0       0       0       0       0       0       0       0       0       0       0
  6957 ;;      Temps:          0       5       0       0       0       0       0       0       0       0       0       0       
      +0       0       0       0       0       0       0       0       0       0       0       0       0       0       0
  6958 ;;      Totals:         0      26       0       0       0       0       0       0       0       0       0       0       
      +0       0       0       0       0       0       0       0       0       0       0       0       0       0       0
  6959 ;;Total ram usage:       26 bytes
  6960 ;; Hardware stack levels used: 1
  6961 ;; Hardware stack levels required when called: 7
  6962 ;; This function calls:
  6963 ;;		__Umul8_16
  6964 ;; This function is called by:
  6965 ;;		_key_loop
  6966 ;; This function uses a non-reentrant model
  6967 ;;
  6968                           
  6969     048A                     ___flmul:	
  6970                           ;psect for function ___flmul
  6971                           
  6972                           
  6973                           ;incstack = 0
  6974                           ; Regs used in ___flmul: [wreg+status,2+status,0+pclath+cstack]
  6975     048A  0020               	movlb	0	; select bank0
  6976     048B  0831               	movf	___flmul@b+3,w
  6977     048C  3980               	andlw	128
  6978     048D  00BB               	movwf	___flmul@sign
  6979     048E  3531               	lslf	___flmul@b+3,w
  6980     048F  00C1               	movwf	___flmul@bexp
  6981     0490  1BB0               	btfsc	___flmul@b+2,7
  6982     0491  1441               	bsf	___flmul@bexp,0
  6983     0492  0841               	movf	___flmul@bexp,w
  6984     0493  1903               	btfsc	3,2
  6985     0494  2CA2               	goto	l3668
  6986     0495  0A41               	incf	___flmul@bexp,w
  6987     0496  1D03               	btfss	3,2
  6988     0497  2CA0               	goto	l3666
  6989     0498  3000               	movlw	0
  6990     0499  00B1               	movwf	___flmul@b+3
  6991     049A  3000               	movlw	0
  6992     049B  00B0               	movwf	___flmul@b+2
  6993     049C  3000               	movlw	0
  6994     049D  00AF               	movwf	___flmul@b+1
  6995     049E  3000               	movlw	0
  6996     049F  00AE               	movwf	___flmul@b
  6997     04A0                     l3666:
  6998     04A0  17B0               	bsf	___flmul@b+2,7
  6999     04A1  2CAA               	goto	l3670
  7000     04A2                     l3668:
  7001     04A2  3000               	movlw	0
  7002     04A3  00B1               	movwf	___flmul@b+3
  7003     04A4  3000               	movlw	0
  7004     04A5  00B0               	movwf	___flmul@b+2
  7005     04A6  3000               	movlw	0
  7006     04A7  00AF               	movwf	___flmul@b+1
  7007     04A8  3000               	movlw	0
  7008     04A9  00AE               	movwf	___flmul@b
  7009     04AA                     l3670:
  7010     04AA  0835               	movf	___flmul@a+3,w
  7011     04AB  3980               	andlw	128
  7012     04AC  00B6               	movwf	??___flmul
  7013     04AD  0836               	movf	??___flmul,w
  7014     04AE  06BB               	xorwf	___flmul@sign,f
  7015     04AF  3535               	lslf	___flmul@a+3,w
  7016     04B0  00C0               	movwf	___flmul@aexp
  7017     04B1  1BB4               	btfsc	___flmul@a+2,7
  7018     04B2  1440               	bsf	___flmul@aexp,0
  7019     04B3  0840               	movf	___flmul@aexp,w
  7020     04B4  1903               	btfsc	3,2
  7021     04B5  2CC3               	goto	l3686
  7022     04B6  0A40               	incf	___flmul@aexp,w
  7023     04B7  1D03               	btfss	3,2
  7024     04B8  2CC1               	goto	l3684
  7025     04B9  3000               	movlw	0
  7026     04BA  00B5               	movwf	___flmul@a+3
  7027     04BB  3000               	movlw	0
  7028     04BC  00B4               	movwf	___flmul@a+2
  7029     04BD  3000               	movlw	0
  7030     04BE  00B3               	movwf	___flmul@a+1
  7031     04BF  3000               	movlw	0
  7032     04C0  00B2               	movwf	___flmul@a
  7033     04C1                     l3684:
  7034     04C1  17B4               	bsf	___flmul@a+2,7
  7035     04C2  2CCB               	goto	l3688
  7036     04C3                     l3686:
  7037     04C3  3000               	movlw	0
  7038     04C4  00B5               	movwf	___flmul@a+3
  7039     04C5  3000               	movlw	0
  7040     04C6  00B4               	movwf	___flmul@a+2
  7041     04C7  3000               	movlw	0
  7042     04C8  00B3               	movwf	___flmul@a+1
  7043     04C9  3000               	movlw	0
  7044     04CA  00B2               	movwf	___flmul@a
  7045     04CB                     l3688:
  7046     04CB  0840               	movf	___flmul@aexp,w
  7047     04CC  1D03               	btfss	3,2
  7048     04CD  0841               	movf	___flmul@bexp,w
  7049     04CE  1D03               	btfss	3,2
  7050     04CF  2CD9               	goto	l3696
  7051     04D0  3000               	movlw	0
  7052     04D1  00B1               	movwf	?___flmul+3
  7053     04D2  3000               	movlw	0
  7054     04D3  00B0               	movwf	?___flmul+2
  7055     04D4  3000               	movlw	0
  7056     04D5  00AF               	movwf	?___flmul+1
  7057     04D6  3000               	movlw	0
  7058     04D7  00AE               	movwf	?___flmul
  7059     04D8  0008               	return
  7060     04D9                     l3696:
  7061     04D9  082E               	movf	___flmul@b,w
  7062     04DA  00A0               	movwf	__Umul8_16@multiplicand
  7063     04DB  0834               	movf	___flmul@a+2,w
  7064     04DC  318A  2249  3184   	fcall	__Umul8_16
  7065     04DF  0020               	movlb	0	; select bank0
  7066     04E0  0821               	movf	?__Umul8_16+1,w
  7067     04E1  00C7               	movwf	___flmul@temp+1
  7068     04E2  0820               	movf	?__Umul8_16,w
  7069     04E3  00C6               	movwf	___flmul@temp
  7070     04E4  0846               	movf	___flmul@temp,w
  7071     04E5  00B6               	movwf	??___flmul
  7072     04E6  01B7               	clrf	??___flmul+1
  7073     04E7  01B8               	clrf	??___flmul+2
  7074     04E8  01B9               	clrf	??___flmul+3
  7075     04E9  0839               	movf	??___flmul+3,w
  7076     04EA  00BF               	movwf	___flmul@grs+3
  7077     04EB  0838               	movf	??___flmul+2,w
  7078     04EC  00BE               	movwf	___flmul@grs+2
  7079     04ED  0837               	movf	??___flmul+1,w
  7080     04EE  00BD               	movwf	___flmul@grs+1
  7081     04EF  0836               	movf	??___flmul,w
  7082     04F0  00BC               	movwf	___flmul@grs
  7083     04F1  0847               	movf	___flmul@temp+1,w
  7084     04F2  00B6               	movwf	??___flmul
  7085     04F3  01B7               	clrf	??___flmul+1
  7086     04F4  01B8               	clrf	??___flmul+2
  7087     04F5  01B9               	clrf	??___flmul+3
  7088     04F6  0839               	movf	??___flmul+3,w
  7089     04F7  00C5               	movwf	___flmul@prod+3
  7090     04F8  0838               	movf	??___flmul+2,w
  7091     04F9  00C4               	movwf	___flmul@prod+2
  7092     04FA  0837               	movf	??___flmul+1,w
  7093     04FB  00C3               	movwf	___flmul@prod+1
  7094     04FC  0836               	movf	??___flmul,w
  7095     04FD  00C2               	movwf	___flmul@prod
  7096     04FE  082F               	movf	___flmul@b+1,w
  7097     04FF  00A0               	movwf	__Umul8_16@multiplicand
  7098     0500  0833               	movf	___flmul@a+1,w
  7099     0501  318A  2249  3184   	fcall	__Umul8_16
  7100     0504  0020               	movlb	0	; select bank0
  7101     0505  0821               	movf	?__Umul8_16+1,w
  7102     0506  00C7               	movwf	___flmul@temp+1
  7103     0507  0820               	movf	?__Umul8_16,w
  7104     0508  00C6               	movwf	___flmul@temp
  7105     0509  0846               	movf	___flmul@temp,w
  7106     050A  00B6               	movwf	??___flmul
  7107     050B  01B7               	clrf	??___flmul+1
  7108     050C  01B8               	clrf	??___flmul+2
  7109     050D  01B9               	clrf	??___flmul+3
  7110     050E  0836               	movf	??___flmul,w
  7111     050F  07BC               	addwf	___flmul@grs,f
  7112     0510  0837               	movf	??___flmul+1,w
  7113     0511  3DBD               	addwfc	___flmul@grs+1,f
  7114     0512  0838               	movf	??___flmul+2,w
  7115     0513  3DBE               	addwfc	___flmul@grs+2,f
  7116     0514  0839               	movf	??___flmul+3,w
  7117     0515  3DBF               	addwfc	___flmul@grs+3,f
  7118     0516  0847               	movf	___flmul@temp+1,w
  7119     0517  00B6               	movwf	??___flmul
  7120     0518  01B7               	clrf	??___flmul+1
  7121     0519  01B8               	clrf	??___flmul+2
  7122     051A  01B9               	clrf	??___flmul+3
  7123     051B  0836               	movf	??___flmul,w
  7124     051C  07C2               	addwf	___flmul@prod,f
  7125     051D  0837               	movf	??___flmul+1,w
  7126     051E  3DC3               	addwfc	___flmul@prod+1,f
  7127     051F  0838               	movf	??___flmul+2,w
  7128     0520  3DC4               	addwfc	___flmul@prod+2,f
  7129     0521  0839               	movf	??___flmul+3,w
  7130     0522  3DC5               	addwfc	___flmul@prod+3,f
  7131     0523  0830               	movf	___flmul@b+2,w
  7132     0524  00A0               	movwf	__Umul8_16@multiplicand
  7133     0525  0832               	movf	___flmul@a,w
  7134     0526  318A  2249  3184   	fcall	__Umul8_16
  7135     0529  0020               	movlb	0	; select bank0
  7136     052A  0821               	movf	?__Umul8_16+1,w
  7137     052B  00C7               	movwf	___flmul@temp+1
  7138     052C  0820               	movf	?__Umul8_16,w
  7139     052D  00C6               	movwf	___flmul@temp
  7140     052E  0846               	movf	___flmul@temp,w
  7141     052F  00B6               	movwf	??___flmul
  7142     0530  01B7               	clrf	??___flmul+1
  7143     0531  01B8               	clrf	??___flmul+2
  7144     0532  01B9               	clrf	??___flmul+3
  7145     0533  0836               	movf	??___flmul,w
  7146     0534  07BC               	addwf	___flmul@grs,f
  7147     0535  0837               	movf	??___flmul+1,w
  7148     0536  3DBD               	addwfc	___flmul@grs+1,f
  7149     0537  0838               	movf	??___flmul+2,w
  7150     0538  3DBE               	addwfc	___flmul@grs+2,f
  7151     0539  0839               	movf	??___flmul+3,w
  7152     053A  3DBF               	addwfc	___flmul@grs+3,f
  7153     053B  0847               	movf	___flmul@temp+1,w
  7154     053C  00B6               	movwf	??___flmul
  7155     053D  01B7               	clrf	??___flmul+1
  7156     053E  01B8               	clrf	??___flmul+2
  7157     053F  01B9               	clrf	??___flmul+3
  7158     0540  0836               	movf	??___flmul,w
  7159     0541  07C2               	addwf	___flmul@prod,f
  7160     0542  0837               	movf	??___flmul+1,w
  7161     0543  3DC3               	addwfc	___flmul@prod+1,f
  7162     0544  0838               	movf	??___flmul+2,w
  7163     0545  3DC4               	addwfc	___flmul@prod+2,f
  7164     0546  0839               	movf	??___flmul+3,w
  7165     0547  3DC5               	addwfc	___flmul@prod+3,f
  7166     0548  3008               	movlw	8
  7167     0549                     u3005:
  7168     0549  35BC               	lslf	___flmul@grs,f
  7169     054A  0DBD               	rlf	___flmul@grs+1,f
  7170     054B  0DBE               	rlf	___flmul@grs+2,f
  7171     054C  0DBF               	rlf	___flmul@grs+3,f
  7172     054D  0B89               	decfsz	9,f
  7173     054E  2D49               	goto	u3005
  7174     054F  082F               	movf	___flmul@b+1,w
  7175     0550  00A0               	movwf	__Umul8_16@multiplicand
  7176     0551  0832               	movf	___flmul@a,w
  7177     0552  318A  2249  3184   	fcall	__Umul8_16
  7178     0555  0020               	movlb	0	; select bank0
  7179     0556  0821               	movf	?__Umul8_16+1,w
  7180     0557  00C7               	movwf	___flmul@temp+1
  7181     0558  0820               	movf	?__Umul8_16,w
  7182     0559  00C6               	movwf	___flmul@temp
  7183     055A  0846               	movf	___flmul@temp,w
  7184     055B  07BC               	addwf	___flmul@grs,f
  7185     055C  0847               	movf	___flmul@temp+1,w
  7186     055D  3DBD               	addwfc	___flmul@grs+1,f
  7187     055E  3000               	movlw	0
  7188     055F  3DBE               	addwfc	___flmul@grs+2,f
  7189     0560  3DBF               	addwfc	___flmul@grs+3,f
  7190     0561  082E               	movf	___flmul@b,w
  7191     0562  00A0               	movwf	__Umul8_16@multiplicand
  7192     0563  0833               	movf	___flmul@a+1,w
  7193     0564  318A  2249  3184   	fcall	__Umul8_16
  7194     0567  0020               	movlb	0	; select bank0
  7195     0568  0821               	movf	?__Umul8_16+1,w
  7196     0569  00C7               	movwf	___flmul@temp+1
  7197     056A  0820               	movf	?__Umul8_16,w
  7198     056B  00C6               	movwf	___flmul@temp
  7199     056C  0846               	movf	___flmul@temp,w
  7200     056D  07BC               	addwf	___flmul@grs,f
  7201     056E  0847               	movf	___flmul@temp+1,w
  7202     056F  3DBD               	addwfc	___flmul@grs+1,f
  7203     0570  3000               	movlw	0
  7204     0571  3DBE               	addwfc	___flmul@grs+2,f
  7205     0572  3DBF               	addwfc	___flmul@grs+3,f
  7206     0573  3008               	movlw	8
  7207     0574                     u3015:
  7208     0574  35BC               	lslf	___flmul@grs,f
  7209     0575  0DBD               	rlf	___flmul@grs+1,f
  7210     0576  0DBE               	rlf	___flmul@grs+2,f
  7211     0577  0DBF               	rlf	___flmul@grs+3,f
  7212     0578  0B89               	decfsz	9,f
  7213     0579  2D74               	goto	u3015
  7214     057A  082E               	movf	___flmul@b,w
  7215     057B  00A0               	movwf	__Umul8_16@multiplicand
  7216     057C  0832               	movf	___flmul@a,w
  7217     057D  318A  2249  3184   	fcall	__Umul8_16
  7218     0580  0020               	movlb	0	; select bank0
  7219     0581  0821               	movf	?__Umul8_16+1,w
  7220     0582  00C7               	movwf	___flmul@temp+1
  7221     0583  0820               	movf	?__Umul8_16,w
  7222     0584  00C6               	movwf	___flmul@temp
  7223     0585  0846               	movf	___flmul@temp,w
  7224     0586  07BC               	addwf	___flmul@grs,f
  7225     0587  0847               	movf	___flmul@temp+1,w
  7226     0588  3DBD               	addwfc	___flmul@grs+1,f
  7227     0589  3000               	movlw	0
  7228     058A  3DBE               	addwfc	___flmul@grs+2,f
  7229     058B  3DBF               	addwfc	___flmul@grs+3,f
  7230     058C  082F               	movf	___flmul@b+1,w
  7231     058D  00A0               	movwf	__Umul8_16@multiplicand
  7232     058E  0834               	movf	___flmul@a+2,w
  7233     058F  318A  2249  3184   	fcall	__Umul8_16
  7234     0592  0020               	movlb	0	; select bank0
  7235     0593  0821               	movf	?__Umul8_16+1,w
  7236     0594  00C7               	movwf	___flmul@temp+1
  7237     0595  0820               	movf	?__Umul8_16,w
  7238     0596  00C6               	movwf	___flmul@temp
  7239     0597  0846               	movf	___flmul@temp,w
  7240     0598  07C2               	addwf	___flmul@prod,f
  7241     0599  0847               	movf	___flmul@temp+1,w
  7242     059A  3DC3               	addwfc	___flmul@prod+1,f
  7243     059B  3000               	movlw	0
  7244     059C  3DC4               	addwfc	___flmul@prod+2,f
  7245     059D  3DC5               	addwfc	___flmul@prod+3,f
  7246     059E  0830               	movf	___flmul@b+2,w
  7247     059F  00A0               	movwf	__Umul8_16@multiplicand
  7248     05A0  0833               	movf	___flmul@a+1,w
  7249     05A1  318A  2249  3184   	fcall	__Umul8_16
  7250     05A4  0020               	movlb	0	; select bank0
  7251     05A5  0821               	movf	?__Umul8_16+1,w
  7252     05A6  00C7               	movwf	___flmul@temp+1
  7253     05A7  0820               	movf	?__Umul8_16,w
  7254     05A8  00C6               	movwf	___flmul@temp
  7255     05A9  0846               	movf	___flmul@temp,w
  7256     05AA  07C2               	addwf	___flmul@prod,f
  7257     05AB  0847               	movf	___flmul@temp+1,w
  7258     05AC  3DC3               	addwfc	___flmul@prod+1,f
  7259     05AD  3000               	movlw	0
  7260     05AE  3DC4               	addwfc	___flmul@prod+2,f
  7261     05AF  3DC5               	addwfc	___flmul@prod+3,f
  7262     05B0  0830               	movf	___flmul@b+2,w
  7263     05B1  00A0               	movwf	__Umul8_16@multiplicand
  7264     05B2  0834               	movf	___flmul@a+2,w
  7265     05B3  318A  2249  3184   	fcall	__Umul8_16
  7266     05B6  0020               	movlb	0	; select bank0
  7267     05B7  0821               	movf	?__Umul8_16+1,w
  7268     05B8  00C7               	movwf	___flmul@temp+1
  7269     05B9  0820               	movf	?__Umul8_16,w
  7270     05BA  00C6               	movwf	___flmul@temp
  7271     05BB  0846               	movf	___flmul@temp,w
  7272     05BC  00B6               	movwf	??___flmul
  7273     05BD  0847               	movf	___flmul@temp+1,w
  7274     05BE  00B7               	movwf	??___flmul+1
  7275     05BF  01B8               	clrf	??___flmul+2
  7276     05C0  01B9               	clrf	??___flmul+3
  7277     05C1  3008               	movlw	8
  7278     05C2                     u3025:
  7279     05C2  35B6               	lslf	??___flmul,f
  7280     05C3  0DB7               	rlf	??___flmul+1,f
  7281     05C4  0DB8               	rlf	??___flmul+2,f
  7282     05C5  0DB9               	rlf	??___flmul+3,f
  7283     05C6  0B89               	decfsz	9,f
  7284     05C7  2DC2               	goto	u3025
  7285     05C8  0836               	movf	??___flmul,w
  7286     05C9  07C2               	addwf	___flmul@prod,f
  7287     05CA  0837               	movf	??___flmul+1,w
  7288     05CB  3DC3               	addwfc	___flmul@prod+1,f
  7289     05CC  0838               	movf	??___flmul+2,w
  7290     05CD  3DC4               	addwfc	___flmul@prod+2,f
  7291     05CE  0839               	movf	??___flmul+3,w
  7292     05CF  3DC5               	addwfc	___flmul@prod+3,f
  7293     05D0  083C               	movf	___flmul@grs,w
  7294     05D1  00B6               	movwf	??___flmul
  7295     05D2  083D               	movf	___flmul@grs+1,w
  7296     05D3  00B7               	movwf	??___flmul+1
  7297     05D4  083E               	movf	___flmul@grs+2,w
  7298     05D5  00B8               	movwf	??___flmul+2
  7299     05D6  083F               	movf	___flmul@grs+3,w
  7300     05D7  00B9               	movwf	??___flmul+3
  7301     05D8  3018               	movlw	24
  7302     05D9                     u3035:
  7303     05D9  36B9               	lsrf	??___flmul+3,f
  7304     05DA  0CB8               	rrf	??___flmul+2,f
  7305     05DB  0CB7               	rrf	??___flmul+1,f
  7306     05DC  0CB6               	rrf	??___flmul,f
  7307     05DD  0B89               	decfsz	9,f
  7308     05DE  2DD9               	goto	u3035
  7309     05DF  0836               	movf	??___flmul,w
  7310     05E0  07C2               	addwf	___flmul@prod,f
  7311     05E1  0837               	movf	??___flmul+1,w
  7312     05E2  3DC3               	addwfc	___flmul@prod+1,f
  7313     05E3  0838               	movf	??___flmul+2,w
  7314     05E4  3DC4               	addwfc	___flmul@prod+2,f
  7315     05E5  0839               	movf	??___flmul+3,w
  7316     05E6  3DC5               	addwfc	___flmul@prod+3,f
  7317     05E7  3008               	movlw	8
  7318     05E8                     u3045:
  7319     05E8  35BC               	lslf	___flmul@grs,f
  7320     05E9  0DBD               	rlf	___flmul@grs+1,f
  7321     05EA  0DBE               	rlf	___flmul@grs+2,f
  7322     05EB  0DBF               	rlf	___flmul@grs+3,f
  7323     05EC  0B89               	decfsz	9,f
  7324     05ED  2DE8               	goto	u3045
  7325     05EE  0841               	movf	___flmul@bexp,w
  7326     05EF  0740               	addwf	___flmul@aexp,w
  7327     05F0  00B6               	movwf	??___flmul
  7328     05F1  01B7               	clrf	??___flmul+1
  7329     05F2  0DB7               	rlf	??___flmul+1,f
  7330     05F3  0836               	movf	??___flmul,w
  7331     05F4  3E82               	addlw	130
  7332     05F5  00C6               	movwf	___flmul@temp
  7333     05F6  30FF               	movlw	255
  7334     05F7  3D37               	addwfc	??___flmul+1,w
  7335     05F8  00C7               	movwf	___flmul@temp+1
  7336     05F9                     l3748:
  7337     05F9  1BC4               	btfsc	___flmul@prod+2,7
  7338     05FA  2E10               	goto	l3750
  7339     05FB  3001               	movlw	1
  7340     05FC                     u3055:
  7341     05FC  35C2               	lslf	___flmul@prod,f
  7342     05FD  0DC3               	rlf	___flmul@prod+1,f
  7343     05FE  0DC4               	rlf	___flmul@prod+2,f
  7344     05FF  0DC5               	rlf	___flmul@prod+3,f
  7345     0600  0B89               	decfsz	9,f
  7346     0601  2DFC               	goto	u3055
  7347     0602  1BBF               	btfsc	___flmul@grs+3,7
  7348     0603  1442               	bsf	___flmul@prod,0
  7349     0604  3001               	movlw	1
  7350     0605                     u3075:
  7351     0605  35BC               	lslf	___flmul@grs,f
  7352     0606  0DBD               	rlf	___flmul@grs+1,f
  7353     0607  0DBE               	rlf	___flmul@grs+2,f
  7354     0608  0DBF               	rlf	___flmul@grs+3,f
  7355     0609  0B89               	decfsz	9,f
  7356     060A  2E05               	goto	u3075
  7357     060B  30FF               	movlw	255
  7358     060C  07C6               	addwf	___flmul@temp,f
  7359     060D  30FF               	movlw	255
  7360     060E  3DC7               	addwfc	___flmul@temp+1,f
  7361     060F  2DF9               	goto	l3748
  7362     0610                     l3750:
  7363     0610  01C0               	clrf	___flmul@aexp
  7364     0611  1FBF               	btfss	___flmul@grs+3,7
  7365     0612  2E29               	goto	l3760
  7366     0613  30FF               	movlw	255
  7367     0614  053C               	andwf	___flmul@grs,w
  7368     0615  00B6               	movwf	??___flmul
  7369     0616  30FF               	movlw	255
  7370     0617  053D               	andwf	___flmul@grs+1,w
  7371     0618  00B7               	movwf	??___flmul+1
  7372     0619  30FF               	movlw	255
  7373     061A  053E               	andwf	___flmul@grs+2,w
  7374     061B  00B8               	movwf	??___flmul+2
  7375     061C  307F               	movlw	127
  7376     061D  053F               	andwf	___flmul@grs+3,w
  7377     061E  00B9               	movwf	??___flmul+3
  7378     061F  0839               	movf	??___flmul+3,w
  7379     0620  0438               	iorwf	??___flmul+2,w
  7380     0621  0437               	iorwf	??___flmul+1,w
  7381     0622  0436               	iorwf	??___flmul,w
  7382     0623  1903               	skipnz
  7383     0624  1842               	btfsc	___flmul@prod,0
  7384     0625  2E27               	goto	l3756
  7385     0626  2E29               	goto	l3760
  7386     0627                     l3756:
  7387     0627  01C0               	clrf	___flmul@aexp
  7388     0628  0AC0               	incf	___flmul@aexp,f
  7389     0629                     l3760:
  7390     0629  0840               	movf	___flmul@aexp,w
  7391     062A  1903               	btfsc	3,2
  7392     062B  2E52               	goto	l3770
  7393     062C  3001               	movlw	1
  7394     062D  07C2               	addwf	___flmul@prod,f
  7395     062E  3000               	movlw	0
  7396     062F  3DC3               	addwfc	___flmul@prod+1,f
  7397     0630  3000               	movlw	0
  7398     0631  3DC4               	addwfc	___flmul@prod+2,f
  7399     0632  3000               	movlw	0
  7400     0633  3DC5               	addwfc	___flmul@prod+3,f
  7401     0634  1C45               	btfss	___flmul@prod+3,0
  7402     0635  2E52               	goto	l3770
  7403     0636  0842               	movf	___flmul@prod,w
  7404     0637  00B6               	movwf	??___flmul
  7405     0638  0843               	movf	___flmul@prod+1,w
  7406     0639  00B7               	movwf	??___flmul+1
  7407     063A  0844               	movf	___flmul@prod+2,w
  7408     063B  00B8               	movwf	??___flmul+2
  7409     063C  0845               	movf	___flmul@prod+3,w
  7410     063D  00B9               	movwf	??___flmul+3
  7411     063E  3001               	movlw	1
  7412     063F  00BA               	movwf	??___flmul+4
  7413     0640                     u3145:
  7414     0640  37B9               	asrf	??___flmul+3,f
  7415     0641  0CB8               	rrf	??___flmul+2,f
  7416     0642  0CB7               	rrf	??___flmul+1,f
  7417     0643  0CB6               	rrf	??___flmul,f
  7418     0644  0BBA               	decfsz	??___flmul+4,f
  7419     0645  2E40               	goto	u3145
  7420     0646  0839               	movf	??___flmul+3,w
  7421     0647  00C5               	movwf	___flmul@prod+3
  7422     0648  0838               	movf	??___flmul+2,w
  7423     0649  00C4               	movwf	___flmul@prod+2
  7424     064A  0837               	movf	??___flmul+1,w
  7425     064B  00C3               	movwf	___flmul@prod+1
  7426     064C  0836               	movf	??___flmul,w
  7427     064D  00C2               	movwf	___flmul@prod
  7428     064E  3001               	movlw	1
  7429     064F  07C6               	addwf	___flmul@temp,f
  7430     0650  3000               	movlw	0
  7431     0651  3DC7               	addwfc	___flmul@temp+1,f
  7432     0652                     l3770:
  7433     0652  0847               	movf	___flmul@temp+1,w
  7434     0653  3A80               	xorlw	128
  7435     0654  00B6               	movwf	??___flmul
  7436     0655  3080               	movlw	128
  7437     0656  0236               	subwf	??___flmul,w
  7438     0657  1D03               	skipz
  7439     0658  2E5B               	goto	u3155
  7440     0659  30FF               	movlw	255
  7441     065A  0246               	subwf	___flmul@temp,w
  7442     065B                     u3155:
  7443     065B  1C03               	skipc
  7444     065C  2E67               	goto	l3774
  7445     065D  307F               	movlw	127
  7446     065E  0020               	movlb	0	; select bank0
  7447     065F  00C5               	movwf	___flmul@prod+3
  7448     0660  3080               	movlw	128
  7449     0661  00C4               	movwf	___flmul@prod+2
  7450     0662  3000               	movlw	0
  7451     0663  00C3               	movwf	___flmul@prod+1
  7452     0664  3000               	movlw	0
  7453     0665  00C2               	movwf	___flmul@prod
  7454     0666  2E8D               	goto	l1441
  7455     0667                     l3774:
  7456     0667  0020               	movlb	0	; select bank0
  7457     0668  0847               	movf	___flmul@temp+1,w
  7458     0669  3A80               	xorlw	128
  7459     066A  00B6               	movwf	??___flmul
  7460     066B  3080               	movlw	128
  7461     066C  0236               	subwf	??___flmul,w
  7462     066D  1D03               	skipz
  7463     066E  2E71               	goto	u3165
  7464     066F  3001               	movlw	1
  7465     0670  0246               	subwf	___flmul@temp,w
  7466     0671                     u3165:
  7467     0671  1803               	skipnc
  7468     0672  2E7E               	goto	l3780
  7469     0673  3000               	movlw	0
  7470     0674  0020               	movlb	0	; select bank0
  7471     0675  00C5               	movwf	___flmul@prod+3
  7472     0676  3000               	movlw	0
  7473     0677  00C4               	movwf	___flmul@prod+2
  7474     0678  3000               	movlw	0
  7475     0679  00C3               	movwf	___flmul@prod+1
  7476     067A  3000               	movlw	0
  7477     067B  00C2               	movwf	___flmul@prod
  7478     067C  01BB               	clrf	___flmul@sign
  7479     067D  2E8D               	goto	l1441
  7480     067E                     l3780:
  7481     067E  0020               	movlb	0	; select bank0
  7482     067F  0846               	movf	___flmul@temp,w
  7483     0680  00C1               	movwf	___flmul@bexp
  7484     0681  30FF               	movlw	255
  7485     0682  05C2               	andwf	___flmul@prod,f
  7486     0683  30FF               	movlw	255
  7487     0684  05C3               	andwf	___flmul@prod+1,f
  7488     0685  307F               	movlw	127
  7489     0686  05C4               	andwf	___flmul@prod+2,f
  7490     0687  3000               	movlw	0
  7491     0688  05C5               	andwf	___flmul@prod+3,f
  7492     0689  1841               	btfsc	___flmul@bexp,0
  7493     068A  17C4               	bsf	___flmul@prod+2,7
  7494     068B  3641               	lsrf	___flmul@bexp,w
  7495     068C  00C5               	movwf	___flmul@prod+3
  7496     068D                     l1441:
  7497     068D  083B               	movf	___flmul@sign,w
  7498     068E  00B6               	movwf	??___flmul
  7499     068F  0836               	movf	??___flmul,w
  7500     0690  04C5               	iorwf	___flmul@prod+3,f
  7501     0691  0845               	movf	___flmul@prod+3,w
  7502     0692  00B1               	movwf	?___flmul+3
  7503     0693  0844               	movf	___flmul@prod+2,w
  7504     0694  00B0               	movwf	?___flmul+2
  7505     0695  0843               	movf	___flmul@prod+1,w
  7506     0696  00AF               	movwf	?___flmul+1
  7507     0697  0842               	movf	___flmul@prod,w
  7508     0698  00AE               	movwf	?___flmul
  7509     0699  0008               	return
  7510     069A                     __end_of___flmul:
  7511                           
  7512                           	psect	text9
  7513     0A49                     __ptext9:	
  7514 ;; *************** function __Umul8_16 *****************
  7515 ;; Defined at:
  7516 ;;		line 4 in file "C:\Program Files\Microchip\xc8\v2.45\pic\sources\c99\common\Umul8_16.c"
  7517 ;; Parameters:    Size  Location     Type
  7518 ;;  multiplier      1    wreg     unsigned char 
  7519 ;;  multiplicand    1    0[BANK0 ] unsigned char 
  7520 ;; Auto vars:     Size  Location     Type
  7521 ;;  multiplier      1    8[BANK0 ] unsigned char 
  7522 ;;  word_mpld       2    6[BANK0 ] unsigned short 
  7523 ;;  product         2    4[BANK0 ] unsigned short 
  7524 ;; Return value:  Size  Location     Type
  7525 ;;                  2    0[BANK0 ] unsigned int 
  7526 ;; Registers used:
  7527 ;;		wreg, status,2, status,0
  7528 ;; Tracked objects:
  7529 ;;		On entry : 0/0
  7530 ;;		On exit  : 0/0
  7531 ;;		Unchanged: 0/0
  7532 ;; Data sizes:     COMMON   BANK0   BANK1   BANK2   BANK3   BANK4   BANK5   BANK6   BANK7   BANK8   BANK9  BANK10  BANK1
      +1  BANK12  BANK13  BANK14  BANK15  BANK16  BANK17  BANK18  BANK19  BANK20  BANK21  BANK22  BANK23  BANK24  BANK25
  7533 ;;      Params:         0       2       0       0       0       0       0       0       0       0       0       0       
      +0       0       0       0       0       0       0       0       0       0       0       0       0       0       0
  7534 ;;      Locals:         0       5       0       0       0       0       0       0       0       0       0       0       
      +0       0       0       0       0       0       0       0       0       0       0       0       0       0       0
  7535 ;;      Temps:          0       2       0       0       0       0       0       0       0       0       0       0       
      +0       0       0       0       0       0       0       0       0       0       0       0       0       0       0
  7536 ;;      Totals:         0       9       0       0       0       0       0       0       0       0       0       0       
      +0       0       0       0       0       0       0       0       0       0       0       0       0       0       0
  7537 ;;Total ram usage:        9 bytes
  7538 ;; Hardware stack levels used: 1
  7539 ;; Hardware stack levels required when called: 6
  7540 ;; This function calls:
  7541 ;;		Nothing
  7542 ;; This function is called by:
  7543 ;;		___flmul
  7544 ;; This function uses a non-reentrant model
  7545 ;;
  7546                           
  7547     0A49                     __Umul8_16:	
  7548                           ;psect for function __Umul8_16
  7549                           
  7550                           
  7551                           ;incstack = 0
  7552                           ; Regs used in __Umul8_16: [wreg+status,2+status,0]
  7553                           ;__Umul8_16@multiplier stored from wreg
  7554     0A49  0020               	movlb	0	; select bank0
  7555     0A4A  00A8               	movwf	__Umul8_16@multiplier
  7556     0A4B  01A4               	clrf	__Umul8_16@product
  7557     0A4C  01A5               	clrf	__Umul8_16@product+1
  7558     0A4D  0820               	movf	__Umul8_16@multiplicand,w
  7559     0A4E  00A2               	movwf	??__Umul8_16
  7560     0A4F  01A3               	clrf	??__Umul8_16+1
  7561     0A50  0822               	movf	??__Umul8_16,w
  7562     0A51  00A6               	movwf	__Umul8_16@word_mpld
  7563     0A52  0823               	movf	??__Umul8_16+1,w
  7564     0A53  00A7               	movwf	__Umul8_16@word_mpld+1
  7565     0A54                     l3456:
  7566     0A54  1C28               	btfss	__Umul8_16@multiplier,0
  7567     0A55  2A5A               	goto	l1448
  7568     0A56  0826               	movf	__Umul8_16@word_mpld,w
  7569     0A57  07A4               	addwf	__Umul8_16@product,f
  7570     0A58  0827               	movf	__Umul8_16@word_mpld+1,w
  7571     0A59  3DA5               	addwfc	__Umul8_16@product+1,f
  7572     0A5A                     l1448:
  7573     0A5A  3001               	movlw	1
  7574     0A5B                     u2775:
  7575     0A5B  35A6               	lslf	__Umul8_16@word_mpld,f
  7576     0A5C  0DA7               	rlf	__Umul8_16@word_mpld+1,f
  7577     0A5D  0B89               	decfsz	9,f
  7578     0A5E  2A5B               	goto	u2775
  7579     0A5F  1003               	clrc
  7580     0A60  0CA8               	rrf	__Umul8_16@multiplier,f
  7581     0A61  0828               	movf	__Umul8_16@multiplier,w
  7582     0A62  1D03               	btfss	3,2
  7583     0A63  2A54               	goto	l3456
  7584     0A64  0825               	movf	__Umul8_16@product+1,w
  7585     0A65  00A1               	movwf	?__Umul8_16+1
  7586     0A66  0824               	movf	__Umul8_16@product,w
  7587     0A67  00A0               	movwf	?__Umul8_16
  7588     0A68  0008               	return
  7589     0A69                     __end_of__Umul8_16:
  7590                           
  7591                           	psect	text10
  7592     0871                     __ptext10:	
  7593 ;; *************** function _TMR0_StartTimer *****************
  7594 ;; Defined at:
  7595 ;;		line 87 in file "mcc_generated_files/tmr0.c"
  7596 ;; Parameters:    Size  Location     Type
  7597 ;;		None
  7598 ;; Auto vars:     Size  Location     Type
  7599 ;;		None
  7600 ;; Return value:  Size  Location     Type
  7601 ;;                  1    wreg      void 
  7602 ;; Registers used:
  7603 ;;		None
  7604 ;; Tracked objects:
  7605 ;;		On entry : 0/0
  7606 ;;		On exit  : 0/0
  7607 ;;		Unchanged: 0/0
  7608 ;; Data sizes:     COMMON   BANK0   BANK1   BANK2   BANK3   BANK4   BANK5   BANK6   BANK7   BANK8   BANK9  BANK10  BANK1
      +1  BANK12  BANK13  BANK14  BANK15  BANK16  BANK17  BANK18  BANK19  BANK20  BANK21  BANK22  BANK23  BANK24  BANK25
  7609 ;;      Params:         0       0       0       0       0       0       0       0       0       0       0       0       
      +0       0       0       0       0       0       0       0       0       0       0       0       0       0       0
  7610 ;;      Locals:         0       0       0       0       0       0       0       0       0       0       0       0       
      +0       0       0       0       0       0       0       0       0       0       0       0       0       0       0
  7611 ;;      Temps:          0       0       0       0       0       0       0       0       0       0       0       0       
      +0       0       0       0       0       0       0       0       0       0       0       0       0       0       0
  7612 ;;      Totals:         0       0       0       0       0       0       0       0       0       0       0       0       
      +0       0       0       0       0       0       0       0       0       0       0       0       0       0       0
  7613 ;;Total ram usage:        0 bytes
  7614 ;; Hardware stack levels used: 1
  7615 ;; Hardware stack levels required when called: 6
  7616 ;; This function calls:
  7617 ;;		Nothing
  7618 ;; This function is called by:
  7619 ;;		_main
  7620 ;; This function uses a non-reentrant model
  7621 ;;
  7622                           
  7623     0871                     _TMR0_StartTimer:	
  7624                           ;psect for function _TMR0_StartTimer
  7625                           
  7626                           
  7627                           ;mcc_generated_files/tmr0.c: 90:     T0CON0bits.T0EN = 1;
  7628                           
  7629                           ;incstack = 0
  7630                           ; Regs used in _TMR0_StartTimer: []
  7631     0871  0020               	movlb	0	; select bank0
  7632     0872  1797               	bsf	23,7	;volatile
  7633     0873  0008               	return
  7634     0874                     __end_of_TMR0_StartTimer:
  7635                           
  7636                           	psect	text11
  7637     09C4                     __ptext11:	
  7638 ;; *************** function _SYSTEM_Initialize *****************
  7639 ;; Defined at:
  7640 ;;		line 50 in file "mcc_generated_files/mcc.c"
  7641 ;; Parameters:    Size  Location     Type
  7642 ;;		None
  7643 ;; Auto vars:     Size  Location     Type
  7644 ;;		None
  7645 ;; Return value:  Size  Location     Type
  7646 ;;                  1    wreg      void 
  7647 ;; Registers used:
  7648 ;;		wreg, status,2, status,0, pclath, cstack
  7649 ;; Tracked objects:
  7650 ;;		On entry : 0/0
  7651 ;;		On exit  : 0/0
  7652 ;;		Unchanged: 0/0
  7653 ;; Data sizes:     COMMON   BANK0   BANK1   BANK2   BANK3   BANK4   BANK5   BANK6   BANK7   BANK8   BANK9  BANK10  BANK1
      +1  BANK12  BANK13  BANK14  BANK15  BANK16  BANK17  BANK18  BANK19  BANK20  BANK21  BANK22  BANK23  BANK24  BANK25
  7654 ;;      Params:         0       0       0       0       0       0       0       0       0       0       0       0       
      +0       0       0       0       0       0       0       0       0       0       0       0       0       0       0
  7655 ;;      Locals:         0       0       0       0       0       0       0       0       0       0       0       0       
      +0       0       0       0       0       0       0       0       0       0       0       0       0       0       0
  7656 ;;      Temps:          0       0       0       0       0       0       0       0       0       0       0       0       
      +0       0       0       0       0       0       0       0       0       0       0       0       0       0       0
  7657 ;;      Totals:         0       0       0       0       0       0       0       0       0       0       0       0       
      +0       0       0       0       0       0       0       0       0       0       0       0       0       0       0
  7658 ;;Total ram usage:        0 bytes
  7659 ;; Hardware stack levels used: 1
  7660 ;; Hardware stack levels required when called: 8
  7661 ;; This function calls:
  7662 ;;		_I2C1_Initialize
  7663 ;;		_NCO1_Initialize
  7664 ;;		_OSCILLATOR_Initialize
  7665 ;;		_PIN_MANAGER_Initialize
  7666 ;;		_PMD_Initialize
  7667 ;;		_TMR0_Initialize
  7668 ;;		_WDT_Initialize
  7669 ;; This function is called by:
  7670 ;;		_main
  7671 ;; This function uses a non-reentrant model
  7672 ;;
  7673                           
  7674     09C4                     _SYSTEM_Initialize:	
  7675                           ;psect for function _SYSTEM_Initialize
  7676                           
  7677                           
  7678                           ;mcc_generated_files/mcc.c: 53:     PMD_Initialize();
  7679                           
  7680                           ;incstack = 0
  7681                           ; Regs used in _SYSTEM_Initialize: [wreg+status,2+status,0+pclath+cstack]
  7682     09C4  3188  20B9  3189   	fcall	_PMD_Initialize
  7683                           
  7684                           ;mcc_generated_files/mcc.c: 54:     I2C1_Initialize();
  7685     09C7  3189  2134  3189   	fcall	_I2C1_Initialize
  7686                           
  7687                           ;mcc_generated_files/mcc.c: 55:     PIN_MANAGER_Initialize();
  7688     09CA  318A  22FA  3189   	fcall	_PIN_MANAGER_Initialize
  7689                           
  7690                           ;mcc_generated_files/mcc.c: 56:     OSCILLATOR_Initialize();
  7691     09CD  3189  2109  3189   	fcall	_OSCILLATOR_Initialize
  7692                           
  7693                           ;mcc_generated_files/mcc.c: 57:     WDT_Initialize();
  7694     09D0  3188  2078  3189   	fcall	_WDT_Initialize
  7695                           
  7696                           ;mcc_generated_files/mcc.c: 58:     NCO1_Initialize();
  7697     09D3  3187  27F3  3189   	fcall	_NCO1_Initialize
  7698                           
  7699                           ;mcc_generated_files/mcc.c: 59:     TMR0_Initialize();
  7700     09D6  3189  219C         	fcall	_TMR0_Initialize
  7701     09D8  0008               	return
  7702     09D9                     __end_of_SYSTEM_Initialize:
  7703                           
  7704                           	psect	text12
  7705     0878                     __ptext12:	
  7706 ;; *************** function _WDT_Initialize *****************
  7707 ;; Defined at:
  7708 ;;		line 76 in file "mcc_generated_files/mcc.c"
  7709 ;; Parameters:    Size  Location     Type
  7710 ;;		None
  7711 ;; Auto vars:     Size  Location     Type
  7712 ;;		None
  7713 ;; Return value:  Size  Location     Type
  7714 ;;                  1    wreg      void 
  7715 ;; Registers used:
  7716 ;;		wreg
  7717 ;; Tracked objects:
  7718 ;;		On entry : 0/0
  7719 ;;		On exit  : 0/0
  7720 ;;		Unchanged: 0/0
  7721 ;; Data sizes:     COMMON   BANK0   BANK1   BANK2   BANK3   BANK4   BANK5   BANK6   BANK7   BANK8   BANK9  BANK10  BANK1
      +1  BANK12  BANK13  BANK14  BANK15  BANK16  BANK17  BANK18  BANK19  BANK20  BANK21  BANK22  BANK23  BANK24  BANK25
  7722 ;;      Params:         0       0       0       0       0       0       0       0       0       0       0       0       
      +0       0       0       0       0       0       0       0       0       0       0       0       0       0       0
  7723 ;;      Locals:         0       0       0       0       0       0       0       0       0       0       0       0       
      +0       0       0       0       0       0       0       0       0       0       0       0       0       0       0
  7724 ;;      Temps:          0       0       0       0       0       0       0       0       0       0       0       0       
      +0       0       0       0       0       0       0       0       0       0       0       0       0       0       0
  7725 ;;      Totals:         0       0       0       0       0       0       0       0       0       0       0       0       
      +0       0       0       0       0       0       0       0       0       0       0       0       0       0       0
  7726 ;;Total ram usage:        0 bytes
  7727 ;; Hardware stack levels used: 1
  7728 ;; Hardware stack levels required when called: 6
  7729 ;; This function calls:
  7730 ;;		Nothing
  7731 ;; This function is called by:
  7732 ;;		_SYSTEM_Initialize
  7733 ;; This function uses a non-reentrant model
  7734 ;;
  7735                           
  7736     0878                     _WDT_Initialize:	
  7737                           ;psect for function _WDT_Initialize
  7738                           
  7739                           
  7740                           ;mcc_generated_files/mcc.c: 79:     WDTCON = 0x16;
  7741                           
  7742                           ;incstack = 0
  7743                           ; Regs used in _WDT_Initialize: [wreg]
  7744     0878  3016               	movlw	22
  7745     0879  0021               	movlb	1	; select bank1
  7746     087A  0097               	movwf	23	;volatile
  7747     087B  0008               	return
  7748     087C                     __end_of_WDT_Initialize:
  7749                           
  7750                           	psect	text13
  7751     099C                     __ptext13:	
  7752 ;; *************** function _TMR0_Initialize *****************
  7753 ;; Defined at:
  7754 ;;		line 61 in file "mcc_generated_files/tmr0.c"
  7755 ;; Parameters:    Size  Location     Type
  7756 ;;		None
  7757 ;; Auto vars:     Size  Location     Type
  7758 ;;		None
  7759 ;; Return value:  Size  Location     Type
  7760 ;;                  1    wreg      void 
  7761 ;; Registers used:
  7762 ;;		wreg, status,2, status,0, pclath, cstack
  7763 ;; Tracked objects:
  7764 ;;		On entry : 0/0
  7765 ;;		On exit  : 0/0
  7766 ;;		Unchanged: 0/0
  7767 ;; Data sizes:     COMMON   BANK0   BANK1   BANK2   BANK3   BANK4   BANK5   BANK6   BANK7   BANK8   BANK9  BANK10  BANK1
      +1  BANK12  BANK13  BANK14  BANK15  BANK16  BANK17  BANK18  BANK19  BANK20  BANK21  BANK22  BANK23  BANK24  BANK25
  7768 ;;      Params:         0       0       0       0       0       0       0       0       0       0       0       0       
      +0       0       0       0       0       0       0       0       0       0       0       0       0       0       0
  7769 ;;      Locals:         0       0       0       0       0       0       0       0       0       0       0       0       
      +0       0       0       0       0       0       0       0       0       0       0       0       0       0       0
  7770 ;;      Temps:          0       0       0       0       0       0       0       0       0       0       0       0       
      +0       0       0       0       0       0       0       0       0       0       0       0       0       0       0
  7771 ;;      Totals:         0       0       0       0       0       0       0       0       0       0       0       0       
      +0       0       0       0       0       0       0       0       0       0       0       0       0       0       0
  7772 ;;Total ram usage:        0 bytes
  7773 ;; Hardware stack levels used: 1
  7774 ;; Hardware stack levels required when called: 7
  7775 ;; This function calls:
  7776 ;;		_TMR0_SetInterruptHandler
  7777 ;; This function is called by:
  7778 ;;		_SYSTEM_Initialize
  7779 ;;		_main
  7780 ;; This function uses a non-reentrant model
  7781 ;;
  7782                           
  7783     099C                     _TMR0_Initialize:	
  7784                           ;psect for function _TMR0_Initialize
  7785                           
  7786                           
  7787                           ;mcc_generated_files/tmr0.c: 66:     T0CON1 = 0x69;
  7788                           
  7789                           ;incstack = 0
  7790                           ; Regs used in _TMR0_Initialize: [wreg+status,2+status,0+pclath+cstack]
  7791     099C  3069               	movlw	105
  7792     099D  0020               	movlb	0	; select bank0
  7793     099E  0098               	movwf	24	;volatile
  7794                           
  7795                           ;mcc_generated_files/tmr0.c: 69:     TMR0H = 0x05;
  7796     099F  3005               	movlw	5
  7797     09A0  0096               	movwf	22	;volatile
  7798                           
  7799                           ;mcc_generated_files/tmr0.c: 72:     TMR0L = 0x00;
  7800     09A1  0195               	clrf	21	;volatile
  7801                           
  7802                           ;mcc_generated_files/tmr0.c: 75:     PIR0bits.TMR0IF = 0;
  7803     09A2  1290               	bcf	16,5	;volatile
  7804                           
  7805                           ;mcc_generated_files/tmr0.c: 78:     PIE0bits.TMR0IE = 1;
  7806     09A3  0021               	movlb	1	; select bank1
  7807     09A4  1690               	bsf	16,5	;volatile
  7808                           
  7809                           ;mcc_generated_files/tmr0.c: 81:     TMR0_SetInterruptHandler(TMR0_DefaultInterruptHandl
      +                          er);
  7810     09A5  3002               	movlw	low _TMR0_DefaultInterruptHandler
  7811     09A6  0020               	movlb	0	; select bank0
  7812     09A7  00A0               	movwf	TMR0_SetInterruptHandler@InterruptHandler
  7813     09A8  3000               	movlw	high _TMR0_DefaultInterruptHandler
  7814     09A9  00A1               	movwf	TMR0_SetInterruptHandler@InterruptHandler+1
  7815     09AA  3188  20F7         	fcall	_TMR0_SetInterruptHandler
  7816                           
  7817                           ;mcc_generated_files/tmr0.c: 84:     T0CON0 = 0x80;
  7818     09AC  3080               	movlw	128
  7819     09AD  0020               	movlb	0	; select bank0
  7820     09AE  0097               	movwf	23	;volatile
  7821     09AF  0008               	return
  7822     09B0                     __end_of_TMR0_Initialize:
  7823                           
  7824                           	psect	text14
  7825     08F7                     __ptext14:	
  7826 ;; *************** function _TMR0_SetInterruptHandler *****************
  7827 ;; Defined at:
  7828 ;;		line 134 in file "mcc_generated_files/tmr0.c"
  7829 ;; Parameters:    Size  Location     Type
  7830 ;;  InterruptHan    2    0[BANK0 ] PTR FTN()void 
  7831 ;;		 -> micros(1), TMR0_DefaultInterruptHandler(1), 
  7832 ;; Auto vars:     Size  Location     Type
  7833 ;;		None
  7834 ;; Return value:  Size  Location     Type
  7835 ;;                  1    wreg      void 
  7836 ;; Registers used:
  7837 ;;		wreg
  7838 ;; Tracked objects:
  7839 ;;		On entry : 0/0
  7840 ;;		On exit  : 0/0
  7841 ;;		Unchanged: 0/0
  7842 ;; Data sizes:     COMMON   BANK0   BANK1   BANK2   BANK3   BANK4   BANK5   BANK6   BANK7   BANK8   BANK9  BANK10  BANK1
      +1  BANK12  BANK13  BANK14  BANK15  BANK16  BANK17  BANK18  BANK19  BANK20  BANK21  BANK22  BANK23  BANK24  BANK25
  7843 ;;      Params:         0       2       0       0       0       0       0       0       0       0       0       0       
      +0       0       0       0       0       0       0       0       0       0       0       0       0       0       0
  7844 ;;      Locals:         0       0       0       0       0       0       0       0       0       0       0       0       
      +0       0       0       0       0       0       0       0       0       0       0       0       0       0       0
  7845 ;;      Temps:          0       0       0       0       0       0       0       0       0       0       0       0       
      +0       0       0       0       0       0       0       0       0       0       0       0       0       0       0
  7846 ;;      Totals:         0       2       0       0       0       0       0       0       0       0       0       0       
      +0       0       0       0       0       0       0       0       0       0       0       0       0       0       0
  7847 ;;Total ram usage:        2 bytes
  7848 ;; Hardware stack levels used: 1
  7849 ;; Hardware stack levels required when called: 6
  7850 ;; This function calls:
  7851 ;;		Nothing
  7852 ;; This function is called by:
  7853 ;;		_TMR0_Initialize
  7854 ;;		_main
  7855 ;; This function uses a non-reentrant model
  7856 ;;
  7857                           
  7858     08F7                     _TMR0_SetInterruptHandler:	
  7859                           ;psect for function _TMR0_SetInterruptHandler
  7860                           
  7861                           
  7862                           ;mcc_generated_files/tmr0.c: 135:     TMR0_InterruptHandler = InterruptHandler;
  7863                           
  7864                           ;incstack = 0
  7865                           ; Regs used in _TMR0_SetInterruptHandler: [wreg]
  7866     08F7  0020               	movlb	0	; select bank0
  7867     08F8  0821               	movf	TMR0_SetInterruptHandler@InterruptHandler+1,w
  7868     08F9  0022               	movlb	2	; select bank2
  7869     08FA  00D2               	movwf	(_TMR0_InterruptHandler+1)^(0+256)
  7870     08FB  0020               	movlb	0	; select bank0
  7871     08FC  0820               	movf	TMR0_SetInterruptHandler@InterruptHandler,w
  7872     08FD  0022               	movlb	2	; select bank2
  7873     08FE  00D1               	movwf	_TMR0_InterruptHandler^(0+256)
  7874     08FF  0008               	return
  7875     0900                     __end_of_TMR0_SetInterruptHandler:
  7876                           
  7877                           	psect	text15
  7878     08B9                     __ptext15:	
  7879 ;; *************** function _PMD_Initialize *****************
  7880 ;; Defined at:
  7881 ;;		line 82 in file "mcc_generated_files/mcc.c"
  7882 ;; Parameters:    Size  Location     Type
  7883 ;;		None
  7884 ;; Auto vars:     Size  Location     Type
  7885 ;;		None
  7886 ;; Return value:  Size  Location     Type
  7887 ;;                  1    wreg      void 
  7888 ;; Registers used:
  7889 ;;		status,2
  7890 ;; Tracked objects:
  7891 ;;		On entry : 0/0
  7892 ;;		On exit  : 0/0
  7893 ;;		Unchanged: 0/0
  7894 ;; Data sizes:     COMMON   BANK0   BANK1   BANK2   BANK3   BANK4   BANK5   BANK6   BANK7   BANK8   BANK9  BANK10  BANK1
      +1  BANK12  BANK13  BANK14  BANK15  BANK16  BANK17  BANK18  BANK19  BANK20  BANK21  BANK22  BANK23  BANK24  BANK25
  7895 ;;      Params:         0       0       0       0       0       0       0       0       0       0       0       0       
      +0       0       0       0       0       0       0       0       0       0       0       0       0       0       0
  7896 ;;      Locals:         0       0       0       0       0       0       0       0       0       0       0       0       
      +0       0       0       0       0       0       0       0       0       0       0       0       0       0       0
  7897 ;;      Temps:          0       0       0       0       0       0       0       0       0       0       0       0       
      +0       0       0       0       0       0       0       0       0       0       0       0       0       0       0
  7898 ;;      Totals:         0       0       0       0       0       0       0       0       0       0       0       0       
      +0       0       0       0       0       0       0       0       0       0       0       0       0       0       0
  7899 ;;Total ram usage:        0 bytes
  7900 ;; Hardware stack levels used: 1
  7901 ;; Hardware stack levels required when called: 6
  7902 ;; This function calls:
  7903 ;;		Nothing
  7904 ;; This function is called by:
  7905 ;;		_SYSTEM_Initialize
  7906 ;; This function uses a non-reentrant model
  7907 ;;
  7908                           
  7909     08B9                     _PMD_Initialize:	
  7910                           ;psect for function _PMD_Initialize
  7911                           
  7912                           
  7913                           ;mcc_generated_files/mcc.c: 85:     PMD0 = 0x00;
  7914                           
  7915                           ;incstack = 0
  7916                           ; Regs used in _PMD_Initialize: [status,2]
  7917     08B9  0032               	movlb	18	; select bank18
  7918     08BA  0191               	clrf	17	;volatile
  7919                           
  7920                           ;mcc_generated_files/mcc.c: 87:     PMD1 = 0x00;
  7921     08BB  0192               	clrf	18	;volatile
  7922                           
  7923                           ;mcc_generated_files/mcc.c: 89:     PMD2 = 0x00;
  7924     08BC  0193               	clrf	19	;volatile
  7925                           
  7926                           ;mcc_generated_files/mcc.c: 91:     PMD3 = 0x00;
  7927     08BD  0194               	clrf	20	;volatile
  7928                           
  7929                           ;mcc_generated_files/mcc.c: 93:     PMD4 = 0x00;
  7930     08BE  0195               	clrf	21	;volatile
  7931                           
  7932                           ;mcc_generated_files/mcc.c: 95:     PMD5 = 0x00;
  7933     08BF  0196               	clrf	22	;volatile
  7934     08C0  0008               	return
  7935     08C1                     __end_of_PMD_Initialize:
  7936                           
  7937                           	psect	text16
  7938     0AFA                     __ptext16:	
  7939 ;; *************** function _PIN_MANAGER_Initialize *****************
  7940 ;; Defined at:
  7941 ;;		line 55 in file "mcc_generated_files/pin_manager.c"
  7942 ;; Parameters:    Size  Location     Type
  7943 ;;		None
  7944 ;; Auto vars:     Size  Location     Type
  7945 ;;		None
  7946 ;; Return value:  Size  Location     Type
  7947 ;;                  1    wreg      void 
  7948 ;; Registers used:
  7949 ;;		wreg, status,2
  7950 ;; Tracked objects:
  7951 ;;		On entry : 0/0
  7952 ;;		On exit  : 0/0
  7953 ;;		Unchanged: 0/0
  7954 ;; Data sizes:     COMMON   BANK0   BANK1   BANK2   BANK3   BANK4   BANK5   BANK6   BANK7   BANK8   BANK9  BANK10  BANK1
      +1  BANK12  BANK13  BANK14  BANK15  BANK16  BANK17  BANK18  BANK19  BANK20  BANK21  BANK22  BANK23  BANK24  BANK25
  7955 ;;      Params:         0       0       0       0       0       0       0       0       0       0       0       0       
      +0       0       0       0       0       0       0       0       0       0       0       0       0       0       0
  7956 ;;      Locals:         0       0       0       0       0       0       0       0       0       0       0       0       
      +0       0       0       0       0       0       0       0       0       0       0       0       0       0       0
  7957 ;;      Temps:          0       0       0       0       0       0       0       0       0       0       0       0       
      +0       0       0       0       0       0       0       0       0       0       0       0       0       0       0
  7958 ;;      Totals:         0       0       0       0       0       0       0       0       0       0       0       0       
      +0       0       0       0       0       0       0       0       0       0       0       0       0       0       0
  7959 ;;Total ram usage:        0 bytes
  7960 ;; Hardware stack levels used: 1
  7961 ;; Hardware stack levels required when called: 6
  7962 ;; This function calls:
  7963 ;;		Nothing
  7964 ;; This function is called by:
  7965 ;;		_SYSTEM_Initialize
  7966 ;; This function uses a non-reentrant model
  7967 ;;
  7968                           
  7969     0AFA                     _PIN_MANAGER_Initialize:	
  7970                           ;psect for function _PIN_MANAGER_Initialize
  7971                           
  7972                           
  7973                           ;mcc_generated_files/pin_manager.c: 60:     LATA = 0x00;
  7974                           
  7975                           ;incstack = 0
  7976                           ; Regs used in _PIN_MANAGER_Initialize: [wreg+status,2]
  7977     0AFA  0022               	movlb	2	; select bank2
  7978     0AFB  018C               	clrf	12	;volatile
  7979                           
  7980                           ;mcc_generated_files/pin_manager.c: 61:     LATC = 0x00;
  7981     0AFC  018E               	clrf	14	;volatile
  7982                           
  7983                           ;mcc_generated_files/pin_manager.c: 66:     TRISA = 0x31;
  7984     0AFD  3031               	movlw	49
  7985     0AFE  0021               	movlb	1	; select bank1
  7986     0AFF  008C               	movwf	12	;volatile
  7987                           
  7988                           ;mcc_generated_files/pin_manager.c: 67:     TRISC = 0x03;
  7989     0B00  3003               	movlw	3
  7990     0B01  008E               	movwf	14	;volatile
  7991                           
  7992                           ;mcc_generated_files/pin_manager.c: 72:     ANSELC = 0x00;
  7993     0B02  0023               	movlb	3	; select bank3
  7994     0B03  018E               	clrf	14	;volatile
  7995                           
  7996                           ;mcc_generated_files/pin_manager.c: 73:     ANSELA = 0x01;
  7997     0B04  3001               	movlw	1
  7998     0B05  008C               	movwf	12	;volatile
  7999                           
  8000                           ;mcc_generated_files/pin_manager.c: 78:     WPUA = 0x30;
  8001     0B06  3030               	movlw	48
  8002     0B07  0024               	movlb	4	; select bank4
  8003     0B08  008C               	movwf	12	;volatile
  8004                           
  8005                           ;mcc_generated_files/pin_manager.c: 79:     WPUC = 0x00;
  8006     0B09  018E               	clrf	14	;volatile
  8007                           
  8008                           ;mcc_generated_files/pin_manager.c: 84:     ODCONA = 0x00;
  8009     0B0A  0025               	movlb	5	; select bank5
  8010     0B0B  018C               	clrf	12	;volatile
  8011                           
  8012                           ;mcc_generated_files/pin_manager.c: 85:     ODCONC = 0x00;
  8013     0B0C  018E               	clrf	14	;volatile
  8014                           
  8015                           ;mcc_generated_files/pin_manager.c: 90:     SLRCONA = 0x37;
  8016     0B0D  3037               	movlw	55
  8017     0B0E  0026               	movlb	6	; select bank6
  8018     0B0F  008C               	movwf	12	;volatile
  8019                           
  8020                           ;mcc_generated_files/pin_manager.c: 91:     SLRCONC = 0x3F;
  8021     0B10  303F               	movlw	63
  8022     0B11  008E               	movwf	14	;volatile
  8023                           
  8024                           ;mcc_generated_files/pin_manager.c: 96:     INLVLA = 0x3F;
  8025     0B12  303F               	movlw	63
  8026     0B13  0027               	movlb	7	; select bank7
  8027     0B14  008C               	movwf	12	;volatile
  8028                           
  8029                           ;mcc_generated_files/pin_manager.c: 97:     INLVLC = 0x3F;
  8030     0B15  303F               	movlw	63
  8031     0B16  008E               	movwf	14	;volatile
  8032                           
  8033                           ;mcc_generated_files/pin_manager.c: 106:     RC0PPS = 0x18;
  8034     0B17  3018               	movlw	24
  8035     0B18  003D               	movlb	29	; select bank29
  8036     0B19  00A0               	movwf	32	;volatile
  8037                           
  8038                           ;mcc_generated_files/pin_manager.c: 107:     SSP1CLKPPS = 0x10;
  8039     0B1A  3010               	movlw	16
  8040     0B1B  003C               	movlb	28	; select bank28
  8041     0B1C  00A0               	movwf	32	;volatile
  8042                           
  8043                           ;mcc_generated_files/pin_manager.c: 108:     RC1PPS = 0x19;
  8044     0B1D  3019               	movlw	25
  8045     0B1E  003D               	movlb	29	; select bank29
  8046     0B1F  00A1               	movwf	33	;volatile
  8047                           
  8048                           ;mcc_generated_files/pin_manager.c: 109:     RC2PPS = 0x1D;
  8049     0B20  301D               	movlw	29
  8050     0B21  00A2               	movwf	34	;volatile
  8051                           
  8052                           ;mcc_generated_files/pin_manager.c: 110:     SSP1DATPPS = 0x11;
  8053     0B22  3011               	movlw	17
  8054     0B23  003C               	movlb	28	; select bank28
  8055     0B24  00A1               	movwf	33	;volatile
  8056     0B25  0008               	return
  8057     0B26                     __end_of_PIN_MANAGER_Initialize:
  8058                           
  8059                           	psect	text17
  8060     0909                     __ptext17:	
  8061 ;; *************** function _OSCILLATOR_Initialize *****************
  8062 ;; Defined at:
  8063 ;;		line 62 in file "mcc_generated_files/mcc.c"
  8064 ;; Parameters:    Size  Location     Type
  8065 ;;		None
  8066 ;; Auto vars:     Size  Location     Type
  8067 ;;		None
  8068 ;; Return value:  Size  Location     Type
  8069 ;;                  1    wreg      void 
  8070 ;; Registers used:
  8071 ;;		wreg, status,2
  8072 ;; Tracked objects:
  8073 ;;		On entry : 0/0
  8074 ;;		On exit  : 0/0
  8075 ;;		Unchanged: 0/0
  8076 ;; Data sizes:     COMMON   BANK0   BANK1   BANK2   BANK3   BANK4   BANK5   BANK6   BANK7   BANK8   BANK9  BANK10  BANK1
      +1  BANK12  BANK13  BANK14  BANK15  BANK16  BANK17  BANK18  BANK19  BANK20  BANK21  BANK22  BANK23  BANK24  BANK25
  8077 ;;      Params:         0       0       0       0       0       0       0       0       0       0       0       0       
      +0       0       0       0       0       0       0       0       0       0       0       0       0       0       0
  8078 ;;      Locals:         0       0       0       0       0       0       0       0       0       0       0       0       
      +0       0       0       0       0       0       0       0       0       0       0       0       0       0       0
  8079 ;;      Temps:          0       0       0       0       0       0       0       0       0       0       0       0       
      +0       0       0       0       0       0       0       0       0       0       0       0       0       0       0
  8080 ;;      Totals:         0       0       0       0       0       0       0       0       0       0       0       0       
      +0       0       0       0       0       0       0       0       0       0       0       0       0       0       0
  8081 ;;Total ram usage:        0 bytes
  8082 ;; Hardware stack levels used: 1
  8083 ;; Hardware stack levels required when called: 6
  8084 ;; This function calls:
  8085 ;;		Nothing
  8086 ;; This function is called by:
  8087 ;;		_SYSTEM_Initialize
  8088 ;; This function uses a non-reentrant model
  8089 ;;
  8090                           
  8091     0909                     _OSCILLATOR_Initialize:	
  8092                           ;psect for function _OSCILLATOR_Initialize
  8093                           
  8094                           
  8095                           ;mcc_generated_files/mcc.c: 65:     OSCCON1 = 0x60;
  8096                           
  8097                           ;incstack = 0
  8098                           ; Regs used in _OSCILLATOR_Initialize: [wreg+status,2]
  8099     0909  3060               	movlw	96
  8100     090A  0032               	movlb	18	; select bank18
  8101     090B  0099               	movwf	25	;volatile
  8102                           
  8103                           ;mcc_generated_files/mcc.c: 67:     OSCCON3 = 0x40;
  8104     090C  3040               	movlw	64
  8105     090D  009B               	movwf	27	;volatile
  8106                           
  8107                           ;mcc_generated_files/mcc.c: 69:     OSCEN = 0x00;
  8108     090E  019D               	clrf	29	;volatile
  8109                           
  8110                           ;mcc_generated_files/mcc.c: 71:     OSCFRQ = 0x07;
  8111     090F  3007               	movlw	7
  8112     0910  009F               	movwf	31	;volatile
  8113                           
  8114                           ;mcc_generated_files/mcc.c: 73:     OSCTUNE = 0x00;
  8115     0911  019E               	clrf	30	;volatile
  8116     0912  0008               	return
  8117     0913                     __end_of_OSCILLATOR_Initialize:
  8118                           
  8119                           	psect	text18
  8120     07F3                     __ptext18:	
  8121 ;; *************** function _NCO1_Initialize *****************
  8122 ;; Defined at:
  8123 ;;		line 58 in file "mcc_generated_files/nco1.c"
  8124 ;; Parameters:    Size  Location     Type
  8125 ;;		None
  8126 ;; Auto vars:     Size  Location     Type
  8127 ;;		None
  8128 ;; Return value:  Size  Location     Type
  8129 ;;                  1    wreg      void 
  8130 ;; Registers used:
  8131 ;;		wreg, status,2
  8132 ;; Tracked objects:
  8133 ;;		On entry : 0/0
  8134 ;;		On exit  : 0/0
  8135 ;;		Unchanged: 0/0
  8136 ;; Data sizes:     COMMON   BANK0   BANK1   BANK2   BANK3   BANK4   BANK5   BANK6   BANK7   BANK8   BANK9  BANK10  BANK1
      +1  BANK12  BANK13  BANK14  BANK15  BANK16  BANK17  BANK18  BANK19  BANK20  BANK21  BANK22  BANK23  BANK24  BANK25
  8137 ;;      Params:         0       0       0       0       0       0       0       0       0       0       0       0       
      +0       0       0       0       0       0       0       0       0       0       0       0       0       0       0
  8138 ;;      Locals:         0       0       0       0       0       0       0       0       0       0       0       0       
      +0       0       0       0       0       0       0       0       0       0       0       0       0       0       0
  8139 ;;      Temps:          0       0       0       0       0       0       0       0       0       0       0       0       
      +0       0       0       0       0       0       0       0       0       0       0       0       0       0       0
  8140 ;;      Totals:         0       0       0       0       0       0       0       0       0       0       0       0       
      +0       0       0       0       0       0       0       0       0       0       0       0       0       0       0
  8141 ;;Total ram usage:        0 bytes
  8142 ;; Hardware stack levels used: 1
  8143 ;; Hardware stack levels required when called: 6
  8144 ;; This function calls:
  8145 ;;		Nothing
  8146 ;; This function is called by:
  8147 ;;		_SYSTEM_Initialize
  8148 ;;		_main
  8149 ;; This function uses a non-reentrant model
  8150 ;;
  8151                           
  8152     07F3                     _NCO1_Initialize:	
  8153                           ;psect for function _NCO1_Initialize
  8154                           
  8155                           
  8156                           ;mcc_generated_files/nco1.c: 62:     NCO1CON = 0x00;
  8157                           
  8158                           ;incstack = 0
  8159                           ; Regs used in _NCO1_Initialize: [wreg+status,2]
  8160     07F3  0029               	movlb	9	; select bank9
  8161     07F4  019E               	clrf	30	;volatile
  8162                           
  8163                           ;mcc_generated_files/nco1.c: 64:     NCO1CLK = 0xE1;
  8164     07F5  30E1               	movlw	225
  8165     07F6  009F               	movwf	31	;volatile
  8166                           
  8167                           ;mcc_generated_files/nco1.c: 66:     NCO1ACCU = 0x00;
  8168     07F7  019A               	clrf	26	;volatile
  8169                           
  8170                           ;mcc_generated_files/nco1.c: 68:     NCO1ACCH = 0x00;
  8171     07F8  0199               	clrf	25	;volatile
  8172                           
  8173                           ;mcc_generated_files/nco1.c: 70:     NCO1ACCL = 0x00;
  8174     07F9  0198               	clrf	24	;volatile
  8175                           
  8176                           ;mcc_generated_files/nco1.c: 72:     NCO1INCU = 0x00;
  8177     07FA  019D               	clrf	29	;volatile
  8178                           
  8179                           ;mcc_generated_files/nco1.c: 74:     NCO1INCH = 0x00;
  8180     07FB  019C               	clrf	28	;volatile
  8181                           
  8182                           ;mcc_generated_files/nco1.c: 76:     NCO1INCL = 0x27;
  8183     07FC  3027               	movlw	39
  8184     07FD  009B               	movwf	27	;volatile
  8185                           
  8186                           ;mcc_generated_files/nco1.c: 79:     NCO1CONbits.N1EN = 1;
  8187     07FE  179E               	bsf	30,7	;volatile
  8188     07FF  0008               	return
  8189     0800                     __end_of_NCO1_Initialize:
  8190                           
  8191                           	psect	text19
  8192     0AAE                     __ptext19:	
  8193 ;; *************** function _I2C_Initialize *****************
  8194 ;; Defined at:
  8195 ;;		line 222 in file "D:/Microchip/MPLABProjects/PSoC3-PCIe-MKIII.X/main.c"
  8196 ;; Parameters:    Size  Location     Type
  8197 ;;		None
  8198 ;; Auto vars:     Size  Location     Type
  8199 ;;		None
  8200 ;; Return value:  Size  Location     Type
  8201 ;;                  1    wreg      void 
  8202 ;; Registers used:
  8203 ;;		wreg, status,2, status,0, pclath, cstack
  8204 ;; Tracked objects:
  8205 ;;		On entry : 0/0
  8206 ;;		On exit  : 0/0
  8207 ;;		Unchanged: 0/0
  8208 ;; Data sizes:     COMMON   BANK0   BANK1   BANK2   BANK3   BANK4   BANK5   BANK6   BANK7   BANK8   BANK9  BANK10  BANK1
      +1  BANK12  BANK13  BANK14  BANK15  BANK16  BANK17  BANK18  BANK19  BANK20  BANK21  BANK22  BANK23  BANK24  BANK25
  8209 ;;      Params:         0       0       0       0       0       0       0       0       0       0       0       0       
      +0       0       0       0       0       0       0       0       0       0       0       0       0       0       0
  8210 ;;      Locals:         0       0       0       0       0       0       0       0       0       0       0       0       
      +0       0       0       0       0       0       0       0       0       0       0       0       0       0       0
  8211 ;;      Temps:          0       0       0       0       0       0       0       0       0       0       0       0       
      +0       0       0       0       0       0       0       0       0       0       0       0       0       0       0
  8212 ;;      Totals:         0       0       0       0       0       0       0       0       0       0       0       0       
      +0       0       0       0       0       0       0       0       0       0       0       0       0       0       0
  8213 ;;Total ram usage:        0 bytes
  8214 ;; Hardware stack levels used: 1
  8215 ;; Hardware stack levels required when called: 8
  8216 ;; This function calls:
  8217 ;;		_I2C1_Initialize
  8218 ;;		_I2C1_Open
  8219 ;;		_I2C1_SlaveSetAddrIntHandler
  8220 ;;		_I2C1_SlaveSetBusColIntHandler
  8221 ;;		_I2C1_SlaveSetReadIntHandler
  8222 ;;		_I2C1_SlaveSetWriteIntHandler
  8223 ;; This function is called by:
  8224 ;;		_main
  8225 ;; This function uses a non-reentrant model
  8226 ;;
  8227                           
  8228     0AAE                     _I2C_Initialize:	
  8229                           ;psect for function _I2C_Initialize
  8230                           
  8231                           
  8232                           ;D:/Microchip/MPLABProjects/PSoC3-PCIe-MKIII.X/main.c: 223:     I2C1_Initialize();
  8233                           
  8234                           ;incstack = 0
  8235                           ; Regs used in _I2C_Initialize: [wreg+status,2+status,0+pclath+cstack]
  8236     0AAE  3189  2134  318A   	fcall	_I2C1_Initialize
  8237                           
  8238                           ;D:/Microchip/MPLABProjects/PSoC3-PCIe-MKIII.X/main.c: 224:     I2C1_Open();
  8239     0AB1  318B  2326  318A   	fcall	_I2C1_Open
  8240                           
  8241                           ;D:/Microchip/MPLABProjects/PSoC3-PCIe-MKIII.X/main.c: 225:     I2C1_SlaveSetReadIntHand
      +                          ler(I2C_SlaveReceiveCallbackHandler);
  8242     0AB4  300D               	movlw	low _I2C_SlaveReceiveCallbackHandler
  8243     0AB5  0020               	movlb	0	; select bank0
  8244     0AB6  00A0               	movwf	I2C1_SlaveSetReadIntHandler@handler
  8245     0AB7  300A               	movlw	high _I2C_SlaveReceiveCallbackHandler
  8246     0AB8  00A1               	movwf	I2C1_SlaveSetReadIntHandler@handler+1
  8247     0AB9  3188  20DC  318A   	fcall	_I2C1_SlaveSetReadIntHandler
  8248                           
  8249                           ;D:/Microchip/MPLABProjects/PSoC3-PCIe-MKIII.X/main.c: 226:     I2C1_SlaveSetAddrIntHand
      +                          ler(I2C_SlaveAddressCallbackHandler);
  8250     0ABC  30D9               	movlw	low _I2C_SlaveAddressCallbackHandler
  8251     0ABD  0020               	movlb	0	; select bank0
  8252     0ABE  00A0               	movwf	I2C1_SlaveSetAddrIntHandler@handler
  8253     0ABF  3009               	movlw	high _I2C_SlaveAddressCallbackHandler
  8254     0AC0  00A1               	movwf	I2C1_SlaveSetAddrIntHandler@handler+1
  8255     0AC1  3188  20C1  318A   	fcall	_I2C1_SlaveSetAddrIntHandler
  8256                           
  8257                           ;D:/Microchip/MPLABProjects/PSoC3-PCIe-MKIII.X/main.c: 227:     I2C1_SlaveSetWriteIntHan
      +                          dler(I2C_SlaveTransmitCallbackHandler);
  8258     0AC4  3095               	movlw	low _I2C_SlaveTransmitCallbackHandler
  8259     0AC5  0020               	movlb	0	; select bank0
  8260     0AC6  00A0               	movwf	I2C1_SlaveSetWriteIntHandler@handler
  8261     0AC7  3008               	movlw	high _I2C_SlaveTransmitCallbackHandler
  8262     0AC8  00A1               	movwf	I2C1_SlaveSetWriteIntHandler@handler+1
  8263     0AC9  3188  20EE  318A   	fcall	_I2C1_SlaveSetWriteIntHandler
  8264                           
  8265                           ;D:/Microchip/MPLABProjects/PSoC3-PCIe-MKIII.X/main.c: 228:     I2C1_SlaveSetBusColIntHa
      +                          ndler(I2C_SlaveCollisionCallbackHandler);
  8266     0ACC  3000               	movlw	0
  8267     0ACD  0020               	movlb	0	; select bank0
  8268     0ACE  00A0               	movwf	I2C1_SlaveSetBusColIntHandler@handler
  8269     0ACF  3000               	movlw	0
  8270     0AD0  00A1               	movwf	I2C1_SlaveSetBusColIntHandler@handler+1
  8271     0AD1  3188  20CA         	fcall	_I2C1_SlaveSetBusColIntHandler
  8272     0AD3  0008               	return
  8273     0AD4                     __end_of_I2C_Initialize:
  8274                           
  8275                           	psect	text20
  8276     0B26                     __ptext20:	
  8277 ;; *************** function _I2C1_Open *****************
  8278 ;; Defined at:
  8279 ;;		line 116 in file "mcc_generated_files/i2c1_slave.c"
  8280 ;; Parameters:    Size  Location     Type
  8281 ;;		None
  8282 ;; Auto vars:     Size  Location     Type
  8283 ;;		None
  8284 ;; Return value:  Size  Location     Type
  8285 ;;                  1    wreg      void 
  8286 ;; Registers used:
  8287 ;;		wreg, status,2, status,0, pclath, cstack
  8288 ;; Tracked objects:
  8289 ;;		On entry : 0/0
  8290 ;;		On exit  : 0/0
  8291 ;;		Unchanged: 0/0
  8292 ;; Data sizes:     COMMON   BANK0   BANK1   BANK2   BANK3   BANK4   BANK5   BANK6   BANK7   BANK8   BANK9  BANK10  BANK1
      +1  BANK12  BANK13  BANK14  BANK15  BANK16  BANK17  BANK18  BANK19  BANK20  BANK21  BANK22  BANK23  BANK24  BANK25
  8293 ;;      Params:         0       0       0       0       0       0       0       0       0       0       0       0       
      +0       0       0       0       0       0       0       0       0       0       0       0       0       0       0
  8294 ;;      Locals:         0       0       0       0       0       0       0       0       0       0       0       0       
      +0       0       0       0       0       0       0       0       0       0       0       0       0       0       0
  8295 ;;      Temps:          0       0       0       0       0       0       0       0       0       0       0       0       
      +0       0       0       0       0       0       0       0       0       0       0       0       0       0       0
  8296 ;;      Totals:         0       0       0       0       0       0       0       0       0       0       0       0       
      +0       0       0       0       0       0       0       0       0       0       0       0       0       0       0
  8297 ;;Total ram usage:        0 bytes
  8298 ;; Hardware stack levels used: 1
  8299 ;; Hardware stack levels required when called: 7
  8300 ;; This function calls:
  8301 ;;		_I2C1_SlaveEnableIrq
  8302 ;;		_I2C1_SlaveOpen
  8303 ;;		_I2C1_SlaveSetAddrIntHandler
  8304 ;;		_I2C1_SlaveSetBusColIntHandler
  8305 ;;		_I2C1_SlaveSetIsrHandler
  8306 ;;		_I2C1_SlaveSetReadIntHandler
  8307 ;;		_I2C1_SlaveSetSlaveAddr
  8308 ;;		_I2C1_SlaveSetSlaveMask
  8309 ;;		_I2C1_SlaveSetWrColIntHandler
  8310 ;;		_I2C1_SlaveSetWriteIntHandler
  8311 ;; This function is called by:
  8312 ;;		_I2C_Initialize
  8313 ;; This function uses a non-reentrant model
  8314 ;;
  8315                           
  8316     0B26                     _I2C1_Open:	
  8317                           ;psect for function _I2C1_Open
  8318                           
  8319                           
  8320                           ;mcc_generated_files/i2c1_slave.c: 118:     I2C1_SlaveOpen();
  8321                           
  8322                           ;incstack = 0
  8323                           ; Regs used in _I2C1_Open: [wreg+status,2+status,0+pclath+cstack]
  8324     0B26  3189  2159  318B   	fcall	_I2C1_SlaveOpen
  8325                           
  8326                           ;mcc_generated_files/i2c1_slave.c: 119:     I2C1_SlaveSetSlaveAddr(64);
  8327     0B29  3040               	movlw	64
  8328     0B2A  3188  209F  318B   	fcall	_I2C1_SlaveSetSlaveAddr
  8329                           
  8330                           ;mcc_generated_files/i2c1_slave.c: 120:     I2C1_SlaveSetSlaveMask(127);
  8331     0B2D  307F               	movlw	127
  8332     0B2E  3188  20A5  318B   	fcall	_I2C1_SlaveSetSlaveMask
  8333                           
  8334                           ;mcc_generated_files/i2c1_slave.c: 121:     I2C1_SlaveSetIsrHandler(I2C1_Isr);
  8335     0B31  30AB               	movlw	low _I2C1_Isr
  8336     0B32  0020               	movlb	0	; select bank0
  8337     0B33  00A0               	movwf	I2C1_SlaveSetIsrHandler@handler
  8338     0B34  300B               	movlw	high _I2C1_Isr
  8339     0B35  00A1               	movwf	I2C1_SlaveSetIsrHandler@handler+1
  8340     0B36  3188  20D3  318B   	fcall	_I2C1_SlaveSetIsrHandler
  8341                           
  8342                           ;mcc_generated_files/i2c1_slave.c: 122:     I2C1_SlaveSetBusColIntHandler(I2C1_SlaveDefB
      +                          usColInterruptHandler);
  8343     0B39  3000               	movlw	0
  8344     0B3A  0020               	movlb	0	; select bank0
  8345     0B3B  00A0               	movwf	I2C1_SlaveSetBusColIntHandler@handler
  8346     0B3C  3000               	movlw	0
  8347     0B3D  00A1               	movwf	I2C1_SlaveSetBusColIntHandler@handler+1
  8348     0B3E  3188  20CA  318B   	fcall	_I2C1_SlaveSetBusColIntHandler
  8349                           
  8350                           ;mcc_generated_files/i2c1_slave.c: 123:     I2C1_SlaveSetWriteIntHandler(I2C1_SlaveDefWr
      +                          InterruptHandler);
  8351     0B41  309A               	movlw	low _I2C1_SlaveDefWrInterruptHandler
  8352     0B42  0020               	movlb	0	; select bank0
  8353     0B43  00A0               	movwf	I2C1_SlaveSetWriteIntHandler@handler
  8354     0B44  3008               	movlw	high _I2C1_SlaveDefWrInterruptHandler
  8355     0B45  00A1               	movwf	I2C1_SlaveSetWriteIntHandler@handler+1
  8356     0B46  3188  20EE  318B   	fcall	_I2C1_SlaveSetWriteIntHandler
  8357                           
  8358                           ;mcc_generated_files/i2c1_slave.c: 124:     I2C1_SlaveSetReadIntHandler(I2C1_SlaveDefRdI
      +                          nterruptHandler);
  8359     0B49  3086               	movlw	low _I2C1_SlaveDefRdInterruptHandler
  8360     0B4A  0020               	movlb	0	; select bank0
  8361     0B4B  00A0               	movwf	I2C1_SlaveSetReadIntHandler@handler
  8362     0B4C  3008               	movlw	high _I2C1_SlaveDefRdInterruptHandler
  8363     0B4D  00A1               	movwf	I2C1_SlaveSetReadIntHandler@handler+1
  8364     0B4E  3188  20DC  318B   	fcall	_I2C1_SlaveSetReadIntHandler
  8365                           
  8366                           ;mcc_generated_files/i2c1_slave.c: 125:     I2C1_SlaveSetAddrIntHandler(I2C1_SlaveDefAdd
      +                          rInterruptHandler);
  8367     0B51  307C               	movlw	low _I2C1_SlaveDefAddrInterruptHandler
  8368     0B52  0020               	movlb	0	; select bank0
  8369     0B53  00A0               	movwf	I2C1_SlaveSetAddrIntHandler@handler
  8370     0B54  3008               	movlw	high _I2C1_SlaveDefAddrInterruptHandler
  8371     0B55  00A1               	movwf	I2C1_SlaveSetAddrIntHandler@handler+1
  8372     0B56  3188  20C1  318B   	fcall	_I2C1_SlaveSetAddrIntHandler
  8373                           
  8374                           ;mcc_generated_files/i2c1_slave.c: 126:     I2C1_SlaveSetWrColIntHandler(I2C1_SlaveDefWr
      +                          ColInterruptHandler);
  8375     0B59  3000               	movlw	0
  8376     0B5A  0020               	movlb	0	; select bank0
  8377     0B5B  00A0               	movwf	I2C1_SlaveSetWrColIntHandler@handler
  8378     0B5C  3000               	movlw	0
  8379     0B5D  00A1               	movwf	I2C1_SlaveSetWrColIntHandler@handler+1
  8380     0B5E  3188  20E5  318B   	fcall	_I2C1_SlaveSetWrColIntHandler
  8381                           
  8382                           ;mcc_generated_files/i2c1_slave.c: 127:     I2C1_SlaveEnableIrq();
  8383     0B61  3188  206E         	fcall	_I2C1_SlaveEnableIrq
  8384     0B63  0008               	return
  8385     0B64                     __end_of_I2C1_Open:
  8386                           
  8387                           	psect	text21
  8388     08EE                     __ptext21:	
  8389 ;; *************** function _I2C1_SlaveSetWriteIntHandler *****************
  8390 ;; Defined at:
  8391 ;;		line 246 in file "mcc_generated_files/i2c1_slave.c"
  8392 ;; Parameters:    Size  Location     Type
  8393 ;;  handler         2    0[BANK0 ] PTR FTN()void 
  8394 ;;		 -> I2C_SlaveTransmitCallbackHandler(1), I2C1_SlaveDefWrInterruptHandler(1), 
  8395 ;; Auto vars:     Size  Location     Type
  8396 ;;		None
  8397 ;; Return value:  Size  Location     Type
  8398 ;;                  1    wreg      void 
  8399 ;; Registers used:
  8400 ;;		wreg
  8401 ;; Tracked objects:
  8402 ;;		On entry : 0/0
  8403 ;;		On exit  : 0/0
  8404 ;;		Unchanged: 0/0
  8405 ;; Data sizes:     COMMON   BANK0   BANK1   BANK2   BANK3   BANK4   BANK5   BANK6   BANK7   BANK8   BANK9  BANK10  BANK1
      +1  BANK12  BANK13  BANK14  BANK15  BANK16  BANK17  BANK18  BANK19  BANK20  BANK21  BANK22  BANK23  BANK24  BANK25
  8406 ;;      Params:         0       2       0       0       0       0       0       0       0       0       0       0       
      +0       0       0       0       0       0       0       0       0       0       0       0       0       0       0
  8407 ;;      Locals:         0       0       0       0       0       0       0       0       0       0       0       0       
      +0       0       0       0       0       0       0       0       0       0       0       0       0       0       0
  8408 ;;      Temps:          0       0       0       0       0       0       0       0       0       0       0       0       
      +0       0       0       0       0       0       0       0       0       0       0       0       0       0       0
  8409 ;;      Totals:         0       2       0       0       0       0       0       0       0       0       0       0       
      +0       0       0       0       0       0       0       0       0       0       0       0       0       0       0
  8410 ;;Total ram usage:        2 bytes
  8411 ;; Hardware stack levels used: 1
  8412 ;; Hardware stack levels required when called: 6
  8413 ;; This function calls:
  8414 ;;		Nothing
  8415 ;; This function is called by:
  8416 ;;		_I2C1_Open
  8417 ;;		_I2C_Initialize
  8418 ;; This function uses a non-reentrant model
  8419 ;;
  8420                           
  8421     08EE                     _I2C1_SlaveSetWriteIntHandler:	
  8422                           ;psect for function _I2C1_SlaveSetWriteIntHandler
  8423                           
  8424                           
  8425                           ;mcc_generated_files/i2c1_slave.c: 247:     I2C1_SlaveWrInterruptHandler = handler;
  8426                           
  8427                           ;incstack = 0
  8428                           ; Regs used in _I2C1_SlaveSetWriteIntHandler: [wreg]
  8429     08EE  0020               	movlb	0	; select bank0
  8430     08EF  0821               	movf	I2C1_SlaveSetWriteIntHandler@handler+1,w
  8431     08F0  0022               	movlb	2	; select bank2
  8432     08F1  00CB               	movwf	(_I2C1_SlaveWrInterruptHandler+1)^(0+256)
  8433     08F2  0020               	movlb	0	; select bank0
  8434     08F3  0820               	movf	I2C1_SlaveSetWriteIntHandler@handler,w
  8435     08F4  0022               	movlb	2	; select bank2
  8436     08F5  00CA               	movwf	_I2C1_SlaveWrInterruptHandler^(0+256)
  8437     08F6  0008               	return
  8438     08F7                     __end_of_I2C1_SlaveSetWriteIntHandler:
  8439                           
  8440                           	psect	text22
  8441     08E5                     __ptext22:	
  8442 ;; *************** function _I2C1_SlaveSetWrColIntHandler *****************
  8443 ;; Defined at:
  8444 ;;		line 279 in file "mcc_generated_files/i2c1_slave.c"
  8445 ;; Parameters:    Size  Location     Type
  8446 ;;  handler         2    0[BANK0 ] PTR FTN()void 
  8447 ;;		 -> I2C1_SlaveDefWrColInterruptHandler(1), 
  8448 ;; Auto vars:     Size  Location     Type
  8449 ;;		None
  8450 ;; Return value:  Size  Location     Type
  8451 ;;                  1    wreg      void 
  8452 ;; Registers used:
  8453 ;;		wreg
  8454 ;; Tracked objects:
  8455 ;;		On entry : 0/0
  8456 ;;		On exit  : 0/0
  8457 ;;		Unchanged: 0/0
  8458 ;; Data sizes:     COMMON   BANK0   BANK1   BANK2   BANK3   BANK4   BANK5   BANK6   BANK7   BANK8   BANK9  BANK10  BANK1
      +1  BANK12  BANK13  BANK14  BANK15  BANK16  BANK17  BANK18  BANK19  BANK20  BANK21  BANK22  BANK23  BANK24  BANK25
  8459 ;;      Params:         0       2       0       0       0       0       0       0       0       0       0       0       
      +0       0       0       0       0       0       0       0       0       0       0       0       0       0       0
  8460 ;;      Locals:         0       0       0       0       0       0       0       0       0       0       0       0       
      +0       0       0       0       0       0       0       0       0       0       0       0       0       0       0
  8461 ;;      Temps:          0       0       0       0       0       0       0       0       0       0       0       0       
      +0       0       0       0       0       0       0       0       0       0       0       0       0       0       0
  8462 ;;      Totals:         0       2       0       0       0       0       0       0       0       0       0       0       
      +0       0       0       0       0       0       0       0       0       0       0       0       0       0       0
  8463 ;;Total ram usage:        2 bytes
  8464 ;; Hardware stack levels used: 1
  8465 ;; Hardware stack levels required when called: 6
  8466 ;; This function calls:
  8467 ;;		Nothing
  8468 ;; This function is called by:
  8469 ;;		_I2C1_Open
  8470 ;; This function uses a non-reentrant model
  8471 ;;
  8472                           
  8473     08E5                     _I2C1_SlaveSetWrColIntHandler:	
  8474                           ;psect for function _I2C1_SlaveSetWrColIntHandler
  8475                           
  8476                           
  8477                           ;mcc_generated_files/i2c1_slave.c: 280:     I2C1_SlaveWrColInterruptHandler = handler;
  8478                           
  8479                           ;incstack = 0
  8480                           ; Regs used in _I2C1_SlaveSetWrColIntHandler: [wreg]
  8481     08E5  0020               	movlb	0	; select bank0
  8482     08E6  0821               	movf	I2C1_SlaveSetWrColIntHandler@handler+1,w
  8483     08E7  0022               	movlb	2	; select bank2
  8484     08E8  00C5               	movwf	(_I2C1_SlaveWrColInterruptHandler+1)^(0+256)
  8485     08E9  0020               	movlb	0	; select bank0
  8486     08EA  0820               	movf	I2C1_SlaveSetWrColIntHandler@handler,w
  8487     08EB  0022               	movlb	2	; select bank2
  8488     08EC  00C4               	movwf	_I2C1_SlaveWrColInterruptHandler^(0+256)
  8489     08ED  0008               	return
  8490     08EE                     __end_of_I2C1_SlaveSetWrColIntHandler:
  8491                           
  8492                           	psect	text23
  8493     08A5                     __ptext23:	
  8494 ;; *************** function _I2C1_SlaveSetSlaveMask *****************
  8495 ;; Defined at:
  8496 ;;		line 336 in file "mcc_generated_files/i2c1_slave.c"
  8497 ;; Parameters:    Size  Location     Type
  8498 ;;  maskAddr        1    wreg     unsigned char 
  8499 ;; Auto vars:     Size  Location     Type
  8500 ;;  maskAddr        1    0[BANK0 ] unsigned char 
  8501 ;; Return value:  Size  Location     Type
  8502 ;;                  1    wreg      void 
  8503 ;; Registers used:
  8504 ;;		wreg, status,2, status,0
  8505 ;; Tracked objects:
  8506 ;;		On entry : 0/0
  8507 ;;		On exit  : 0/0
  8508 ;;		Unchanged: 0/0
  8509 ;; Data sizes:     COMMON   BANK0   BANK1   BANK2   BANK3   BANK4   BANK5   BANK6   BANK7   BANK8   BANK9  BANK10  BANK1
      +1  BANK12  BANK13  BANK14  BANK15  BANK16  BANK17  BANK18  BANK19  BANK20  BANK21  BANK22  BANK23  BANK24  BANK25
  8510 ;;      Params:         0       0       0       0       0       0       0       0       0       0       0       0       
      +0       0       0       0       0       0       0       0       0       0       0       0       0       0       0
  8511 ;;      Locals:         0       1       0       0       0       0       0       0       0       0       0       0       
      +0       0       0       0       0       0       0       0       0       0       0       0       0       0       0
  8512 ;;      Temps:          0       0       0       0       0       0       0       0       0       0       0       0       
      +0       0       0       0       0       0       0       0       0       0       0       0       0       0       0
  8513 ;;      Totals:         0       1       0       0       0       0       0       0       0       0       0       0       
      +0       0       0       0       0       0       0       0       0       0       0       0       0       0       0
  8514 ;;Total ram usage:        1 bytes
  8515 ;; Hardware stack levels used: 1
  8516 ;; Hardware stack levels required when called: 6
  8517 ;; This function calls:
  8518 ;;		Nothing
  8519 ;; This function is called by:
  8520 ;;		_I2C1_Open
  8521 ;; This function uses a non-reentrant model
  8522 ;;
  8523                           
  8524     08A5                     _I2C1_SlaveSetSlaveMask:	
  8525                           ;psect for function _I2C1_SlaveSetSlaveMask
  8526                           
  8527                           
  8528                           ;incstack = 0
  8529                           ; Regs used in _I2C1_SlaveSetSlaveMask: [wreg+status,2+status,0]
  8530                           ;I2C1_SlaveSetSlaveMask@maskAddr stored from wreg
  8531     08A5  0020               	movlb	0	; select bank0
  8532     08A6  00A0               	movwf	I2C1_SlaveSetSlaveMask@maskAddr
  8533                           
  8534                           ;mcc_generated_files/i2c1_slave.c: 336: static __attribute__((inline)) void I2C1_SlaveSe
      +                          tSlaveMask(uint8_t maskAddr);mcc_generated_files/i2c1_slave.c: 337: {;mcc_generated_file
      +                          s/i2c1_slave.c: 338:     SSP1MSK = (uint8_t) (maskAddr << 1);
  8535     08A7  3520               	lslf	I2C1_SlaveSetSlaveMask@maskAddr,w
  8536     08A8  0024               	movlb	4	; select bank4
  8537     08A9  0093               	movwf	19	;volatile
  8538     08AA  0008               	return
  8539     08AB                     __end_of_I2C1_SlaveSetSlaveMask:
  8540                           
  8541                           	psect	text24
  8542     089F                     __ptext24:	
  8543 ;; *************** function _I2C1_SlaveSetSlaveAddr *****************
  8544 ;; Defined at:
  8545 ;;		line 331 in file "mcc_generated_files/i2c1_slave.c"
  8546 ;; Parameters:    Size  Location     Type
  8547 ;;  slaveAddr       1    wreg     unsigned char 
  8548 ;; Auto vars:     Size  Location     Type
  8549 ;;  slaveAddr       1    0[BANK0 ] unsigned char 
  8550 ;; Return value:  Size  Location     Type
  8551 ;;                  1    wreg      void 
  8552 ;; Registers used:
  8553 ;;		wreg, status,2, status,0
  8554 ;; Tracked objects:
  8555 ;;		On entry : 0/0
  8556 ;;		On exit  : 0/0
  8557 ;;		Unchanged: 0/0
  8558 ;; Data sizes:     COMMON   BANK0   BANK1   BANK2   BANK3   BANK4   BANK5   BANK6   BANK7   BANK8   BANK9  BANK10  BANK1
      +1  BANK12  BANK13  BANK14  BANK15  BANK16  BANK17  BANK18  BANK19  BANK20  BANK21  BANK22  BANK23  BANK24  BANK25
  8559 ;;      Params:         0       0       0       0       0       0       0       0       0       0       0       0       
      +0       0       0       0       0       0       0       0       0       0       0       0       0       0       0
  8560 ;;      Locals:         0       1       0       0       0       0       0       0       0       0       0       0       
      +0       0       0       0       0       0       0       0       0       0       0       0       0       0       0
  8561 ;;      Temps:          0       0       0       0       0       0       0       0       0       0       0       0       
      +0       0       0       0       0       0       0       0       0       0       0       0       0       0       0
  8562 ;;      Totals:         0       1       0       0       0       0       0       0       0       0       0       0       
      +0       0       0       0       0       0       0       0       0       0       0       0       0       0       0
  8563 ;;Total ram usage:        1 bytes
  8564 ;; Hardware stack levels used: 1
  8565 ;; Hardware stack levels required when called: 6
  8566 ;; This function calls:
  8567 ;;		Nothing
  8568 ;; This function is called by:
  8569 ;;		_I2C1_Open
  8570 ;; This function uses a non-reentrant model
  8571 ;;
  8572                           
  8573     089F                     _I2C1_SlaveSetSlaveAddr:	
  8574                           ;psect for function _I2C1_SlaveSetSlaveAddr
  8575                           
  8576                           
  8577                           ;incstack = 0
  8578                           ; Regs used in _I2C1_SlaveSetSlaveAddr: [wreg+status,2+status,0]
  8579                           ;I2C1_SlaveSetSlaveAddr@slaveAddr stored from wreg
  8580     089F  0020               	movlb	0	; select bank0
  8581     08A0  00A0               	movwf	I2C1_SlaveSetSlaveAddr@slaveAddr
  8582                           
  8583                           ;mcc_generated_files/i2c1_slave.c: 331: static __attribute__((inline)) void I2C1_SlaveSe
      +                          tSlaveAddr(uint8_t slaveAddr);mcc_generated_files/i2c1_slave.c: 332: {;mcc_generated_fil
      +                          es/i2c1_slave.c: 333:     SSP1ADD = (uint8_t) (slaveAddr << 1);
  8584     08A1  3520               	lslf	I2C1_SlaveSetSlaveAddr@slaveAddr,w
  8585     08A2  0024               	movlb	4	; select bank4
  8586     08A3  0092               	movwf	18	;volatile
  8587     08A4  0008               	return
  8588     08A5                     __end_of_I2C1_SlaveSetSlaveAddr:
  8589                           
  8590                           	psect	text25
  8591     08DC                     __ptext25:	
  8592 ;; *************** function _I2C1_SlaveSetReadIntHandler *****************
  8593 ;; Defined at:
  8594 ;;		line 229 in file "mcc_generated_files/i2c1_slave.c"
  8595 ;; Parameters:    Size  Location     Type
  8596 ;;  handler         2    0[BANK0 ] PTR FTN()void 
  8597 ;;		 -> I2C_SlaveReceiveCallbackHandler(1), I2C1_SlaveDefRdInterruptHandler(1), 
  8598 ;; Auto vars:     Size  Location     Type
  8599 ;;		None
  8600 ;; Return value:  Size  Location     Type
  8601 ;;                  1    wreg      void 
  8602 ;; Registers used:
  8603 ;;		wreg
  8604 ;; Tracked objects:
  8605 ;;		On entry : 0/0
  8606 ;;		On exit  : 0/0
  8607 ;;		Unchanged: 0/0
  8608 ;; Data sizes:     COMMON   BANK0   BANK1   BANK2   BANK3   BANK4   BANK5   BANK6   BANK7   BANK8   BANK9  BANK10  BANK1
      +1  BANK12  BANK13  BANK14  BANK15  BANK16  BANK17  BANK18  BANK19  BANK20  BANK21  BANK22  BANK23  BANK24  BANK25
  8609 ;;      Params:         0       2       0       0       0       0       0       0       0       0       0       0       
      +0       0       0       0       0       0       0       0       0       0       0       0       0       0       0
  8610 ;;      Locals:         0       0       0       0       0       0       0       0       0       0       0       0       
      +0       0       0       0       0       0       0       0       0       0       0       0       0       0       0
  8611 ;;      Temps:          0       0       0       0       0       0       0       0       0       0       0       0       
      +0       0       0       0       0       0       0       0       0       0       0       0       0       0       0
  8612 ;;      Totals:         0       2       0       0       0       0       0       0       0       0       0       0       
      +0       0       0       0       0       0       0       0       0       0       0       0       0       0       0
  8613 ;;Total ram usage:        2 bytes
  8614 ;; Hardware stack levels used: 1
  8615 ;; Hardware stack levels required when called: 6
  8616 ;; This function calls:
  8617 ;;		Nothing
  8618 ;; This function is called by:
  8619 ;;		_I2C1_Open
  8620 ;;		_I2C_Initialize
  8621 ;; This function uses a non-reentrant model
  8622 ;;
  8623                           
  8624     08DC                     _I2C1_SlaveSetReadIntHandler:	
  8625                           ;psect for function _I2C1_SlaveSetReadIntHandler
  8626                           
  8627                           
  8628                           ;mcc_generated_files/i2c1_slave.c: 230:     I2C1_SlaveRdInterruptHandler = handler;
  8629                           
  8630                           ;incstack = 0
  8631                           ; Regs used in _I2C1_SlaveSetReadIntHandler: [wreg]
  8632     08DC  0020               	movlb	0	; select bank0
  8633     08DD  0821               	movf	I2C1_SlaveSetReadIntHandler@handler+1,w
  8634     08DE  0022               	movlb	2	; select bank2
  8635     08DF  00CD               	movwf	(_I2C1_SlaveRdInterruptHandler+1)^(0+256)
  8636     08E0  0020               	movlb	0	; select bank0
  8637     08E1  0820               	movf	I2C1_SlaveSetReadIntHandler@handler,w
  8638     08E2  0022               	movlb	2	; select bank2
  8639     08E3  00CC               	movwf	_I2C1_SlaveRdInterruptHandler^(0+256)
  8640     08E4  0008               	return
  8641     08E5                     __end_of_I2C1_SlaveSetReadIntHandler:
  8642                           
  8643                           	psect	text26
  8644     08D3                     __ptext26:	
  8645 ;; *************** function _I2C1_SlaveSetIsrHandler *****************
  8646 ;; Defined at:
  8647 ;;		line 223 in file "mcc_generated_files/i2c1_slave.c"
  8648 ;; Parameters:    Size  Location     Type
  8649 ;;  handler         2    0[BANK0 ] PTR FTN()void 
  8650 ;;		 -> I2C1_Isr(1), 
  8651 ;; Auto vars:     Size  Location     Type
  8652 ;;		None
  8653 ;; Return value:  Size  Location     Type
  8654 ;;                  1    wreg      void 
  8655 ;; Registers used:
  8656 ;;		wreg
  8657 ;; Tracked objects:
  8658 ;;		On entry : 0/0
  8659 ;;		On exit  : 0/0
  8660 ;;		Unchanged: 0/0
  8661 ;; Data sizes:     COMMON   BANK0   BANK1   BANK2   BANK3   BANK4   BANK5   BANK6   BANK7   BANK8   BANK9  BANK10  BANK1
      +1  BANK12  BANK13  BANK14  BANK15  BANK16  BANK17  BANK18  BANK19  BANK20  BANK21  BANK22  BANK23  BANK24  BANK25
  8662 ;;      Params:         0       2       0       0       0       0       0       0       0       0       0       0       
      +0       0       0       0       0       0       0       0       0       0       0       0       0       0       0
  8663 ;;      Locals:         0       0       0       0       0       0       0       0       0       0       0       0       
      +0       0       0       0       0       0       0       0       0       0       0       0       0       0       0
  8664 ;;      Temps:          0       0       0       0       0       0       0       0       0       0       0       0       
      +0       0       0       0       0       0       0       0       0       0       0       0       0       0       0
  8665 ;;      Totals:         0       2       0       0       0       0       0       0       0       0       0       0       
      +0       0       0       0       0       0       0       0       0       0       0       0       0       0       0
  8666 ;;Total ram usage:        2 bytes
  8667 ;; Hardware stack levels used: 1
  8668 ;; Hardware stack levels required when called: 6
  8669 ;; This function calls:
  8670 ;;		Nothing
  8671 ;; This function is called by:
  8672 ;;		_I2C1_Open
  8673 ;; This function uses a non-reentrant model
  8674 ;;
  8675                           
  8676     08D3                     _I2C1_SlaveSetIsrHandler:	
  8677                           ;psect for function _I2C1_SlaveSetIsrHandler
  8678                           
  8679                           
  8680                           ;mcc_generated_files/i2c1_slave.c: 223: void I2C1_SlaveSetIsrHandler(i2c1InterruptHandle
      +                          r handler);mcc_generated_files/i2c1_slave.c: 224: {;mcc_generated_files/i2c1_slave.c: 22
      +                          5:     MSSP1_InterruptHandler = handler;
  8681                           
  8682                           ;incstack = 0
  8683                           ; Regs used in _I2C1_SlaveSetIsrHandler: [wreg]
  8684     08D3  0020               	movlb	0	; select bank0
  8685     08D4  0821               	movf	I2C1_SlaveSetIsrHandler@handler+1,w
  8686     08D5  0022               	movlb	2	; select bank2
  8687     08D6  00CF               	movwf	(_MSSP1_InterruptHandler+1)^(0+256)
  8688     08D7  0020               	movlb	0	; select bank0
  8689     08D8  0820               	movf	I2C1_SlaveSetIsrHandler@handler,w
  8690     08D9  0022               	movlb	2	; select bank2
  8691     08DA  00CE               	movwf	_MSSP1_InterruptHandler^(0+256)
  8692     08DB  0008               	return
  8693     08DC                     __end_of_I2C1_SlaveSetIsrHandler:
  8694                           
  8695                           	psect	text27
  8696     08CA                     __ptext27:	
  8697 ;; *************** function _I2C1_SlaveSetBusColIntHandler *****************
  8698 ;; Defined at:
  8699 ;;		line 295 in file "mcc_generated_files/i2c1_slave.c"
  8700 ;; Parameters:    Size  Location     Type
  8701 ;;  handler         2    0[BANK0 ] PTR FTN()void 
  8702 ;;		 -> I2C_SlaveCollisionCallbackHandler(1), I2C1_SlaveDefBusColInterruptHandler(1), 
  8703 ;; Auto vars:     Size  Location     Type
  8704 ;;		None
  8705 ;; Return value:  Size  Location     Type
  8706 ;;                  1    wreg      void 
  8707 ;; Registers used:
  8708 ;;		wreg
  8709 ;; Tracked objects:
  8710 ;;		On entry : 0/0
  8711 ;;		On exit  : 0/0
  8712 ;;		Unchanged: 0/0
  8713 ;; Data sizes:     COMMON   BANK0   BANK1   BANK2   BANK3   BANK4   BANK5   BANK6   BANK7   BANK8   BANK9  BANK10  BANK1
      +1  BANK12  BANK13  BANK14  BANK15  BANK16  BANK17  BANK18  BANK19  BANK20  BANK21  BANK22  BANK23  BANK24  BANK25
  8714 ;;      Params:         0       2       0       0       0       0       0       0       0       0       0       0       
      +0       0       0       0       0       0       0       0       0       0       0       0       0       0       0
  8715 ;;      Locals:         0       0       0       0       0       0       0       0       0       0       0       0       
      +0       0       0       0       0       0       0       0       0       0       0       0       0       0       0
  8716 ;;      Temps:          0       0       0       0       0       0       0       0       0       0       0       0       
      +0       0       0       0       0       0       0       0       0       0       0       0       0       0       0
  8717 ;;      Totals:         0       2       0       0       0       0       0       0       0       0       0       0       
      +0       0       0       0       0       0       0       0       0       0       0       0       0       0       0
  8718 ;;Total ram usage:        2 bytes
  8719 ;; Hardware stack levels used: 1
  8720 ;; Hardware stack levels required when called: 6
  8721 ;; This function calls:
  8722 ;;		Nothing
  8723 ;; This function is called by:
  8724 ;;		_I2C1_Open
  8725 ;;		_I2C_Initialize
  8726 ;; This function uses a non-reentrant model
  8727 ;;
  8728                           
  8729     08CA                     _I2C1_SlaveSetBusColIntHandler:	
  8730                           ;psect for function _I2C1_SlaveSetBusColIntHandler
  8731                           
  8732                           
  8733                           ;mcc_generated_files/i2c1_slave.c: 296:     I2C1_SlaveBusColInterruptHandler = handler;
  8734                           
  8735                           ;incstack = 0
  8736                           ; Regs used in _I2C1_SlaveSetBusColIntHandler: [wreg]
  8737     08CA  0020               	movlb	0	; select bank0
  8738     08CB  0821               	movf	I2C1_SlaveSetBusColIntHandler@handler+1,w
  8739     08CC  0022               	movlb	2	; select bank2
  8740     08CD  00C7               	movwf	(_I2C1_SlaveBusColInterruptHandler+1)^(0+256)
  8741     08CE  0020               	movlb	0	; select bank0
  8742     08CF  0820               	movf	I2C1_SlaveSetBusColIntHandler@handler,w
  8743     08D0  0022               	movlb	2	; select bank2
  8744     08D1  00C6               	movwf	_I2C1_SlaveBusColInterruptHandler^(0+256)
  8745     08D2  0008               	return
  8746     08D3                     __end_of_I2C1_SlaveSetBusColIntHandler:
  8747                           
  8748                           	psect	text28
  8749     08C1                     __ptext28:	
  8750 ;; *************** function _I2C1_SlaveSetAddrIntHandler *****************
  8751 ;; Defined at:
  8752 ;;		line 263 in file "mcc_generated_files/i2c1_slave.c"
  8753 ;; Parameters:    Size  Location     Type
  8754 ;;  handler         2    0[BANK0 ] PTR FTN()void 
  8755 ;;		 -> I2C_SlaveAddressCallbackHandler(1), I2C1_SlaveDefAddrInterruptHandler(1), 
  8756 ;; Auto vars:     Size  Location     Type
  8757 ;;		None
  8758 ;; Return value:  Size  Location     Type
  8759 ;;                  1    wreg      void 
  8760 ;; Registers used:
  8761 ;;		wreg
  8762 ;; Tracked objects:
  8763 ;;		On entry : 0/0
  8764 ;;		On exit  : 0/0
  8765 ;;		Unchanged: 0/0
  8766 ;; Data sizes:     COMMON   BANK0   BANK1   BANK2   BANK3   BANK4   BANK5   BANK6   BANK7   BANK8   BANK9  BANK10  BANK1
      +1  BANK12  BANK13  BANK14  BANK15  BANK16  BANK17  BANK18  BANK19  BANK20  BANK21  BANK22  BANK23  BANK24  BANK25
  8767 ;;      Params:         0       2       0       0       0       0       0       0       0       0       0       0       
      +0       0       0       0       0       0       0       0       0       0       0       0       0       0       0
  8768 ;;      Locals:         0       0       0       0       0       0       0       0       0       0       0       0       
      +0       0       0       0       0       0       0       0       0       0       0       0       0       0       0
  8769 ;;      Temps:          0       0       0       0       0       0       0       0       0       0       0       0       
      +0       0       0       0       0       0       0       0       0       0       0       0       0       0       0
  8770 ;;      Totals:         0       2       0       0       0       0       0       0       0       0       0       0       
      +0       0       0       0       0       0       0       0       0       0       0       0       0       0       0
  8771 ;;Total ram usage:        2 bytes
  8772 ;; Hardware stack levels used: 1
  8773 ;; Hardware stack levels required when called: 6
  8774 ;; This function calls:
  8775 ;;		Nothing
  8776 ;; This function is called by:
  8777 ;;		_I2C1_Open
  8778 ;;		_I2C_Initialize
  8779 ;; This function uses a non-reentrant model
  8780 ;;
  8781                           
  8782     08C1                     _I2C1_SlaveSetAddrIntHandler:	
  8783                           ;psect for function _I2C1_SlaveSetAddrIntHandler
  8784                           
  8785                           
  8786                           ;mcc_generated_files/i2c1_slave.c: 264:     I2C1_SlaveAddrInterruptHandler = handler;
  8787                           
  8788                           ;incstack = 0
  8789                           ; Regs used in _I2C1_SlaveSetAddrIntHandler: [wreg]
  8790     08C1  0020               	movlb	0	; select bank0
  8791     08C2  0821               	movf	I2C1_SlaveSetAddrIntHandler@handler+1,w
  8792     08C3  0022               	movlb	2	; select bank2
  8793     08C4  00C9               	movwf	(_I2C1_SlaveAddrInterruptHandler+1)^(0+256)
  8794     08C5  0020               	movlb	0	; select bank0
  8795     08C6  0820               	movf	I2C1_SlaveSetAddrIntHandler@handler,w
  8796     08C7  0022               	movlb	2	; select bank2
  8797     08C8  00C8               	movwf	_I2C1_SlaveAddrInterruptHandler^(0+256)
  8798     08C9  0008               	return
  8799     08CA                     __end_of_I2C1_SlaveSetAddrIntHandler:
  8800                           
  8801                           	psect	text29
  8802     0959                     __ptext29:	
  8803 ;; *************** function _I2C1_SlaveOpen *****************
  8804 ;; Defined at:
  8805 ;;		line 310 in file "mcc_generated_files/i2c1_slave.c"
  8806 ;; Parameters:    Size  Location     Type
  8807 ;;		None
  8808 ;; Auto vars:     Size  Location     Type
  8809 ;;		None
  8810 ;; Return value:  Size  Location     Type
  8811 ;;                  1    wreg      _Bool 
  8812 ;; Registers used:
  8813 ;;		wreg, status,2, status,0
  8814 ;; Tracked objects:
  8815 ;;		On entry : 0/0
  8816 ;;		On exit  : 0/0
  8817 ;;		Unchanged: 0/0
  8818 ;; Data sizes:     COMMON   BANK0   BANK1   BANK2   BANK3   BANK4   BANK5   BANK6   BANK7   BANK8   BANK9  BANK10  BANK1
      +1  BANK12  BANK13  BANK14  BANK15  BANK16  BANK17  BANK18  BANK19  BANK20  BANK21  BANK22  BANK23  BANK24  BANK25
  8819 ;;      Params:         0       0       0       0       0       0       0       0       0       0       0       0       
      +0       0       0       0       0       0       0       0       0       0       0       0       0       0       0
  8820 ;;      Locals:         0       0       0       0       0       0       0       0       0       0       0       0       
      +0       0       0       0       0       0       0       0       0       0       0       0       0       0       0
  8821 ;;      Temps:          0       1       0       0       0       0       0       0       0       0       0       0       
      +0       0       0       0       0       0       0       0       0       0       0       0       0       0       0
  8822 ;;      Totals:         0       1       0       0       0       0       0       0       0       0       0       0       
      +0       0       0       0       0       0       0       0       0       0       0       0       0       0       0
  8823 ;;Total ram usage:        1 bytes
  8824 ;; Hardware stack levels used: 1
  8825 ;; Hardware stack levels required when called: 6
  8826 ;; This function calls:
  8827 ;;		Nothing
  8828 ;; This function is called by:
  8829 ;;		_I2C1_Open
  8830 ;; This function uses a non-reentrant model
  8831 ;;
  8832                           
  8833     0959                     _I2C1_SlaveOpen:	
  8834                           ;psect for function _I2C1_SlaveOpen
  8835                           
  8836                           
  8837                           ;mcc_generated_files/i2c1_slave.c: 312:     if(!SSP1CON1bits.SSPEN)
  8838                           
  8839                           ;incstack = 0
  8840                           ; Regs used in _I2C1_SlaveOpen: [wreg+status,2+status,0]
  8841     0959  0024               	movlb	4	; select bank4
  8842     095A  1A95               	btfsc	21,5	;volatile
  8843     095B  0008               	return
  8844                           
  8845                           ;mcc_generated_files/i2c1_slave.c: 313:     {;mcc_generated_files/i2c1_slave.c: 314:    
      +                               SSP1STAT = 0x00;
  8846     095C  0194               	clrf	20	;volatile
  8847                           
  8848                           ;mcc_generated_files/i2c1_slave.c: 315:         SSP1CON1 |= 0x06;
  8849     095D  3006               	movlw	6
  8850     095E  0020               	movlb	0	; select bank0
  8851     095F  00A0               	movwf	??_I2C1_SlaveOpen
  8852     0960  0820               	movf	??_I2C1_SlaveOpen,w
  8853     0961  0024               	movlb	4	; select bank4
  8854     0962  0495               	iorwf	21,f	;volatile
  8855                           
  8856                           ;mcc_generated_files/i2c1_slave.c: 316:         SSP1CON2 = 0x01;
  8857     0963  3001               	movlw	1
  8858     0964  0096               	movwf	22	;volatile
  8859                           
  8860                           ;mcc_generated_files/i2c1_slave.c: 317:         SSP1CON1bits.SSPEN = 1;
  8861     0965  1695               	bsf	21,5	;volatile
  8862     0966  0008               	return
  8863     0967                     __end_of_I2C1_SlaveOpen:
  8864                           
  8865                           	psect	text30
  8866     086E                     __ptext30:	
  8867 ;; *************** function _I2C1_SlaveEnableIrq *****************
  8868 ;; Defined at:
  8869 ;;		line 341 in file "mcc_generated_files/i2c1_slave.c"
  8870 ;; Parameters:    Size  Location     Type
  8871 ;;		None
  8872 ;; Auto vars:     Size  Location     Type
  8873 ;;		None
  8874 ;; Return value:  Size  Location     Type
  8875 ;;                  1    wreg      void 
  8876 ;; Registers used:
  8877 ;;		None
  8878 ;; Tracked objects:
  8879 ;;		On entry : 0/0
  8880 ;;		On exit  : 0/0
  8881 ;;		Unchanged: 0/0
  8882 ;; Data sizes:     COMMON   BANK0   BANK1   BANK2   BANK3   BANK4   BANK5   BANK6   BANK7   BANK8   BANK9  BANK10  BANK1
      +1  BANK12  BANK13  BANK14  BANK15  BANK16  BANK17  BANK18  BANK19  BANK20  BANK21  BANK22  BANK23  BANK24  BANK25
  8883 ;;      Params:         0       0       0       0       0       0       0       0       0       0       0       0       
      +0       0       0       0       0       0       0       0       0       0       0       0       0       0       0
  8884 ;;      Locals:         0       0       0       0       0       0       0       0       0       0       0       0       
      +0       0       0       0       0       0       0       0       0       0       0       0       0       0       0
  8885 ;;      Temps:          0       0       0       0       0       0       0       0       0       0       0       0       
      +0       0       0       0       0       0       0       0       0       0       0       0       0       0       0
  8886 ;;      Totals:         0       0       0       0       0       0       0       0       0       0       0       0       
      +0       0       0       0       0       0       0       0       0       0       0       0       0       0       0
  8887 ;;Total ram usage:        0 bytes
  8888 ;; Hardware stack levels used: 1
  8889 ;; Hardware stack levels required when called: 6
  8890 ;; This function calls:
  8891 ;;		Nothing
  8892 ;; This function is called by:
  8893 ;;		_I2C1_Open
  8894 ;; This function uses a non-reentrant model
  8895 ;;
  8896                           
  8897     086E                     _I2C1_SlaveEnableIrq:	
  8898                           ;psect for function _I2C1_SlaveEnableIrq
  8899                           
  8900                           
  8901                           ;mcc_generated_files/i2c1_slave.c: 343:     PIE1bits.SSP1IE = 1;
  8902                           
  8903                           ;incstack = 0
  8904                           ; Regs used in _I2C1_SlaveEnableIrq: []
  8905     086E  0021               	movlb	1	; select bank1
  8906     086F  1591               	bsf	17,3	;volatile
  8907     0870  0008               	return
  8908     0871                     __end_of_I2C1_SlaveEnableIrq:
  8909                           
  8910                           	psect	text31
  8911     0934                     __ptext31:	
  8912 ;; *************** function _I2C1_Initialize *****************
  8913 ;; Defined at:
  8914 ;;		line 108 in file "mcc_generated_files/i2c1_slave.c"
  8915 ;; Parameters:    Size  Location     Type
  8916 ;;		None
  8917 ;; Auto vars:     Size  Location     Type
  8918 ;;		None
  8919 ;; Return value:  Size  Location     Type
  8920 ;;                  1    wreg      void 
  8921 ;; Registers used:
  8922 ;;		wreg, status,2, status,0
  8923 ;; Tracked objects:
  8924 ;;		On entry : 0/0
  8925 ;;		On exit  : 0/0
  8926 ;;		Unchanged: 0/0
  8927 ;; Data sizes:     COMMON   BANK0   BANK1   BANK2   BANK3   BANK4   BANK5   BANK6   BANK7   BANK8   BANK9  BANK10  BANK1
      +1  BANK12  BANK13  BANK14  BANK15  BANK16  BANK17  BANK18  BANK19  BANK20  BANK21  BANK22  BANK23  BANK24  BANK25
  8928 ;;      Params:         0       0       0       0       0       0       0       0       0       0       0       0       
      +0       0       0       0       0       0       0       0       0       0       0       0       0       0       0
  8929 ;;      Locals:         0       0       0       0       0       0       0       0       0       0       0       0       
      +0       0       0       0       0       0       0       0       0       0       0       0       0       0       0
  8930 ;;      Temps:          0       1       0       0       0       0       0       0       0       0       0       0       
      +0       0       0       0       0       0       0       0       0       0       0       0       0       0       0
  8931 ;;      Totals:         0       1       0       0       0       0       0       0       0       0       0       0       
      +0       0       0       0       0       0       0       0       0       0       0       0       0       0       0
  8932 ;;Total ram usage:        1 bytes
  8933 ;; Hardware stack levels used: 1
  8934 ;; Hardware stack levels required when called: 6
  8935 ;; This function calls:
  8936 ;;		Nothing
  8937 ;; This function is called by:
  8938 ;;		_SYSTEM_Initialize
  8939 ;;		_I2C_Initialize
  8940 ;;		_I2C1_Enable
  8941 ;; This function uses a non-reentrant model
  8942 ;;
  8943                           
  8944     0934                     _I2C1_Initialize:	
  8945                           ;psect for function _I2C1_Initialize
  8946                           
  8947                           
  8948                           ;mcc_generated_files/i2c1_slave.c: 110:     SSP1STAT = 0x00;
  8949                           
  8950                           ;incstack = 0
  8951                           ; Regs used in _I2C1_Initialize: [wreg+status,2+status,0]
  8952     0934  0024               	movlb	4	; select bank4
  8953     0935  0194               	clrf	20	;volatile
  8954                           
  8955                           ;mcc_generated_files/i2c1_slave.c: 111:     SSP1CON1 |= 0x06;
  8956     0936  3006               	movlw	6
  8957     0937  0020               	movlb	0	; select bank0
  8958     0938  00A0               	movwf	??_I2C1_Initialize
  8959     0939  0820               	movf	??_I2C1_Initialize,w
  8960     093A  0024               	movlb	4	; select bank4
  8961     093B  0495               	iorwf	21,f	;volatile
  8962                           
  8963                           ;mcc_generated_files/i2c1_slave.c: 112:     SSP1CON2 = 0x01;
  8964     093C  3001               	movlw	1
  8965     093D  0096               	movwf	22	;volatile
  8966                           
  8967                           ;mcc_generated_files/i2c1_slave.c: 113:     SSP1CON1bits.SSPEN = 0;
  8968     093E  1295               	bcf	21,5	;volatile
  8969     093F  0008               	return
  8970     0940                     __end_of_I2C1_Initialize:
  8971                           
  8972                           	psect	text32
  8973     0A69                     __ptext32:	
  8974 ;; *************** function _DATAEE_WriteByte *****************
  8975 ;; Defined at:
  8976 ;;		line 180 in file "mcc_generated_files/memory.c"
  8977 ;; Parameters:    Size  Location     Type
  8978 ;;  bAdd            2    0[BANK0 ] unsigned short 
  8979 ;;  bData           1    2[BANK0 ] unsigned char 
  8980 ;; Auto vars:     Size  Location     Type
  8981 ;;  GIEBitValue     1    3[BANK0 ] unsigned char 
  8982 ;; Return value:  Size  Location     Type
  8983 ;;                  1    wreg      void 
  8984 ;; Registers used:
  8985 ;;		wreg, status,2, status,0
  8986 ;; Tracked objects:
  8987 ;;		On entry : 0/0
  8988 ;;		On exit  : 0/0
  8989 ;;		Unchanged: 0/0
  8990 ;; Data sizes:     COMMON   BANK0   BANK1   BANK2   BANK3   BANK4   BANK5   BANK6   BANK7   BANK8   BANK9  BANK10  BANK1
      +1  BANK12  BANK13  BANK14  BANK15  BANK16  BANK17  BANK18  BANK19  BANK20  BANK21  BANK22  BANK23  BANK24  BANK25
  8991 ;;      Params:         0       3       0       0       0       0       0       0       0       0       0       0       
      +0       0       0       0       0       0       0       0       0       0       0       0       0       0       0
  8992 ;;      Locals:         0       1       0       0       0       0       0       0       0       0       0       0       
      +0       0       0       0       0       0       0       0       0       0       0       0       0       0       0
  8993 ;;      Temps:          0       0       0       0       0       0       0       0       0       0       0       0       
      +0       0       0       0       0       0       0       0       0       0       0       0       0       0       0
  8994 ;;      Totals:         0       4       0       0       0       0       0       0       0       0       0       0       
      +0       0       0       0       0       0       0       0       0       0       0       0       0       0       0
  8995 ;;Total ram usage:        4 bytes
  8996 ;; Hardware stack levels used: 1
  8997 ;; Hardware stack levels required when called: 6
  8998 ;; This function calls:
  8999 ;;		Nothing
  9000 ;; This function is called by:
  9001 ;;		_main
  9002 ;; This function uses a non-reentrant model
  9003 ;;
  9004                           
  9005     0A69                     _DATAEE_WriteByte:	
  9006                           ;psect for function _DATAEE_WriteByte
  9007                           
  9008                           
  9009                           ;mcc_generated_files/memory.c: 180: void DATAEE_WriteByte(uint16_t bAdd, uint8_t bData);
      +                          mcc_generated_files/memory.c: 181: {;mcc_generated_files/memory.c: 182:     uint8_t GIEB
      +                          itValue = INTCONbits.GIE;
  9010                           
  9011                           ;incstack = 0
  9012                           ; Regs used in _DATAEE_WriteByte: [wreg+status,2+status,0]
  9013     0A69  3000               	movlw	0
  9014     0A6A  1B8B               	btfsc	11,7	;volatile
  9015     0A6B  3001               	movlw	1
  9016     0A6C  0020               	movlb	0	; select bank0
  9017     0A6D  00A3               	movwf	DATAEE_WriteByte@GIEBitValue
  9018                           
  9019                           ;mcc_generated_files/memory.c: 184:     NVMADRH = ((bAdd >> 8) & 0xFF);
  9020     0A6E  0821               	movf	DATAEE_WriteByte@bAdd+1,w
  9021     0A6F  0031               	movlb	17	; select bank17
  9022     0A70  0092               	movwf	18	;volatile
  9023                           
  9024                           ;mcc_generated_files/memory.c: 185:     NVMADRL = (bAdd & 0xFF);
  9025     0A71  0020               	movlb	0	; select bank0
  9026     0A72  0820               	movf	DATAEE_WriteByte@bAdd,w
  9027     0A73  0031               	movlb	17	; select bank17
  9028     0A74  0091               	movwf	17	;volatile
  9029                           
  9030                           ;mcc_generated_files/memory.c: 186:     NVMDATL = bData;
  9031     0A75  0020               	movlb	0	; select bank0
  9032     0A76  0822               	movf	DATAEE_WriteByte@bData,w
  9033     0A77  0031               	movlb	17	; select bank17
  9034     0A78  0093               	movwf	19	;volatile
  9035                           
  9036                           ;mcc_generated_files/memory.c: 187:     NVMCON1bits.NVMREGS = 1;
  9037     0A79  1715               	bsf	21,6	;volsfr
  9038                           
  9039                           ;mcc_generated_files/memory.c: 188:     NVMCON1bits.WREN = 1;
  9040     0A7A  1515               	bsf	21,2	;volsfr
  9041                           
  9042                           ;mcc_generated_files/memory.c: 189:     INTCONbits.GIE = 0;
  9043     0A7B  138B               	bcf	11,7	;volatile
  9044                           
  9045                           ;mcc_generated_files/memory.c: 190:     NVMCON2 = 0x55;
  9046     0A7C  3055               	movlw	85
  9047     0A7D  0096               	movwf	22	;volsfr
  9048                           
  9049                           ;mcc_generated_files/memory.c: 191:     NVMCON2 = 0xAA;
  9050     0A7E  30AA               	movlw	170
  9051     0A7F  0096               	movwf	22	;volsfr
  9052                           
  9053                           ;mcc_generated_files/memory.c: 192:     NVMCON1bits.WR = 1;
  9054     0A80  1495               	bsf	21,1	;volsfr
  9055     0A81                     l232:	
  9056                           ;mcc_generated_files/memory.c: 195:     {;mcc_generated_files/memory.c: 196:     }
  9057                           
  9058                           
  9059                           ;mcc_generated_files/memory.c: 194:     while (NVMCON1bits.WR)
  9060     0A81  1895               	btfsc	21,1	;volsfr
  9061     0A82  2A81               	goto	l232
  9062                           
  9063                           ;mcc_generated_files/memory.c: 198:     NVMCON1bits.WREN = 0;
  9064     0A83  1115               	bcf	21,2	;volsfr
  9065                           
  9066                           ;mcc_generated_files/memory.c: 199:     INTCONbits.GIE = GIEBitValue;
  9067     0A84  0020               	movlb	0	; select bank0
  9068     0A85  0C23               	rrf	DATAEE_WriteByte@GIEBitValue,w
  9069     0A86  1C03               	skipc
  9070     0A87  138B               	bcf	11,7	;volatile
  9071     0A88  1803               	skipnc
  9072     0A89  178B               	bsf	11,7	;volatile
  9073     0A8A  0008               	return
  9074     0A8B                     __end_of_DATAEE_WriteByte:
  9075                           
  9076                           	psect	text33
  9077     0A8B                     __ptext33:	
  9078 ;; *************** function _CW_Initialize *****************
  9079 ;; Defined at:
  9080 ;;		line 211 in file "D:/Microchip/MPLABProjects/PSoC3-PCIe-MKIII.X/main.c"
  9081 ;; Parameters:    Size  Location     Type
  9082 ;;		None
  9083 ;; Auto vars:     Size  Location     Type
  9084 ;;  wpm             4   18[BANK1 ] float 
  9085 ;; Return value:  Size  Location     Type
  9086 ;;                  1    wreg      void 
  9087 ;; Registers used:
  9088 ;;		wreg, status,2, status,0, pclath, cstack
  9089 ;; Tracked objects:
  9090 ;;		On entry : 0/0
  9091 ;;		On exit  : 0/0
  9092 ;;		Unchanged: 0/0
  9093 ;; Data sizes:     COMMON   BANK0   BANK1   BANK2   BANK3   BANK4   BANK5   BANK6   BANK7   BANK8   BANK9  BANK10  BANK1
      +1  BANK12  BANK13  BANK14  BANK15  BANK16  BANK17  BANK18  BANK19  BANK20  BANK21  BANK22  BANK23  BANK24  BANK25
  9094 ;;      Params:         0       0       0       0       0       0       0       0       0       0       0       0       
      +0       0       0       0       0       0       0       0       0       0       0       0       0       0       0
  9095 ;;      Locals:         0       0       4       0       0       0       0       0       0       0       0       0       
      +0       0       0       0       0       0       0       0       0       0       0       0       0       0       0
  9096 ;;      Temps:          0       0       0       0       0       0       0       0       0       0       0       0       
      +0       0       0       0       0       0       0       0       0       0       0       0       0       0       0
  9097 ;;      Totals:         0       0       4       0       0       0       0       0       0       0       0       0       
      +0       0       0       0       0       0       0       0       0       0       0       0       0       0       0
  9098 ;;Total ram usage:        4 bytes
  9099 ;; Hardware stack levels used: 1
  9100 ;; Hardware stack levels required when called: 8
  9101 ;; This function calls:
  9102 ;;		_cfg_set_speed
  9103 ;; This function is called by:
  9104 ;;		_main
  9105 ;; This function uses a non-reentrant model
  9106 ;;
  9107                           
  9108     0A8B                     _CW_Initialize:	
  9109                           ;psect for function _CW_Initialize
  9110                           
  9111                           
  9112                           ;D:/Microchip/MPLABProjects/PSoC3-PCIe-MKIII.X/main.c: 213:     float wpm = 30.0f;
  9113                           
  9114                           ;incstack = 0
  9115                           ; Regs used in _CW_Initialize: [wreg+status,2+status,0+pclath+cstack]
  9116     0A8B  3041               	movlw	65
  9117     0A8C  0021               	movlb	1	; select bank1
  9118     0A8D  00DF               	movwf	(CW_Initialize@wpm+3)^(0+128)
  9119     0A8E  30F0               	movlw	240
  9120     0A8F  00DE               	movwf	(CW_Initialize@wpm+2)^(0+128)
  9121     0A90  3000               	movlw	0
  9122     0A91  00DD               	movwf	(CW_Initialize@wpm+1)^(0+128)
  9123     0A92  3000               	movlw	0
  9124     0A93  00DC               	movwf	CW_Initialize@wpm^(0+128)
  9125                           
  9126                           ;D:/Microchip/MPLABProjects/PSoC3-PCIe-MKIII.X/main.c: 214:     cfg.paddle = 0;
  9127     0A94  01A7               	clrf	(_cfg^(0+128)+7)
  9128                           
  9129                           ;D:/Microchip/MPLABProjects/PSoC3-PCIe-MKIII.X/main.c: 215:     cfg.weight = 50.0f;
  9130     0A95  3042               	movlw	66
  9131     0A96  00A6               	movwf	((_cfg+3)^(0+128)+3)
  9132     0A97  3048               	movlw	72
  9133     0A98  00A5               	movwf	((_cfg+2)^(0+128)+3)
  9134     0A99  3000               	movlw	0
  9135     0A9A  00A4               	movwf	((_cfg+1)^(0+128)+3)
  9136     0A9B  3000               	movlw	0
  9137     0A9C  00A3               	movwf	(_cfg^(0+128)+3)
  9138                           
  9139                           ;D:/Microchip/MPLABProjects/PSoC3-PCIe-MKIII.X/main.c: 216:     cfg.mode = 0;
  9140     0A9D  01A0               	clrf	_cfg^(0+128)
  9141                           
  9142                           ;D:/Microchip/MPLABProjects/PSoC3-PCIe-MKIII.X/main.c: 217:     cfg.memory = 3;
  9143     0A9E  3003               	movlw	3
  9144     0A9F  00A1               	movwf	(_cfg^(0+128)+1)
  9145                           
  9146                           ;D:/Microchip/MPLABProjects/PSoC3-PCIe-MKIII.X/main.c: 218:     cfg_set_speed(wpm);
  9147     0AA0  085F               	movf	(CW_Initialize@wpm+3)^(0+128),w
  9148     0AA1  00DB               	movwf	(cfg_set_speed@wpm+3)^(0+128)
  9149     0AA2  085E               	movf	(CW_Initialize@wpm+2)^(0+128),w
  9150     0AA3  00DA               	movwf	(cfg_set_speed@wpm+2)^(0+128)
  9151     0AA4  085D               	movf	(CW_Initialize@wpm+1)^(0+128),w
  9152     0AA5  00D9               	movwf	(cfg_set_speed@wpm+1)^(0+128)
  9153     0AA6  085C               	movf	CW_Initialize@wpm^(0+128),w
  9154     0AA7  00D8               	movwf	cfg_set_speed@wpm^(0+128)
  9155     0AA8  318B  2364         	fcall	_cfg_set_speed
  9156                           
  9157                           ;D:/Microchip/MPLABProjects/PSoC3-PCIe-MKIII.X/main.c: 219:     cfg.spacing = 1;
  9158     0AAA  0021               	movlb	1	; select bank1
  9159     0AAB  01A2               	clrf	(_cfg^(0+128)+2)
  9160     0AAC  0AA2               	incf	(_cfg^(0+128)+2),f
  9161     0AAD  0008               	return
  9162     0AAE                     __end_of_CW_Initialize:
  9163                           
  9164                           	psect	text34
  9165     069A                     __ptext34:	
  9166 ;; *************** function _CW_Config *****************
  9167 ;; Defined at:
  9168 ;;		line 179 in file "D:/Microchip/MPLABProjects/PSoC3-PCIe-MKIII.X/main.c"
  9169 ;; Parameters:    Size  Location     Type
  9170 ;;		None
  9171 ;; Auto vars:     Size  Location     Type
  9172 ;;  wpm             4   22[BANK1 ] float 
  9173 ;;  param1          1   28[BANK1 ] unsigned char 
  9174 ;;  scan_msg        1   27[BANK1 ] unsigned char 
  9175 ;;  param2          1   26[BANK1 ] unsigned char 
  9176 ;; Return value:  Size  Location     Type
  9177 ;;                  1    wreg      void 
  9178 ;; Registers used:
  9179 ;;		wreg, fsr0l, fsr0h, fsr1l, fsr1h, status,2, status,0, pclath, cstack
  9180 ;; Tracked objects:
  9181 ;;		On entry : 0/0
  9182 ;;		On exit  : 0/0
  9183 ;;		Unchanged: 0/0
  9184 ;; Data sizes:     COMMON   BANK0   BANK1   BANK2   BANK3   BANK4   BANK5   BANK6   BANK7   BANK8   BANK9  BANK10  BANK1
      +1  BANK12  BANK13  BANK14  BANK15  BANK16  BANK17  BANK18  BANK19  BANK20  BANK21  BANK22  BANK23  BANK24  BANK25
  9185 ;;      Params:         0       0       0       0       0       0       0       0       0       0       0       0       
      +0       0       0       0       0       0       0       0       0       0       0       0       0       0       0
  9186 ;;      Locals:         0       0       7       0       0       0       0       0       0       0       0       0       
      +0       0       0       0       0       0       0       0       0       0       0       0       0       0       0
  9187 ;;      Temps:          0       0       4       0       0       0       0       0       0       0       0       0       
      +0       0       0       0       0       0       0       0       0       0       0       0       0       0       0
  9188 ;;      Totals:         0       0      11       0       0       0       0       0       0       0       0       0       
      +0       0       0       0       0       0       0       0       0       0       0       0       0       0       0
  9189 ;;Total ram usage:       11 bytes
  9190 ;; Hardware stack levels used: 1
  9191 ;; Hardware stack levels required when called: 8
  9192 ;; This function calls:
  9193 ;;		_CMD_dequeue
  9194 ;;		___xxtofl
  9195 ;;		_cfg_set_speed
  9196 ;; This function is called by:
  9197 ;;		_main
  9198 ;; This function uses a non-reentrant model
  9199 ;;
  9200                           
  9201     069A                     _CW_Config:	
  9202                           ;psect for function _CW_Config
  9203                           
  9204                           
  9205                           ;D:/Microchip/MPLABProjects/PSoC3-PCIe-MKIII.X/main.c: 181:     uint8_t param1 = 0;
  9206                           
  9207                           ;incstack = 0
  9208                           ; Regs used in _CW_Config: [wreg-fsr1h+status,2+status,0+pclath+cstack]
  9209     069A  0021               	movlb	1	; select bank1
  9210     069B  01E6               	clrf	CW_Config@param1^(0+128)
  9211                           
  9212                           ;D:/Microchip/MPLABProjects/PSoC3-PCIe-MKIII.X/main.c: 182:     uint8_t param2 = 0;
  9213     069C  01E4               	clrf	CW_Config@param2^(0+128)
  9214                           
  9215                           ;D:/Microchip/MPLABProjects/PSoC3-PCIe-MKIII.X/main.c: 185:     scan_msg = CMD_dequeue(&
      +                          param1, &param2);
  9216     069D  30E4               	movlw	(low (CW_Config@param2| 0))& (0+255)
  9217     069E  0020               	movlb	0	; select bank0
  9218     069F  00A4               	movwf	CMD_dequeue@param2
  9219     06A0  30E6               	movlw	(low (CW_Config@param1| 0))& (0+255)
  9220     06A1  318D  2545  3186   	fcall	_CMD_dequeue
  9221     06A4  0021               	movlb	1	; select bank1
  9222     06A5  00E5               	movwf	CW_Config@scan_msg^(0+128)
  9223                           
  9224                           ;D:/Microchip/MPLABProjects/PSoC3-PCIe-MKIII.X/main.c: 186:     if (scan_msg != 199) {
  9225     06A6  30C7               	movlw	199
  9226     06A7  0665               	xorwf	CW_Config@scan_msg^(0+128),w
  9227     06A8  1903               	btfsc	3,2
  9228     06A9  0008               	return
  9229     06AA  2F12               	goto	l3948
  9230     06AB                     l3934:
  9231                           
  9232                           ;D:/Microchip/MPLABProjects/PSoC3-PCIe-MKIII.X/main.c: 189:                 cfg.paddle =
      +                           param1;
  9233     06AB  0866               	movf	CW_Config@param1^(0+128),w
  9234     06AC  00A7               	movwf	(_cfg^(0+128)+7)
  9235                           
  9236                           ;D:/Microchip/MPLABProjects/PSoC3-PCIe-MKIII.X/main.c: 190:                 break;
  9237     06AD  0008               	return
  9238     06AE                     l3936:
  9239                           
  9240                           ;D:/Microchip/MPLABProjects/PSoC3-PCIe-MKIII.X/main.c: 192:                 cfg.weight =
      +                           (float) param1;
  9241     06AE  0866               	movf	CW_Config@param1^(0+128),w
  9242     06AF  00DC               	movwf	??_CW_Config^(0+128)
  9243     06B0  01DD               	clrf	(??_CW_Config^(0+128)+1)
  9244     06B1  01DE               	clrf	(??_CW_Config^(0+128)+2)
  9245     06B2  01DF               	clrf	(??_CW_Config^(0+128)+3)
  9246     06B3  085F               	movf	(??_CW_Config+3)^(0+128),w
  9247     06B4  0020               	movlb	0	; select bank0
  9248     06B5  00A3               	movwf	___xxtofl@val+3
  9249     06B6  0021               	movlb	1	; select bank1
  9250     06B7  085E               	movf	(??_CW_Config+2)^(0+128),w
  9251     06B8  0020               	movlb	0	; select bank0
  9252     06B9  00A2               	movwf	___xxtofl@val+2
  9253     06BA  0021               	movlb	1	; select bank1
  9254     06BB  085D               	movf	(??_CW_Config+1)^(0+128),w
  9255     06BC  0020               	movlb	0	; select bank0
  9256     06BD  00A1               	movwf	___xxtofl@val+1
  9257     06BE  0021               	movlb	1	; select bank1
  9258     06BF  085C               	movf	??_CW_Config^(0+128),w
  9259     06C0  0020               	movlb	0	; select bank0
  9260     06C1  00A0               	movwf	___xxtofl@val
  9261     06C2  3000               	movlw	0
  9262     06C3  3187  272F         	fcall	___xxtofl
  9263     06C5  0020               	movlb	0	; select bank0
  9264     06C6  0823               	movf	?___xxtofl+3,w
  9265     06C7  0021               	movlb	1	; select bank1
  9266     06C8  00A6               	movwf	((_cfg+3)^(0+128)+3)
  9267     06C9  0020               	movlb	0	; select bank0
  9268     06CA  0822               	movf	?___xxtofl+2,w
  9269     06CB  0021               	movlb	1	; select bank1
  9270     06CC  00A5               	movwf	((_cfg+2)^(0+128)+3)
  9271     06CD  0020               	movlb	0	; select bank0
  9272     06CE  0821               	movf	?___xxtofl+1,w
  9273     06CF  0021               	movlb	1	; select bank1
  9274     06D0  00A4               	movwf	((_cfg+1)^(0+128)+3)
  9275     06D1  0020               	movlb	0	; select bank0
  9276     06D2  0820               	movf	?___xxtofl,w
  9277     06D3  0021               	movlb	1	; select bank1
  9278     06D4  00A3               	movwf	(_cfg^(0+128)+3)
  9279                           
  9280                           ;D:/Microchip/MPLABProjects/PSoC3-PCIe-MKIII.X/main.c: 193:                 break;
  9281     06D5  0008               	return
  9282     06D6                     l3938:
  9283                           
  9284                           ;D:/Microchip/MPLABProjects/PSoC3-PCIe-MKIII.X/main.c: 195:                 cfg.mode = (
      +                          int8_t) param1;
  9285     06D6  0866               	movf	CW_Config@param1^(0+128),w
  9286     06D7  00A0               	movwf	_cfg^(0+128)
  9287                           
  9288                           ;D:/Microchip/MPLABProjects/PSoC3-PCIe-MKIII.X/main.c: 196:                 break;
  9289     06D8  0008               	return
  9290     06D9                     l3940:
  9291                           
  9292                           ;D:/Microchip/MPLABProjects/PSoC3-PCIe-MKIII.X/main.c: 198:                 cfg.memory =
      +                           (int8_t) param1;
  9293     06D9  0866               	movf	CW_Config@param1^(0+128),w
  9294     06DA  00A1               	movwf	(_cfg^(0+128)+1)
  9295                           
  9296                           ;D:/Microchip/MPLABProjects/PSoC3-PCIe-MKIII.X/main.c: 199:                 break;
  9297     06DB  0008               	return
  9298     06DC                     l3942:
  9299                           
  9300                           ;D:/Microchip/MPLABProjects/PSoC3-PCIe-MKIII.X/main.c: 201:                 wpm = (float
      +                          ) param1;
  9301     06DC  0866               	movf	CW_Config@param1^(0+128),w
  9302     06DD  00DC               	movwf	??_CW_Config^(0+128)
  9303     06DE  01DD               	clrf	(??_CW_Config^(0+128)+1)
  9304     06DF  01DE               	clrf	(??_CW_Config^(0+128)+2)
  9305     06E0  01DF               	clrf	(??_CW_Config^(0+128)+3)
  9306     06E1  085F               	movf	(??_CW_Config+3)^(0+128),w
  9307     06E2  0020               	movlb	0	; select bank0
  9308     06E3  00A3               	movwf	___xxtofl@val+3
  9309     06E4  0021               	movlb	1	; select bank1
  9310     06E5  085E               	movf	(??_CW_Config+2)^(0+128),w
  9311     06E6  0020               	movlb	0	; select bank0
  9312     06E7  00A2               	movwf	___xxtofl@val+2
  9313     06E8  0021               	movlb	1	; select bank1
  9314     06E9  085D               	movf	(??_CW_Config+1)^(0+128),w
  9315     06EA  0020               	movlb	0	; select bank0
  9316     06EB  00A1               	movwf	___xxtofl@val+1
  9317     06EC  0021               	movlb	1	; select bank1
  9318     06ED  085C               	movf	??_CW_Config^(0+128),w
  9319     06EE  0020               	movlb	0	; select bank0
  9320     06EF  00A0               	movwf	___xxtofl@val
  9321     06F0  3000               	movlw	0
  9322     06F1  3187  272F  3186   	fcall	___xxtofl
  9323     06F4  0020               	movlb	0	; select bank0
  9324     06F5  0823               	movf	?___xxtofl+3,w
  9325     06F6  0021               	movlb	1	; select bank1
  9326     06F7  00E3               	movwf	(CW_Config@wpm+3)^(0+128)
  9327     06F8  0020               	movlb	0	; select bank0
  9328     06F9  0822               	movf	?___xxtofl+2,w
  9329     06FA  0021               	movlb	1	; select bank1
  9330     06FB  00E2               	movwf	(CW_Config@wpm+2)^(0+128)
  9331     06FC  0020               	movlb	0	; select bank0
  9332     06FD  0821               	movf	?___xxtofl+1,w
  9333     06FE  0021               	movlb	1	; select bank1
  9334     06FF  00E1               	movwf	(CW_Config@wpm+1)^(0+128)
  9335     0700  0020               	movlb	0	; select bank0
  9336     0701  0820               	movf	?___xxtofl,w
  9337     0702  0021               	movlb	1	; select bank1
  9338     0703  00E0               	movwf	CW_Config@wpm^(0+128)
  9339                           
  9340                           ;D:/Microchip/MPLABProjects/PSoC3-PCIe-MKIII.X/main.c: 202:                 cfg_set_spee
      +                          d(wpm);
  9341     0704  0863               	movf	(CW_Config@wpm+3)^(0+128),w
  9342     0705  00DB               	movwf	(cfg_set_speed@wpm+3)^(0+128)
  9343     0706  0862               	movf	(CW_Config@wpm+2)^(0+128),w
  9344     0707  00DA               	movwf	(cfg_set_speed@wpm+2)^(0+128)
  9345     0708  0861               	movf	(CW_Config@wpm+1)^(0+128),w
  9346     0709  00D9               	movwf	(cfg_set_speed@wpm+1)^(0+128)
  9347     070A  0860               	movf	CW_Config@wpm^(0+128),w
  9348     070B  00D8               	movwf	cfg_set_speed@wpm^(0+128)
  9349     070C  318B  2364         	fcall	_cfg_set_speed
  9350                           
  9351                           ;D:/Microchip/MPLABProjects/PSoC3-PCIe-MKIII.X/main.c: 203:                 break;
  9352     070E  0008               	return
  9353     070F                     l3944:
  9354                           
  9355                           ;D:/Microchip/MPLABProjects/PSoC3-PCIe-MKIII.X/main.c: 205:                 cfg.spacing 
      +                          = (int8_t) param1;
  9356     070F  0866               	movf	CW_Config@param1^(0+128),w
  9357     0710  00A2               	movwf	(_cfg^(0+128)+2)
  9358                           
  9359                           ;D:/Microchip/MPLABProjects/PSoC3-PCIe-MKIII.X/main.c: 206:                 break;
  9360     0711  0008               	return
  9361     0712                     l3948:
  9362     0712  0865               	movf	CW_Config@scan_msg^(0+128),w
  9363     0713  00DC               	movwf	??_CW_Config^(0+128)
  9364     0714  01DD               	clrf	(??_CW_Config^(0+128)+1)
  9365                           
  9366                           ; Switch on 2 bytes has been partitioned into a top level switch of size 1, and 1 sub-sw
      +                          itches
  9367                           ; Switch size 1, requested type "simple"
  9368                           ; Number of cases is 1, Range of values is 0 to 0
  9369                           ; switch strategies available:
  9370                           ; Name         Instructions Cycles
  9371                           ; simple_byte            4     3 (average)
  9372                           ; direct_byte            8     6 (fixed)
  9373                           ; jumptable            260     6 (fixed)
  9374                           ;	Chosen strategy is simple_byte
  9375     0715  085D               	movf	(??_CW_Config+1)^(0+128),w
  9376     0716  3A00               	xorlw	0	; case 0
  9377     0717  1903               	skipnz
  9378     0718  2F1A               	goto	l4394
  9379     0719  2F2E               	goto	l685
  9380     071A                     l4394:
  9381                           
  9382                           ; Switch size 1, requested type "simple"
  9383                           ; Number of cases is 6, Range of values is 113 to 123
  9384                           ; switch strategies available:
  9385                           ; Name         Instructions Cycles
  9386                           ; simple_byte           19    10 (average)
  9387                           ; direct_byte           31     9 (fixed)
  9388                           ; jumptable            263     9 (fixed)
  9389                           ;	Chosen strategy is simple_byte
  9390     071A  085C               	movf	??_CW_Config^(0+128),w
  9391     071B  3A71               	xorlw	113	; case 113
  9392     071C  1903               	skipnz
  9393     071D  2ED6               	goto	l3938
  9394     071E  3A02               	xorlw	2	; case 115
  9395     071F  1903               	skipnz
  9396     0720  2EAB               	goto	l3934
  9397     0721  3A06               	xorlw	6	; case 117
  9398     0722  1903               	skipnz
  9399     0723  2F0F               	goto	l3944
  9400     0724  3A03               	xorlw	3	; case 118
  9401     0725  1903               	skipnz
  9402     0726  2ED9               	goto	l3940
  9403     0727  3A01               	xorlw	1	; case 119
  9404     0728  1903               	skipnz
  9405     0729  2EAE               	goto	l3936
  9406     072A  3A0C               	xorlw	12	; case 123
  9407     072B  1903               	skipnz
  9408     072C  2EDC               	goto	l3942
  9409     072D  2F2E               	goto	l685
  9410     072E                     l685:
  9411     072E  0008               	return
  9412     072F                     __end_of_CW_Config:
  9413                           
  9414                           	psect	text35
  9415     0B64                     __ptext35:	
  9416 ;; *************** function _cfg_set_speed *****************
  9417 ;; Defined at:
  9418 ;;		line 25 in file "D:/Microchip/MPLABProjects/PSoC3-PCIe-MKIII.X/cw-gen.c"
  9419 ;; Parameters:    Size  Location     Type
  9420 ;;  wpm             4   14[BANK1 ] float 
  9421 ;; Auto vars:     Size  Location     Type
  9422 ;;		None
  9423 ;; Return value:  Size  Location     Type
  9424 ;;                  1    wreg      void 
  9425 ;; Registers used:
  9426 ;;		wreg, status,2, status,0, pclath, cstack
  9427 ;; Tracked objects:
  9428 ;;		On entry : 0/0
  9429 ;;		On exit  : 0/0
  9430 ;;		Unchanged: 0/0
  9431 ;; Data sizes:     COMMON   BANK0   BANK1   BANK2   BANK3   BANK4   BANK5   BANK6   BANK7   BANK8   BANK9  BANK10  BANK1
      +1  BANK12  BANK13  BANK14  BANK15  BANK16  BANK17  BANK18  BANK19  BANK20  BANK21  BANK22  BANK23  BANK24  BANK25
  9432 ;;      Params:         0       0       4       0       0       0       0       0       0       0       0       0       
      +0       0       0       0       0       0       0       0       0       0       0       0       0       0       0
  9433 ;;      Locals:         0       0       0       0       0       0       0       0       0       0       0       0       
      +0       0       0       0       0       0       0       0       0       0       0       0       0       0       0
  9434 ;;      Temps:          0       0       0       0       0       0       0       0       0       0       0       0       
      +0       0       0       0       0       0       0       0       0       0       0       0       0       0       0
  9435 ;;      Totals:         0       0       4       0       0       0       0       0       0       0       0       0       
      +0       0       0       0       0       0       0       0       0       0       0       0       0       0       0
  9436 ;;Total ram usage:        4 bytes
  9437 ;; Hardware stack levels used: 1
  9438 ;; Hardware stack levels required when called: 7
  9439 ;; This function calls:
  9440 ;;		___aldiv
  9441 ;;		___fltol
  9442 ;; This function is called by:
  9443 ;;		_CW_Config
  9444 ;;		_CW_Initialize
  9445 ;; This function uses a non-reentrant model
  9446 ;;
  9447                           
  9448     0B64                     _cfg_set_speed:	
  9449                           ;psect for function _cfg_set_speed
  9450                           
  9451                           
  9452                           ;D:/Microchip/MPLABProjects/PSoC3-PCIe-MKIII.X/cw-gen.c: 26:     cfg_speed_wpm = wpm;
  9453                           
  9454                           ;incstack = 0
  9455                           ; Regs used in _cfg_set_speed: [wreg+status,2+status,0+pclath+cstack]
  9456     0B64  0021               	movlb	1	; select bank1
  9457     0B65  085B               	movf	(cfg_set_speed@wpm+3)^(0+128),w
  9458     0B66  0022               	movlb	2	; select bank2
  9459     0B67  00BB               	movwf	(_cfg_speed_wpm+3)^(0+256)
  9460     0B68  0021               	movlb	1	; select bank1
  9461     0B69  085A               	movf	(cfg_set_speed@wpm+2)^(0+128),w
  9462     0B6A  0022               	movlb	2	; select bank2
  9463     0B6B  00BA               	movwf	(_cfg_speed_wpm+2)^(0+256)
  9464     0B6C  0021               	movlb	1	; select bank1
  9465     0B6D  0859               	movf	(cfg_set_speed@wpm+1)^(0+128),w
  9466     0B6E  0022               	movlb	2	; select bank2
  9467     0B6F  00B9               	movwf	(_cfg_speed_wpm+1)^(0+256)
  9468     0B70  0021               	movlb	1	; select bank1
  9469     0B71  0858               	movf	cfg_set_speed@wpm^(0+128),w
  9470     0B72  0022               	movlb	2	; select bank2
  9471     0B73  00B8               	movwf	_cfg_speed_wpm^(0+256)
  9472                           
  9473                           ;D:/Microchip/MPLABProjects/PSoC3-PCIe-MKIII.X/cw-gen.c: 27:     cfg_speed_micros = (lon
      +                          g) (12000000 / (long)wpm);
  9474     0B74  0021               	movlb	1	; select bank1
  9475     0B75  085B               	movf	(cfg_set_speed@wpm+3)^(0+128),w
  9476     0B76  0020               	movlb	0	; select bank0
  9477     0B77  00E7               	movwf	___fltol@f1+3
  9478     0B78  0021               	movlb	1	; select bank1
  9479     0B79  085A               	movf	(cfg_set_speed@wpm+2)^(0+128),w
  9480     0B7A  0020               	movlb	0	; select bank0
  9481     0B7B  00E6               	movwf	___fltol@f1+2
  9482     0B7C  0021               	movlb	1	; select bank1
  9483     0B7D  0859               	movf	(cfg_set_speed@wpm+1)^(0+128),w
  9484     0B7E  0020               	movlb	0	; select bank0
  9485     0B7F  00E5               	movwf	___fltol@f1+1
  9486     0B80  0021               	movlb	1	; select bank1
  9487     0B81  0858               	movf	cfg_set_speed@wpm^(0+128),w
  9488     0B82  0020               	movlb	0	; select bank0
  9489     0B83  00E4               	movwf	___fltol@f1
  9490     0B84  318B  23FF  318B   	fcall	___fltol
  9491     0B87  0020               	movlb	0	; select bank0
  9492     0B88  0867               	movf	?___fltol+3,w
  9493     0B89  0021               	movlb	1	; select bank1
  9494     0B8A  00CD               	movwf	(___aldiv@divisor+3)^(0+128)
  9495     0B8B  0020               	movlb	0	; select bank0
  9496     0B8C  0866               	movf	?___fltol+2,w
  9497     0B8D  0021               	movlb	1	; select bank1
  9498     0B8E  00CC               	movwf	(___aldiv@divisor+2)^(0+128)
  9499     0B8F  0020               	movlb	0	; select bank0
  9500     0B90  0865               	movf	?___fltol+1,w
  9501     0B91  0021               	movlb	1	; select bank1
  9502     0B92  00CB               	movwf	(___aldiv@divisor+1)^(0+128)
  9503     0B93  0020               	movlb	0	; select bank0
  9504     0B94  0864               	movf	?___fltol,w
  9505     0B95  0021               	movlb	1	; select bank1
  9506     0B96  00CA               	movwf	___aldiv@divisor^(0+128)
  9507     0B97  3000               	movlw	0
  9508     0B98  00D1               	movwf	(___aldiv@dividend+3)^(0+128)
  9509     0B99  30B7               	movlw	183
  9510     0B9A  00D0               	movwf	(___aldiv@dividend+2)^(0+128)
  9511     0B9B  301B               	movlw	27
  9512     0B9C  00CF               	movwf	(___aldiv@dividend+1)^(0+128)
  9513     0B9D  3000               	movlw	0
  9514     0B9E  00CE               	movwf	___aldiv@dividend^(0+128)
  9515     0B9F  318D  25C8         	fcall	___aldiv
  9516     0BA1  0021               	movlb	1	; select bank1
  9517     0BA2  084D               	movf	(?___aldiv+3)^(0+128),w
  9518     0BA3  00B0               	movwf	(_cfg_speed_micros+3)^(0+128)
  9519     0BA4  084C               	movf	(?___aldiv+2)^(0+128),w
  9520     0BA5  00AF               	movwf	(_cfg_speed_micros+2)^(0+128)
  9521     0BA6  084B               	movf	(?___aldiv+1)^(0+128),w
  9522     0BA7  00AE               	movwf	(_cfg_speed_micros+1)^(0+128)
  9523     0BA8  084A               	movf	?___aldiv^(0+128),w
  9524     0BA9  00AD               	movwf	_cfg_speed_micros^(0+128)
  9525     0BAA  0008               	return
  9526     0BAB                     __end_of_cfg_set_speed:
  9527                           
  9528                           	psect	text36
  9529     0BFF                     __ptext36:	
  9530 ;; *************** function ___fltol *****************
  9531 ;; Defined at:
  9532 ;;		line 43 in file "C:\Program Files\Microchip\xc8\v2.45\pic\sources\c99\common\fltol.c"
  9533 ;; Parameters:    Size  Location     Type
  9534 ;;  f1              4   68[BANK0 ] void 
  9535 ;; Auto vars:     Size  Location     Type
  9536 ;;  exp1            1   77[BANK0 ] unsigned char 
  9537 ;;  sign1           1   76[BANK0 ] unsigned char 
  9538 ;; Return value:  Size  Location     Type
  9539 ;;                  4   68[BANK0 ] long 
  9540 ;; Registers used:
  9541 ;;		wreg, status,2, status,0
  9542 ;; Tracked objects:
  9543 ;;		On entry : 0/0
  9544 ;;		On exit  : 0/0
  9545 ;;		Unchanged: 0/0
  9546 ;; Data sizes:     COMMON   BANK0   BANK1   BANK2   BANK3   BANK4   BANK5   BANK6   BANK7   BANK8   BANK9  BANK10  BANK1
      +1  BANK12  BANK13  BANK14  BANK15  BANK16  BANK17  BANK18  BANK19  BANK20  BANK21  BANK22  BANK23  BANK24  BANK25
  9547 ;;      Params:         0       4       0       0       0       0       0       0       0       0       0       0       
      +0       0       0       0       0       0       0       0       0       0       0       0       0       0       0
  9548 ;;      Locals:         0       2       0       0       0       0       0       0       0       0       0       0       
      +0       0       0       0       0       0       0       0       0       0       0       0       0       0       0
  9549 ;;      Temps:          0       4       0       0       0       0       0       0       0       0       0       0       
      +0       0       0       0       0       0       0       0       0       0       0       0       0       0       0
  9550 ;;      Totals:         0      10       0       0       0       0       0       0       0       0       0       0       
      +0       0       0       0       0       0       0       0       0       0       0       0       0       0       0
  9551 ;;Total ram usage:       10 bytes
  9552 ;; Hardware stack levels used: 1
  9553 ;; Hardware stack levels required when called: 6
  9554 ;; This function calls:
  9555 ;;		Nothing
  9556 ;; This function is called by:
  9557 ;;		_cfg_set_speed
  9558 ;;		_key_loop
  9559 ;; This function uses a non-reentrant model
  9560 ;;
  9561                           
  9562     0BFF                     ___fltol:	
  9563                           ;psect for function ___fltol
  9564                           
  9565                           
  9566                           ;incstack = 0
  9567                           ; Regs used in ___fltol: [wreg+status,2+status,0]
  9568     0BFF  1003               	clrc
  9569     0C00  0020               	movlb	0	; select bank0
  9570     0C01  0D66               	rlf	___fltol@f1+2,w
  9571     0C02  0D67               	rlf	___fltol@f1+3,w
  9572     0C03  00ED               	movwf	___fltol@exp1
  9573     0C04  086D               	movf	___fltol@exp1,w
  9574     0C05  1D03               	btfss	3,2
  9575     0C06  2C10               	goto	l3228
  9576     0C07                     l3224:
  9577     0C07  3000               	movlw	0
  9578     0C08  00E7               	movwf	?___fltol+3
  9579     0C09  3000               	movlw	0
  9580     0C0A  00E6               	movwf	?___fltol+2
  9581     0C0B  3000               	movlw	0
  9582     0C0C  00E5               	movwf	?___fltol+1
  9583     0C0D  3000               	movlw	0
  9584     0C0E  00E4               	movwf	?___fltol
  9585     0C0F  0008               	return
  9586     0C10                     l3228:
  9587     0C10  0864               	movf	___fltol@f1,w
  9588     0C11  00E8               	movwf	??___fltol
  9589     0C12  0865               	movf	___fltol@f1+1,w
  9590     0C13  00E9               	movwf	??___fltol+1
  9591     0C14  0866               	movf	___fltol@f1+2,w
  9592     0C15  00EA               	movwf	??___fltol+2
  9593     0C16  0867               	movf	___fltol@f1+3,w
  9594     0C17  00EB               	movwf	??___fltol+3
  9595     0C18  301F               	movlw	31
  9596     0C19                     u2245:
  9597     0C19  36EB               	lsrf	??___fltol+3,f
  9598     0C1A  0CEA               	rrf	??___fltol+2,f
  9599     0C1B  0CE9               	rrf	??___fltol+1,f
  9600     0C1C  0CE8               	rrf	??___fltol,f
  9601     0C1D  0B89               	decfsz	9,f
  9602     0C1E  2C19               	goto	u2245
  9603     0C1F  0868               	movf	??___fltol,w
  9604     0C20  00EC               	movwf	___fltol@sign1
  9605     0C21  17E6               	bsf	___fltol@f1+2,7
  9606     0C22  30FF               	movlw	255
  9607     0C23  05E4               	andwf	___fltol@f1,f
  9608     0C24  30FF               	movlw	255
  9609     0C25  05E5               	andwf	___fltol@f1+1,f
  9610     0C26  30FF               	movlw	255
  9611     0C27  05E6               	andwf	___fltol@f1+2,f
  9612     0C28  3000               	movlw	0
  9613     0C29  05E7               	andwf	___fltol@f1+3,f
  9614     0C2A  3096               	movlw	150
  9615     0C2B  02ED               	subwf	___fltol@exp1,f
  9616     0C2C  1FED               	btfss	___fltol@exp1,7
  9617     0C2D  2C41               	goto	l3246
  9618     0C2E  086D               	movf	___fltol@exp1,w
  9619     0C2F  3A80               	xorlw	128
  9620     0C30  3E97               	addlw	151
  9621     0C31  1C03               	btfss	3,0
  9622     0C32  2C07               	goto	l3224
  9623     0C33                     l3244:
  9624     0C33  3001               	movlw	1
  9625     0C34                     u2275:
  9626     0C34  36E7               	lsrf	___fltol@f1+3,f
  9627     0C35  0CE6               	rrf	___fltol@f1+2,f
  9628     0C36  0CE5               	rrf	___fltol@f1+1,f
  9629     0C37  0CE4               	rrf	___fltol@f1,f
  9630     0C38  0B89               	decfsz	9,f
  9631     0C39  2C34               	goto	u2275
  9632     0C3A  3001               	movlw	1
  9633     0C3B  00E8               	movwf	??___fltol
  9634     0C3C  0868               	movf	??___fltol,w
  9635     0C3D  07ED               	addwf	___fltol@exp1,f
  9636     0C3E  1903               	btfsc	3,2
  9637     0C3F  2C52               	goto	l3254
  9638     0C40  2C33               	goto	l3244
  9639     0C41                     l3246:
  9640     0C41  3020               	movlw	32
  9641     0C42  026D               	subwf	___fltol@exp1,w
  9642     0C43  1803               	btfsc	3,0
  9643     0C44  2C07               	goto	l3224
  9644     0C45                     l1233:
  9645     0C45  086D               	movf	___fltol@exp1,w
  9646     0C46  1903               	btfsc	3,2
  9647     0C47  2C52               	goto	l3254
  9648     0C48  3001               	movlw	1
  9649     0C49                     u2305:
  9650     0C49  35E4               	lslf	___fltol@f1,f
  9651     0C4A  0DE5               	rlf	___fltol@f1+1,f
  9652     0C4B  0DE6               	rlf	___fltol@f1+2,f
  9653     0C4C  0DE7               	rlf	___fltol@f1+3,f
  9654     0C4D  0B89               	decfsz	9,f
  9655     0C4E  2C49               	goto	u2305
  9656     0C4F  3001               	movlw	1
  9657     0C50  02ED               	subwf	___fltol@exp1,f
  9658     0C51  2C45               	goto	l1233
  9659     0C52                     l3254:
  9660     0C52  086C               	movf	___fltol@sign1,w
  9661     0C53  1903               	btfsc	3,2
  9662     0C54  0008               	return
  9663     0C55  09E4               	comf	___fltol@f1,f
  9664     0C56  09E5               	comf	___fltol@f1+1,f
  9665     0C57  09E6               	comf	___fltol@f1+2,f
  9666     0C58  09E7               	comf	___fltol@f1+3,f
  9667     0C59  0AE4               	incf	___fltol@f1,f
  9668     0C5A  1903               	skipnz
  9669     0C5B  0AE5               	incf	___fltol@f1+1,f
  9670     0C5C  1903               	skipnz
  9671     0C5D  0AE6               	incf	___fltol@f1+2,f
  9672     0C5E  1903               	skipnz
  9673     0C5F  0AE7               	incf	___fltol@f1+3,f
  9674     0C60  0008               	return
  9675     0C61                     __end_of___fltol:
  9676                           
  9677                           	psect	text37
  9678     0DC8                     __ptext37:	
  9679 ;; *************** function ___aldiv *****************
  9680 ;; Defined at:
  9681 ;;		line 5 in file "C:\Program Files\Microchip\xc8\v2.45\pic\sources\c99\common\aldiv.c"
  9682 ;; Parameters:    Size  Location     Type
  9683 ;;  divisor         4    0[BANK1 ] long 
  9684 ;;  dividend        4    4[BANK1 ] long 
  9685 ;; Auto vars:     Size  Location     Type
  9686 ;;  quotient        4   10[BANK1 ] long 
  9687 ;;  sign            1    9[BANK1 ] unsigned char 
  9688 ;;  counter         1    8[BANK1 ] unsigned char 
  9689 ;; Return value:  Size  Location     Type
  9690 ;;                  4    0[BANK1 ] long 
  9691 ;; Registers used:
  9692 ;;		wreg, status,2, status,0
  9693 ;; Tracked objects:
  9694 ;;		On entry : 0/0
  9695 ;;		On exit  : 0/0
  9696 ;;		Unchanged: 0/0
  9697 ;; Data sizes:     COMMON   BANK0   BANK1   BANK2   BANK3   BANK4   BANK5   BANK6   BANK7   BANK8   BANK9  BANK10  BANK1
      +1  BANK12  BANK13  BANK14  BANK15  BANK16  BANK17  BANK18  BANK19  BANK20  BANK21  BANK22  BANK23  BANK24  BANK25
  9698 ;;      Params:         0       0       8       0       0       0       0       0       0       0       0       0       
      +0       0       0       0       0       0       0       0       0       0       0       0       0       0       0
  9699 ;;      Locals:         0       0       6       0       0       0       0       0       0       0       0       0       
      +0       0       0       0       0       0       0       0       0       0       0       0       0       0       0
  9700 ;;      Temps:          0       1       0       0       0       0       0       0       0       0       0       0       
      +0       0       0       0       0       0       0       0       0       0       0       0       0       0       0
  9701 ;;      Totals:         0       1      14       0       0       0       0       0       0       0       0       0       
      +0       0       0       0       0       0       0       0       0       0       0       0       0       0       0
  9702 ;;Total ram usage:       15 bytes
  9703 ;; Hardware stack levels used: 1
  9704 ;; Hardware stack levels required when called: 6
  9705 ;; This function calls:
  9706 ;;		Nothing
  9707 ;; This function is called by:
  9708 ;;		_cfg_set_speed
  9709 ;; This function uses a non-reentrant model
  9710 ;;
  9711                           
  9712     0DC8                     ___aldiv:	
  9713                           ;psect for function ___aldiv
  9714                           
  9715                           
  9716                           ;incstack = 0
  9717                           ; Regs used in ___aldiv: [wreg+status,2+status,0]
  9718     0DC8  0021               	movlb	1	; select bank1
  9719     0DC9  01D3               	clrf	___aldiv@sign^(0+128)
  9720     0DCA  1FCD               	btfss	(___aldiv@divisor+3)^(0+128),7
  9721     0DCB  2DD9               	goto	l1097
  9722     0DCC  09CA               	comf	___aldiv@divisor^(0+128),f
  9723     0DCD  09CB               	comf	(___aldiv@divisor+1)^(0+128),f
  9724     0DCE  09CC               	comf	(___aldiv@divisor+2)^(0+128),f
  9725     0DCF  09CD               	comf	(___aldiv@divisor+3)^(0+128),f
  9726     0DD0  0ACA               	incf	___aldiv@divisor^(0+128),f
  9727     0DD1  1903               	skipnz
  9728     0DD2  0ACB               	incf	(___aldiv@divisor+1)^(0+128),f
  9729     0DD3  1903               	skipnz
  9730     0DD4  0ACC               	incf	(___aldiv@divisor+2)^(0+128),f
  9731     0DD5  1903               	skipnz
  9732     0DD6  0ACD               	incf	(___aldiv@divisor+3)^(0+128),f
  9733     0DD7  01D3               	clrf	___aldiv@sign^(0+128)
  9734     0DD8  0AD3               	incf	___aldiv@sign^(0+128),f
  9735     0DD9                     l1097:
  9736     0DD9  1FD1               	btfss	(___aldiv@dividend+3)^(0+128),7
  9737     0DDA  2DEC               	goto	l3192
  9738     0DDB  09CE               	comf	___aldiv@dividend^(0+128),f
  9739     0DDC  09CF               	comf	(___aldiv@dividend+1)^(0+128),f
  9740     0DDD  09D0               	comf	(___aldiv@dividend+2)^(0+128),f
  9741     0DDE  09D1               	comf	(___aldiv@dividend+3)^(0+128),f
  9742     0DDF  0ACE               	incf	___aldiv@dividend^(0+128),f
  9743     0DE0  1903               	skipnz
  9744     0DE1  0ACF               	incf	(___aldiv@dividend+1)^(0+128),f
  9745     0DE2  1903               	skipnz
  9746     0DE3  0AD0               	incf	(___aldiv@dividend+2)^(0+128),f
  9747     0DE4  1903               	skipnz
  9748     0DE5  0AD1               	incf	(___aldiv@dividend+3)^(0+128),f
  9749     0DE6  3001               	movlw	1
  9750     0DE7  0020               	movlb	0	; select bank0
  9751     0DE8  00EE               	movwf	??___aldiv
  9752     0DE9  086E               	movf	??___aldiv,w
  9753     0DEA  0021               	movlb	1	; select bank1
  9754     0DEB  06D3               	xorwf	___aldiv@sign^(0+128),f
  9755     0DEC                     l3192:
  9756     0DEC  3000               	movlw	0
  9757     0DED  00D7               	movwf	(___aldiv@quotient+3)^(0+128)
  9758     0DEE  3000               	movlw	0
  9759     0DEF  00D6               	movwf	(___aldiv@quotient+2)^(0+128)
  9760     0DF0  3000               	movlw	0
  9761     0DF1  00D5               	movwf	(___aldiv@quotient+1)^(0+128)
  9762     0DF2  3000               	movlw	0
  9763     0DF3  00D4               	movwf	___aldiv@quotient^(0+128)
  9764     0DF4  084D               	movf	(___aldiv@divisor+3)^(0+128),w
  9765     0DF5  044C               	iorwf	(___aldiv@divisor+2)^(0+128),w
  9766     0DF6  044B               	iorwf	(___aldiv@divisor+1)^(0+128),w
  9767     0DF7  044A               	iorwf	___aldiv@divisor^(0+128),w
  9768     0DF8  1903               	skipnz
  9769     0DF9  2E37               	goto	l3214
  9770     0DFA  01D2               	clrf	___aldiv@counter^(0+128)
  9771     0DFB  0AD2               	incf	___aldiv@counter^(0+128),f
  9772     0DFC                     l3200:
  9773     0DFC  1BCD               	btfsc	(___aldiv@divisor+3)^(0+128),7
  9774     0DFD  2E0C               	goto	l3202
  9775     0DFE  3001               	movlw	1
  9776     0DFF                     u2165:
  9777     0DFF  35CA               	lslf	___aldiv@divisor^(0+128),f
  9778     0E00  0DCB               	rlf	(___aldiv@divisor+1)^(0+128),f
  9779     0E01  0DCC               	rlf	(___aldiv@divisor+2)^(0+128),f
  9780     0E02  0DCD               	rlf	(___aldiv@divisor+3)^(0+128),f
  9781     0E03  0B89               	decfsz	9,f
  9782     0E04  2DFF               	goto	u2165
  9783     0E05  3001               	movlw	1
  9784     0E06  0020               	movlb	0	; select bank0
  9785     0E07  00EE               	movwf	??___aldiv
  9786     0E08  086E               	movf	??___aldiv,w
  9787     0E09  0021               	movlb	1	; select bank1
  9788     0E0A  07D2               	addwf	___aldiv@counter^(0+128),f
  9789     0E0B  2DFC               	goto	l3200
  9790     0E0C                     l3202:
  9791     0E0C  3001               	movlw	1
  9792     0E0D                     u2185:
  9793     0E0D  35D4               	lslf	___aldiv@quotient^(0+128),f
  9794     0E0E  0DD5               	rlf	(___aldiv@quotient+1)^(0+128),f
  9795     0E0F  0DD6               	rlf	(___aldiv@quotient+2)^(0+128),f
  9796     0E10  0DD7               	rlf	(___aldiv@quotient+3)^(0+128),f
  9797     0E11  0B89               	decfsz	9,f
  9798     0E12  2E0D               	goto	u2185
  9799     0E13  084D               	movf	(___aldiv@divisor+3)^(0+128),w
  9800     0E14  0251               	subwf	(___aldiv@dividend+3)^(0+128),w
  9801     0E15  1D03               	skipz
  9802     0E16  2E21               	goto	u2195
  9803     0E17  084C               	movf	(___aldiv@divisor+2)^(0+128),w
  9804     0E18  0250               	subwf	(___aldiv@dividend+2)^(0+128),w
  9805     0E19  1D03               	skipz
  9806     0E1A  2E21               	goto	u2195
  9807     0E1B  084B               	movf	(___aldiv@divisor+1)^(0+128),w
  9808     0E1C  024F               	subwf	(___aldiv@dividend+1)^(0+128),w
  9809     0E1D  1D03               	skipz
  9810     0E1E  2E21               	goto	u2195
  9811     0E1F  084A               	movf	___aldiv@divisor^(0+128),w
  9812     0E20  024E               	subwf	___aldiv@dividend^(0+128),w
  9813     0E21                     u2195:
  9814     0E21  1C03               	skipc
  9815     0E22  2E2C               	goto	l3210
  9816     0E23  084A               	movf	___aldiv@divisor^(0+128),w
  9817     0E24  02CE               	subwf	___aldiv@dividend^(0+128),f
  9818     0E25  084B               	movf	(___aldiv@divisor+1)^(0+128),w
  9819     0E26  3BCF               	subwfb	(___aldiv@dividend+1)^(0+128),f
  9820     0E27  084C               	movf	(___aldiv@divisor+2)^(0+128),w
  9821     0E28  3BD0               	subwfb	(___aldiv@dividend+2)^(0+128),f
  9822     0E29  084D               	movf	(___aldiv@divisor+3)^(0+128),w
  9823     0E2A  3BD1               	subwfb	(___aldiv@dividend+3)^(0+128),f
  9824     0E2B  1454               	bsf	___aldiv@quotient^(0+128),0
  9825     0E2C                     l3210:
  9826     0E2C  3001               	movlw	1
  9827     0E2D                     u2205:
  9828     0E2D  36CD               	lsrf	(___aldiv@divisor+3)^(0+128),f
  9829     0E2E  0CCC               	rrf	(___aldiv@divisor+2)^(0+128),f
  9830     0E2F  0CCB               	rrf	(___aldiv@divisor+1)^(0+128),f
  9831     0E30  0CCA               	rrf	___aldiv@divisor^(0+128),f
  9832     0E31  0B89               	decfsz	9,f
  9833     0E32  2E2D               	goto	u2205
  9834     0E33  3001               	movlw	1
  9835     0E34  02D2               	subwf	___aldiv@counter^(0+128),f
  9836     0E35  1D03               	btfss	3,2
  9837     0E36  2E0C               	goto	l3202
  9838     0E37                     l3214:
  9839     0E37  0853               	movf	___aldiv@sign^(0+128),w
  9840     0E38  1903               	btfsc	3,2
  9841     0E39  2E45               	goto	l3218
  9842     0E3A  09D4               	comf	___aldiv@quotient^(0+128),f
  9843     0E3B  09D5               	comf	(___aldiv@quotient+1)^(0+128),f
  9844     0E3C  09D6               	comf	(___aldiv@quotient+2)^(0+128),f
  9845     0E3D  09D7               	comf	(___aldiv@quotient+3)^(0+128),f
  9846     0E3E  0AD4               	incf	___aldiv@quotient^(0+128),f
  9847     0E3F  1903               	skipnz
  9848     0E40  0AD5               	incf	(___aldiv@quotient+1)^(0+128),f
  9849     0E41  1903               	skipnz
  9850     0E42  0AD6               	incf	(___aldiv@quotient+2)^(0+128),f
  9851     0E43  1903               	skipnz
  9852     0E44  0AD7               	incf	(___aldiv@quotient+3)^(0+128),f
  9853     0E45                     l3218:
  9854     0E45  0857               	movf	(___aldiv@quotient+3)^(0+128),w
  9855     0E46  00CD               	movwf	(?___aldiv+3)^(0+128)
  9856     0E47  0856               	movf	(___aldiv@quotient+2)^(0+128),w
  9857     0E48  00CC               	movwf	(?___aldiv+2)^(0+128)
  9858     0E49  0855               	movf	(___aldiv@quotient+1)^(0+128),w
  9859     0E4A  00CB               	movwf	(?___aldiv+1)^(0+128)
  9860     0E4B  0854               	movf	___aldiv@quotient^(0+128),w
  9861     0E4C  00CA               	movwf	?___aldiv^(0+128)
  9862     0E4D  0008               	return
  9863     0E4E                     __end_of___aldiv:
  9864                           
  9865                           	psect	text38
  9866     072F                     __ptext38:	
  9867 ;; *************** function ___xxtofl *****************
  9868 ;; Defined at:
  9869 ;;		line 10 in file "C:\Program Files\Microchip\xc8\v2.45\pic\sources\c99\common\xxtofl.c"
  9870 ;; Parameters:    Size  Location     Type
  9871 ;;  sign            1    wreg     unsigned char 
  9872 ;;  val             4    0[BANK0 ] long 
  9873 ;; Auto vars:     Size  Location     Type
  9874 ;;  sign            1    8[BANK0 ] unsigned char 
  9875 ;;  arg             4   10[BANK0 ] unsigned long 
  9876 ;;  exp             1    9[BANK0 ] unsigned char 
  9877 ;; Return value:  Size  Location     Type
  9878 ;;                  4    0[BANK0 ] unsigned char 
  9879 ;; Registers used:
  9880 ;;		wreg, status,2, status,0
  9881 ;; Tracked objects:
  9882 ;;		On entry : 0/0
  9883 ;;		On exit  : 0/0
  9884 ;;		Unchanged: 0/0
  9885 ;; Data sizes:     COMMON   BANK0   BANK1   BANK2   BANK3   BANK4   BANK5   BANK6   BANK7   BANK8   BANK9  BANK10  BANK1
      +1  BANK12  BANK13  BANK14  BANK15  BANK16  BANK17  BANK18  BANK19  BANK20  BANK21  BANK22  BANK23  BANK24  BANK25
  9886 ;;      Params:         0       4       0       0       0       0       0       0       0       0       0       0       
      +0       0       0       0       0       0       0       0       0       0       0       0       0       0       0
  9887 ;;      Locals:         0       6       0       0       0       0       0       0       0       0       0       0       
      +0       0       0       0       0       0       0       0       0       0       0       0       0       0       0
  9888 ;;      Temps:          0       4       0       0       0       0       0       0       0       0       0       0       
      +0       0       0       0       0       0       0       0       0       0       0       0       0       0       0
  9889 ;;      Totals:         0      14       0       0       0       0       0       0       0       0       0       0       
      +0       0       0       0       0       0       0       0       0       0       0       0       0       0       0
  9890 ;;Total ram usage:       14 bytes
  9891 ;; Hardware stack levels used: 1
  9892 ;; Hardware stack levels required when called: 6
  9893 ;; This function calls:
  9894 ;;		Nothing
  9895 ;; This function is called by:
  9896 ;;		_CW_Config
  9897 ;;		_key_loop
  9898 ;; This function uses a non-reentrant model
  9899 ;;
  9900                           
  9901     072F                     ___xxtofl:	
  9902                           ;psect for function ___xxtofl
  9903                           
  9904                           
  9905                           ;incstack = 0
  9906                           ; Regs used in ___xxtofl: [wreg+status,2+status,0]
  9907                           ;___xxtofl@sign stored from wreg
  9908     072F  0020               	movlb	0	; select bank0
  9909     0730  00A8               	movwf	___xxtofl@sign
  9910     0731  0828               	movf	___xxtofl@sign,w
  9911     0732  1D03               	btfss	3,2
  9912     0733  1FA3               	btfss	___xxtofl@val+3,7
  9913     0734  2F45               	goto	l3798
  9914     0735  0920               	comf	___xxtofl@val,w
  9915     0736  00AA               	movwf	___xxtofl@arg
  9916     0737  0921               	comf	___xxtofl@val+1,w
  9917     0738  00AB               	movwf	___xxtofl@arg+1
  9918     0739  0922               	comf	___xxtofl@val+2,w
  9919     073A  00AC               	movwf	___xxtofl@arg+2
  9920     073B  0923               	comf	___xxtofl@val+3,w
  9921     073C  00AD               	movwf	___xxtofl@arg+3
  9922     073D  0AAA               	incf	___xxtofl@arg,f
  9923     073E  1903               	skipnz
  9924     073F  0AAB               	incf	___xxtofl@arg+1,f
  9925     0740  1903               	skipnz
  9926     0741  0AAC               	incf	___xxtofl@arg+2,f
  9927     0742  1903               	skipnz
  9928     0743  0AAD               	incf	___xxtofl@arg+3,f
  9929     0744  2F4D               	goto	l1473
  9930     0745                     l3798:
  9931     0745  0823               	movf	___xxtofl@val+3,w
  9932     0746  00AD               	movwf	___xxtofl@arg+3
  9933     0747  0822               	movf	___xxtofl@val+2,w
  9934     0748  00AC               	movwf	___xxtofl@arg+2
  9935     0749  0821               	movf	___xxtofl@val+1,w
  9936     074A  00AB               	movwf	___xxtofl@arg+1
  9937     074B  0820               	movf	___xxtofl@val,w
  9938     074C  00AA               	movwf	___xxtofl@arg
  9939     074D                     l1473:
  9940     074D  0823               	movf	___xxtofl@val+3,w
  9941     074E  0422               	iorwf	___xxtofl@val+2,w
  9942     074F  0421               	iorwf	___xxtofl@val+1,w
  9943     0750  0420               	iorwf	___xxtofl@val,w
  9944     0751  1D03               	skipz
  9945     0752  2F5C               	goto	l3804
  9946     0753  3000               	movlw	0
  9947     0754  00A3               	movwf	?___xxtofl+3
  9948     0755  3000               	movlw	0
  9949     0756  00A2               	movwf	?___xxtofl+2
  9950     0757  3000               	movlw	0
  9951     0758  00A1               	movwf	?___xxtofl+1
  9952     0759  3000               	movlw	0
  9953     075A  00A0               	movwf	?___xxtofl
  9954     075B  0008               	return
  9955     075C                     l3804:
  9956     075C  3096               	movlw	150
  9957     075D  00A9               	movwf	___xxtofl@exp
  9958     075E                     l3808:
  9959     075E  30FE               	movlw	254
  9960     075F  052D               	andwf	___xxtofl@arg+3,w
  9961     0760  1903               	btfsc	3,2
  9962     0761  2F81               	goto	l1479
  9963     0762  3001               	movlw	1
  9964     0763  00A4               	movwf	??___xxtofl
  9965     0764  0824               	movf	??___xxtofl,w
  9966     0765  07A9               	addwf	___xxtofl@exp,f
  9967     0766  3001               	movlw	1
  9968     0767                     u3215:
  9969     0767  36AD               	lsrf	___xxtofl@arg+3,f
  9970     0768  0CAC               	rrf	___xxtofl@arg+2,f
  9971     0769  0CAB               	rrf	___xxtofl@arg+1,f
  9972     076A  0CAA               	rrf	___xxtofl@arg,f
  9973     076B  0B89               	decfsz	9,f
  9974     076C  2F67               	goto	u3215
  9975     076D  2F5E               	goto	l3808
  9976     076E                     l3810:
  9977     076E  3001               	movlw	1
  9978     076F  00A4               	movwf	??___xxtofl
  9979     0770  0824               	movf	??___xxtofl,w
  9980     0771  07A9               	addwf	___xxtofl@exp,f
  9981     0772  3001               	movlw	1
  9982     0773  07AA               	addwf	___xxtofl@arg,f
  9983     0774  3000               	movlw	0
  9984     0775  3DAB               	addwfc	___xxtofl@arg+1,f
  9985     0776  3000               	movlw	0
  9986     0777  3DAC               	addwfc	___xxtofl@arg+2,f
  9987     0778  3000               	movlw	0
  9988     0779  3DAD               	addwfc	___xxtofl@arg+3,f
  9989     077A  3001               	movlw	1
  9990     077B                     u3235:
  9991     077B  36AD               	lsrf	___xxtofl@arg+3,f
  9992     077C  0CAC               	rrf	___xxtofl@arg+2,f
  9993     077D  0CAB               	rrf	___xxtofl@arg+1,f
  9994     077E  0CAA               	rrf	___xxtofl@arg,f
  9995     077F  0B89               	decfsz	9,f
  9996     0780  2F7B               	goto	u3235
  9997     0781                     l1479:
  9998     0781  30FF               	movlw	255
  9999     0782  052D               	andwf	___xxtofl@arg+3,w
 10000     0783  1903               	btfsc	3,2
 10001     0784  2F93               	goto	l3818
 10002     0785  2F6E               	goto	l3810
 10003     0786                     l3820:
 10004     0786  3002               	movlw	2
 10005     0787  0229               	subwf	___xxtofl@exp,w
 10006     0788  1C03               	btfss	3,0
 10007     0789  2F95               	goto	l1486
 10008     078A  3001               	movlw	1
 10009     078B  02A9               	subwf	___xxtofl@exp,f
 10010     078C  3001               	movlw	1
 10011     078D                     u3255:
 10012     078D  35AA               	lslf	___xxtofl@arg,f
 10013     078E  0DAB               	rlf	___xxtofl@arg+1,f
 10014     078F  0DAC               	rlf	___xxtofl@arg+2,f
 10015     0790  0DAD               	rlf	___xxtofl@arg+3,f
 10016     0791  0B89               	decfsz	9,f
 10017     0792  2F8D               	goto	u3255
 10018     0793                     l3818:
 10019     0793  1FAC               	btfss	___xxtofl@arg+2,7
 10020     0794  2F86               	goto	l3820
 10021     0795                     l1486:
 10022     0795  1829               	btfsc	___xxtofl@exp,0
 10023     0796  2F9F               	goto	l1487
 10024     0797  30FF               	movlw	255
 10025     0798  05AA               	andwf	___xxtofl@arg,f
 10026     0799  30FF               	movlw	255
 10027     079A  05AB               	andwf	___xxtofl@arg+1,f
 10028     079B  307F               	movlw	127
 10029     079C  05AC               	andwf	___xxtofl@arg+2,f
 10030     079D  30FF               	movlw	255
 10031     079E  05AD               	andwf	___xxtofl@arg+3,f
 10032     079F                     l1487:
 10033     079F  1003               	clrc
 10034     07A0  0CA9               	rrf	___xxtofl@exp,f
 10035     07A1  0829               	movf	___xxtofl@exp,w
 10036     07A2  00A4               	movwf	??___xxtofl
 10037     07A3  01A5               	clrf	??___xxtofl+1
 10038     07A4  01A6               	clrf	??___xxtofl+2
 10039     07A5  01A7               	clrf	??___xxtofl+3
 10040     07A6  3018               	movlw	24
 10041     07A7                     u3295:
 10042     07A7  35A4               	lslf	??___xxtofl,f
 10043     07A8  0DA5               	rlf	??___xxtofl+1,f
 10044     07A9  0DA6               	rlf	??___xxtofl+2,f
 10045     07AA  0DA7               	rlf	??___xxtofl+3,f
 10046     07AB  0B89               	decfsz	9,f
 10047     07AC  2FA7               	goto	u3295
 10048     07AD  0824               	movf	??___xxtofl,w
 10049     07AE  04AA               	iorwf	___xxtofl@arg,f
 10050     07AF  0825               	movf	??___xxtofl+1,w
 10051     07B0  04AB               	iorwf	___xxtofl@arg+1,f
 10052     07B1  0826               	movf	??___xxtofl+2,w
 10053     07B2  04AC               	iorwf	___xxtofl@arg+2,f
 10054     07B3  0827               	movf	??___xxtofl+3,w
 10055     07B4  04AD               	iorwf	___xxtofl@arg+3,f
 10056     07B5  0828               	movf	___xxtofl@sign,w
 10057     07B6  1D03               	btfss	3,2
 10058     07B7  1FA3               	btfss	___xxtofl@val+3,7
 10059     07B8  2FBA               	goto	l3832
 10060     07B9  17AD               	bsf	___xxtofl@arg+3,7
 10061     07BA                     l3832:
 10062     07BA  082D               	movf	___xxtofl@arg+3,w
 10063     07BB  00A3               	movwf	?___xxtofl+3
 10064     07BC  082C               	movf	___xxtofl@arg+2,w
 10065     07BD  00A2               	movwf	?___xxtofl+2
 10066     07BE  082B               	movf	___xxtofl@arg+1,w
 10067     07BF  00A1               	movwf	?___xxtofl+1
 10068     07C0  082A               	movf	___xxtofl@arg,w
 10069     07C1  00A0               	movwf	?___xxtofl
 10070     07C2  0008               	return
 10071     07C3                     __end_of___xxtofl:
 10072                           
 10073                           	psect	text39
 10074     0D45                     __ptext39:	
 10075 ;; *************** function _CMD_dequeue *****************
 10076 ;; Defined at:
 10077 ;;		line 83 in file "D:/Microchip/MPLABProjects/PSoC3-PCIe-MKIII.X/main.c"
 10078 ;; Parameters:    Size  Location     Type
 10079 ;;  param1          1    wreg     PTR unsigned char 
 10080 ;;		 -> CW_Config@param1(1), 
 10081 ;;  param2          1    4[BANK0 ] PTR unsigned char 
 10082 ;;		 -> CW_Config@param2(1), 
 10083 ;; Auto vars:     Size  Location     Type
 10084 ;;  param1          1    7[BANK0 ] PTR unsigned char 
 10085 ;;		 -> CW_Config@param1(1), 
 10086 ;;  ret             1    8[BANK0 ] unsigned char 
 10087 ;; Return value:  Size  Location     Type
 10088 ;;                  1    wreg      unsigned char 
 10089 ;; Registers used:
 10090 ;;		wreg, fsr0l, fsr0h, fsr1l, fsr1h, status,2, status,0, pclath, cstack
 10091 ;; Tracked objects:
 10092 ;;		On entry : 0/0
 10093 ;;		On exit  : 0/0
 10094 ;;		Unchanged: 0/0
 10095 ;; Data sizes:     COMMON   BANK0   BANK1   BANK2   BANK3   BANK4   BANK5   BANK6   BANK7   BANK8   BANK9  BANK10  BANK1
      +1  BANK12  BANK13  BANK14  BANK15  BANK16  BANK17  BANK18  BANK19  BANK20  BANK21  BANK22  BANK23  BANK24  BANK25
 10096 ;;      Params:         0       1       0       0       0       0       0       0       0       0       0       0       
      +0       0       0       0       0       0       0       0       0       0       0       0       0       0       0
 10097 ;;      Locals:         0       2       0       0       0       0       0       0       0       0       0       0       
      +0       0       0       0       0       0       0       0       0       0       0       0       0       0       0
 10098 ;;      Temps:          0       2       0       0       0       0       0       0       0       0       0       0       
      +0       0       0       0       0       0       0       0       0       0       0       0       0       0       0
 10099 ;;      Totals:         0       5       0       0       0       0       0       0       0       0       0       0       
      +0       0       0       0       0       0       0       0       0       0       0       0       0       0       0
 10100 ;;Total ram usage:        5 bytes
 10101 ;; Hardware stack levels used: 1
 10102 ;; Hardware stack levels required when called: 7
 10103 ;; This function calls:
 10104 ;;		___bmul
 10105 ;; This function is called by:
 10106 ;;		_CW_Config
 10107 ;; This function uses a non-reentrant model
 10108 ;;
 10109                           
 10110     0D45                     _CMD_dequeue:	
 10111                           ;psect for function _CMD_dequeue
 10112                           
 10113                           
 10114                           ;incstack = 0
 10115                           ; Regs used in _CMD_dequeue: [wreg-fsr1h+status,2+status,0+pclath+cstack]
 10116                           ;CMD_dequeue@param1 stored from wreg
 10117     0D45  0020               	movlb	0	; select bank0
 10118     0D46  00A7               	movwf	CMD_dequeue@param1
 10119                           
 10120                           ;D:/Microchip/MPLABProjects/PSoC3-PCIe-MKIII.X/main.c: 84:     uint8_t ret = 199;
 10121     0D47  30C7               	movlw	199
 10122     0D48  00A8               	movwf	CMD_dequeue@ret
 10123                           
 10124                           ;D:/Microchip/MPLABProjects/PSoC3-PCIe-MKIII.X/main.c: 86:     if (CMD_add_queue_busy ==
      +                           0) {
 10125     0D49  086F               	movf	_CMD_add_queue_busy,w	;volatile
 10126     0D4A  1D03               	btfss	3,2
 10127     0D4B  2DC5               	goto	l3602
 10128                           
 10129                           ;D:/Microchip/MPLABProjects/PSoC3-PCIe-MKIII.X/main.c: 87:         CMD_dequeue_busy = 1;
 10130     0D4C  3001               	movlw	1
 10131     0D4D  0021               	movlb	1	; select bank1
 10132     0D4E  00B7               	movwf	_CMD_dequeue_busy^(0+128)	;volatile
 10133                           
 10134                           ;D:/Microchip/MPLABProjects/PSoC3-PCIe-MKIII.X/main.c: 88:         if (CMD_queue_front =
      +                          = -1) {
 10135     0D4F  0A69               	incf	_CMD_queue_front^(0+128),w	;volatile
 10136     0D50  1D03               	skipz
 10137     0D51  2D59               	goto	l3586
 10138     0D52  0A6A               	incf	(_CMD_queue_front+1)^(0+128),w	;volatile
 10139     0D53  1D03               	btfss	3,2
 10140     0D54  2D59               	goto	l3586
 10141                           
 10142                           ;D:/Microchip/MPLABProjects/PSoC3-PCIe-MKIII.X/main.c: 89:             ret = 199;
 10143     0D55  30C7               	movlw	199
 10144     0D56  0020               	movlb	0	; select bank0
 10145     0D57  00A8               	movwf	CMD_dequeue@ret
 10146                           
 10147                           ;D:/Microchip/MPLABProjects/PSoC3-PCIe-MKIII.X/main.c: 90:         } else {
 10148     0D58  2DBB               	goto	l645
 10149     0D59                     l3586:
 10150                           
 10151                           ;D:/Microchip/MPLABProjects/PSoC3-PCIe-MKIII.X/main.c: 91:             ret = CMD_Queue[C
      +                          MD_queue_front][0];
 10152     0D59  3003               	movlw	3
 10153     0D5A  0020               	movlb	0	; select bank0
 10154     0D5B  00A0               	movwf	___bmul@multiplicand
 10155     0D5C  0021               	movlb	1	; select bank1
 10156     0D5D  0869               	movf	_CMD_queue_front^(0+128),w	;volatile
 10157     0D5E  3189  218A  318D   	fcall	___bmul
 10158     0D61  3EA0               	addlw	(low (_CMD_Queue| (0+256)))& (0+255)
 10159     0D62  0086               	movwf	6
 10160     0D63  3001               	movlw	1	; select bank3/4
 10161     0D64  0087               	movwf	7
 10162     0D65  0801               	movf	1,w
 10163     0D66  0020               	movlb	0	; select bank0
 10164     0D67  00A8               	movwf	CMD_dequeue@ret
 10165                           
 10166                           ;D:/Microchip/MPLABProjects/PSoC3-PCIe-MKIII.X/main.c: 92:             *param1 = CMD_Que
      +                          ue[CMD_queue_front][1];
 10167     0D68  0827               	movf	CMD_dequeue@param1,w
 10168     0D69  0086               	movwf	6
 10169     0D6A  0187               	clrf	7
 10170     0D6B  3003               	movlw	3
 10171     0D6C  00A0               	movwf	___bmul@multiplicand
 10172     0D6D  0021               	movlb	1	; select bank1
 10173     0D6E  0869               	movf	_CMD_queue_front^(0+128),w	;volatile
 10174     0D6F  3189  218A  318D   	fcall	___bmul
 10175     0D72  3EA1               	addlw	(low ((_CMD_Queue| (0+256)+1)))& (0+255)
 10176     0D73  0084               	movwf	4
 10177     0D74  3001               	movlw	1	; select bank3/4
 10178     0D75  0085               	movwf	5
 10179     0D76  0800               	movf	0,w
 10180     0D77  0081               	movwf	1
 10181                           
 10182                           ;D:/Microchip/MPLABProjects/PSoC3-PCIe-MKIII.X/main.c: 93:             *param2 = CMD_Que
      +                          ue[CMD_queue_front][2];
 10183     0D78  0020               	movlb	0	; select bank0
 10184     0D79  0824               	movf	CMD_dequeue@param2,w
 10185     0D7A  0086               	movwf	6
 10186     0D7B  0187               	clrf	7
 10187     0D7C  3003               	movlw	3
 10188     0D7D  00A0               	movwf	___bmul@multiplicand
 10189     0D7E  0021               	movlb	1	; select bank1
 10190     0D7F  0869               	movf	_CMD_queue_front^(0+128),w	;volatile
 10191     0D80  3189  218A  318D   	fcall	___bmul
 10192     0D83  3EA2               	addlw	(low ((_CMD_Queue| (0+256)+2)))& (0+255)
 10193     0D84  0084               	movwf	4
 10194     0D85  3001               	movlw	1	; select bank3/4
 10195     0D86  0085               	movwf	5
 10196     0D87  0800               	movf	0,w
 10197     0D88  0081               	movwf	1
 10198                           
 10199                           ;D:/Microchip/MPLABProjects/PSoC3-PCIe-MKIII.X/main.c: 94:             CMD_Queue[CMD_que
      +                          ue_front][0] = 199;
 10200     0D89  3003               	movlw	3
 10201     0D8A  0020               	movlb	0	; select bank0
 10202     0D8B  00A0               	movwf	___bmul@multiplicand
 10203     0D8C  0021               	movlb	1	; select bank1
 10204     0D8D  0869               	movf	_CMD_queue_front^(0+128),w	;volatile
 10205     0D8E  3189  218A  318D   	fcall	___bmul
 10206     0D91  3EA0               	addlw	(low (_CMD_Queue| (0+256)))& (0+255)
 10207     0D92  0086               	movwf	6
 10208     0D93  3001               	movlw	1	; select bank3/4
 10209     0D94  0087               	movwf	7
 10210     0D95  30C7               	movlw	199
 10211     0D96  0081               	movwf	1
 10212                           
 10213                           ;D:/Microchip/MPLABProjects/PSoC3-PCIe-MKIII.X/main.c: 95:             if (CMD_queue_fro
      +                          nt == CMD_queue_rear) {
 10214     0D97  0021               	movlb	1	; select bank1
 10215     0D98  0868               	movf	(_CMD_queue_rear+1)^(0+128),w	;volatile
 10216     0D99  066A               	xorwf	(_CMD_queue_front+1)^(0+128),w	;volatile
 10217     0D9A  1D03               	skipz
 10218     0D9B  2D9E               	goto	u2845
 10219     0D9C  0867               	movf	_CMD_queue_rear^(0+128),w	;volatile
 10220     0D9D  0669               	xorwf	_CMD_queue_front^(0+128),w	;volatile
 10221     0D9E                     u2845:
 10222     0D9E  1D03               	skipz
 10223     0D9F  2DA9               	goto	l3596
 10224                           
 10225                           ;D:/Microchip/MPLABProjects/PSoC3-PCIe-MKIII.X/main.c: 96:                 CMD_queue_fro
      +                          nt = CMD_queue_rear = -1;
 10226     0DA0  30FF               	movlw	255
 10227     0DA1  00E7               	movwf	_CMD_queue_rear^(0+128)	;volatile
 10228     0DA2  30FF               	movlw	255
 10229     0DA3  00E8               	movwf	(_CMD_queue_rear^(0+128)+1)	;volatile
 10230     0DA4  0868               	movf	(_CMD_queue_rear+1)^(0+128),w	;volatile
 10231     0DA5  00EA               	movwf	(_CMD_queue_front+1)^(0+128)	;volatile
 10232     0DA6  0867               	movf	_CMD_queue_rear^(0+128),w	;volatile
 10233     0DA7  00E9               	movwf	_CMD_queue_front^(0+128)	;volatile
 10234                           
 10235                           ;D:/Microchip/MPLABProjects/PSoC3-PCIe-MKIII.X/main.c: 97:             } else {
 10236     0DA8  2DBB               	goto	l645
 10237     0DA9                     l3596:
 10238                           
 10239                           ;D:/Microchip/MPLABProjects/PSoC3-PCIe-MKIII.X/main.c: 98:                 CMD_queue_fro
      +                          nt = (CMD_queue_front + 1) % 16;
 10240     0DA9  0869               	movf	_CMD_queue_front^(0+128),w	;volatile
 10241     0DAA  3E01               	addlw	1
 10242     0DAB  0020               	movlb	0	; select bank0
 10243     0DAC  00A5               	movwf	??_CMD_dequeue
 10244     0DAD  3000               	movlw	0
 10245     0DAE  0021               	movlb	1	; select bank1
 10246     0DAF  3D6A               	addwfc	(_CMD_queue_front+1)^(0+128),w	;volatile
 10247     0DB0  0020               	movlb	0	; select bank0
 10248     0DB1  00A6               	movwf	??_CMD_dequeue+1
 10249     0DB2  300F               	movlw	15
 10250     0DB3  0525               	andwf	??_CMD_dequeue,w
 10251     0DB4  0021               	movlb	1	; select bank1
 10252     0DB5  00E9               	movwf	_CMD_queue_front^(0+128)	;volatile
 10253     0DB6  3000               	movlw	0
 10254     0DB7  0020               	movlb	0	; select bank0
 10255     0DB8  0526               	andwf	??_CMD_dequeue+1,w
 10256     0DB9  0021               	movlb	1	; select bank1
 10257     0DBA  00EA               	movwf	(_CMD_queue_front+1)^(0+128)	;volatile
 10258     0DBB                     l645:	
 10259                           ;D:/Microchip/MPLABProjects/PSoC3-PCIe-MKIII.X/main.c: 100:         }
 10260                           
 10261                           
 10262                           ;D:/Microchip/MPLABProjects/PSoC3-PCIe-MKIII.X/main.c: 101:         if (ret != 199) {
 10263     0DBB  30C7               	movlw	199
 10264     0DBC  0020               	movlb	0	; select bank0
 10265     0DBD  0628               	xorwf	CMD_dequeue@ret,w
 10266     0DBE  1903               	btfsc	3,2
 10267     0DBF  2DC3               	goto	l3600
 10268                           
 10269                           ;D:/Microchip/MPLABProjects/PSoC3-PCIe-MKIII.X/main.c: 102:             CMD_queue_count-
      +                          -;
 10270     0DC0  3001               	movlw	1
 10271     0DC1  0021               	movlb	1	; select bank1
 10272     0DC2  02B6               	subwf	_CMD_queue_count^(0+128),f	;volatile
 10273     0DC3                     l3600:
 10274                           
 10275                           ;D:/Microchip/MPLABProjects/PSoC3-PCIe-MKIII.X/main.c: 104:         CMD_dequeue_busy = 0
      +                          ;
 10276     0DC3  0021               	movlb	1	; select bank1
 10277     0DC4  01B7               	clrf	_CMD_dequeue_busy^(0+128)	;volatile
 10278     0DC5                     l3602:
 10279                           
 10280                           ;D:/Microchip/MPLABProjects/PSoC3-PCIe-MKIII.X/main.c: 106:     return ret;
 10281     0DC5  0020               	movlb	0	; select bank0
 10282     0DC6  0828               	movf	CMD_dequeue@ret,w
 10283     0DC7  0008               	return
 10284     0DC8                     __end_of_CMD_dequeue:
 10285                           
 10286                           	psect	text40
 10287     098A                     __ptext40:	
 10288 ;; *************** function ___bmul *****************
 10289 ;; Defined at:
 10290 ;;		line 4 in file "C:\Program Files\Microchip\xc8\v2.45\pic\sources\c99\common\Umul8.c"
 10291 ;; Parameters:    Size  Location     Type
 10292 ;;  multiplier      1    wreg     unsigned char 
 10293 ;;  multiplicand    1    0[BANK0 ] unsigned char 
 10294 ;; Auto vars:     Size  Location     Type
 10295 ;;  multiplier      1    3[BANK0 ] unsigned char 
 10296 ;;  product         1    2[BANK0 ] unsigned char 
 10297 ;; Return value:  Size  Location     Type
 10298 ;;                  1    wreg      unsigned char 
 10299 ;; Registers used:
 10300 ;;		wreg, status,2, status,0
 10301 ;; Tracked objects:
 10302 ;;		On entry : 0/0
 10303 ;;		On exit  : 0/0
 10304 ;;		Unchanged: 0/0
 10305 ;; Data sizes:     COMMON   BANK0   BANK1   BANK2   BANK3   BANK4   BANK5   BANK6   BANK7   BANK8   BANK9  BANK10  BANK1
      +1  BANK12  BANK13  BANK14  BANK15  BANK16  BANK17  BANK18  BANK19  BANK20  BANK21  BANK22  BANK23  BANK24  BANK25
 10306 ;;      Params:         0       1       0       0       0       0       0       0       0       0       0       0       
      +0       0       0       0       0       0       0       0       0       0       0       0       0       0       0
 10307 ;;      Locals:         0       2       0       0       0       0       0       0       0       0       0       0       
      +0       0       0       0       0       0       0       0       0       0       0       0       0       0       0
 10308 ;;      Temps:          0       1       0       0       0       0       0       0       0       0       0       0       
      +0       0       0       0       0       0       0       0       0       0       0       0       0       0       0
 10309 ;;      Totals:         0       4       0       0       0       0       0       0       0       0       0       0       
      +0       0       0       0       0       0       0       0       0       0       0       0       0       0       0
 10310 ;;Total ram usage:        4 bytes
 10311 ;; Hardware stack levels used: 1
 10312 ;; Hardware stack levels required when called: 6
 10313 ;; This function calls:
 10314 ;;		Nothing
 10315 ;; This function is called by:
 10316 ;;		_CMD_dequeue
 10317 ;;		_CMD_queue_add
 10318 ;; This function uses a non-reentrant model
 10319 ;;
 10320                           
 10321     098A                     ___bmul:	
 10322                           ;psect for function ___bmul
 10323                           
 10324                           
 10325                           ;incstack = 0
 10326                           ; Regs used in ___bmul: [wreg+status,2+status,0]
 10327                           ;___bmul@multiplier stored from wreg
 10328     098A  0020               	movlb	0	; select bank0
 10329     098B  00A3               	movwf	___bmul@multiplier
 10330     098C  01A2               	clrf	___bmul@product
 10331     098D                     l3170:
 10332     098D  1C23               	btfss	___bmul@multiplier,0
 10333     098E  2993               	goto	l3174
 10334     098F  0820               	movf	___bmul@multiplicand,w
 10335     0990  00A1               	movwf	??___bmul
 10336     0991  0821               	movf	??___bmul,w
 10337     0992  07A2               	addwf	___bmul@product,f
 10338     0993                     l3174:
 10339     0993  1003               	clrc
 10340     0994  0DA0               	rlf	___bmul@multiplicand,f
 10341     0995  1003               	clrc
 10342     0996  0CA3               	rrf	___bmul@multiplier,f
 10343     0997  0823               	movf	___bmul@multiplier,w
 10344     0998  1D03               	btfss	3,2
 10345     0999  298D               	goto	l3170
 10346     099A  0822               	movf	___bmul@product,w
 10347     099B  0008               	return
 10348     099C                     __end_of___bmul:
 10349                           
 10350                           	psect	intentry
 10351     0004                     __pintentry:	
 10352 ;; *************** function _INTERRUPT_InterruptManager *****************
 10353 ;; Defined at:
 10354 ;;		line 52 in file "mcc_generated_files/interrupt_manager.c"
 10355 ;; Parameters:    Size  Location     Type
 10356 ;;		None
 10357 ;; Auto vars:     Size  Location     Type
 10358 ;;		None
 10359 ;; Return value:  Size  Location     Type
 10360 ;;                  1    wreg      void 
 10361 ;; Registers used:
 10362 ;;		wreg, fsr0l, fsr0h, fsr1l, fsr1h, status,2, status,0, pclath, cstack
 10363 ;; Tracked objects:
 10364 ;;		On entry : 0/0
 10365 ;;		On exit  : 0/0
 10366 ;;		Unchanged: 0/0
 10367 ;; Data sizes:     COMMON   BANK0   BANK1   BANK2   BANK3   BANK4   BANK5   BANK6   BANK7   BANK8   BANK9  BANK10  BANK1
      +1  BANK12  BANK13  BANK14  BANK15  BANK16  BANK17  BANK18  BANK19  BANK20  BANK21  BANK22  BANK23  BANK24  BANK25
 10368 ;;      Params:         0       0       0       0       0       0       0       0       0       0       0       0       
      +0       0       0       0       0       0       0       0       0       0       0       0       0       0       0
 10369 ;;      Locals:         0       0       0       0       0       0       0       0       0       0       0       0       
      +0       0       0       0       0       0       0       0       0       0       0       0       0       0       0
 10370 ;;      Temps:          0       0       0       0       0       0       0       0       0       0       0       0       
      +0       0       0       0       0       0       0       0       0       0       0       0       0       0       0
 10371 ;;      Totals:         0       0       0       0       0       0       0       0       0       0       0       0       
      +0       0       0       0       0       0       0       0       0       0       0       0       0       0       0
 10372 ;;Total ram usage:        0 bytes
 10373 ;; Hardware stack levels used: 1
 10374 ;; Hardware stack levels required when called: 5
 10375 ;; This function calls:
 10376 ;;		NULL
 10377 ;;		_I2C1_Isr
 10378 ;;		_TMR0_ISR
 10379 ;; This function is called by:
 10380 ;;		Interrupt level 1
 10381 ;; This function uses a non-reentrant model
 10382 ;;
 10383                           
 10384     0004                     _INTERRUPT_InterruptManager:
 10385                           
 10386                           ;incstack = 0
 10387     0004  147E               	bsf	126,0	;set compiler interrupt flag (level 1)
 10388                           
 10389                           ; Regs used in _INTERRUPT_InterruptManager: [wreg-fsr1h+status,2+status,0+pclath+cstack]
 10390     0005  3180               	pagesel	$
 10391                           
 10392                           ;mcc_generated_files/interrupt_manager.c: 55:     if(PIE0bits.TMR0IE == 1 && PIR0bits.TM
      +                          R0IF == 1)
 10393     0006  0021               	movlb	1	; select bank1
 10394     0007  1E90               	btfss	16,5	;volatile
 10395     0008  2810               	goto	i1l29
 10396     0009  0020               	movlb	0	; select bank0
 10397     000A  1E90               	btfss	16,5	;volatile
 10398     000B  2810               	goto	i1l29
 10399                           
 10400                           ;mcc_generated_files/interrupt_manager.c: 56:     {;mcc_generated_files/interrupt_manage
      +                          r.c: 57:         TMR0_ISR();
 10401     000C  3189  214C  3180   	fcall	_TMR0_ISR
 10402                           
 10403                           ;mcc_generated_files/interrupt_manager.c: 58:     }
 10404     000F  2823               	goto	i1l37
 10405     0010                     i1l29:	
 10406                           ;mcc_generated_files/interrupt_manager.c: 59:     else if(INTCONbits.PEIE == 1)
 10407                           
 10408     0010  1F0B               	btfss	11,6	;volatile
 10409     0011  2823               	goto	i1l37
 10410                           
 10411                           ;mcc_generated_files/interrupt_manager.c: 60:     {;mcc_generated_files/interrupt_manage
      +                          r.c: 61:         if(PIE1bits.BCL1IE == 1 && PIR1bits.BCL1IF == 1)
 10412     0012  0021               	movlb	1	; select bank1
 10413     0013  1911               	btfsc	17,2	;volatile
 10414     0014  0020               	movlb	0	; select bank0
 10415     0015  1911               	btfsc	17,2	;volatile
 10416     0016  281D               	goto	i1l4206
 10417                           
 10418                           ;mcc_generated_files/interrupt_manager.c: 65:         else if(PIE1bits.SSP1IE == 1 && PI
      +                          R1bits.SSP1IF == 1)
 10419                           
 10420                           ;mcc_generated_files/interrupt_manager.c: 64:         }
 10421     0017  0021               	movlb	1	; select bank1
 10422     0018  1D91               	btfss	17,3	;volatile
 10423     0019  2823               	goto	i1l37
 10424     001A  0020               	movlb	0	; select bank0
 10425     001B  1D91               	btfss	17,3	;volatile
 10426     001C  2823               	goto	i1l37
 10427     001D                     i1l4206:
 10428                           
 10429                           ;mcc_generated_files/interrupt_manager.c: 62:         {;mcc_generated_files/interrupt_ma
      +                          nager.c: 63:             MSSP1_InterruptHandler();
 10430     001D  0022               	movlb	2	; select bank2
 10431     001E  084F               	movf	(_MSSP1_InterruptHandler+1)^(0+256),w
 10432     001F  008A               	movwf	10
 10433     0020  084E               	movf	_MSSP1_InterruptHandler^(0+256),w
 10434     0021  000A               	callw
 10435     0022  3180               	pagesel	$
 10436     0023                     i1l37:	
 10437                           ;mcc_generated_files/interrupt_manager.c: 75:     {;mcc_generated_files/interrupt_manage
      +                          r.c: 77:     }
 10438                           
 10439     0023  107E               	bcf	126,0	;clear compiler interrupt flag (level 1)
 10440     0024  0009               	retfie
 10441     0025                     __end_of_INTERRUPT_InterruptManager:
 10442                           
 10443                           	psect	text42
 10444     094C                     __ptext42:	
 10445 ;; *************** function _TMR0_ISR *****************
 10446 ;; Defined at:
 10447 ;;		line 121 in file "mcc_generated_files/tmr0.c"
 10448 ;; Parameters:    Size  Location     Type
 10449 ;;		None
 10450 ;; Auto vars:     Size  Location     Type
 10451 ;;		None
 10452 ;; Return value:  Size  Location     Type
 10453 ;;                  1    wreg      void 
 10454 ;; Registers used:
 10455 ;;		wreg, status,2, status,0, pclath, cstack
 10456 ;; Tracked objects:
 10457 ;;		On entry : 0/0
 10458 ;;		On exit  : 0/0
 10459 ;;		Unchanged: 0/0
 10460 ;; Data sizes:     COMMON   BANK0   BANK1   BANK2   BANK3   BANK4   BANK5   BANK6   BANK7   BANK8   BANK9  BANK10  BANK1
      +1  BANK12  BANK13  BANK14  BANK15  BANK16  BANK17  BANK18  BANK19  BANK20  BANK21  BANK22  BANK23  BANK24  BANK25
 10461 ;;      Params:         0       0       0       0       0       0       0       0       0       0       0       0       
      +0       0       0       0       0       0       0       0       0       0       0       0       0       0       0
 10462 ;;      Locals:         0       0       0       0       0       0       0       0       0       0       0       0       
      +0       0       0       0       0       0       0       0       0       0       0       0       0       0       0
 10463 ;;      Temps:          0       0       0       0       0       0       0       0       0       0       0       0       
      +0       0       0       0       0       0       0       0       0       0       0       0       0       0       0
 10464 ;;      Totals:         0       0       0       0       0       0       0       0       0       0       0       0       
      +0       0       0       0       0       0       0       0       0       0       0       0       0       0       0
 10465 ;;Total ram usage:        0 bytes
 10466 ;; Hardware stack levels used: 1
 10467 ;; Hardware stack levels required when called: 1
 10468 ;; This function calls:
 10469 ;;		NULL
 10470 ;;		_TMR0_DefaultInterruptHandler
 10471 ;;		_micros
 10472 ;; This function is called by:
 10473 ;;		_INTERRUPT_InterruptManager
 10474 ;; This function uses a non-reentrant model
 10475 ;;
 10476                           
 10477     094C                     _TMR0_ISR:	
 10478                           ;psect for function _TMR0_ISR
 10479                           
 10480                           
 10481                           ;mcc_generated_files/tmr0.c: 124:     PIR0bits.TMR0IF = 0;
 10482                           
 10483                           ;incstack = 0
 10484                           ; Regs used in _TMR0_ISR: [wreg+status,2+status,0+pclath+cstack]
 10485     094C  0020               	movlb	0	; select bank0
 10486     094D  1290               	bcf	16,5	;volatile
 10487                           
 10488                           ;mcc_generated_files/tmr0.c: 125:     if(TMR0_InterruptHandler)
 10489     094E  0022               	movlb	2	; select bank2
 10490     094F  0851               	movf	_TMR0_InterruptHandler^(0+256),w
 10491     0950  0452               	iorwf	(_TMR0_InterruptHandler+1)^(0+256),w
 10492     0951  1903               	btfsc	3,2
 10493     0952  0008               	return
 10494                           
 10495                           ;mcc_generated_files/tmr0.c: 126:     {;mcc_generated_files/tmr0.c: 127:         TMR0_In
      +                          terruptHandler();
 10496     0953  0852               	movf	(_TMR0_InterruptHandler+1)^(0+256),w
 10497     0954  008A               	movwf	10
 10498     0955  0851               	movf	_TMR0_InterruptHandler^(0+256),w
 10499     0956  000A               	callw
 10500     0957  3189               	pagesel	$
 10501     0958  0008               	return
 10502     0959                     __end_of_TMR0_ISR:
 10503                           
 10504                           	psect	text43
 10505     0002                     __ptext43:	
 10506 ;; *************** function _TMR0_DefaultInterruptHandler *****************
 10507 ;; Defined at:
 10508 ;;		line 138 in file "mcc_generated_files/tmr0.c"
 10509 ;; Parameters:    Size  Location     Type
 10510 ;;		None
 10511 ;; Auto vars:     Size  Location     Type
 10512 ;;		None
 10513 ;; Return value:  Size  Location     Type
 10514 ;;                  1    wreg      void 
 10515 ;; Registers used:
 10516 ;;		None
 10517 ;; Tracked objects:
 10518 ;;		On entry : 0/0
 10519 ;;		On exit  : 0/0
 10520 ;;		Unchanged: 0/0
 10521 ;; Data sizes:     COMMON   BANK0   BANK1   BANK2   BANK3   BANK4   BANK5   BANK6   BANK7   BANK8   BANK9  BANK10  BANK1
      +1  BANK12  BANK13  BANK14  BANK15  BANK16  BANK17  BANK18  BANK19  BANK20  BANK21  BANK22  BANK23  BANK24  BANK25
 10522 ;;      Params:         0       0       0       0       0       0       0       0       0       0       0       0       
      +0       0       0       0       0       0       0       0       0       0       0       0       0       0       0
 10523 ;;      Locals:         0       0       0       0       0       0       0       0       0       0       0       0       
      +0       0       0       0       0       0       0       0       0       0       0       0       0       0       0
 10524 ;;      Temps:          0       0       0       0       0       0       0       0       0       0       0       0       
      +0       0       0       0       0       0       0       0       0       0       0       0       0       0       0
 10525 ;;      Totals:         0       0       0       0       0       0       0       0       0       0       0       0       
      +0       0       0       0       0       0       0       0       0       0       0       0       0       0       0
 10526 ;;Total ram usage:        0 bytes
 10527 ;; Hardware stack levels used: 1
 10528 ;; This function calls:
 10529 ;;		Nothing
 10530 ;; This function is called by:
 10531 ;;		_TMR0_Initialize
 10532 ;;		_TMR0_ISR
 10533 ;; This function uses a non-reentrant model
 10534 ;;
 10535                           
 10536     0002                     _TMR0_DefaultInterruptHandler:	
 10537                           ;psect for function _TMR0_DefaultInterruptHandler
 10538                           
 10539                           
 10540                           ;incstack = 0
 10541                           ; Regs used in _TMR0_DefaultInterruptHandler: []
 10542     0002  0008               	return
 10543     0003                     __end_of_TMR0_DefaultInterruptHandler:
 10544                           
 10545                           	psect	text44
 10546     0978                     __ptext44:	
 10547 ;; *************** function _micros *****************
 10548 ;; Defined at:
 10549 ;;		line 232 in file "D:/Microchip/MPLABProjects/PSoC3-PCIe-MKIII.X/main.c"
 10550 ;; Parameters:    Size  Location     Type
 10551 ;;		None
 10552 ;; Auto vars:     Size  Location     Type
 10553 ;;		None
 10554 ;; Return value:  Size  Location     Type
 10555 ;;                  1    wreg      void 
 10556 ;; Registers used:
 10557 ;;		wreg
 10558 ;; Tracked objects:
 10559 ;;		On entry : 0/0
 10560 ;;		On exit  : 0/0
 10561 ;;		Unchanged: 0/0
 10562 ;; Data sizes:     COMMON   BANK0   BANK1   BANK2   BANK3   BANK4   BANK5   BANK6   BANK7   BANK8   BANK9  BANK10  BANK1
      +1  BANK12  BANK13  BANK14  BANK15  BANK16  BANK17  BANK18  BANK19  BANK20  BANK21  BANK22  BANK23  BANK24  BANK25
 10563 ;;      Params:         0       0       0       0       0       0       0       0       0       0       0       0       
      +0       0       0       0       0       0       0       0       0       0       0       0       0       0       0
 10564 ;;      Locals:         0       0       0       0       0       0       0       0       0       0       0       0       
      +0       0       0       0       0       0       0       0       0       0       0       0       0       0       0
 10565 ;;      Temps:          0       0       0       0       0       0       0       0       0       0       0       0       
      +0       0       0       0       0       0       0       0       0       0       0       0       0       0       0
 10566 ;;      Totals:         0       0       0       0       0       0       0       0       0       0       0       0       
      +0       0       0       0       0       0       0       0       0       0       0       0       0       0       0
 10567 ;;Total ram usage:        0 bytes
 10568 ;; Hardware stack levels used: 1
 10569 ;; This function calls:
 10570 ;;		Nothing
 10571 ;; This function is called by:
 10572 ;;		_main
 10573 ;;		_TMR0_ISR
 10574 ;; This function uses a non-reentrant model
 10575 ;;
 10576                           
 10577     0978                     _micros:	
 10578                           ;psect for function _micros
 10579                           
 10580                           
 10581                           ;D:/Microchip/MPLABProjects/PSoC3-PCIe-MKIII.X/main.c: 233:     micro_tick_A += 1;
 10582                           
 10583                           ;incstack = 0
 10584                           ; Regs used in _micros: [wreg]
 10585     0978  3001               	movlw	1
 10586     0979  0022               	movlb	2	; select bank2
 10587     097A  07C0               	addwf	_micro_tick_A^(0+256),f
 10588     097B  3000               	movlw	0
 10589     097C  3DC1               	addwfc	(_micro_tick_A+1)^(0+256),f
 10590     097D  3000               	movlw	0
 10591     097E  3DC2               	addwfc	(_micro_tick_A+2)^(0+256),f
 10592     097F  3000               	movlw	0
 10593     0980  3DC3               	addwfc	(_micro_tick_A+3)^(0+256),f
 10594                           
 10595                           ;D:/Microchip/MPLABProjects/PSoC3-PCIe-MKIII.X/main.c: 234:     micro_tick_B += 1;
 10596     0981  3001               	movlw	1
 10597     0982  07BC               	addwf	_micro_tick_B^(0+256),f
 10598     0983  3000               	movlw	0
 10599     0984  3DBD               	addwfc	(_micro_tick_B+1)^(0+256),f
 10600     0985  3000               	movlw	0
 10601     0986  3DBE               	addwfc	(_micro_tick_B+2)^(0+256),f
 10602     0987  3000               	movlw	0
 10603     0988  3DBF               	addwfc	(_micro_tick_B+3)^(0+256),f
 10604     0989  0008               	return
 10605     098A                     __end_of_micros:
 10606                           
 10607                           	psect	text45
 10608     0BAB                     __ptext45:	
 10609 ;; *************** function _I2C1_Isr *****************
 10610 ;; Defined at:
 10611 ;;		line 165 in file "mcc_generated_files/i2c1_slave.c"
 10612 ;; Parameters:    Size  Location     Type
 10613 ;;		None
 10614 ;; Auto vars:     Size  Location     Type
 10615 ;;		None
 10616 ;; Return value:  Size  Location     Type
 10617 ;;                  1    wreg      void 
 10618 ;; Registers used:
 10619 ;;		wreg, fsr0l, fsr0h, fsr1l, fsr1h, status,2, status,0, pclath, cstack
 10620 ;; Tracked objects:
 10621 ;;		On entry : 0/0
 10622 ;;		On exit  : 0/0
 10623 ;;		Unchanged: 0/0
 10624 ;; Data sizes:     COMMON   BANK0   BANK1   BANK2   BANK3   BANK4   BANK5   BANK6   BANK7   BANK8   BANK9  BANK10  BANK1
      +1  BANK12  BANK13  BANK14  BANK15  BANK16  BANK17  BANK18  BANK19  BANK20  BANK21  BANK22  BANK23  BANK24  BANK25
 10625 ;;      Params:         0       0       0       0       0       0       0       0       0       0       0       0       
      +0       0       0       0       0       0       0       0       0       0       0       0       0       0       0
 10626 ;;      Locals:         0       0       0       0       0       0       0       0       0       0       0       0       
      +0       0       0       0       0       0       0       0       0       0       0       0       0       0       0
 10627 ;;      Temps:          2       0       0       0       0       0       0       0       0       0       0       0       
      +0       0       0       0       0       0       0       0       0       0       0       0       0       0       0
 10628 ;;      Totals:         2       0       0       0       0       0       0       0       0       0       0       0       
      +0       0       0       0       0       0       0       0       0       0       0       0       0       0       0
 10629 ;;Total ram usage:        2 bytes
 10630 ;; Hardware stack levels used: 1
 10631 ;; Hardware stack levels required when called: 4
 10632 ;; This function calls:
 10633 ;;		_I2C1_SlaveAddrCallBack
 10634 ;;		_I2C1_SlaveClearIrq
 10635 ;;		_I2C1_SlaveIsAddr
 10636 ;;		_I2C1_SlaveIsRead
 10637 ;;		_I2C1_SlaveIsRxBufFull
 10638 ;;		_I2C1_SlaveIsTxBufEmpty
 10639 ;;		_I2C1_SlaveRdCallBack
 10640 ;;		_I2C1_SlaveReleaseClock
 10641 ;;		_I2C1_SlaveWrCallBack
 10642 ;; This function is called by:
 10643 ;;		_I2C1_Open
 10644 ;;		_INTERRUPT_InterruptManager
 10645 ;; This function uses a non-reentrant model
 10646 ;;
 10647                           
 10648     0BAB                     _I2C1_Isr:	
 10649                           ;psect for function _I2C1_Isr
 10650                           
 10651                           
 10652                           ;mcc_generated_files/i2c1_slave.c: 167:     I2C1_SlaveClearIrq();
 10653                           
 10654                           ;incstack = 0
 10655                           ; Regs used in _I2C1_Isr: [wreg-fsr1h+status,2+status,0+pclath+cstack]
 10656     0BAB  3188  2068  318B   	fcall	_I2C1_SlaveClearIrq
 10657                           
 10658                           ;mcc_generated_files/i2c1_slave.c: 169:     if(I2C1_SlaveIsAddr())
 10659     0BAE  3188  20AB  318B   	fcall	_I2C1_SlaveIsAddr
 10660     0BB1  3A00               	xorlw	0
 10661     0BB2  1903               	skipnz
 10662     0BB3  2BBE               	goto	i1l3888
 10663                           
 10664                           ;mcc_generated_files/i2c1_slave.c: 170:     {;mcc_generated_files/i2c1_slave.c: 171:    
      +                               if(I2C1_SlaveIsRead())
 10665     0BB4  3188  2081  318B   	fcall	_I2C1_SlaveIsRead
 10666     0BB7  3A00               	xorlw	0
 10667     0BB8  1903               	skipnz
 10668     0BB9  2BBC               	goto	i1l3886
 10669                           
 10670                           ;mcc_generated_files/i2c1_slave.c: 172:         {;mcc_generated_files/i2c1_slave.c: 173:
      +                                       i2c1SlaveState = I2C1_ADDR_TX;
 10671     0BBA  3001               	movlw	1
 10672     0BBB  2BC7               	goto	L8
 10673     0BBC                     i1l3886:	
 10674                           ;mcc_generated_files/i2c1_slave.c: 174:         }
 10675                           
 10676                           
 10677                           ;mcc_generated_files/i2c1_slave.c: 176:         {;mcc_generated_files/i2c1_slave.c: 177:
      +                                       i2c1SlaveState = I2C1_ADDR_RX;
 10678     0BBC  3002               	movlw	2
 10679     0BBD  2BC7               	goto	L8
 10680     0BBE                     i1l3888:
 10681                           
 10682                           ;mcc_generated_files/i2c1_slave.c: 181:     {;mcc_generated_files/i2c1_slave.c: 182:    
      +                               if(I2C1_SlaveIsRead())
 10683     0BBE  3188  2081  318B   	fcall	_I2C1_SlaveIsRead
 10684     0BC1  3A00               	xorlw	0
 10685     0BC2  1903               	skipnz
 10686     0BC3  2BC6               	goto	i1l3892
 10687                           
 10688                           ;mcc_generated_files/i2c1_slave.c: 183:         {;mcc_generated_files/i2c1_slave.c: 184:
      +                                       i2c1SlaveState = I2C1_DATA_TX;
 10689     0BC4  3003               	movlw	3
 10690     0BC5  2BC7               	goto	L8
 10691     0BC6                     i1l3892:	
 10692                           ;mcc_generated_files/i2c1_slave.c: 185:         }
 10693                           
 10694                           
 10695                           ;mcc_generated_files/i2c1_slave.c: 187:         {;mcc_generated_files/i2c1_slave.c: 188:
      +                                       i2c1SlaveState = I2C1_DATA_RX;
 10696     0BC6  3004               	movlw	4
 10697     0BC7                     L8:
 10698     0BC7  0021               	movlb	1	; select bank1
 10699     0BC8  00C6               	movwf	_i2c1SlaveState^(0+128)	;volatile
 10700     0BC9  2BE6               	goto	i1l3912
 10701     0BCA                     i1l3894:
 10702                           
 10703                           ;mcc_generated_files/i2c1_slave.c: 195:             I2C1_SlaveAddrCallBack();
 10704     0BCA  3189  2113  318B   	fcall	_I2C1_SlaveAddrCallBack
 10705     0BCD                     L9:
 10706                           
 10707                           ;mcc_generated_files/i2c1_slave.c: 196:             if(I2C1_SlaveIsTxBufEmpty())
 10708     0BCD  3188  20B2  318B   	fcall	_I2C1_SlaveIsTxBufEmpty
 10709     0BD0  3A00               	xorlw	0
 10710     0BD1  1903               	skipnz
 10711     0BD2  2BFC               	goto	i1l3914
 10712                           
 10713                           ;mcc_generated_files/i2c1_slave.c: 197:             {;mcc_generated_files/i2c1_slave.c: 
      +                          198:                 I2C1_SlaveWrCallBack();
 10714     0BD3  3189  2129  318B   	fcall	_I2C1_SlaveWrCallBack
 10715     0BD6  2BFC               	goto	i1l3914
 10716     0BD7                     i1l3900:
 10717                           
 10718                           ;mcc_generated_files/i2c1_slave.c: 202:             I2C1_SlaveAddrCallBack();
 10719     0BD7  3189  2113  318B   	fcall	_I2C1_SlaveAddrCallBack
 10720                           
 10721                           ;mcc_generated_files/i2c1_slave.c: 203:             break;
 10722     0BDA  2BFC               	goto	i1l3914
 10723     0BDB                     i1l3902:
 10724     0BDB  2BCD               	goto	L9
 10725     0BDC                     i1l3906:	
 10726                           ;mcc_generated_files/i2c1_slave.c: 205:             if(I2C1_SlaveIsTxBufEmpty())
 10727                           
 10728                           
 10729                           ;mcc_generated_files/i2c1_slave.c: 211:             if(I2C1_SlaveIsRxBufFull())
 10730     0BDC  3188  2074  318B   	fcall	_I2C1_SlaveIsRxBufFull
 10731     0BDF  3A00               	xorlw	0
 10732     0BE0  1903               	skipnz
 10733     0BE1  2BFC               	goto	i1l3914
 10734                           
 10735                           ;mcc_generated_files/i2c1_slave.c: 212:             {;mcc_generated_files/i2c1_slave.c: 
      +                          213:                 I2C1_SlaveRdCallBack();
 10736     0BE2  3189  211E  318B   	fcall	_I2C1_SlaveRdCallBack
 10737     0BE5  2BFC               	goto	i1l3914
 10738     0BE6                     i1l3912:
 10739     0BE6  0846               	movf	_i2c1SlaveState^(0+128),w	;volatile
 10740     0BE7  00FB               	movwf	??_I2C1_Isr
 10741     0BE8  01FC               	clrf	??_I2C1_Isr+1
 10742                           
 10743                           ; Switch on 2 bytes has been partitioned into a top level switch of size 1, and 1 sub-sw
      +                          itches
 10744                           ; Switch size 1, requested type "simple"
 10745                           ; Number of cases is 1, Range of values is 0 to 0
 10746                           ; switch strategies available:
 10747                           ; Name         Instructions Cycles
 10748                           ; simple_byte            4     3 (average)
 10749                           ; direct_byte            8     6 (fixed)
 10750                           ; jumptable            260     6 (fixed)
 10751                           ;	Chosen strategy is simple_byte
 10752     0BE9  087C               	movf	??_I2C1_Isr+1,w
 10753     0BEA  3A00               	xorlw	0	; case 0
 10754     0BEB  1903               	skipnz
 10755     0BEC  2BEE               	goto	i1l4396
 10756     0BED  2BFC               	goto	i1l3914
 10757     0BEE                     i1l4396:
 10758                           
 10759                           ; Switch size 1, requested type "simple"
 10760                           ; Number of cases is 4, Range of values is 1 to 4
 10761                           ; switch strategies available:
 10762                           ; Name         Instructions Cycles
 10763                           ; simple_byte           13     7 (average)
 10764                           ; direct_byte           17     9 (fixed)
 10765                           ; jumptable            263     9 (fixed)
 10766                           ;	Chosen strategy is simple_byte
 10767     0BEE  087B               	movf	??_I2C1_Isr,w
 10768     0BEF  3A01               	xorlw	1	; case 1
 10769     0BF0  1903               	skipnz
 10770     0BF1  2BCA               	goto	i1l3894
 10771     0BF2  3A03               	xorlw	3	; case 2
 10772     0BF3  1903               	skipnz
 10773     0BF4  2BD7               	goto	i1l3900
 10774     0BF5  3A01               	xorlw	1	; case 3
 10775     0BF6  1903               	skipnz
 10776     0BF7  2BDB               	goto	i1l3902
 10777     0BF8  3A07               	xorlw	7	; case 4
 10778     0BF9  1903               	skipnz
 10779     0BFA  2BDC               	goto	i1l3906
 10780     0BFB  2BFC               	goto	i1l3914
 10781     0BFC                     i1l3914:
 10782                           
 10783                           ;mcc_generated_files/i2c1_slave.c: 219:     I2C1_SlaveReleaseClock();
 10784     0BFC  3188  206B         	fcall	_I2C1_SlaveReleaseClock
 10785     0BFE  0008               	return
 10786     0BFF                     __end_of_I2C1_Isr:
 10787                           
 10788                           	psect	text46
 10789     0929                     __ptext46:	
 10790 ;; *************** function _I2C1_SlaveWrCallBack *****************
 10791 ;; Defined at:
 10792 ;;		line 250 in file "mcc_generated_files/i2c1_slave.c"
 10793 ;; Parameters:    Size  Location     Type
 10794 ;;		None
 10795 ;; Auto vars:     Size  Location     Type
 10796 ;;		None
 10797 ;; Return value:  Size  Location     Type
 10798 ;;                  1    wreg      void 
 10799 ;; Registers used:
 10800 ;;		wreg, status,2, status,0, pclath, cstack
 10801 ;; Tracked objects:
 10802 ;;		On entry : 0/0
 10803 ;;		On exit  : 0/0
 10804 ;;		Unchanged: 0/0
 10805 ;; Data sizes:     COMMON   BANK0   BANK1   BANK2   BANK3   BANK4   BANK5   BANK6   BANK7   BANK8   BANK9  BANK10  BANK1
      +1  BANK12  BANK13  BANK14  BANK15  BANK16  BANK17  BANK18  BANK19  BANK20  BANK21  BANK22  BANK23  BANK24  BANK25
 10806 ;;      Params:         0       0       0       0       0       0       0       0       0       0       0       0       
      +0       0       0       0       0       0       0       0       0       0       0       0       0       0       0
 10807 ;;      Locals:         0       0       0       0       0       0       0       0       0       0       0       0       
      +0       0       0       0       0       0       0       0       0       0       0       0       0       0       0
 10808 ;;      Temps:          0       0       0       0       0       0       0       0       0       0       0       0       
      +0       0       0       0       0       0       0       0       0       0       0       0       0       0       0
 10809 ;;      Totals:         0       0       0       0       0       0       0       0       0       0       0       0       
      +0       0       0       0       0       0       0       0       0       0       0       0       0       0       0
 10810 ;;Total ram usage:        0 bytes
 10811 ;; Hardware stack levels used: 1
 10812 ;; Hardware stack levels required when called: 3
 10813 ;; This function calls:
 10814 ;;		NULL
 10815 ;;		_I2C1_SlaveDefWrInterruptHandler
 10816 ;;		_I2C_SlaveTransmitCallbackHandler
 10817 ;; This function is called by:
 10818 ;;		_I2C1_Isr
 10819 ;; This function uses a non-reentrant model
 10820 ;;
 10821                           
 10822     0929                     _I2C1_SlaveWrCallBack:	
 10823                           ;psect for function _I2C1_SlaveWrCallBack
 10824                           
 10825                           
 10826                           ;mcc_generated_files/i2c1_slave.c: 252:     if (I2C1_SlaveWrInterruptHandler)
 10827                           
 10828                           ;incstack = 0
 10829                           ; Regs used in _I2C1_SlaveWrCallBack: [wreg+status,2+status,0+pclath+cstack]
 10830     0929  0022               	movlb	2	; select bank2
 10831     092A  084A               	movf	_I2C1_SlaveWrInterruptHandler^(0+256),w
 10832     092B  044B               	iorwf	(_I2C1_SlaveWrInterruptHandler+1)^(0+256),w
 10833     092C  1903               	btfsc	3,2
 10834     092D  0008               	return
 10835                           
 10836                           ;mcc_generated_files/i2c1_slave.c: 253:     {;mcc_generated_files/i2c1_slave.c: 254:    
      +                               I2C1_SlaveWrInterruptHandler();
 10837     092E  084B               	movf	(_I2C1_SlaveWrInterruptHandler+1)^(0+256),w
 10838     092F  008A               	movwf	10
 10839     0930  084A               	movf	_I2C1_SlaveWrInterruptHandler^(0+256),w
 10840     0931  000A               	callw
 10841     0932  3189               	pagesel	$
 10842     0933  0008               	return
 10843     0934                     __end_of_I2C1_SlaveWrCallBack:
 10844                           
 10845                           	psect	text47
 10846     089A                     __ptext47:	
 10847 ;; *************** function _I2C1_SlaveDefWrInterruptHandler *****************
 10848 ;; Defined at:
 10849 ;;		line 258 in file "mcc_generated_files/i2c1_slave.c"
 10850 ;; Parameters:    Size  Location     Type
 10851 ;;		None
 10852 ;; Auto vars:     Size  Location     Type
 10853 ;;		None
 10854 ;; Return value:  Size  Location     Type
 10855 ;;                  1    wreg      void 
 10856 ;; Registers used:
 10857 ;;		wreg, status,2, status,0, pclath, cstack
 10858 ;; Tracked objects:
 10859 ;;		On entry : 0/0
 10860 ;;		On exit  : 0/0
 10861 ;;		Unchanged: 0/0
 10862 ;; Data sizes:     COMMON   BANK0   BANK1   BANK2   BANK3   BANK4   BANK5   BANK6   BANK7   BANK8   BANK9  BANK10  BANK1
      +1  BANK12  BANK13  BANK14  BANK15  BANK16  BANK17  BANK18  BANK19  BANK20  BANK21  BANK22  BANK23  BANK24  BANK25
 10863 ;;      Params:         0       0       0       0       0       0       0       0       0       0       0       0       
      +0       0       0       0       0       0       0       0       0       0       0       0       0       0       0
 10864 ;;      Locals:         0       0       0       0       0       0       0       0       0       0       0       0       
      +0       0       0       0       0       0       0       0       0       0       0       0       0       0       0
 10865 ;;      Temps:          0       0       0       0       0       0       0       0       0       0       0       0       
      +0       0       0       0       0       0       0       0       0       0       0       0       0       0       0
 10866 ;;      Totals:         0       0       0       0       0       0       0       0       0       0       0       0       
      +0       0       0       0       0       0       0       0       0       0       0       0       0       0       0
 10867 ;;Total ram usage:        0 bytes
 10868 ;; Hardware stack levels used: 1
 10869 ;; Hardware stack levels required when called: 1
 10870 ;; This function calls:
 10871 ;;		_I2C1_SlaveSendTxData
 10872 ;; This function is called by:
 10873 ;;		_I2C1_Open
 10874 ;;		_I2C1_SlaveWrCallBack
 10875 ;; This function uses a non-reentrant model
 10876 ;;
 10877                           
 10878     089A                     _I2C1_SlaveDefWrInterruptHandler:	
 10879                           ;psect for function _I2C1_SlaveDefWrInterruptHandler
 10880                           
 10881                           
 10882                           ;mcc_generated_files/i2c1_slave.c: 259:     I2C1_SlaveSendTxData(i2c1WrData);
 10883                           
 10884                           ;incstack = 0
 10885                           ; Regs used in _I2C1_SlaveDefWrInterruptHandler: [wreg+status,2+status,0+pclath+cstack]
 10886     089A  0021               	movlb	1	; select bank1
 10887     089B  0849               	movf	_i2c1WrData^(0+128),w	;volatile
 10888     089C  3188  208B         	fcall	_I2C1_SlaveSendTxData
 10889     089E  0008               	return
 10890     089F                     __end_of_I2C1_SlaveDefWrInterruptHandler:
 10891                           
 10892                           	psect	text48
 10893     0895                     __ptext48:	
 10894 ;; *************** function _I2C_SlaveTransmitCallbackHandler *****************
 10895 ;; Defined at:
 10896 ;;		line 171 in file "D:/Microchip/MPLABProjects/PSoC3-PCIe-MKIII.X/main.c"
 10897 ;; Parameters:    Size  Location     Type
 10898 ;;		None
 10899 ;; Auto vars:     Size  Location     Type
 10900 ;;		None
 10901 ;; Return value:  Size  Location     Type
 10902 ;;                  1    wreg      void 
 10903 ;; Registers used:
 10904 ;;		wreg, status,2, status,0, pclath, cstack
 10905 ;; Tracked objects:
 10906 ;;		On entry : 0/0
 10907 ;;		On exit  : 0/0
 10908 ;;		Unchanged: 0/0
 10909 ;; Data sizes:     COMMON   BANK0   BANK1   BANK2   BANK3   BANK4   BANK5   BANK6   BANK7   BANK8   BANK9  BANK10  BANK1
      +1  BANK12  BANK13  BANK14  BANK15  BANK16  BANK17  BANK18  BANK19  BANK20  BANK21  BANK22  BANK23  BANK24  BANK25
 10910 ;;      Params:         0       0       0       0       0       0       0       0       0       0       0       0       
      +0       0       0       0       0       0       0       0       0       0       0       0       0       0       0
 10911 ;;      Locals:         0       0       0       0       0       0       0       0       0       0       0       0       
      +0       0       0       0       0       0       0       0       0       0       0       0       0       0       0
 10912 ;;      Temps:          0       0       0       0       0       0       0       0       0       0       0       0       
      +0       0       0       0       0       0       0       0       0       0       0       0       0       0       0
 10913 ;;      Totals:         0       0       0       0       0       0       0       0       0       0       0       0       
      +0       0       0       0       0       0       0       0       0       0       0       0       0       0       0
 10914 ;;Total ram usage:        0 bytes
 10915 ;; Hardware stack levels used: 1
 10916 ;; Hardware stack levels required when called: 2
 10917 ;; This function calls:
 10918 ;;		_I2C1_Write
 10919 ;; This function is called by:
 10920 ;;		_I2C_Initialize
 10921 ;;		_I2C1_SlaveWrCallBack
 10922 ;; This function uses a non-reentrant model
 10923 ;;
 10924                           
 10925     0895                     _I2C_SlaveTransmitCallbackHandler:	
 10926                           ;psect for function _I2C_SlaveTransmitCallbackHandler
 10927                           
 10928                           
 10929                           ;D:/Microchip/MPLABProjects/PSoC3-PCIe-MKIII.X/main.c: 172:     I2C1_Write(Return_Queue_
      +                          count);
 10930                           
 10931                           ;incstack = 0
 10932                           ; Regs used in _I2C_SlaveTransmitCallbackHandler: [wreg+status,2+status,0+pclath+cstack]
 10933     0895  0021               	movlb	1	; select bank1
 10934     0896  0834               	movf	_Return_Queue_count^(0+128),w	;volatile
 10935     0897  3188  2090         	fcall	_I2C1_Write
 10936     0899  0008               	return
 10937     089A                     __end_of_I2C_SlaveTransmitCallbackHandler:
 10938                           
 10939                           	psect	text49
 10940     0890                     __ptext49:	
 10941 ;; *************** function _I2C1_Write *****************
 10942 ;; Defined at:
 10943 ;;		line 140 in file "mcc_generated_files/i2c1_slave.c"
 10944 ;; Parameters:    Size  Location     Type
 10945 ;;  data            1    wreg     unsigned char 
 10946 ;; Auto vars:     Size  Location     Type
 10947 ;;  data            1    1[COMMON] unsigned char 
 10948 ;; Return value:  Size  Location     Type
 10949 ;;                  1    wreg      void 
 10950 ;; Registers used:
 10951 ;;		wreg, status,2, status,0, pclath, cstack
 10952 ;; Tracked objects:
 10953 ;;		On entry : 0/0
 10954 ;;		On exit  : 0/0
 10955 ;;		Unchanged: 0/0
 10956 ;; Data sizes:     COMMON   BANK0   BANK1   BANK2   BANK3   BANK4   BANK5   BANK6   BANK7   BANK8   BANK9  BANK10  BANK1
      +1  BANK12  BANK13  BANK14  BANK15  BANK16  BANK17  BANK18  BANK19  BANK20  BANK21  BANK22  BANK23  BANK24  BANK25
 10957 ;;      Params:         0       0       0       0       0       0       0       0       0       0       0       0       
      +0       0       0       0       0       0       0       0       0       0       0       0       0       0       0
 10958 ;;      Locals:         1       0       0       0       0       0       0       0       0       0       0       0       
      +0       0       0       0       0       0       0       0       0       0       0       0       0       0       0
 10959 ;;      Temps:          0       0       0       0       0       0       0       0       0       0       0       0       
      +0       0       0       0       0       0       0       0       0       0       0       0       0       0       0
 10960 ;;      Totals:         1       0       0       0       0       0       0       0       0       0       0       0       
      +0       0       0       0       0       0       0       0       0       0       0       0       0       0       0
 10961 ;;Total ram usage:        1 bytes
 10962 ;; Hardware stack levels used: 1
 10963 ;; Hardware stack levels required when called: 1
 10964 ;; This function calls:
 10965 ;;		_I2C1_SlaveSendTxData
 10966 ;; This function is called by:
 10967 ;;		_I2C_SlaveTransmitCallbackHandler
 10968 ;; This function uses a non-reentrant model
 10969 ;;
 10970                           
 10971     0890                     _I2C1_Write:	
 10972                           ;psect for function _I2C1_Write
 10973                           
 10974                           
 10975                           ;incstack = 0
 10976                           ; Regs used in _I2C1_Write: [wreg+status,2+status,0+pclath+cstack]
 10977                           ;I2C1_Write@data stored from wreg
 10978     0890  00F1               	movwf	I2C1_Write@data
 10979                           
 10980                           ;mcc_generated_files/i2c1_slave.c: 140: void I2C1_Write(uint8_t data);mcc_generated_file
      +                          s/i2c1_slave.c: 141: {;mcc_generated_files/i2c1_slave.c: 142:     I2C1_SlaveSendTxData(d
      +                          ata);
 10981     0891  0871               	movf	I2C1_Write@data,w
 10982     0892  3188  208B         	fcall	_I2C1_SlaveSendTxData
 10983     0894  0008               	return
 10984     0895                     __end_of_I2C1_Write:
 10985                           
 10986                           	psect	text50
 10987     088B                     __ptext50:	
 10988 ;; *************** function _I2C1_SlaveSendTxData *****************
 10989 ;; Defined at:
 10990 ;;		line 391 in file "mcc_generated_files/i2c1_slave.c"
 10991 ;; Parameters:    Size  Location     Type
 10992 ;;  data            1    wreg     unsigned char 
 10993 ;; Auto vars:     Size  Location     Type
 10994 ;;  data            1    0[COMMON] unsigned char 
 10995 ;; Return value:  Size  Location     Type
 10996 ;;                  1    wreg      void 
 10997 ;; Registers used:
 10998 ;;		wreg
 10999 ;; Tracked objects:
 11000 ;;		On entry : 0/0
 11001 ;;		On exit  : 0/0
 11002 ;;		Unchanged: 0/0
 11003 ;; Data sizes:     COMMON   BANK0   BANK1   BANK2   BANK3   BANK4   BANK5   BANK6   BANK7   BANK8   BANK9  BANK10  BANK1
      +1  BANK12  BANK13  BANK14  BANK15  BANK16  BANK17  BANK18  BANK19  BANK20  BANK21  BANK22  BANK23  BANK24  BANK25
 11004 ;;      Params:         0       0       0       0       0       0       0       0       0       0       0       0       
      +0       0       0       0       0       0       0       0       0       0       0       0       0       0       0
 11005 ;;      Locals:         1       0       0       0       0       0       0       0       0       0       0       0       
      +0       0       0       0       0       0       0       0       0       0       0       0       0       0       0
 11006 ;;      Temps:          0       0       0       0       0       0       0       0       0       0       0       0       
      +0       0       0       0       0       0       0       0       0       0       0       0       0       0       0
 11007 ;;      Totals:         1       0       0       0       0       0       0       0       0       0       0       0       
      +0       0       0       0       0       0       0       0       0       0       0       0       0       0       0
 11008 ;;Total ram usage:        1 bytes
 11009 ;; Hardware stack levels used: 1
 11010 ;; This function calls:
 11011 ;;		Nothing
 11012 ;; This function is called by:
 11013 ;;		_I2C1_Write
 11014 ;;		_I2C1_SlaveDefWrInterruptHandler
 11015 ;; This function uses a non-reentrant model
 11016 ;;
 11017                           
 11018     088B                     _I2C1_SlaveSendTxData:	
 11019                           ;psect for function _I2C1_SlaveSendTxData
 11020                           
 11021                           
 11022                           ;incstack = 0
 11023                           ; Regs used in _I2C1_SlaveSendTxData: [wreg]
 11024                           ;I2C1_SlaveSendTxData@data stored from wreg
 11025     088B  00F0               	movwf	I2C1_SlaveSendTxData@data
 11026                           
 11027                           ;mcc_generated_files/i2c1_slave.c: 391: static __attribute__((inline)) void I2C1_SlaveSe
      +                          ndTxData(uint8_t data);mcc_generated_files/i2c1_slave.c: 392: {;mcc_generated_files/i2c1
      +                          _slave.c: 393:     SSP1BUF = data;
 11028     088C  0870               	movf	I2C1_SlaveSendTxData@data,w
 11029     088D  0024               	movlb	4	; select bank4
 11030     088E  0091               	movwf	17	;volatile
 11031     088F  0008               	return
 11032     0890                     __end_of_I2C1_SlaveSendTxData:
 11033                           
 11034                           	psect	text51
 11035     086B                     __ptext51:	
 11036 ;; *************** function _I2C1_SlaveReleaseClock *****************
 11037 ;; Defined at:
 11038 ;;		line 361 in file "mcc_generated_files/i2c1_slave.c"
 11039 ;; Parameters:    Size  Location     Type
 11040 ;;		None
 11041 ;; Auto vars:     Size  Location     Type
 11042 ;;		None
 11043 ;; Return value:  Size  Location     Type
 11044 ;;                  1    wreg      void 
 11045 ;; Registers used:
 11046 ;;		None
 11047 ;; Tracked objects:
 11048 ;;		On entry : 0/0
 11049 ;;		On exit  : 0/0
 11050 ;;		Unchanged: 0/0
 11051 ;; Data sizes:     COMMON   BANK0   BANK1   BANK2   BANK3   BANK4   BANK5   BANK6   BANK7   BANK8   BANK9  BANK10  BANK1
      +1  BANK12  BANK13  BANK14  BANK15  BANK16  BANK17  BANK18  BANK19  BANK20  BANK21  BANK22  BANK23  BANK24  BANK25
 11052 ;;      Params:         0       0       0       0       0       0       0       0       0       0       0       0       
      +0       0       0       0       0       0       0       0       0       0       0       0       0       0       0
 11053 ;;      Locals:         0       0       0       0       0       0       0       0       0       0       0       0       
      +0       0       0       0       0       0       0       0       0       0       0       0       0       0       0
 11054 ;;      Temps:          0       0       0       0       0       0       0       0       0       0       0       0       
      +0       0       0       0       0       0       0       0       0       0       0       0       0       0       0
 11055 ;;      Totals:         0       0       0       0       0       0       0       0       0       0       0       0       
      +0       0       0       0       0       0       0       0       0       0       0       0       0       0       0
 11056 ;;Total ram usage:        0 bytes
 11057 ;; Hardware stack levels used: 1
 11058 ;; This function calls:
 11059 ;;		Nothing
 11060 ;; This function is called by:
 11061 ;;		_I2C1_Isr
 11062 ;; This function uses a non-reentrant model
 11063 ;;
 11064                           
 11065     086B                     _I2C1_SlaveReleaseClock:	
 11066                           ;psect for function _I2C1_SlaveReleaseClock
 11067                           
 11068                           
 11069                           ;mcc_generated_files/i2c1_slave.c: 363:     SSP1CON1bits.CKP = 1;
 11070                           
 11071                           ;incstack = 0
 11072                           ; Regs used in _I2C1_SlaveReleaseClock: []
 11073     086B  0024               	movlb	4	; select bank4
 11074     086C  1615               	bsf	21,4	;volatile
 11075     086D  0008               	return
 11076     086E                     __end_of_I2C1_SlaveReleaseClock:
 11077                           
 11078                           	psect	text52
 11079     091E                     __ptext52:	
 11080 ;; *************** function _I2C1_SlaveRdCallBack *****************
 11081 ;; Defined at:
 11082 ;;		line 233 in file "mcc_generated_files/i2c1_slave.c"
 11083 ;; Parameters:    Size  Location     Type
 11084 ;;		None
 11085 ;; Auto vars:     Size  Location     Type
 11086 ;;		None
 11087 ;; Return value:  Size  Location     Type
 11088 ;;                  1    wreg      void 
 11089 ;; Registers used:
 11090 ;;		wreg, fsr1l, fsr1h, status,2, status,0, pclath, cstack
 11091 ;; Tracked objects:
 11092 ;;		On entry : 0/0
 11093 ;;		On exit  : 0/0
 11094 ;;		Unchanged: 0/0
 11095 ;; Data sizes:     COMMON   BANK0   BANK1   BANK2   BANK3   BANK4   BANK5   BANK6   BANK7   BANK8   BANK9  BANK10  BANK1
      +1  BANK12  BANK13  BANK14  BANK15  BANK16  BANK17  BANK18  BANK19  BANK20  BANK21  BANK22  BANK23  BANK24  BANK25
 11096 ;;      Params:         0       0       0       0       0       0       0       0       0       0       0       0       
      +0       0       0       0       0       0       0       0       0       0       0       0       0       0       0
 11097 ;;      Locals:         0       0       0       0       0       0       0       0       0       0       0       0       
      +0       0       0       0       0       0       0       0       0       0       0       0       0       0       0
 11098 ;;      Temps:          0       0       0       0       0       0       0       0       0       0       0       0       
      +0       0       0       0       0       0       0       0       0       0       0       0       0       0       0
 11099 ;;      Totals:         0       0       0       0       0       0       0       0       0       0       0       0       
      +0       0       0       0       0       0       0       0       0       0       0       0       0       0       0
 11100 ;;Total ram usage:        0 bytes
 11101 ;; Hardware stack levels used: 1
 11102 ;; Hardware stack levels required when called: 3
 11103 ;; This function calls:
 11104 ;;		NULL
 11105 ;;		_I2C1_SlaveDefRdInterruptHandler
 11106 ;;		_I2C_SlaveReceiveCallbackHandler
 11107 ;; This function is called by:
 11108 ;;		_I2C1_Isr
 11109 ;; This function uses a non-reentrant model
 11110 ;;
 11111                           
 11112     091E                     _I2C1_SlaveRdCallBack:	
 11113                           ;psect for function _I2C1_SlaveRdCallBack
 11114                           
 11115                           
 11116                           ;mcc_generated_files/i2c1_slave.c: 235:     if (I2C1_SlaveRdInterruptHandler)
 11117                           
 11118                           ;incstack = 0
 11119                           ; Regs used in _I2C1_SlaveRdCallBack: [wreg+fsr1l+fsr1h+status,2+status,0+pclath+cstack]
 11120     091E  0022               	movlb	2	; select bank2
 11121     091F  084C               	movf	_I2C1_SlaveRdInterruptHandler^(0+256),w
 11122     0920  044D               	iorwf	(_I2C1_SlaveRdInterruptHandler+1)^(0+256),w
 11123     0921  1903               	btfsc	3,2
 11124     0922  0008               	return
 11125                           
 11126                           ;mcc_generated_files/i2c1_slave.c: 236:     {;mcc_generated_files/i2c1_slave.c: 237:    
      +                               I2C1_SlaveRdInterruptHandler();
 11127     0923  084D               	movf	(_I2C1_SlaveRdInterruptHandler+1)^(0+256),w
 11128     0924  008A               	movwf	10
 11129     0925  084C               	movf	_I2C1_SlaveRdInterruptHandler^(0+256),w
 11130     0926  000A               	callw
 11131     0927  3189               	pagesel	$
 11132     0928  0008               	return
 11133     0929                     __end_of_I2C1_SlaveRdCallBack:
 11134                           
 11135                           	psect	text53
 11136     0886                     __ptext53:	
 11137 ;; *************** function _I2C1_SlaveDefRdInterruptHandler *****************
 11138 ;; Defined at:
 11139 ;;		line 241 in file "mcc_generated_files/i2c1_slave.c"
 11140 ;; Parameters:    Size  Location     Type
 11141 ;;		None
 11142 ;; Auto vars:     Size  Location     Type
 11143 ;;		None
 11144 ;; Return value:  Size  Location     Type
 11145 ;;                  1    wreg      void 
 11146 ;; Registers used:
 11147 ;;		wreg, pclath, cstack
 11148 ;; Tracked objects:
 11149 ;;		On entry : 0/0
 11150 ;;		On exit  : 0/0
 11151 ;;		Unchanged: 0/0
 11152 ;; Data sizes:     COMMON   BANK0   BANK1   BANK2   BANK3   BANK4   BANK5   BANK6   BANK7   BANK8   BANK9  BANK10  BANK1
      +1  BANK12  BANK13  BANK14  BANK15  BANK16  BANK17  BANK18  BANK19  BANK20  BANK21  BANK22  BANK23  BANK24  BANK25
 11153 ;;      Params:         0       0       0       0       0       0       0       0       0       0       0       0       
      +0       0       0       0       0       0       0       0       0       0       0       0       0       0       0
 11154 ;;      Locals:         0       0       0       0       0       0       0       0       0       0       0       0       
      +0       0       0       0       0       0       0       0       0       0       0       0       0       0       0
 11155 ;;      Temps:          0       0       0       0       0       0       0       0       0       0       0       0       
      +0       0       0       0       0       0       0       0       0       0       0       0       0       0       0
 11156 ;;      Totals:         0       0       0       0       0       0       0       0       0       0       0       0       
      +0       0       0       0       0       0       0       0       0       0       0       0       0       0       0
 11157 ;;Total ram usage:        0 bytes
 11158 ;; Hardware stack levels used: 1
 11159 ;; Hardware stack levels required when called: 1
 11160 ;; This function calls:
 11161 ;;		_I2C1_SlaveGetRxData
 11162 ;; This function is called by:
 11163 ;;		_I2C1_Open
 11164 ;;		_I2C1_SlaveRdCallBack
 11165 ;; This function uses a non-reentrant model
 11166 ;;
 11167                           
 11168     0886                     _I2C1_SlaveDefRdInterruptHandler:	
 11169                           ;psect for function _I2C1_SlaveDefRdInterruptHandler
 11170                           
 11171                           
 11172                           ;mcc_generated_files/i2c1_slave.c: 242:     i2c1RdData = I2C1_SlaveGetRxData();
 11173                           
 11174                           ;incstack = 0
 11175                           ; Regs used in _I2C1_SlaveDefRdInterruptHandler: [wreg+pclath+cstack]
 11176     0886  3188  2062         	fcall	_I2C1_SlaveGetRxData
 11177     0888  0021               	movlb	1	; select bank1
 11178     0889  00C8               	movwf	_i2c1RdData^(0+128)	;volatile
 11179     088A  0008               	return
 11180     088B                     __end_of_I2C1_SlaveDefRdInterruptHandler:
 11181                           
 11182                           	psect	text54
 11183     0A0D                     __ptext54:	
 11184 ;; *************** function _I2C_SlaveReceiveCallbackHandler *****************
 11185 ;; Defined at:
 11186 ;;		line 154 in file "D:/Microchip/MPLABProjects/PSoC3-PCIe-MKIII.X/main.c"
 11187 ;; Parameters:    Size  Location     Type
 11188 ;;		None
 11189 ;; Auto vars:     Size  Location     Type
 11190 ;;		None
 11191 ;; Return value:  Size  Location     Type
 11192 ;;                  1    wreg      void 
 11193 ;; Registers used:
 11194 ;;		wreg, fsr1l, fsr1h, status,2, status,0, pclath, cstack
 11195 ;; Tracked objects:
 11196 ;;		On entry : 0/0
 11197 ;;		On exit  : 0/0
 11198 ;;		Unchanged: 0/0
 11199 ;; Data sizes:     COMMON   BANK0   BANK1   BANK2   BANK3   BANK4   BANK5   BANK6   BANK7   BANK8   BANK9  BANK10  BANK1
      +1  BANK12  BANK13  BANK14  BANK15  BANK16  BANK17  BANK18  BANK19  BANK20  BANK21  BANK22  BANK23  BANK24  BANK25
 11200 ;;      Params:         0       0       0       0       0       0       0       0       0       0       0       0       
      +0       0       0       0       0       0       0       0       0       0       0       0       0       0       0
 11201 ;;      Locals:         0       0       0       0       0       0       0       0       0       0       0       0       
      +0       0       0       0       0       0       0       0       0       0       0       0       0       0       0
 11202 ;;      Temps:          0       0       0       0       0       0       0       0       0       0       0       0       
      +0       0       0       0       0       0       0       0       0       0       0       0       0       0       0
 11203 ;;      Totals:         0       0       0       0       0       0       0       0       0       0       0       0       
      +0       0       0       0       0       0       0       0       0       0       0       0       0       0       0
 11204 ;;Total ram usage:        0 bytes
 11205 ;; Hardware stack levels used: 1
 11206 ;; Hardware stack levels required when called: 2
 11207 ;; This function calls:
 11208 ;;		_CMD_queue_add
 11209 ;;		_I2C1_Read
 11210 ;; This function is called by:
 11211 ;;		_I2C_Initialize
 11212 ;;		_I2C1_SlaveRdCallBack
 11213 ;; This function uses a non-reentrant model
 11214 ;;
 11215                           
 11216     0A0D                     _I2C_SlaveReceiveCallbackHandler:	
 11217                           ;psect for function _I2C_SlaveReceiveCallbackHandler
 11218                           
 11219                           
 11220                           ;D:/Microchip/MPLABProjects/PSoC3-PCIe-MKIII.X/main.c: 156:     if (SlaveInit) {
 11221                           
 11222                           ;incstack = 0
 11223                           ; Regs used in _I2C_SlaveReceiveCallbackHandler: [wreg+fsr1l+fsr1h+status,2+status,0+pcl
      +                          ath+cstack]
 11224     0A0D  0021               	movlb	1	; select bank1
 11225     0A0E  083F               	movf	_SlaveInit^(0+128),w	;volatile
 11226     0A0F  1903               	btfsc	3,2
 11227     0A10  0008               	return
 11228                           
 11229                           ;D:/Microchip/MPLABProjects/PSoC3-PCIe-MKIII.X/main.c: 158:         SlaveInit--;
 11230     0A11  3001               	movlw	1
 11231     0A12  02BF               	subwf	_SlaveInit^(0+128),f	;volatile
 11232                           
 11233                           ;D:/Microchip/MPLABProjects/PSoC3-PCIe-MKIII.X/main.c: 159:         LineDataIndex = 0;
 11234     0A13  01BC               	clrf	_LineDataIndex^(0+128)	;volatile
 11235                           
 11236                           ;D:/Microchip/MPLABProjects/PSoC3-PCIe-MKIII.X/main.c: 160:         msg_size_read = 0;
 11237     0A14  01BB               	clrf	_msg_size_read^(0+128)	;volatile
 11238                           
 11239                           ;D:/Microchip/MPLABProjects/PSoC3-PCIe-MKIII.X/main.c: 161:         cmd_read = 0;
 11240     0A15  01BA               	clrf	_cmd_read^(0+128)	;volatile
 11241                           
 11242                           ;D:/Microchip/MPLABProjects/PSoC3-PCIe-MKIII.X/main.c: 162:         param1 = 0;
 11243     0A16  01B9               	clrf	_param1^(0+128)	;volatile
 11244                           
 11245                           ;D:/Microchip/MPLABProjects/PSoC3-PCIe-MKIII.X/main.c: 163:         param2 = 0;
 11246     0A17  01B8               	clrf	_param2^(0+128)	;volatile
 11247                           
 11248                           ;D:/Microchip/MPLABProjects/PSoC3-PCIe-MKIII.X/main.c: 165:         msg = I2C1_Read();
 11249     0A18  3188  2065  318A   	fcall	_I2C1_Read
 11250     0A1B  0021               	movlb	1	; select bank1
 11251     0A1C  00BD               	movwf	_msg^(0+128)	;volatile
 11252                           
 11253                           ;D:/Microchip/MPLABProjects/PSoC3-PCIe-MKIII.X/main.c: 166:         param1 = I2C1_Read()
      +                          ;
 11254     0A1D  3188  2065  318A   	fcall	_I2C1_Read
 11255     0A20  0021               	movlb	1	; select bank1
 11256     0A21  00B9               	movwf	_param1^(0+128)	;volatile
 11257                           
 11258                           ;D:/Microchip/MPLABProjects/PSoC3-PCIe-MKIII.X/main.c: 167:         CMD_queue_add(msg, p
      +                          aram1, param2);
 11259     0A22  0839               	movf	_param1^(0+128),w	;volatile
 11260     0A23  00F4               	movwf	CMD_queue_add@param1
 11261     0A24  0838               	movf	_param2^(0+128),w	;volatile
 11262     0A25  00F5               	movwf	CMD_queue_add@param2
 11263     0A26  083D               	movf	_msg^(0+128),w	;volatile
 11264     0A27  318C  24CD         	fcall	_CMD_queue_add
 11265     0A29  0008               	return
 11266     0A2A                     __end_of_I2C_SlaveReceiveCallbackHandler:
 11267                           
 11268                           	psect	text55
 11269     0CCD                     __ptext55:	
 11270 ;; *************** function _CMD_queue_add *****************
 11271 ;; Defined at:
 11272 ;;		line 109 in file "D:/Microchip/MPLABProjects/PSoC3-PCIe-MKIII.X/main.c"
 11273 ;; Parameters:    Size  Location     Type
 11274 ;;  command         1    wreg     unsigned char 
 11275 ;;  param1          1    4[COMMON] unsigned char 
 11276 ;;  param2          1    5[COMMON] unsigned char 
 11277 ;; Auto vars:     Size  Location     Type
 11278 ;;  command         1   10[COMMON] unsigned char 
 11279 ;; Return value:  Size  Location     Type
 11280 ;;                  1    wreg      void 
 11281 ;; Registers used:
 11282 ;;		wreg, fsr1l, fsr1h, status,2, status,0, pclath, cstack
 11283 ;; Tracked objects:
 11284 ;;		On entry : 0/0
 11285 ;;		On exit  : 0/0
 11286 ;;		Unchanged: 0/0
 11287 ;; Data sizes:     COMMON   BANK0   BANK1   BANK2   BANK3   BANK4   BANK5   BANK6   BANK7   BANK8   BANK9  BANK10  BANK1
      +1  BANK12  BANK13  BANK14  BANK15  BANK16  BANK17  BANK18  BANK19  BANK20  BANK21  BANK22  BANK23  BANK24  BANK25
 11288 ;;      Params:         2       0       0       0       0       0       0       0       0       0       0       0       
      +0       0       0       0       0       0       0       0       0       0       0       0       0       0       0
 11289 ;;      Locals:         1       0       0       0       0       0       0       0       0       0       0       0       
      +0       0       0       0       0       0       0       0       0       0       0       0       0       0       0
 11290 ;;      Temps:          4       0       0       0       0       0       0       0       0       0       0       0       
      +0       0       0       0       0       0       0       0       0       0       0       0       0       0       0
 11291 ;;      Totals:         7       0       0       0       0       0       0       0       0       0       0       0       
      +0       0       0       0       0       0       0       0       0       0       0       0       0       0       0
 11292 ;;Total ram usage:        7 bytes
 11293 ;; Hardware stack levels used: 1
 11294 ;; Hardware stack levels required when called: 1
 11295 ;; This function calls:
 11296 ;;		i1___bmul
 11297 ;; This function is called by:
 11298 ;;		_I2C_SlaveReceiveCallbackHandler
 11299 ;; This function uses a non-reentrant model
 11300 ;;
 11301                           
 11302     0CCD                     _CMD_queue_add:	
 11303                           ;psect for function _CMD_queue_add
 11304                           
 11305                           
 11306                           ;incstack = 0
 11307                           ; Regs used in _CMD_queue_add: [wreg+fsr1l+fsr1h+status,2+status,0+pclath+cstack]
 11308                           ;CMD_queue_add@command stored from wreg
 11309     0CCD  00FA               	movwf	CMD_queue_add@command
 11310                           
 11311                           ;D:/Microchip/MPLABProjects/PSoC3-PCIe-MKIII.X/main.c: 111:     CMD_add_queue_busy = 1;
 11312     0CCE  3001               	movlw	1
 11313     0CCF  0020               	movlb	0	; select bank0
 11314     0CD0  00EF               	movwf	_CMD_add_queue_busy	;volatile
 11315                           
 11316                           ;D:/Microchip/MPLABProjects/PSoC3-PCIe-MKIII.X/main.c: 112:     if (CMD_queue_front == (
      +                          CMD_queue_rear + 1) % 16) {
 11317     0CD1  0021               	movlb	1	; select bank1
 11318     0CD2  0867               	movf	_CMD_queue_rear^(0+128),w	;volatile
 11319     0CD3  3E01               	addlw	1
 11320     0CD4  00F6               	movwf	??_CMD_queue_add
 11321     0CD5  3000               	movlw	0
 11322     0CD6  3D68               	addwfc	(_CMD_queue_rear+1)^(0+128),w	;volatile
 11323     0CD7  00F7               	movwf	??_CMD_queue_add+1
 11324     0CD8  300F               	movlw	15
 11325     0CD9  0576               	andwf	??_CMD_queue_add,w
 11326     0CDA  00F8               	movwf	??_CMD_queue_add+2
 11327     0CDB  3000               	movlw	0
 11328     0CDC  0577               	andwf	??_CMD_queue_add+1,w
 11329     0CDD  00F9               	movwf	??_CMD_queue_add+3
 11330     0CDE  086A               	movf	(_CMD_queue_front+1)^(0+128),w	;volatile
 11331     0CDF  0679               	xorwf	??_CMD_queue_add+3,w
 11332     0CE0  1D03               	skipz
 11333     0CE1  2CE4               	goto	u204_25
 11334     0CE2  0869               	movf	_CMD_queue_front^(0+128),w	;volatile
 11335     0CE3  0678               	xorwf	??_CMD_queue_add+2,w
 11336     0CE4                     u204_25:
 11337     0CE4  1D03               	skipz
 11338     0CE5  2CFA               	goto	i1l3074
 11339                           
 11340                           ;D:/Microchip/MPLABProjects/PSoC3-PCIe-MKIII.X/main.c: 113:         Queue_Overrun = 1;
 11341     0CE6  3001               	movlw	1
 11342     0CE7  00B5               	movwf	_Queue_Overrun^(0+128)	;volatile
 11343                           
 11344                           ;D:/Microchip/MPLABProjects/PSoC3-PCIe-MKIII.X/main.c: 114:         _delay((unsigned lon
      +                          g)((3)*(32000000/4000.0)));
 11345     0CE8  3020               	movlw	32
 11346     0CE9  00F6               	movwf	??_CMD_queue_add
 11347     0CEA  302A               	movlw	42
 11348     0CEB                     u405_27:
 11349     0CEB  0B89               	decfsz	9,f
 11350     0CEC  2CEB               	goto	u405_27
 11351     0CED  0BF6               	decfsz	??_CMD_queue_add,f
 11352     0CEE  2CEB               	goto	u405_27
 11353                           
 11354                           ;D:/Microchip/MPLABProjects/PSoC3-PCIe-MKIII.X/main.c: 115:         CMD_queue_front = -1
      +                          ;
 11355     0CEF  30FF               	movlw	255
 11356     0CF0  0021               	movlb	1	; select bank1
 11357     0CF1  00E9               	movwf	_CMD_queue_front^(0+128)	;volatile
 11358     0CF2  30FF               	movlw	255
 11359     0CF3  00EA               	movwf	(_CMD_queue_front^(0+128)+1)	;volatile
 11360                           
 11361                           ;D:/Microchip/MPLABProjects/PSoC3-PCIe-MKIII.X/main.c: 116:         CMD_queue_rear = -1;
 11362     0CF4  30FF               	movlw	255
 11363     0CF5  00E7               	movwf	_CMD_queue_rear^(0+128)	;volatile
 11364     0CF6  30FF               	movlw	255
 11365     0CF7  00E8               	movwf	(_CMD_queue_rear^(0+128)+1)	;volatile
 11366                           
 11367                           ;D:/Microchip/MPLABProjects/PSoC3-PCIe-MKIII.X/main.c: 118:         CMD_queue_count = 0;
 11368     0CF8  01B6               	clrf	_CMD_queue_count^(0+128)	;volatile
 11369                           
 11370                           ;D:/Microchip/MPLABProjects/PSoC3-PCIe-MKIII.X/main.c: 119:     } else {
 11371     0CF9  2D42               	goto	i1l3092
 11372     0CFA                     i1l3074:
 11373                           
 11374                           ;D:/Microchip/MPLABProjects/PSoC3-PCIe-MKIII.X/main.c: 120:         if (CMD_queue_front 
      +                          == -1) {
 11375     0CFA  0A69               	incf	_CMD_queue_front^(0+128),w	;volatile
 11376     0CFB  1D03               	skipz
 11377     0CFC  2D05               	goto	i1l3078
 11378     0CFD  0A6A               	incf	(_CMD_queue_front+1)^(0+128),w	;volatile
 11379     0CFE  1D03               	btfss	3,2
 11380     0CFF  2D05               	goto	i1l3078
 11381                           
 11382                           ;D:/Microchip/MPLABProjects/PSoC3-PCIe-MKIII.X/main.c: 121:             CMD_queue_front 
      +                          = CMD_queue_rear = 0;
 11383     0D00  01E7               	clrf	_CMD_queue_rear^(0+128)	;volatile
 11384     0D01  01E8               	clrf	(_CMD_queue_rear+1)^(0+128)	;volatile
 11385     0D02  01E9               	clrf	_CMD_queue_front^(0+128)	;volatile
 11386     0D03  01EA               	clrf	(_CMD_queue_front+1)^(0+128)	;volatile
 11387                           
 11388                           ;D:/Microchip/MPLABProjects/PSoC3-PCIe-MKIII.X/main.c: 122:         } else {
 11389     0D04  2D11               	goto	i1l3080
 11390     0D05                     i1l3078:
 11391                           
 11392                           ;D:/Microchip/MPLABProjects/PSoC3-PCIe-MKIII.X/main.c: 123:             CMD_queue_rear =
      +                           (CMD_queue_rear + 1) % 16;
 11393     0D05  0867               	movf	_CMD_queue_rear^(0+128),w	;volatile
 11394     0D06  3E01               	addlw	1
 11395     0D07  00F6               	movwf	??_CMD_queue_add
 11396     0D08  3000               	movlw	0
 11397     0D09  3D68               	addwfc	(_CMD_queue_rear+1)^(0+128),w	;volatile
 11398     0D0A  00F7               	movwf	??_CMD_queue_add+1
 11399     0D0B  300F               	movlw	15
 11400     0D0C  0576               	andwf	??_CMD_queue_add,w
 11401     0D0D  00E7               	movwf	_CMD_queue_rear^(0+128)	;volatile
 11402     0D0E  3000               	movlw	0
 11403     0D0F  0577               	andwf	??_CMD_queue_add+1,w
 11404     0D10  00E8               	movwf	(_CMD_queue_rear+1)^(0+128)	;volatile
 11405     0D11                     i1l3080:
 11406                           
 11407                           ;D:/Microchip/MPLABProjects/PSoC3-PCIe-MKIII.X/main.c: 125:         CMD_Queue[CMD_queue_
      +                          rear][0] = command;
 11408     0D11  3003               	movlw	3
 11409     0D12  00F0               	movwf	i1___bmul@multiplicand
 11410     0D13  0867               	movf	_CMD_queue_rear^(0+128),w	;volatile
 11411     0D14  3189  2167  318C   	fcall	i1___bmul
 11412     0D17  3EA0               	addlw	(low (_CMD_Queue| (0+256)))& (0+255)
 11413     0D18  0086               	movwf	6
 11414     0D19  3001               	movlw	1	; select bank3/4
 11415     0D1A  0087               	movwf	7
 11416     0D1B  087A               	movf	CMD_queue_add@command,w
 11417     0D1C  0081               	movwf	1
 11418                           
 11419                           ;D:/Microchip/MPLABProjects/PSoC3-PCIe-MKIII.X/main.c: 126:         CMD_Queue[CMD_queue_
      +                          rear][1] = param1;
 11420     0D1D  3003               	movlw	3
 11421     0D1E  00F0               	movwf	i1___bmul@multiplicand
 11422     0D1F  0021               	movlb	1	; select bank1
 11423     0D20  0867               	movf	_CMD_queue_rear^(0+128),w	;volatile
 11424     0D21  3189  2167  318C   	fcall	i1___bmul
 11425     0D24  3EA1               	addlw	(low ((_CMD_Queue| (0+256)+1)))& (0+255)
 11426     0D25  0086               	movwf	6
 11427     0D26  3001               	movlw	1	; select bank3/4
 11428     0D27  0087               	movwf	7
 11429     0D28  0874               	movf	CMD_queue_add@param1,w
 11430     0D29  0081               	movwf	1
 11431                           
 11432                           ;D:/Microchip/MPLABProjects/PSoC3-PCIe-MKIII.X/main.c: 127:         CMD_Queue[CMD_queue_
      +                          rear][2] = param2;
 11433     0D2A  3003               	movlw	3
 11434     0D2B  00F0               	movwf	i1___bmul@multiplicand
 11435     0D2C  0021               	movlb	1	; select bank1
 11436     0D2D  0867               	movf	_CMD_queue_rear^(0+128),w	;volatile
 11437     0D2E  3189  2167  318C   	fcall	i1___bmul
 11438     0D31  3EA2               	addlw	(low ((_CMD_Queue| (0+256)+2)))& (0+255)
 11439     0D32  0086               	movwf	6
 11440     0D33  3001               	movlw	1	; select bank3/4
 11441     0D34  0087               	movwf	7
 11442     0D35  0875               	movf	CMD_queue_add@param2,w
 11443     0D36  0081               	movwf	1
 11444                           
 11445                           ;D:/Microchip/MPLABProjects/PSoC3-PCIe-MKIII.X/main.c: 128:         CMD_queue_count++;
 11446     0D37  3001               	movlw	1
 11447     0D38  00F6               	movwf	??_CMD_queue_add
 11448     0D39  0876               	movf	??_CMD_queue_add,w
 11449     0D3A  0021               	movlb	1	; select bank1
 11450     0D3B  07B6               	addwf	_CMD_queue_count^(0+128),f	;volatile
 11451                           
 11452                           ;D:/Microchip/MPLABProjects/PSoC3-PCIe-MKIII.X/main.c: 129:         if (CMD_queue_count 
      +                          > 16) {
 11453     0D3C  3011               	movlw	17
 11454     0D3D  0236               	subwf	_CMD_queue_count^(0+128),w	;volatile
 11455     0D3E  1C03               	skipc
 11456     0D3F  2D42               	goto	i1l3092
 11457                           
 11458                           ;D:/Microchip/MPLABProjects/PSoC3-PCIe-MKIII.X/main.c: 130:             CMD_queue_count 
      +                          = 16;
 11459     0D40  3010               	movlw	16
 11460     0D41  00B6               	movwf	_CMD_queue_count^(0+128)	;volatile
 11461     0D42                     i1l3092:
 11462                           
 11463                           ;D:/Microchip/MPLABProjects/PSoC3-PCIe-MKIII.X/main.c: 133:     CMD_add_queue_busy = 0;
 11464     0D42  0020               	movlb	0	; select bank0
 11465     0D43  01EF               	clrf	_CMD_add_queue_busy	;volatile
 11466     0D44  0008               	return
 11467     0D45                     __end_of_CMD_queue_add:
 11468                           
 11469                           	psect	text56
 11470     0967                     __ptext56:	
 11471 ;; *************** function i1___bmul *****************
 11472 ;; Defined at:
 11473 ;;		line 4 in file "C:\Program Files\Microchip\xc8\v2.45\pic\sources\c99\common\Umul8.c"
 11474 ;; Parameters:    Size  Location     Type
 11475 ;;  multiplier      1    wreg     unsigned char 
 11476 ;;  multiplicand    1    0[COMMON] unsigned char 
 11477 ;; Auto vars:     Size  Location     Type
 11478 ;;  multiplier      1    3[COMMON] unsigned char 
 11479 ;;  product         1    2[COMMON] unsigned char 
 11480 ;; Return value:  Size  Location     Type
 11481 ;;                  1    wreg      unsigned char 
 11482 ;; Registers used:
 11483 ;;		wreg, status,2, status,0
 11484 ;; Tracked objects:
 11485 ;;		On entry : 0/0
 11486 ;;		On exit  : 0/0
 11487 ;;		Unchanged: 0/0
 11488 ;; Data sizes:     COMMON   BANK0   BANK1   BANK2   BANK3   BANK4   BANK5   BANK6   BANK7   BANK8   BANK9  BANK10  BANK1
      +1  BANK12  BANK13  BANK14  BANK15  BANK16  BANK17  BANK18  BANK19  BANK20  BANK21  BANK22  BANK23  BANK24  BANK25
 11489 ;;      Params:         1       0       0       0       0       0       0       0       0       0       0       0       
      +0       0       0       0       0       0       0       0       0       0       0       0       0       0       0
 11490 ;;      Locals:         2       0       0       0       0       0       0       0       0       0       0       0       
      +0       0       0       0       0       0       0       0       0       0       0       0       0       0       0
 11491 ;;      Temps:          1       0       0       0       0       0       0       0       0       0       0       0       
      +0       0       0       0       0       0       0       0       0       0       0       0       0       0       0
 11492 ;;      Totals:         4       0       0       0       0       0       0       0       0       0       0       0       
      +0       0       0       0       0       0       0       0       0       0       0       0       0       0       0
 11493 ;;Total ram usage:        4 bytes
 11494 ;; Hardware stack levels used: 1
 11495 ;; This function calls:
 11496 ;;		Nothing
 11497 ;; This function is called by:
 11498 ;;		_CMD_queue_add
 11499 ;; This function uses a non-reentrant model
 11500 ;;
 11501                           
 11502     0967                     i1___bmul:	
 11503                           ;psect for function i1___bmul
 11504                           
 11505                           
 11506                           ;incstack = 0
 11507                           ; Regs used in i1___bmul: [wreg+status,2+status,0]
 11508                           ;i1___bmul@multiplier stored from wreg
 11509     0967  00F3               	movwf	i1___bmul@multiplier
 11510     0968  01F2               	clrf	i1___bmul@product
 11511     0969                     i1l3048:
 11512     0969  1C73               	btfss	i1___bmul@multiplier,0
 11513     096A  296F               	goto	i1l3052
 11514     096B  0870               	movf	i1___bmul@multiplicand,w
 11515     096C  00F1               	movwf	??i1___bmul
 11516     096D  0871               	movf	??i1___bmul,w
 11517     096E  07F2               	addwf	i1___bmul@product,f
 11518     096F                     i1l3052:
 11519     096F  1003               	clrc
 11520     0970  0DF0               	rlf	i1___bmul@multiplicand,f
 11521     0971  1003               	clrc
 11522     0972  0CF3               	rrf	i1___bmul@multiplier,f
 11523     0973  0873               	movf	i1___bmul@multiplier,w
 11524     0974  1D03               	btfss	3,2
 11525     0975  2969               	goto	i1l3048
 11526     0976  0872               	movf	i1___bmul@product,w
 11527     0977  0008               	return
 11528     0978                     __end_ofi1___bmul:
 11529                           
 11530                           	psect	text57
 11531     08B2                     __ptext57:	
 11532 ;; *************** function _I2C1_SlaveIsTxBufEmpty *****************
 11533 ;; Defined at:
 11534 ;;		line 381 in file "mcc_generated_files/i2c1_slave.c"
 11535 ;; Parameters:    Size  Location     Type
 11536 ;;		None
 11537 ;; Auto vars:     Size  Location     Type
 11538 ;;		None
 11539 ;; Return value:  Size  Location     Type
 11540 ;;                  1    wreg      _Bool 
 11541 ;; Registers used:
 11542 ;;		wreg, status,0
 11543 ;; Tracked objects:
 11544 ;;		On entry : 0/0
 11545 ;;		On exit  : 0/0
 11546 ;;		Unchanged: 0/0
 11547 ;; Data sizes:     COMMON   BANK0   BANK1   BANK2   BANK3   BANK4   BANK5   BANK6   BANK7   BANK8   BANK9  BANK10  BANK1
      +1  BANK12  BANK13  BANK14  BANK15  BANK16  BANK17  BANK18  BANK19  BANK20  BANK21  BANK22  BANK23  BANK24  BANK25
 11548 ;;      Params:         0       0       0       0       0       0       0       0       0       0       0       0       
      +0       0       0       0       0       0       0       0       0       0       0       0       0       0       0
 11549 ;;      Locals:         0       0       0       0       0       0       0       0       0       0       0       0       
      +0       0       0       0       0       0       0       0       0       0       0       0       0       0       0
 11550 ;;      Temps:          0       0       0       0       0       0       0       0       0       0       0       0       
      +0       0       0       0       0       0       0       0       0       0       0       0       0       0       0
 11551 ;;      Totals:         0       0       0       0       0       0       0       0       0       0       0       0       
      +0       0       0       0       0       0       0       0       0       0       0       0       0       0       0
 11552 ;;Total ram usage:        0 bytes
 11553 ;; Hardware stack levels used: 1
 11554 ;; This function calls:
 11555 ;;		Nothing
 11556 ;; This function is called by:
 11557 ;;		_I2C1_Isr
 11558 ;; This function uses a non-reentrant model
 11559 ;;
 11560                           
 11561     08B2                     _I2C1_SlaveIsTxBufEmpty:	
 11562                           ;psect for function _I2C1_SlaveIsTxBufEmpty
 11563                           
 11564                           
 11565                           ;mcc_generated_files/i2c1_slave.c: 383:     return !SSP1STATbits.BF;
 11566                           
 11567                           ;incstack = 0
 11568                           ; Regs used in _I2C1_SlaveIsTxBufEmpty: [wreg+status,0]
 11569     08B2  1003               	clrc
 11570     08B3  0024               	movlb	4	; select bank4
 11571     08B4  1C14               	btfss	20,0	;volatile
 11572     08B5  1403               	setc
 11573     08B6  3000               	movlw	0
 11574     08B7  3D09               	addwfc	9,w
 11575     08B8  0008               	return
 11576     08B9                     __end_of_I2C1_SlaveIsTxBufEmpty:
 11577                           
 11578                           	psect	text58
 11579     0874                     __ptext58:	
 11580 ;; *************** function _I2C1_SlaveIsRxBufFull *****************
 11581 ;; Defined at:
 11582 ;;		line 386 in file "mcc_generated_files/i2c1_slave.c"
 11583 ;; Parameters:    Size  Location     Type
 11584 ;;		None
 11585 ;; Auto vars:     Size  Location     Type
 11586 ;;		None
 11587 ;; Return value:  Size  Location     Type
 11588 ;;                  1    wreg      _Bool 
 11589 ;; Registers used:
 11590 ;;		wreg, status,2, status,0
 11591 ;; Tracked objects:
 11592 ;;		On entry : 0/0
 11593 ;;		On exit  : 0/0
 11594 ;;		Unchanged: 0/0
 11595 ;; Data sizes:     COMMON   BANK0   BANK1   BANK2   BANK3   BANK4   BANK5   BANK6   BANK7   BANK8   BANK9  BANK10  BANK1
      +1  BANK12  BANK13  BANK14  BANK15  BANK16  BANK17  BANK18  BANK19  BANK20  BANK21  BANK22  BANK23  BANK24  BANK25
 11596 ;;      Params:         0       0       0       0       0       0       0       0       0       0       0       0       
      +0       0       0       0       0       0       0       0       0       0       0       0       0       0       0
 11597 ;;      Locals:         0       0       0       0       0       0       0       0       0       0       0       0       
      +0       0       0       0       0       0       0       0       0       0       0       0       0       0       0
 11598 ;;      Temps:          0       0       0       0       0       0       0       0       0       0       0       0       
      +0       0       0       0       0       0       0       0       0       0       0       0       0       0       0
 11599 ;;      Totals:         0       0       0       0       0       0       0       0       0       0       0       0       
      +0       0       0       0       0       0       0       0       0       0       0       0       0       0       0
 11600 ;;Total ram usage:        0 bytes
 11601 ;; Hardware stack levels used: 1
 11602 ;; This function calls:
 11603 ;;		Nothing
 11604 ;; This function is called by:
 11605 ;;		_I2C1_Isr
 11606 ;; This function uses a non-reentrant model
 11607 ;;
 11608                           
 11609     0874                     _I2C1_SlaveIsRxBufFull:	
 11610                           ;psect for function _I2C1_SlaveIsRxBufFull
 11611                           
 11612                           
 11613                           ;mcc_generated_files/i2c1_slave.c: 388:     return SSP1STATbits.BF;
 11614                           
 11615                           ;incstack = 0
 11616                           ; Regs used in _I2C1_SlaveIsRxBufFull: [wreg+status,2+status,0]
 11617     0874  0024               	movlb	4	; select bank4
 11618     0875  0814               	movf	20,w	;volatile
 11619     0876  3901               	andlw	1
 11620     0877  0008               	return
 11621     0878                     __end_of_I2C1_SlaveIsRxBufFull:
 11622                           
 11623                           	psect	text59
 11624     0881                     __ptext59:	
 11625 ;; *************** function _I2C1_SlaveIsRead *****************
 11626 ;; Defined at:
 11627 ;;		line 351 in file "mcc_generated_files/i2c1_slave.c"
 11628 ;; Parameters:    Size  Location     Type
 11629 ;;		None
 11630 ;; Auto vars:     Size  Location     Type
 11631 ;;		None
 11632 ;; Return value:  Size  Location     Type
 11633 ;;                  1    wreg      _Bool 
 11634 ;; Registers used:
 11635 ;;		wreg, status,2, status,0
 11636 ;; Tracked objects:
 11637 ;;		On entry : 0/0
 11638 ;;		On exit  : 0/0
 11639 ;;		Unchanged: 0/0
 11640 ;; Data sizes:     COMMON   BANK0   BANK1   BANK2   BANK3   BANK4   BANK5   BANK6   BANK7   BANK8   BANK9  BANK10  BANK1
      +1  BANK12  BANK13  BANK14  BANK15  BANK16  BANK17  BANK18  BANK19  BANK20  BANK21  BANK22  BANK23  BANK24  BANK25
 11641 ;;      Params:         0       0       0       0       0       0       0       0       0       0       0       0       
      +0       0       0       0       0       0       0       0       0       0       0       0       0       0       0
 11642 ;;      Locals:         0       0       0       0       0       0       0       0       0       0       0       0       
      +0       0       0       0       0       0       0       0       0       0       0       0       0       0       0
 11643 ;;      Temps:          0       0       0       0       0       0       0       0       0       0       0       0       
      +0       0       0       0       0       0       0       0       0       0       0       0       0       0       0
 11644 ;;      Totals:         0       0       0       0       0       0       0       0       0       0       0       0       
      +0       0       0       0       0       0       0       0       0       0       0       0       0       0       0
 11645 ;;Total ram usage:        0 bytes
 11646 ;; Hardware stack levels used: 1
 11647 ;; This function calls:
 11648 ;;		Nothing
 11649 ;; This function is called by:
 11650 ;;		_I2C1_Isr
 11651 ;;		_I2C1_IsRead
 11652 ;; This function uses a non-reentrant model
 11653 ;;
 11654                           
 11655     0881                     _I2C1_SlaveIsRead:	
 11656                           ;psect for function _I2C1_SlaveIsRead
 11657                           
 11658                           
 11659                           ;mcc_generated_files/i2c1_slave.c: 353:     return (SSP1STATbits.R_nW);
 11660                           
 11661                           ;incstack = 0
 11662                           ; Regs used in _I2C1_SlaveIsRead: [wreg+status,2+status,0]
 11663     0881  0024               	movlb	4	; select bank4
 11664     0882  0C14               	rrf	20,w	;volatile
 11665     0883  0C89               	rrf	9,f
 11666     0884  3901               	andlw	1
 11667     0885  0008               	return
 11668     0886                     __end_of_I2C1_SlaveIsRead:
 11669                           
 11670                           	psect	text60
 11671     08AB                     __ptext60:	
 11672 ;; *************** function _I2C1_SlaveIsAddr *****************
 11673 ;; Defined at:
 11674 ;;		line 346 in file "mcc_generated_files/i2c1_slave.c"
 11675 ;; Parameters:    Size  Location     Type
 11676 ;;		None
 11677 ;; Auto vars:     Size  Location     Type
 11678 ;;		None
 11679 ;; Return value:  Size  Location     Type
 11680 ;;                  1    wreg      _Bool 
 11681 ;; Registers used:
 11682 ;;		wreg, status,0
 11683 ;; Tracked objects:
 11684 ;;		On entry : 0/0
 11685 ;;		On exit  : 0/0
 11686 ;;		Unchanged: 0/0
 11687 ;; Data sizes:     COMMON   BANK0   BANK1   BANK2   BANK3   BANK4   BANK5   BANK6   BANK7   BANK8   BANK9  BANK10  BANK1
      +1  BANK12  BANK13  BANK14  BANK15  BANK16  BANK17  BANK18  BANK19  BANK20  BANK21  BANK22  BANK23  BANK24  BANK25
 11688 ;;      Params:         0       0       0       0       0       0       0       0       0       0       0       0       
      +0       0       0       0       0       0       0       0       0       0       0       0       0       0       0
 11689 ;;      Locals:         0       0       0       0       0       0       0       0       0       0       0       0       
      +0       0       0       0       0       0       0       0       0       0       0       0       0       0       0
 11690 ;;      Temps:          0       0       0       0       0       0       0       0       0       0       0       0       
      +0       0       0       0       0       0       0       0       0       0       0       0       0       0       0
 11691 ;;      Totals:         0       0       0       0       0       0       0       0       0       0       0       0       
      +0       0       0       0       0       0       0       0       0       0       0       0       0       0       0
 11692 ;;Total ram usage:        0 bytes
 11693 ;; Hardware stack levels used: 1
 11694 ;; This function calls:
 11695 ;;		Nothing
 11696 ;; This function is called by:
 11697 ;;		_I2C1_Isr
 11698 ;; This function uses a non-reentrant model
 11699 ;;
 11700                           
 11701     08AB                     _I2C1_SlaveIsAddr:	
 11702                           ;psect for function _I2C1_SlaveIsAddr
 11703                           
 11704                           
 11705                           ;mcc_generated_files/i2c1_slave.c: 348:     return !(SSP1STATbits.D_nA);
 11706                           
 11707                           ;incstack = 0
 11708                           ; Regs used in _I2C1_SlaveIsAddr: [wreg+status,0]
 11709     08AB  1003               	clrc
 11710     08AC  0024               	movlb	4	; select bank4
 11711     08AD  1E94               	btfss	20,5	;volatile
 11712     08AE  1403               	setc
 11713     08AF  3000               	movlw	0
 11714     08B0  3D09               	addwfc	9,w
 11715     08B1  0008               	return
 11716     08B2                     __end_of_I2C1_SlaveIsAddr:
 11717                           
 11718                           	psect	text61
 11719     0868                     __ptext61:	
 11720 ;; *************** function _I2C1_SlaveClearIrq *****************
 11721 ;; Defined at:
 11722 ;;		line 356 in file "mcc_generated_files/i2c1_slave.c"
 11723 ;; Parameters:    Size  Location     Type
 11724 ;;		None
 11725 ;; Auto vars:     Size  Location     Type
 11726 ;;		None
 11727 ;; Return value:  Size  Location     Type
 11728 ;;                  1    wreg      void 
 11729 ;; Registers used:
 11730 ;;		None
 11731 ;; Tracked objects:
 11732 ;;		On entry : 0/0
 11733 ;;		On exit  : 0/0
 11734 ;;		Unchanged: 0/0
 11735 ;; Data sizes:     COMMON   BANK0   BANK1   BANK2   BANK3   BANK4   BANK5   BANK6   BANK7   BANK8   BANK9  BANK10  BANK1
      +1  BANK12  BANK13  BANK14  BANK15  BANK16  BANK17  BANK18  BANK19  BANK20  BANK21  BANK22  BANK23  BANK24  BANK25
 11736 ;;      Params:         0       0       0       0       0       0       0       0       0       0       0       0       
      +0       0       0       0       0       0       0       0       0       0       0       0       0       0       0
 11737 ;;      Locals:         0       0       0       0       0       0       0       0       0       0       0       0       
      +0       0       0       0       0       0       0       0       0       0       0       0       0       0       0
 11738 ;;      Temps:          0       0       0       0       0       0       0       0       0       0       0       0       
      +0       0       0       0       0       0       0       0       0       0       0       0       0       0       0
 11739 ;;      Totals:         0       0       0       0       0       0       0       0       0       0       0       0       
      +0       0       0       0       0       0       0       0       0       0       0       0       0       0       0
 11740 ;;Total ram usage:        0 bytes
 11741 ;; Hardware stack levels used: 1
 11742 ;; This function calls:
 11743 ;;		Nothing
 11744 ;; This function is called by:
 11745 ;;		_I2C1_Isr
 11746 ;; This function uses a non-reentrant model
 11747 ;;
 11748                           
 11749     0868                     _I2C1_SlaveClearIrq:	
 11750                           ;psect for function _I2C1_SlaveClearIrq
 11751                           
 11752                           
 11753                           ;mcc_generated_files/i2c1_slave.c: 358:     PIR1bits.SSP1IF = 0;
 11754                           
 11755                           ;incstack = 0
 11756                           ; Regs used in _I2C1_SlaveClearIrq: []
 11757     0868  0020               	movlb	0	; select bank0
 11758     0869  1191               	bcf	17,3	;volatile
 11759     086A  0008               	return
 11760     086B                     __end_of_I2C1_SlaveClearIrq:
 11761                           
 11762                           	psect	text62
 11763     0913                     __ptext62:	
 11764 ;; *************** function _I2C1_SlaveAddrCallBack *****************
 11765 ;; Defined at:
 11766 ;;		line 267 in file "mcc_generated_files/i2c1_slave.c"
 11767 ;; Parameters:    Size  Location     Type
 11768 ;;		None
 11769 ;; Auto vars:     Size  Location     Type
 11770 ;;		None
 11771 ;; Return value:  Size  Location     Type
 11772 ;;                  1    wreg      void 
 11773 ;; Registers used:
 11774 ;;		wreg, status,2, status,0, pclath, cstack
 11775 ;; Tracked objects:
 11776 ;;		On entry : 0/0
 11777 ;;		On exit  : 0/0
 11778 ;;		Unchanged: 0/0
 11779 ;; Data sizes:     COMMON   BANK0   BANK1   BANK2   BANK3   BANK4   BANK5   BANK6   BANK7   BANK8   BANK9  BANK10  BANK1
      +1  BANK12  BANK13  BANK14  BANK15  BANK16  BANK17  BANK18  BANK19  BANK20  BANK21  BANK22  BANK23  BANK24  BANK25
 11780 ;;      Params:         0       0       0       0       0       0       0       0       0       0       0       0       
      +0       0       0       0       0       0       0       0       0       0       0       0       0       0       0
 11781 ;;      Locals:         0       0       0       0       0       0       0       0       0       0       0       0       
      +0       0       0       0       0       0       0       0       0       0       0       0       0       0       0
 11782 ;;      Temps:          0       0       0       0       0       0       0       0       0       0       0       0       
      +0       0       0       0       0       0       0       0       0       0       0       0       0       0       0
 11783 ;;      Totals:         0       0       0       0       0       0       0       0       0       0       0       0       
      +0       0       0       0       0       0       0       0       0       0       0       0       0       0       0
 11784 ;;Total ram usage:        0 bytes
 11785 ;; Hardware stack levels used: 1
 11786 ;; Hardware stack levels required when called: 3
 11787 ;; This function calls:
 11788 ;;		NULL
 11789 ;;		_I2C1_SlaveDefAddrInterruptHandler
 11790 ;;		_I2C_SlaveAddressCallbackHandler
 11791 ;; This function is called by:
 11792 ;;		_I2C1_Isr
 11793 ;; This function uses a non-reentrant model
 11794 ;;
 11795                           
 11796     0913                     _I2C1_SlaveAddrCallBack:	
 11797                           ;psect for function _I2C1_SlaveAddrCallBack
 11798                           
 11799                           
 11800                           ;mcc_generated_files/i2c1_slave.c: 269:     if (I2C1_SlaveAddrInterruptHandler) {
 11801                           
 11802                           ;incstack = 0
 11803                           ; Regs used in _I2C1_SlaveAddrCallBack: [wreg+status,2+status,0+pclath+cstack]
 11804     0913  0022               	movlb	2	; select bank2
 11805     0914  0848               	movf	_I2C1_SlaveAddrInterruptHandler^(0+256),w
 11806     0915  0449               	iorwf	(_I2C1_SlaveAddrInterruptHandler+1)^(0+256),w
 11807     0916  1903               	btfsc	3,2
 11808     0917  0008               	return
 11809                           
 11810                           ;mcc_generated_files/i2c1_slave.c: 270:         I2C1_SlaveAddrInterruptHandler();
 11811     0918  0849               	movf	(_I2C1_SlaveAddrInterruptHandler+1)^(0+256),w
 11812     0919  008A               	movwf	10
 11813     091A  0848               	movf	_I2C1_SlaveAddrInterruptHandler^(0+256),w
 11814     091B  000A               	callw
 11815     091C  3189               	pagesel	$
 11816     091D  0008               	return
 11817     091E                     __end_of_I2C1_SlaveAddrCallBack:
 11818                           
 11819                           	psect	text63
 11820     087C                     __ptext63:	
 11821 ;; *************** function _I2C1_SlaveDefAddrInterruptHandler *****************
 11822 ;; Defined at:
 11823 ;;		line 274 in file "mcc_generated_files/i2c1_slave.c"
 11824 ;; Parameters:    Size  Location     Type
 11825 ;;		None
 11826 ;; Auto vars:     Size  Location     Type
 11827 ;;		None
 11828 ;; Return value:  Size  Location     Type
 11829 ;;                  1    wreg      void 
 11830 ;; Registers used:
 11831 ;;		wreg, pclath, cstack
 11832 ;; Tracked objects:
 11833 ;;		On entry : 0/0
 11834 ;;		On exit  : 0/0
 11835 ;;		Unchanged: 0/0
 11836 ;; Data sizes:     COMMON   BANK0   BANK1   BANK2   BANK3   BANK4   BANK5   BANK6   BANK7   BANK8   BANK9  BANK10  BANK1
      +1  BANK12  BANK13  BANK14  BANK15  BANK16  BANK17  BANK18  BANK19  BANK20  BANK21  BANK22  BANK23  BANK24  BANK25
 11837 ;;      Params:         0       0       0       0       0       0       0       0       0       0       0       0       
      +0       0       0       0       0       0       0       0       0       0       0       0       0       0       0
 11838 ;;      Locals:         0       0       0       0       0       0       0       0       0       0       0       0       
      +0       0       0       0       0       0       0       0       0       0       0       0       0       0       0
 11839 ;;      Temps:          0       0       0       0       0       0       0       0       0       0       0       0       
      +0       0       0       0       0       0       0       0       0       0       0       0       0       0       0
 11840 ;;      Totals:         0       0       0       0       0       0       0       0       0       0       0       0       
      +0       0       0       0       0       0       0       0       0       0       0       0       0       0       0
 11841 ;;Total ram usage:        0 bytes
 11842 ;; Hardware stack levels used: 1
 11843 ;; Hardware stack levels required when called: 1
 11844 ;; This function calls:
 11845 ;;		_I2C1_SlaveGetRxData
 11846 ;; This function is called by:
 11847 ;;		_I2C1_Open
 11848 ;;		_I2C1_SlaveAddrCallBack
 11849 ;; This function uses a non-reentrant model
 11850 ;;
 11851                           
 11852     087C                     _I2C1_SlaveDefAddrInterruptHandler:	
 11853                           ;psect for function _I2C1_SlaveDefAddrInterruptHandler
 11854                           
 11855                           
 11856                           ;mcc_generated_files/i2c1_slave.c: 275:     i2c1SlaveAddr = I2C1_SlaveGetRxData();
 11857                           
 11858                           ;incstack = 0
 11859                           ; Regs used in _I2C1_SlaveDefAddrInterruptHandler: [wreg+pclath+cstack]
 11860     087C  3188  2062         	fcall	_I2C1_SlaveGetRxData
 11861     087E  0021               	movlb	1	; select bank1
 11862     087F  00C7               	movwf	_i2c1SlaveAddr^(0+128)	;volatile
 11863     0880  0008               	return
 11864     0881                     __end_of_I2C1_SlaveDefAddrInterruptHandler:
 11865                           
 11866                           	psect	text64
 11867     09D9                     __ptext64:	
 11868 ;; *************** function _I2C_SlaveAddressCallbackHandler *****************
 11869 ;; Defined at:
 11870 ;;		line 136 in file "D:/Microchip/MPLABProjects/PSoC3-PCIe-MKIII.X/main.c"
 11871 ;; Parameters:    Size  Location     Type
 11872 ;;		None
 11873 ;; Auto vars:     Size  Location     Type
 11874 ;;		None
 11875 ;; Return value:  Size  Location     Type
 11876 ;;                  1    wreg      void 
 11877 ;; Registers used:
 11878 ;;		wreg, status,2, status,0, pclath, cstack
 11879 ;; Tracked objects:
 11880 ;;		On entry : 0/0
 11881 ;;		On exit  : 0/0
 11882 ;;		Unchanged: 0/0
 11883 ;; Data sizes:     COMMON   BANK0   BANK1   BANK2   BANK3   BANK4   BANK5   BANK6   BANK7   BANK8   BANK9  BANK10  BANK1
      +1  BANK12  BANK13  BANK14  BANK15  BANK16  BANK17  BANK18  BANK19  BANK20  BANK21  BANK22  BANK23  BANK24  BANK25
 11884 ;;      Params:         0       0       0       0       0       0       0       0       0       0       0       0       
      +0       0       0       0       0       0       0       0       0       0       0       0       0       0       0
 11885 ;;      Locals:         0       0       0       0       0       0       0       0       0       0       0       0       
      +0       0       0       0       0       0       0       0       0       0       0       0       0       0       0
 11886 ;;      Temps:          0       0       0       0       0       0       0       0       0       0       0       0       
      +0       0       0       0       0       0       0       0       0       0       0       0       0       0       0
 11887 ;;      Totals:         0       0       0       0       0       0       0       0       0       0       0       0       
      +0       0       0       0       0       0       0       0       0       0       0       0       0       0       0
 11888 ;;Total ram usage:        0 bytes
 11889 ;; Hardware stack levels used: 1
 11890 ;; Hardware stack levels required when called: 2
 11891 ;; This function calls:
 11892 ;;		_I2C1_Read
 11893 ;; This function is called by:
 11894 ;;		_I2C_Initialize
 11895 ;;		_I2C1_SlaveAddrCallBack
 11896 ;; This function uses a non-reentrant model
 11897 ;;
 11898                           
 11899     09D9                     _I2C_SlaveAddressCallbackHandler:	
 11900                           ;psect for function _I2C_SlaveAddressCallbackHandler
 11901                           
 11902                           
 11903                           ;D:/Microchip/MPLABProjects/PSoC3-PCIe-MKIII.X/main.c: 138:     tmpSlaveAddr = I2C1_Read
      +                          ();
 11904                           
 11905                           ;incstack = 0
 11906                           ; Regs used in _I2C_SlaveAddressCallbackHandler: [wreg+status,2+status,0+pclath+cstack]
 11907     09D9  3188  2065  3189   	fcall	_I2C1_Read
 11908     09DC  00FD               	movwf	_tmpSlaveAddr	;volatile
 11909                           
 11910                           ;D:/Microchip/MPLABProjects/PSoC3-PCIe-MKIII.X/main.c: 139:     SlaveAddress = tmpSlaveA
      +                          ddr >> 1u;
 11911     09DD  367D               	lsrf	_tmpSlaveAddr,w	;volatile
 11912     09DE  0021               	movlb	1	; select bank1
 11913     09DF  00C4               	movwf	_SlaveAddress^(0+128)	;volatile
 11914                           
 11915                           ;D:/Microchip/MPLABProjects/PSoC3-PCIe-MKIII.X/main.c: 140:     SlaveR_W = tmpSlaveAddr 
      +                          & 0x01u;
 11916     09E0  087D               	movf	_tmpSlaveAddr,w	;volatile
 11917     09E1  3901               	andlw	1
 11918     09E2  00C3               	movwf	_SlaveR_W^(0+128)	;volatile
 11919                           
 11920                           ;D:/Microchip/MPLABProjects/PSoC3-PCIe-MKIII.X/main.c: 142:     if (SlaveR_W == 0) {
 11921     09E3  0843               	movf	_SlaveR_W^(0+128),w	;volatile
 11922     09E4  1D03               	btfss	3,2
 11923     09E5  29E9               	goto	i1l3142
 11924                           
 11925                           ;D:/Microchip/MPLABProjects/PSoC3-PCIe-MKIII.X/main.c: 143:         SlaveInit = 1;
 11926     09E6  3001               	movlw	1
 11927     09E7  00BF               	movwf	_SlaveInit^(0+128)	;volatile
 11928                           
 11929                           ;D:/Microchip/MPLABProjects/PSoC3-PCIe-MKIII.X/main.c: 145:     } else
 11930     09E8  0008               	return
 11931     09E9                     i1l3142:
 11932                           
 11933                           ;D:/Microchip/MPLABProjects/PSoC3-PCIe-MKIII.X/main.c: 146:     {;D:/Microchip/MPLABProj
      +                          ects/PSoC3-PCIe-MKIII.X/main.c: 147:         Return_Queue_count = CMD_queue_count;
 11934     09E9  0836               	movf	_CMD_queue_count^(0+128),w	;volatile
 11935     09EA  00B4               	movwf	_Return_Queue_count^(0+128)	;volatile
 11936                           
 11937                           ;D:/Microchip/MPLABProjects/PSoC3-PCIe-MKIII.X/main.c: 148:         if (Return_Queue_cou
      +                          nt > 32) {
 11938     09EB  3021               	movlw	33
 11939     09EC  0234               	subwf	_Return_Queue_count^(0+128),w	;volatile
 11940     09ED  1C03               	skipc
 11941     09EE  0008               	return
 11942                           
 11943                           ;D:/Microchip/MPLABProjects/PSoC3-PCIe-MKIII.X/main.c: 149:             Return_Queue_cou
      +                          nt = 32;
 11944     09EF  3020               	movlw	32
 11945     09F0  00B4               	movwf	_Return_Queue_count^(0+128)	;volatile
 11946     09F1  0008               	return
 11947     09F2                     __end_of_I2C_SlaveAddressCallbackHandler:
 11948                           
 11949                           	psect	text65
 11950     0865                     __ptext65:	
 11951 ;; *************** function _I2C1_Read *****************
 11952 ;; Defined at:
 11953 ;;		line 135 in file "mcc_generated_files/i2c1_slave.c"
 11954 ;; Parameters:    Size  Location     Type
 11955 ;;		None
 11956 ;; Auto vars:     Size  Location     Type
 11957 ;;		None
 11958 ;; Return value:  Size  Location     Type
 11959 ;;                  1    wreg      unsigned char 
 11960 ;; Registers used:
 11961 ;;		wreg, pclath, cstack
 11962 ;; Tracked objects:
 11963 ;;		On entry : 0/0
 11964 ;;		On exit  : 0/0
 11965 ;;		Unchanged: 0/0
 11966 ;; Data sizes:     COMMON   BANK0   BANK1   BANK2   BANK3   BANK4   BANK5   BANK6   BANK7   BANK8   BANK9  BANK10  BANK1
      +1  BANK12  BANK13  BANK14  BANK15  BANK16  BANK17  BANK18  BANK19  BANK20  BANK21  BANK22  BANK23  BANK24  BANK25
 11967 ;;      Params:         0       0       0       0       0       0       0       0       0       0       0       0       
      +0       0       0       0       0       0       0       0       0       0       0       0       0       0       0
 11968 ;;      Locals:         0       0       0       0       0       0       0       0       0       0       0       0       
      +0       0       0       0       0       0       0       0       0       0       0       0       0       0       0
 11969 ;;      Temps:          0       0       0       0       0       0       0       0       0       0       0       0       
      +0       0       0       0       0       0       0       0       0       0       0       0       0       0       0
 11970 ;;      Totals:         0       0       0       0       0       0       0       0       0       0       0       0       
      +0       0       0       0       0       0       0       0       0       0       0       0       0       0       0
 11971 ;;Total ram usage:        0 bytes
 11972 ;; Hardware stack levels used: 1
 11973 ;; Hardware stack levels required when called: 1
 11974 ;; This function calls:
 11975 ;;		_I2C1_SlaveGetRxData
 11976 ;; This function is called by:
 11977 ;;		_I2C_SlaveAddressCallbackHandler
 11978 ;;		_I2C_SlaveReceiveCallbackHandler
 11979 ;; This function uses a non-reentrant model
 11980 ;;
 11981                           
 11982     0865                     _I2C1_Read:	
 11983                           ;psect for function _I2C1_Read
 11984                           
 11985                           
 11986                           ;mcc_generated_files/i2c1_slave.c: 137:    return I2C1_SlaveGetRxData();
 11987                           
 11988                           ;incstack = 0
 11989                           ; Regs used in _I2C1_Read: [wreg+pclath+cstack]
 11990     0865  3188  2062         	fcall	_I2C1_SlaveGetRxData
 11991     0867  0008               	return
 11992     0868                     __end_of_I2C1_Read:
 11993                           
 11994                           	psect	text66
 11995     0862                     __ptext66:	
 11996 ;; *************** function _I2C1_SlaveGetRxData *****************
 11997 ;; Defined at:
 11998 ;;		line 396 in file "mcc_generated_files/i2c1_slave.c"
 11999 ;; Parameters:    Size  Location     Type
 12000 ;;		None
 12001 ;; Auto vars:     Size  Location     Type
 12002 ;;		None
 12003 ;; Return value:  Size  Location     Type
 12004 ;;                  1    wreg      unsigned char 
 12005 ;; Registers used:
 12006 ;;		wreg
 12007 ;; Tracked objects:
 12008 ;;		On entry : 0/0
 12009 ;;		On exit  : 0/0
 12010 ;;		Unchanged: 0/0
 12011 ;; Data sizes:     COMMON   BANK0   BANK1   BANK2   BANK3   BANK4   BANK5   BANK6   BANK7   BANK8   BANK9  BANK10  BANK1
      +1  BANK12  BANK13  BANK14  BANK15  BANK16  BANK17  BANK18  BANK19  BANK20  BANK21  BANK22  BANK23  BANK24  BANK25
 12012 ;;      Params:         0       0       0       0       0       0       0       0       0       0       0       0       
      +0       0       0       0       0       0       0       0       0       0       0       0       0       0       0
 12013 ;;      Locals:         0       0       0       0       0       0       0       0       0       0       0       0       
      +0       0       0       0       0       0       0       0       0       0       0       0       0       0       0
 12014 ;;      Temps:          0       0       0       0       0       0       0       0       0       0       0       0       
      +0       0       0       0       0       0       0       0       0       0       0       0       0       0       0
 12015 ;;      Totals:         0       0       0       0       0       0       0       0       0       0       0       0       
      +0       0       0       0       0       0       0       0       0       0       0       0       0       0       0
 12016 ;;Total ram usage:        0 bytes
 12017 ;; Hardware stack levels used: 1
 12018 ;; This function calls:
 12019 ;;		Nothing
 12020 ;; This function is called by:
 12021 ;;		_I2C1_Read
 12022 ;;		_I2C1_SlaveDefRdInterruptHandler
 12023 ;;		_I2C1_SlaveDefAddrInterruptHandler
 12024 ;; This function uses a non-reentrant model
 12025 ;;
 12026                           
 12027     0862                     _I2C1_SlaveGetRxData:	
 12028                           ;psect for function _I2C1_SlaveGetRxData
 12029                           
 12030                           
 12031                           ;mcc_generated_files/i2c1_slave.c: 398:     return SSP1BUF;
 12032                           
 12033                           ;incstack = 0
 12034                           ; Regs used in _I2C1_SlaveGetRxData: [wreg]
 12035     0862  0024               	movlb	4	; select bank4
 12036     0863  0811               	movf	17,w	;volatile
 12037     0864  0008               	return
 12038     0865                     __end_of_I2C1_SlaveGetRxData:
 12039     007E                     btemp	set	126	;btemp
 12040     007E                     int$flags	set	126
 12041     007E                     wtemp0	set	126
 12042     26B0                     
 12043                           	psect	idloc
 12044                           
 12045                           ;Config register IDLOC0 @ 0x8000
 12046                           ;	unspecified, using default values
 12047     8000                     	org	32768
 12048     8000  3FFF               	dw	16383
 12049                           
 12050                           ;Config register IDLOC1 @ 0x8001
 12051                           ;	unspecified, using default values
 12052     8001                     	org	32769
 12053     8001  3FFF               	dw	16383
 12054                           
 12055                           ;Config register IDLOC2 @ 0x8002
 12056                           ;	unspecified, using default values
 12057     8002                     	org	32770
 12058     8002  3FFF               	dw	16383
 12059                           
 12060                           ;Config register IDLOC3 @ 0x8003
 12061                           ;	unspecified, using default values
 12062     8003                     	org	32771
 12063     8003  3FFF               	dw	16383
 12064                           
 12065                           	psect	config
 12066                           
 12067                           ;Config register CONFIG1 @ 0x8007
 12068                           ;	FEXTOSC External Oscillator mode Selection bits
 12069                           ;	FEXTOSC = OFF, Oscillator not enabled
 12070                           ;	Power-up default value for COSC bits
 12071                           ;	RSTOSC = HFINT32, HFINTOSC with 2x PLL (32MHz)
 12072                           ;	Clock Out Enable bit
 12073                           ;	CLKOUTEN = OFF, CLKOUT function is disabled; I/O or oscillator function on OSC2
 12074                           ;	Clock Switch Enable bit
 12075                           ;	CSWEN = ON, Writing to NOSC and NDIV is allowed
 12076                           ;	Fail-Safe Clock Monitor Enable
 12077                           ;	FCMEN = ON, Fail-Safe Clock Monitor is enabled
 12078     8007                     	org	32775
 12079     8007  3F8C               	dw	16268
 12080                           
 12081                           ;Config register CONFIG2 @ 0x8008
 12082                           ;	Master Clear Enable bit
 12083                           ;	MCLRE = ON, MCLR/VPP pin function is MCLR; Weak pull-up enabled
 12084                           ;	Power-up Timer Enable bit
 12085                           ;	PWRTE = OFF, PWRT disabled
 12086                           ;	Watchdog Timer Enable bits
 12087                           ;	WDTE = OFF, WDT disabled; SWDTEN is ignored
 12088                           ;	Low-power BOR enable bit
 12089                           ;	LPBOREN = OFF, ULPBOR disabled
 12090                           ;	Brown-out Reset Enable bits
 12091                           ;	BOREN = ON, Brown-out Reset enabled, SBOREN bit ignored
 12092                           ;	Brown-out Reset Voltage selection bit
 12093                           ;	BORV = LOW, Brown-out voltage (Vbor) set to 2.45V
 12094                           ;	PPSLOCK bit One-Way Set Enable bit
 12095                           ;	PPS1WAY = ON, The PPSLOCK bit can be cleared and set only once; PPS registers remain l
      +                          ocked after one clear/set cycle
 12096                           ;	Stack Overflow/Underflow Reset Enable bit
 12097                           ;	STVREN = ON, Stack Overflow or Underflow will cause a Reset
 12098                           ;	Debugger enable bit
 12099                           ;	DEBUG = OFF, Background debugger disabled
 12100     8008                     	org	32776
 12101     8008  3FF3               	dw	16371
 12102                           
 12103                           ;Config register CONFIG3 @ 0x8009
 12104                           ;	User NVM self-write protection bits
 12105                           ;	WRT = OFF, Write protection off
 12106                           ;	Low Voltage Programming Enable bit
 12107                           ;	LVP = ON, Low Voltage programming enabled. MCLR/VPP pin function is MCLR. MCLRE config
      +                          uration bit is ignored.
 12108     8009                     	org	32777
 12109     8009  3FFF               	dw	16383
 12110                           
 12111                           ;Config register CONFIG4 @ 0x800A
 12112                           ;	User NVM Program Memory Code Protection bit
 12113                           ;	CP = OFF, User NVM code protection disabled
 12114                           ;	Data NVM Memory Code Protection bit
 12115                           ;	CPD = OFF, Data NVM code protection disabled
 12116     800A                     	org	32778
 12117     800A  3FFF               	dw	16383

Data Sizes:
    Strings     0
    Constant    0
    Data        10
    BSS         141
    Persistent  34
    Stack       0

Auto Spaces:
    Space          Size  Autos    Used
    COMMON           14     13      14
    BANK0            80     79      80
    BANK1            80     29      80
    BANK2            80      0      52
    BANK3            80      0      48
    BANK4            80      0       0
    BANK5            80      0       0
    BANK6            80      0       0
    BANK7            80      0       0
    BANK8            80      0       0
    BANK9            80      0       0
    BANK10           80      0       0
    BANK11           80      0       0
    BANK12           80      0       0
    BANK13           80      0       0
    BANK14           80      0       0
    BANK15           80      0       0
    BANK16           80      0       0
    BANK17           80      0       0
    BANK18           80      0       0
    BANK19           80      0       0
    BANK20           80      0       0
    BANK21           32      0       0
    BANK22            0      0       0
    BANK23            0      0       0
    BANK24            0      0       0
    BANK25            0      0       0

Pointer List with Targets:

    CMD_dequeue@param1	PTR unsigned char  size(1) Largest target is 1
		 -> CW_Config@param1(BANK1[1]), 

    CMD_dequeue@param2	PTR unsigned char  size(1) Largest target is 1
		 -> CW_Config@param2(BANK1[1]), 

    I2C1_SlaveAddrInterruptHandler	PTR FTN()void  size(2) Largest target is 1
		 -> I2C1_SlaveDefAddrInterruptHandler(), I2C_SlaveAddressCallbackHandler(), NULL(), 

    I2C1_SlaveBusColInterruptHandler	PTR FTN()void  size(2) Largest target is 1
		 -> I2C1_SlaveDefBusColInterruptHandler(), I2C_SlaveCollisionCallbackHandler(), NULL(), 

    I2C1_SlaveRdInterruptHandler	PTR FTN()void  size(2) Largest target is 1
		 -> I2C1_SlaveDefRdInterruptHandler(), I2C_SlaveReceiveCallbackHandler(), NULL(), 

    I2C1_SlaveSetAddrIntHandler@handler	PTR FTN()void  size(2) Largest target is 1
		 -> I2C1_SlaveDefAddrInterruptHandler(), I2C_SlaveAddressCallbackHandler(), 

    I2C1_SlaveSetBusColIntHandler@handler	PTR FTN()void  size(2) Largest target is 1
		 -> I2C1_SlaveDefBusColInterruptHandler(), I2C_SlaveCollisionCallbackHandler(), 

    I2C1_SlaveSetIsrHandler@handler	PTR FTN()void  size(2) Largest target is 1
		 -> I2C1_Isr(), 

    I2C1_SlaveSetReadIntHandler@handler	PTR FTN()void  size(2) Largest target is 1
		 -> I2C1_SlaveDefRdInterruptHandler(), I2C_SlaveReceiveCallbackHandler(), 

    I2C1_SlaveSetWrColIntHandler@handler	PTR FTN()void  size(2) Largest target is 1
		 -> I2C1_SlaveDefWrColInterruptHandler(), 

    I2C1_SlaveSetWriteIntHandler@handler	PTR FTN()void  size(2) Largest target is 1
		 -> I2C1_SlaveDefWrInterruptHandler(), I2C_SlaveTransmitCallbackHandler(), 

    I2C1_SlaveWrColInterruptHandler	PTR FTN()void  size(2) Largest target is 1
		 -> I2C1_SlaveDefWrColInterruptHandler(), NULL(), 

    I2C1_SlaveWrInterruptHandler	PTR FTN()void  size(2) Largest target is 1
		 -> I2C1_SlaveDefWrInterruptHandler(), I2C_SlaveTransmitCallbackHandler(), NULL(), 

    MSSP1_InterruptHandler	PTR FTN()void  size(2) Largest target is 1
		 -> I2C1_Isr(), NULL(), 

    TMR0_InterruptHandler	PTR FTN()void  size(2) Largest target is 1
		 -> micros(), TMR0_DefaultInterruptHandler(), NULL(), 

    TMR0_SetInterruptHandler@InterruptHandler	PTR FTN()void  size(2) Largest target is 1
		 -> micros(), TMR0_DefaultInterruptHandler(), 


Critical Paths under _main in COMMON

    None.

Critical Paths under _INTERRUPT_InterruptManager in COMMON

    _INTERRUPT_InterruptManager->_I2C1_Isr
    _I2C_SlaveTransmitCallbackHandler->_I2C1_Write
    _I2C1_Write->_I2C1_SlaveSendTxData
    _I2C1_SlaveDefWrInterruptHandler->_I2C1_SlaveSendTxData
    _I2C_SlaveReceiveCallbackHandler->_CMD_queue_add
    _CMD_queue_add->i1___bmul

Critical Paths under _main in BANK0

    _key_loop->___fltol
    ___flsub->___fladd
    ___fladd->___flmul
    ___flmul->___xxtofl
    _TMR0_Initialize->_TMR0_SetInterruptHandler
    _I2C_Initialize->_I2C1_SlaveSetAddrIntHandler
    _I2C_Initialize->_I2C1_SlaveSetBusColIntHandler
    _I2C_Initialize->_I2C1_SlaveSetReadIntHandler
    _I2C_Initialize->_I2C1_SlaveSetWriteIntHandler
    _I2C1_Open->_I2C1_SlaveSetAddrIntHandler
    _I2C1_Open->_I2C1_SlaveSetBusColIntHandler
    _I2C1_Open->_I2C1_SlaveSetIsrHandler
    _I2C1_Open->_I2C1_SlaveSetReadIntHandler
    _I2C1_Open->_I2C1_SlaveSetWrColIntHandler
    _I2C1_Open->_I2C1_SlaveSetWriteIntHandler
    _cfg_set_speed->___aldiv
    ___fltol->___flsub
    ___aldiv->___fltol
    _CMD_dequeue->___bmul

Critical Paths under _INTERRUPT_InterruptManager in BANK0

    None.

Critical Paths under _main in BANK1

    _main->_CW_Config
    _CW_Initialize->_cfg_set_speed
    _CW_Config->_cfg_set_speed
    _cfg_set_speed->___aldiv

Critical Paths under _INTERRUPT_InterruptManager in BANK1

    None.

Critical Paths under _main in BANK2

    None.

Critical Paths under _INTERRUPT_InterruptManager in BANK2

    None.

Critical Paths under _main in BANK3

    None.

Critical Paths under _INTERRUPT_InterruptManager in BANK3

    None.

Critical Paths under _main in BANK4

    None.

Critical Paths under _INTERRUPT_InterruptManager in BANK4

    None.

Critical Paths under _main in BANK5

    None.

Critical Paths under _INTERRUPT_InterruptManager in BANK5

    None.

Critical Paths under _main in BANK6

    None.

Critical Paths under _INTERRUPT_InterruptManager in BANK6

    None.

Critical Paths under _main in BANK7

    None.

Critical Paths under _INTERRUPT_InterruptManager in BANK7

    None.

Critical Paths under _main in BANK8

    None.

Critical Paths under _INTERRUPT_InterruptManager in BANK8

    None.

Critical Paths under _main in BANK9

    None.

Critical Paths under _INTERRUPT_InterruptManager in BANK9

    None.

Critical Paths under _main in BANK10

    None.

Critical Paths under _INTERRUPT_InterruptManager in BANK10

    None.

Critical Paths under _main in BANK11

    None.

Critical Paths under _INTERRUPT_InterruptManager in BANK11

    None.

Critical Paths under _main in BANK12

    None.

Critical Paths under _INTERRUPT_InterruptManager in BANK12

    None.

Critical Paths under _main in BANK13

    None.

Critical Paths under _INTERRUPT_InterruptManager in BANK13

    None.

Critical Paths under _main in BANK14

    None.

Critical Paths under _INTERRUPT_InterruptManager in BANK14

    None.

Critical Paths under _main in BANK15

    None.

Critical Paths under _INTERRUPT_InterruptManager in BANK15

    None.

Critical Paths under _main in BANK16

    None.

Critical Paths under _INTERRUPT_InterruptManager in BANK16

    None.

Critical Paths under _main in BANK17

    None.

Critical Paths under _INTERRUPT_InterruptManager in BANK17

    None.

Critical Paths under _main in BANK18

    None.

Critical Paths under _INTERRUPT_InterruptManager in BANK18

    None.

Critical Paths under _main in BANK19

    None.

Critical Paths under _INTERRUPT_InterruptManager in BANK19

    None.

Critical Paths under _main in BANK20

    None.

Critical Paths under _INTERRUPT_InterruptManager in BANK20

    None.

Critical Paths under _main in BANK21

    None.

Critical Paths under _INTERRUPT_InterruptManager in BANK21

    None.

Critical Paths under _main in BANK22

    None.

Critical Paths under _INTERRUPT_InterruptManager in BANK22

    None.

Critical Paths under _main in BANK23

    None.

Critical Paths under _INTERRUPT_InterruptManager in BANK23

    None.

Critical Paths under _main in BANK24

    None.

Critical Paths under _INTERRUPT_InterruptManager in BANK24

    None.

Critical Paths under _main in BANK25

    None.

Critical Paths under _INTERRUPT_InterruptManager in BANK25

    None.

Call Graph Tables:

 ---------------------------------------------------------------------------------
 (Depth) Function   	        Calls       Base Space   Used Autos Params    Refs
 ---------------------------------------------------------------------------------
 (0) _main                                                 0     0      0   17160
                          _CW_Config
                      _CW_Initialize
                   _DATAEE_WriteByte
                     _I2C_Initialize
                    _NCO1_Initialize
                  _SYSTEM_Initialize
                    _TMR0_Initialize
           _TMR0_SetInterruptHandler
                    _TMR0_StartTimer
                           _key_loop
                            _tx_loop
 ---------------------------------------------------------------------------------
 (1) _tx_loop                                             12     8      4     121
                                              0 BANK0      8     4      4
 ---------------------------------------------------------------------------------
 (1) _key_loop                                            23    19      4   10964
                                              0 BANK1     22    18      4
                            ___fladd
                            ___flmul
                            ___flsub
                            ___fltol
                             ___lmul
                           ___xxtofl
                           _key_read
                            _tx_send
 ---------------------------------------------------------------------------------
 (2) _tx_send                                              4     0      4     250
                                              0 BANK0      4     0      4
 ---------------------------------------------------------------------------------
 (2) _key_read                                             2     2      0      50
                                              0 BANK0      2     2      0
 ---------------------------------------------------------------------------------
 (2) ___lmul                                              12     4      8     396
                                              0 BANK0     12     4      8
 ---------------------------------------------------------------------------------
 (2) ___flsub                                              8     0      8    2789
                                             60 BANK0      8     0      8
                            ___fladd
                            ___flmul (ARG)
 ---------------------------------------------------------------------------------
 (3) ___fladd                                             20    12      8    2592
                                             40 BANK0     20    12      8
                            ___flmul (ARG)
                           ___xxtofl (ARG)
 ---------------------------------------------------------------------------------
 (2) ___flmul                                             26    18      8    2873
                                             14 BANK0     26    18      8
                          __Umul8_16
                           ___xxtofl (ARG)
 ---------------------------------------------------------------------------------
 (3) __Umul8_16                                            9     7      2     799
                                              0 BANK0      9     7      2
 ---------------------------------------------------------------------------------
 (1) _TMR0_StartTimer                                      0     0      0       0
 ---------------------------------------------------------------------------------
 (1) _SYSTEM_Initialize                                    0     0      0     174
                    _I2C1_Initialize
                    _NCO1_Initialize
              _OSCILLATOR_Initialize
             _PIN_MANAGER_Initialize
                     _PMD_Initialize
                    _TMR0_Initialize
                     _WDT_Initialize
 ---------------------------------------------------------------------------------
 (2) _WDT_Initialize                                       0     0      0       0
 ---------------------------------------------------------------------------------
 (1) _TMR0_Initialize                                      0     0      0     174
           _TMR0_SetInterruptHandler
 ---------------------------------------------------------------------------------
 (1) _TMR0_SetInterruptHandler                             2     0      2     174
                                              0 BANK0      2     0      2
 ---------------------------------------------------------------------------------
 (2) _PMD_Initialize                                       0     0      0       0
 ---------------------------------------------------------------------------------
 (2) _PIN_MANAGER_Initialize                               0     0      0       0
 ---------------------------------------------------------------------------------
 (2) _OSCILLATOR_Initialize                                0     0      0       0
 ---------------------------------------------------------------------------------
 (2) _NCO1_Initialize                                      0     0      0       0
 ---------------------------------------------------------------------------------
 (1) _I2C_Initialize                                       0     0      0    1632
                    _I2C1_Initialize
                          _I2C1_Open
        _I2C1_SlaveSetAddrIntHandler
      _I2C1_SlaveSetBusColIntHandler
        _I2C1_SlaveSetReadIntHandler
       _I2C1_SlaveSetWriteIntHandler
 ---------------------------------------------------------------------------------
 (2) _I2C1_Open                                            0     0      0     936
                _I2C1_SlaveEnableIrq
                     _I2C1_SlaveOpen
        _I2C1_SlaveSetAddrIntHandler
      _I2C1_SlaveSetBusColIntHandler
            _I2C1_SlaveSetIsrHandler
        _I2C1_SlaveSetReadIntHandler
             _I2C1_SlaveSetSlaveAddr
             _I2C1_SlaveSetSlaveMask
       _I2C1_SlaveSetWrColIntHandler
       _I2C1_SlaveSetWriteIntHandler
 ---------------------------------------------------------------------------------
 (2) _I2C1_SlaveSetWriteIntHandler                         2     0      2     174
                                              0 BANK0      2     0      2
 ---------------------------------------------------------------------------------
 (3) _I2C1_SlaveSetWrColIntHandler                         2     0      2      98
                                              0 BANK0      2     0      2
 ---------------------------------------------------------------------------------
 (3) _I2C1_SlaveSetSlaveMask                               1     1      0      22
                                              0 BANK0      1     1      0
 ---------------------------------------------------------------------------------
 (3) _I2C1_SlaveSetSlaveAddr                               1     1      0      22
                                              0 BANK0      1     1      0
 ---------------------------------------------------------------------------------
 (2) _I2C1_SlaveSetReadIntHandler                          2     0      2     174
                                              0 BANK0      2     0      2
 ---------------------------------------------------------------------------------
 (3) _I2C1_SlaveSetIsrHandler                              2     0      2      98
                                              0 BANK0      2     0      2
 ---------------------------------------------------------------------------------
 (2) _I2C1_SlaveSetBusColIntHandler                        2     0      2     174
                                              0 BANK0      2     0      2
 ---------------------------------------------------------------------------------
 (2) _I2C1_SlaveSetAddrIntHandler                          2     0      2     174
                                              0 BANK0      2     0      2
 ---------------------------------------------------------------------------------
 (3) _I2C1_SlaveOpen                                       1     1      0       0
                                              0 BANK0      1     1      0
 ---------------------------------------------------------------------------------
 (3) _I2C1_SlaveEnableIrq                                  0     0      0       0
 ---------------------------------------------------------------------------------
 (2) _I2C1_Initialize                                      1     1      0       0
                                              0 BANK0      1     1      0
 ---------------------------------------------------------------------------------
 (1) _DATAEE_WriteByte                                     4     1      3     241
                                              0 BANK0      4     1      3
 ---------------------------------------------------------------------------------
 (1) _CW_Initialize                                        4     4      0    1128
                                             18 BANK1      4     4      0
                      _cfg_set_speed
 ---------------------------------------------------------------------------------
 (1) _CW_Config                                           11    11      0    2552
                                             18 BANK1     11    11      0
                        _CMD_dequeue
                           ___xxtofl
                      _cfg_set_speed
 ---------------------------------------------------------------------------------
 (2) _cfg_set_speed                                        4     0      4    1105
                                             14 BANK1      4     0      4
                            ___aldiv
                            ___fltol
 ---------------------------------------------------------------------------------
 (2) ___fltol                                             10     6      4     457
                                             68 BANK0     10     6      4
                            ___fladd (ARG)
                            ___flmul (ARG)
                            ___flsub (ARG)
                           ___xxtofl (ARG)
 ---------------------------------------------------------------------------------
 (3) ___aldiv                                             15     7      8     452
                                             78 BANK0      1     1      0
                                              0 BANK1     14     6      8
                            ___fltol (ARG)
 ---------------------------------------------------------------------------------
 (2) ___xxtofl                                            14    10      4     778
                                              0 BANK0     14    10      4
 ---------------------------------------------------------------------------------
 (2) _CMD_dequeue                                          5     4      1     417
                                              4 BANK0      5     4      1
                             ___bmul
 ---------------------------------------------------------------------------------
 (3) ___bmul                                               4     3      1     217
                                              0 BANK0      4     3      1
 ---------------------------------------------------------------------------------
 Estimated maximum stack depth 3
 ---------------------------------------------------------------------------------
 (Depth) Function   	        Calls       Base Space   Used Autos Params    Refs
 ---------------------------------------------------------------------------------
 (4) _INTERRUPT_InterruptManager                           0     0      0     409
                                NULL *
                           _I2C1_Isr *
                           _TMR0_ISR
 ---------------------------------------------------------------------------------
 (5) _TMR0_ISR                                             0     0      0       0
                                NULL *
       _TMR0_DefaultInterruptHandler *
                             _micros *
 ---------------------------------------------------------------------------------
 (6) _micros                                               0     0      0       0
 ---------------------------------------------------------------------------------
 (6) _TMR0_DefaultInterruptHandler                         0     0      0       0
 ---------------------------------------------------------------------------------
 (5) _I2C1_Isr                                             2     2      0     409
                                             11 COMMON     2     2      0
             _I2C1_SlaveAddrCallBack
                 _I2C1_SlaveClearIrq
                   _I2C1_SlaveIsAddr
                   _I2C1_SlaveIsRead
              _I2C1_SlaveIsRxBufFull
             _I2C1_SlaveIsTxBufEmpty
               _I2C1_SlaveRdCallBack
             _I2C1_SlaveReleaseClock
               _I2C1_SlaveWrCallBack
 ---------------------------------------------------------------------------------
 (6) _I2C1_SlaveWrCallBack                                 0     0      0      66
                                NULL *
    _I2C1_SlaveDefWrInterruptHandler *
   _I2C_SlaveTransmitCallbackHandler *
 ---------------------------------------------------------------------------------
 (7) _I2C_SlaveTransmitCallbackHandler                     0     0      0      44
                         _I2C1_Write
 ---------------------------------------------------------------------------------
 (8) _I2C1_Write                                           1     1      0      44
                                              1 COMMON     1     1      0
               _I2C1_SlaveSendTxData
 ---------------------------------------------------------------------------------
 (7) _I2C1_SlaveDefWrInterruptHandler                      0     0      0      22
               _I2C1_SlaveSendTxData
 ---------------------------------------------------------------------------------
 (9) _I2C1_SlaveSendTxData                                 1     1      0      22
                                              0 COMMON     1     1      0
 ---------------------------------------------------------------------------------
 (6) _I2C1_SlaveReleaseClock                               0     0      0       0
 ---------------------------------------------------------------------------------
 (6) _I2C1_SlaveRdCallBack                                 0     0      0     343
                                NULL *
    _I2C1_SlaveDefRdInterruptHandler *
    _I2C_SlaveReceiveCallbackHandler *
 ---------------------------------------------------------------------------------
 (7) _I2C_SlaveReceiveCallbackHandler                      0     0      0     343
                      _CMD_queue_add
                          _I2C1_Read
 ---------------------------------------------------------------------------------
 (8) _CMD_queue_add                                        7     5      2     343
                                              4 COMMON     7     5      2
                           i1___bmul
 ---------------------------------------------------------------------------------
 (9) i1___bmul                                             4     3      1     125
                                              0 COMMON     4     3      1
 ---------------------------------------------------------------------------------
 (7) _I2C1_SlaveDefRdInterruptHandler                      0     0      0       0
                _I2C1_SlaveGetRxData
 ---------------------------------------------------------------------------------
 (6) _I2C1_SlaveIsTxBufEmpty                               0     0      0       0
 ---------------------------------------------------------------------------------
 (6) _I2C1_SlaveIsRxBufFull                                0     0      0       0
 ---------------------------------------------------------------------------------
 (6) _I2C1_SlaveIsRead                                     0     0      0       0
 ---------------------------------------------------------------------------------
 (6) _I2C1_SlaveIsAddr                                     0     0      0       0
 ---------------------------------------------------------------------------------
 (6) _I2C1_SlaveClearIrq                                   0     0      0       0
 ---------------------------------------------------------------------------------
 (6) _I2C1_SlaveAddrCallBack                               0     0      0       0
                                NULL *
  _I2C1_SlaveDefAddrInterruptHandler *
    _I2C_SlaveAddressCallbackHandler *
 ---------------------------------------------------------------------------------
 (7) _I2C_SlaveAddressCallbackHandler                      0     0      0       0
                          _I2C1_Read
 ---------------------------------------------------------------------------------
 (8) _I2C1_Read                                            0     0      0       0
                _I2C1_SlaveGetRxData
 ---------------------------------------------------------------------------------
 (7) _I2C1_SlaveDefAddrInterruptHandler                    0     0      0       0
                _I2C1_SlaveGetRxData
 ---------------------------------------------------------------------------------
 (9) _I2C1_SlaveGetRxData                                  0     0      0       0
 ---------------------------------------------------------------------------------
 (6) NULL(Fake)                                            0     0      0       0
 ---------------------------------------------------------------------------------
 Estimated maximum stack depth 9
 ---------------------------------------------------------------------------------

 Call Graph Graphs:

 _main (ROOT)
   _CW_Config
     _CMD_dequeue
       ___bmul
     ___xxtofl
     _cfg_set_speed
       ___aldiv
         ___fltol (ARG)
           ___fladd (ARG)
             ___flmul (ARG)
               __Umul8_16
               ___xxtofl (ARG)
             ___xxtofl (ARG)
           ___flmul (ARG)
           ___flsub (ARG)
             ___fladd
             ___flmul (ARG)
           ___xxtofl (ARG)
       ___fltol
   _CW_Initialize
     _cfg_set_speed
   _DATAEE_WriteByte
   _I2C_Initialize
     _I2C1_Initialize
     _I2C1_Open
       _I2C1_SlaveEnableIrq
       _I2C1_SlaveOpen
       _I2C1_SlaveSetAddrIntHandler
       _I2C1_SlaveSetBusColIntHandler
       _I2C1_SlaveSetIsrHandler
       _I2C1_SlaveSetReadIntHandler
       _I2C1_SlaveSetSlaveAddr
       _I2C1_SlaveSetSlaveMask
       _I2C1_SlaveSetWrColIntHandler
       _I2C1_SlaveSetWriteIntHandler
     _I2C1_SlaveSetAddrIntHandler
     _I2C1_SlaveSetBusColIntHandler
     _I2C1_SlaveSetReadIntHandler
     _I2C1_SlaveSetWriteIntHandler
   _NCO1_Initialize
   _SYSTEM_Initialize
     _I2C1_Initialize
     _NCO1_Initialize
     _OSCILLATOR_Initialize
     _PIN_MANAGER_Initialize
     _PMD_Initialize
     _TMR0_Initialize
       _TMR0_SetInterruptHandler
     _WDT_Initialize
   _TMR0_Initialize
   _TMR0_SetInterruptHandler
   _TMR0_StartTimer
   _key_loop
     ___fladd
     ___flmul
     ___flsub
     ___fltol
     ___lmul
     ___xxtofl
     _key_read
     _tx_send
   _tx_loop

 _INTERRUPT_InterruptManager (ROOT)
   NULL(Fake) *
   _I2C1_Isr *
     _I2C1_SlaveAddrCallBack
       NULL(Fake) *
       _I2C1_SlaveDefAddrInterruptHandler *
         _I2C1_SlaveGetRxData
       _I2C_SlaveAddressCallbackHandler *
         _I2C1_Read
           _I2C1_SlaveGetRxData
     _I2C1_SlaveClearIrq
     _I2C1_SlaveIsAddr
     _I2C1_SlaveIsRead
     _I2C1_SlaveIsRxBufFull
     _I2C1_SlaveIsTxBufEmpty
     _I2C1_SlaveRdCallBack
       NULL(Fake) *
       _I2C1_SlaveDefRdInterruptHandler *
         _I2C1_SlaveGetRxData
       _I2C_SlaveReceiveCallbackHandler *
         _CMD_queue_add
           i1___bmul
         _I2C1_Read
     _I2C1_SlaveReleaseClock
     _I2C1_SlaveWrCallBack
       NULL(Fake) *
       _I2C1_SlaveDefWrInterruptHandler *
         _I2C1_SlaveSendTxData
       _I2C_SlaveTransmitCallbackHandler *
         _I2C1_Write
           _I2C1_SlaveSendTxData
   _TMR0_ISR *
     NULL(Fake) *
     _TMR0_DefaultInterruptHandler *
     _micros *

 Address spaces:
Name               Size   Autos  Total    Cost      Usage
BIGRAM             7F0      0       0       0        0.0%
EEDATA             100      0       0       0        0.0%
NULL                 0      0       0       0        0.0%
CODE                 0      0       0       0        0.0%
BITCOMMON            E      0       0       1        0.0%
BITSFR0              0      0       0       1        0.0%
SFR0                 0      0       0       1        0.0%
COMMON               E      D       E       2      100.0%
BITSFR1              0      0       0       2        0.0%
SFR1                 0      0       0       2        0.0%
BITSFR2              0      0       0       3        0.0%
SFR2                 0      0       0       3        0.0%
STACK                0      0       0       3        0.0%
BITBANK0            50      0       0       4        0.0%
BITSFR3              0      0       0       4        0.0%
SFR3                 0      0       0       4        0.0%
BANK0               50     4F      50       5      100.0%
BITSFR4              0      0       0       5        0.0%
SFR4                 0      0       0       5        0.0%
BITBANK1            50      0       0       6        0.0%
BITSFR5              0      0       0       6        0.0%
SFR5                 0      0       0       6        0.0%
BANK1               50     1D      50       7      100.0%
BITSFR6              0      0       0       7        0.0%
SFR6                 0      0       0       7        0.0%
BITBANK2            50      0       0       8        0.0%
BITSFR7              0      0       0       8        0.0%
SFR7                 0      0       0       8        0.0%
BANK2               50      0      34       9       65.0%
BITSFR8              0      0       0       9        0.0%
SFR8                 0      0       0       9        0.0%
BITBANK3            50      0       0      10        0.0%
BITSFR9              0      0       0      10        0.0%
SFR9                 0      0       0      10        0.0%
BANK3               50      0      30      11       60.0%
BITSFR10             0      0       0      11        0.0%
SFR10                0      0       0      11        0.0%
BITBANK4            50      0       0      12        0.0%
BITSFR11             0      0       0      12        0.0%
SFR11                0      0       0      12        0.0%
BANK4               50      0       0      13        0.0%
BITSFR12             0      0       0      13        0.0%
SFR12                0      0       0      13        0.0%
BITSFR13             0      0       0      14        0.0%
SFR13                0      0       0      14        0.0%
ABS                  0      0     112      14        0.0%
BITBANK5            50      0       0      15        0.0%
BITSFR14             0      0       0      15        0.0%
SFR14                0      0       0      15        0.0%
BANK5               50      0       0      16        0.0%
BITSFR15             0      0       0      16        0.0%
SFR15                0      0       0      16        0.0%
BITBANK6            50      0       0      17        0.0%
BITSFR16             0      0       0      17        0.0%
SFR16                0      0       0      17        0.0%
BANK6               50      0       0      18        0.0%
BITSFR17             0      0       0      18        0.0%
SFR17                0      0       0      18        0.0%
BITBANK7            50      0       0      19        0.0%
BITSFR18             0      0       0      19        0.0%
SFR18                0      0       0      19        0.0%
BANK7               50      0       0      20        0.0%
BITSFR19             0      0       0      20        0.0%
SFR19                0      0       0      20        0.0%
BITBANK8            50      0       0      21        0.0%
BITSFR20             0      0       0      21        0.0%
SFR20                0      0       0      21        0.0%
BANK8               50      0       0      22        0.0%
BITSFR21             0      0       0      22        0.0%
SFR21                0      0       0      22        0.0%
BITBANK9            50      0       0      23        0.0%
BITSFR22             0      0       0      23        0.0%
SFR22                0      0       0      23        0.0%
BANK9               50      0       0      24        0.0%
BITSFR23             0      0       0      24        0.0%
SFR23                0      0       0      24        0.0%
BITBANK10           50      0       0      25        0.0%
BITSFR24             0      0       0      25        0.0%
SFR24                0      0       0      25        0.0%
BANK10              50      0       0      26        0.0%
BITSFR25             0      0       0      26        0.0%
SFR25                0      0       0      26        0.0%
BITBANK11           50      0       0      27        0.0%
BITSFR26             0      0       0      27        0.0%
SFR26                0      0       0      27        0.0%
BITSFR27             0      0       0      28        0.0%
SFR27                0      0       0      28        0.0%
DATA                 0      0     112      28        0.0%
BANK11              50      0       0      29        0.0%
BITSFR28             0      0       0      29        0.0%
SFR28                0      0       0      29        0.0%
BITBANK12           50      0       0      30        0.0%
BITSFR29             0      0       0      30        0.0%
SFR29                0      0       0      30        0.0%
BANK12              50      0       0      31        0.0%
BITSFR30             0      0       0      31        0.0%
SFR30                0      0       0      31        0.0%
BITBANK13           50      0       0      32        0.0%
BITSFR31             0      0       0      32        0.0%
SFR31                0      0       0      32        0.0%
BANK13              50      0       0      33        0.0%
BITBANK14           50      0       0      34        0.0%
BANK14              50      0       0      35        0.0%
BITBANK15           50      0       0      36        0.0%
BANK15              50      0       0      37        0.0%
BITBANK16           50      0       0      38        0.0%
BANK16              50      0       0      39        0.0%
BITBANK17           50      0       0      40        0.0%
BANK17              50      0       0      41        0.0%
BITBANK18           50      0       0      42        0.0%
BANK18              50      0       0      43        0.0%
BITBANK19           50      0       0      44        0.0%
BANK19              50      0       0      45        0.0%
BITBANK20           50      0       0      46        0.0%
BANK20              50      0       0      47        0.0%
BITBANK21           50      0       0      48        0.0%
BANK21              20      0       0      49        0.0%
BITBANK22           50      0       0      50        0.0%
BANK22               0      0       0      51        0.0%
BITBANK23           50      0       0      52        0.0%
BANK23               0      0       0      53        0.0%
BITBANK24           50      0       0      54        0.0%
BANK24               0      0       0      55        0.0%
BITBANK25           20      0       0      56        0.0%
BANK25               0      0       0      57        0.0%


Microchip Technology PIC Macro Assembler V2.45 build 20230818022343 
Symbol Table                                                                                   Mon Nov 20 11:42:07 2023

                 ??_I2C1_SlaveAddrCallBack 0070                             I2C1_Write@data 0071  
                           ___bmul@product 0022                        __Umul8_16@word_mpld 0026  
                                      l232 0A81                                        l820 00DC  
                                      l804 00A0                                        l645 0DBB  
                                      l813 00C9                                        l841 01A6  
                                      l826 00E7                                        l828 0112  
                                      l685 072E                                        l853 0213  
                                      l829 0118                                        l854 0211  
                    __end_of_CW_Initialize 0AAE                   __end_of_I2C1_SlaveIsAddr 08B2  
                 __end_of_I2C1_SlaveIsRead 0886                                        _cfg 00A0  
                                      _msg 00BD                                        wreg 0009  
                    __end_of_cfg_set_speed 0BAB                               ___flmul@aexp 0040  
                             ___flmul@bexp 0041                               ___flmul@sign 003B  
                             ___flmul@temp 0046                               ___flmul@prod 0042  
                             ___fltol@exp1 006D                                       l1233 0C45  
                                     l1333 0E93                                       l3200 0DFC  
                                     l1097 0DD9                                       l1441 068D  
                                     l1337 0F02                                       l3210 0E2C  
                                     l3202 0E0C                                       l1354 0F83  
                                     l4002 00DD                                       l1339 0EE7  
                                     l3300 0E8B                                       l4020 0121  
                                     l4012 00EB                                       l3214 0E37  
                                     l4102 021B                                       l4006 00E7  
                                     l4014 010A                                       l1375 0FFA  
                                     l1367 0FE2                                       l3224 0C07  
                                     l1448 0A5A                                       l4112 0228  
                                     l4024 0132                                       l1473 074D  
                         __end_of_I2C1_Isr 0BFF                                       l3170 098D  
                                     l3218 0E45                                       l3306 0E9D  
                                     l4122 023D                                       l4106 0220  
                                     l4042 0169                                       l3244 0C33  
                                     l3228 0C10                                       l3420 0FB4  
                                     l3412 0FA9                                       l4108 0222  
                                     l4060 01CC                                       l4036 0165  
                                     l4044 0185                                       l3174 0993  
                                     l1486 0795                                       l3254 0C52  
                                     l3246 0C41                                       l3406 0FA2  
                                     l3414 0FAB                                       l4118 0232  
                                     l4134 024D                                       l4070 01DA  
                                     l1487 079F                                       l1479 0781  
                                     l3600 0DC3                                       l3192 0DEC  
                                     l3424 0FB6                                       l3344 0EED  
                                     l3336 0EBB                                       l3272 0E64  
                                     l4128 0246                                       l4080 01F5  
                                     l4064 01D1                                       l4048 018D  
                                     l3602 0DC5                                       l3442 0FF2  
                                     l3370 0F20                                       l3362 0F10  
                                     l3346 0EEF                                       l3354 0EFD  
                                     l3372 0F22                                       l3380 0F31  
                                     l3276 0E67                                       l4172 0484  
                                     l4164 047B                                       l4156 0471  
                                     l4076 01EF                                       l3446 0FF6  
                                     l3390 0F7B                                       l3278 0E6F  
                                     l3622 0AED                                       l4166 047E  
                                     l4094 020B                                       l3456 0A54  
                                     l3296 0E88                                       l4096 020E  
                                     l4256 0C90                                       l3810 076E  
                                     l3634 07CC                                       l3626 0AF4  
                                     l4098 0216                                       l4266 0CC5  
                                     l3820 0786                                       l3804 075C  
                                     l3628 0AF7                                       l3750 0610  
                                     l3670 04AA                                       l3398 0F95  
                                     l3638 07D6                                       l4390 00F3  
                                     l3832 07BA                                       l3808 075E  
                                     l3760 0629                                       l4392 0171  
                                     l3586 0D59                                       l3818 0793  
                                     l4394 071A                                       l3770 0652  
                                     l3666 04A0                                       l3596 0DA9  
                                     l3940 06D9                                       l3780 067E  
                                     l3756 0627                                       l3748 05F9  
                                     l3684 04C1                                       l3668 04A2  
                                     l3942 06DC                                       l3934 06AB  
                                     l3774 0667                                       l3686 04C3  
                                     l3944 070F                                       l3936 06AE  
                                     l3696 04D9                                       l3688 04CB  
                                     l3938 06D6                                       l3948 0712  
                                     l3798 0745                                       l3992 00B9  
                                     l3984 008A                                       l3978 0081  
                                     l3988 0091                                       l3998 00CD  
                                     u2205 0E2D                                       u3005 0549  
                                     _LATA 010C                                       u3015 0574  
                                     _LATC 010E                                       u2305 0C49  
                                     u3025 05C2                                       u3035 05D9  
                                     u4020 0CC3                                       u2165 0DFF  
                                     u2245 0C19                                       u3045 05E8  
                                     u2430 0EDA                                       u3215 0767  
                                     u3055 05FC                                       u2440 0EDB  
                                     u2185 0E0D                                       u3145 0640  
                                     u2425 0ECF                                       u3235 077B  
                                     u2195 0E21                                       u2275 0C34  
                                     u3155 065B                                       u3075 0605  
                                     u3165 0671                                       u3255 078D  
                                     u2553 0F43                                       u2545 0F26  
                                     u2475 0EF3                                       u3295 07A7  
                                     u2905 07DE                                       u2595 0F96  
                                     _PMD0 0911                                       u2845 0D9E  
                                     _PMD1 0912                                       _PMD2 0913  
                                     u2775 0A5B                                       u2695 0FCD  
                                     _PMD3 0914                                       _PMD4 0915  
                                     _PMD5 0916                                       i1l37 0023  
                                     i1l29 0010                                       u2895 07D7  
                                     _WPUA 020C                                       _WPUC 020E  
                         CW_Initialize@wpm 00DC                           _cfg_speed_micros 00AD  
                                     _main 0C61   __end_of_I2C_SlaveTransmitCallbackHandler 089A  
       ??_I2C_SlaveTransmitCallbackHandler 0072          ?_I2C_SlaveTransmitCallbackHandler 0070  
         _I2C_SlaveTransmitCallbackHandler 0895         I2C1_SlaveSetAddrIntHandler@handler 0020  
                          _TMR0_StartTimer 0871                                       fsr0h 0005  
                                     fsr1h 0007                                       indf0 0000  
                                     fsr0l 0004                                       indf1 0001  
                                     fsr1l 0006                                       btemp 007E  
                                     start 0025                                 _i2c1RdData 00C8  
                         ?_NCO1_Initialize 0070                          ___bmul@multiplier 0023  
                               _i2c1WrData 00C9         I2C1_SlaveSetReadIntHandler@handler 0020  
             _I2C1_SlaveRdInterruptHandler 014C               _I2C1_SlaveWrInterruptHandler 014A  
                         ??_I2C1_SlaveOpen 0020                    __end_of_TMR0_Initialize 09B0  
           ??_TMR0_DefaultInterruptHandler 0070              __end_of_OSCILLATOR_Initialize 0913  
                        CMD_dequeue@param1 0027                          CMD_dequeue@param2 0024  
                        __end_of_I2C1_Read 0868                              ___fltol@sign1 006C  
                          __end_of___aldiv 0E4E                          __end_of_I2C1_Open 0B64  
                          __end_of___fladd 1000                                      ?_main 0070  
                          __end_of___flmul 069A                            __end_of___flsub 0A49  
                          __end_of___fltol 0C61                                      _OSCEN 091D  
                                    _TMR0H 0016                                      _TMR0L 0015  
                                    _TRISA 008C                                      _TRISC 008E  
                      ___lmul@multiplicand 0024                  ?_TMR0_SetInterruptHandler 0020  
                          ??_CMD_queue_add 0076                          ??_I2C1_Initialize 0020  
                         __end_of_TMR0_ISR 0959             I2C1_SlaveSetSlaveMask@maskAddr 0020  
                           _WDT_Initialize 0878                                      _cw_tx 0150  
                           _i2c1SlaveState 00C6                           __end_ofi1___bmul 0978  
                                    pclath 000A                                      status 0003  
                                    wtemp0 007E                            __end_of_tx_loop 0A0D  
                          __end_of_tx_send 09C4                               ??_I2C1_Write 0071  
                          __initialization 0027                               __end_of_main 0CCD  
              ?_INTERRUPT_InterruptManager 0070                                     ??_main 006F  
                       _I2C1_SlaveClearIrq 0868                     __end_of_WDT_Initialize 087C  
                      ?_I2C1_SlaveClearIrq 0070                    __end_of_TMR0_StartTimer 0874  
                         cfg_set_speed@wpm 00D8                    ?_I2C1_SlaveReleaseClock 0070  
                       __end_of_I2C1_Write 0895                                     _ANSELA 018C  
                                   _ANSELC 018E                                     _T0CON0 0017  
                                   _T0CON1 0018                                     _RC0PPS 0EA0  
                                   _RC1PPS 0EA1                                     _RC2PPS 0EA2  
                                   _ODCONA 028C                                     _ODCONC 028E  
                                   i1l3052 096F                                     i1l3142 09E9  
                                   i1l3048 0969                                     i1l3080 0D11  
                                   i1l3074 0CFA                                     i1l3092 0D42  
                                   i1l3078 0D05                                     i1l4206 001D  
                                   i1l3900 0BD7                                     i1l3902 0BDB  
                                   i1l3912 0BE6                                     i1l3906 0BDC  
                                   i1l3914 0BFC                                     i1l4396 0BEE  
                                   u204_25 0CE4                                     i1l3892 0BC6  
                                   i1l3894 0BCA                                     i1l3886 0BBC  
                                   i1l3888 0BBE                                     _INLVLA 038C  
                                   _INLVLC 038E                                     u405_27 0CEB  
                                   _OSCFRQ 091F                                     _WDTCON 0097  
                        __end_of_CW_Config 072F                           __end_of___xxtofl 07C3  
                     ??_I2C1_SlaveClearIrq 0070                                     ___bmul 098A  
                                   ___lmul 07C3                                  ??___aldiv 006E  
                                ??___fladd 0050                                  ??___flmul 0036  
                                ??___flsub 0064                                  ??___fltol 0068  
                                   _param1 00B9                           __end_of_key_read 0AFA  
                                   _param2 00B8                           ?_TMR0_Initialize 0070  
                         __end_of_key_loop 048A                                     _micros 0978  
                                ?_I2C1_Isr 0070                    ?_I2C1_SlaveSetSlaveAddr 0070  
                  ?_I2C1_SlaveSetSlaveMask 0070                             _PMD_Initialize 08B9  
     __end_of_I2C1_SlaveSetWrColIntHandler 08EE               _I2C1_SlaveSetWrColIntHandler 08E5  
     I2C1_SlaveSetBusColIntHandler@handler 0020                            ?_WDT_Initialize 0070  
           __end_of_I2C1_SlaveReleaseClock 086E   TMR0_SetInterruptHandler@InterruptHandler 0020  
                   _I2C1_SlaveAddrCallBack 0913                                  ??_tx_loop 0024  
                                ??_tx_send 0024                               ___xxtofl@arg 002A  
                             ___xxtofl@exp 0029                          _SYSTEM_Initialize 09C4  
                             ___xxtofl@val 0020                                _LineDataRow 00C5  
                  __end_of__initialization 0071        I2C1_SlaveSetWrColIntHandler@handler 0020  
                       ?_SYSTEM_Initialize 0070                                 ___fltol@f1 0064  
                      ___bmul@multiplicand 0020                             __pcstackCOMMON 0070  
                             __pidataBANK1 0900                               __pidataBANK2 0003  
                      ??_SYSTEM_Initialize 0022                                  ?_TMR0_ISR 0070  
                            _key_loop$1828 00D6                           _DATAEE_WriteByte 0A69  
           __end_of_I2C1_SlaveSetSlaveAddr 08A5             __end_of_I2C1_SlaveSetSlaveMask 08AB  
                               ??_I2C1_Isr 007B                     __end_of_PMD_Initialize 08C1  
                                ?i1___bmul 0070                        key_loop@start_after 00A9  
                        ?_I2C1_SlaveIsAddr 0070                          ?_I2C1_SlaveIsRead 0070  
                       ??_I2C1_SlaveIsAddr 0070                         ??_I2C1_SlaveIsRead 0070  
                         i1___bmul@product 0072                           ?_TMR0_StartTimer 0070  
                __end_of_SYSTEM_Initialize 09D9                                 __pbssBANK0 006F  
                               __pbssBANK1 00A0                                 __pbssBANK2 0120  
                               __pbssBANK3 01A0          _I2C_SlaveCollisionCallbackHandler 0000  
                      _I2C1_SlaveEnableIrq 086E                        _I2C1_SlaveGetRxData 0862  
                    _I2C1_SlaveIsRxBufFull 0874                          __end_of__Umul8_16 0A69  
                               __pmaintext 0C61              ?_I2C1_SlaveSetWriteIntHandler 0020  
                                  ?___bmul 0020           __end_of_TMR0_SetInterruptHandler 0900  
                                  ?___lmul 0020                          CW_Config@scan_msg 00E5  
                               ??_TMR0_ISR 0070                                 __pintentry 0004  
                          _I2C1_Initialize 0934                                    ?_micros 0070  
                           ___lmul@product 0028                       ?_I2C1_SlaveEnableIrq 0070  
                     ?_I2C1_SlaveGetRxData 0070                                 ??i1___bmul 0071  
                          ?_PMD_Initialize 0070                              _cursor_column 00C1  
                                  _NCO1CLK 049F                                    _NCO1CON 049E  
                                ?___xxtofl 0020                                  _I2C1_Read 0865  
                                  _OSCCON1 0919                                    _OSCCON3 091B  
                                _I2C1_Open 0B26                                    _NVMADRH 0892  
                                  _NVMADRL 0891                                    _NVMDATH 0894  
                                  _OSCTUNE 091E                                    _NVMDATL 0893  
                                  _NVMCON2 0896                                    _SSP1ADD 0212  
                                  _SLRCONA 030C                                    _SLRCONC 030E  
                                  _SSP1BUF 0211                                    _SSP1MSK 0213  
                 ?_I2C1_SlaveSetIsrHandler 0020                       DATAEE_WriteByte@bAdd 0020  
           ?_I2C1_SlaveSetBusColIntHandler 0020                                  ?_key_read 0070  
                                ?_key_loop 00CA                                 _first_pass 00EF  
                                  ___aldiv 0DC8                                    ___fladd 0E4E  
                                  ___flmul 048A                                    ___flsub 0A2A  
                                  ___fltol 0BFF                      ??_I2C1_SlaveEnableIrq 0020  
                    ??_I2C1_SlaveGetRxData 0070                             _I2C_Initialize 0AAE  
                                  __ptext1 09F2                                    __ptext2 0075  
                                  __ptext3 09B0                                    __ptext4 0AD4  
                                  __ptext5 07C3                                    __ptext6 0A2A  
                                  __ptext7 0E4E                                    __ptext8 048A  
                                  __ptext9 0A49                                 _cursor_row 00C2  
           _I2C1_SlaveAddrInterruptHandler 0148                                  _CMD_Queue 01A0  
                    _OSCILLATOR_Initialize 0909                                 ??___xxtofl 0024  
                                  _message 0120                             _Scan_Row_Index 00C0  
                         ___aldiv@dividend 00CE                               key_loop@mark 00CA  
                             key_loop@last 00B3            I2C1_SlaveSetSlaveAddr@slaveAddr 0020  
                 ??_PIN_MANAGER_Initialize 0020                                 ?_I2C1_Read 0070  
                               ?_I2C1_Open 0070                        i1___bmul@multiplier 0073  
                 ??_I2C1_SlaveIsTxBufEmpty 0070                                    _tx_flag 0153  
                    __end_of_CMD_queue_add 0D45                                    clrloop0 0941  
                                  _tx_loop 09F2                                    _tx_send 09B0  
                     end_of_initialization 0071    __end_of_I2C_SlaveAddressCallbackHandler 09F2  
        ??_I2C_SlaveAddressCallbackHandler 0070           ?_I2C_SlaveAddressCallbackHandler 0070  
          _I2C_SlaveAddressCallbackHandler 09D9                            key_loop@spacing 00ED  
                               ??_key_read 0020                                 ??_key_loop 00CE  
                   ?_I2C1_SlaveIsRxBufFull 0070            _I2C1_SlaveWrColInterruptHandler 0144  
                  __end_of_I2C1_Initialize 0940    __end_of_I2C_SlaveReceiveCallbackHandler 0A2A  
        ??_I2C_SlaveReceiveCallbackHandler 007B           ?_I2C_SlaveReceiveCallbackHandler 0070  
          _I2C_SlaveReceiveCallbackHandler 0A0D               __end_of_I2C1_SlaveRdCallBack 0929  
                                _CW_Config 069A                           ___aldiv@quotient 00D4  
                   __end_of_I2C_Initialize 0AD4             ??_I2C1_SlaveSetWriteIntHandler 0022  
                         ??_WDT_Initialize 0020                   _TMR0_SetInterruptHandler 08F7  
                                _PORTAbits 000C                              _CW_Initialize 0A8B  
                              ___fladd@grs 005B            __end_of_I2C1_SlaveSetIsrHandler 08DC  
                  ?_I2C1_SlaveAddrCallBack 0070                              ___xxtofl@sign 0028  
                            _cfg_set_speed 0B64                              ??_CMD_dequeue 0025  
                            _cfg_speed_wpm 0138                   __end_of_DATAEE_WriteByte 0A8B  
           I2C1_SlaveSetIsrHandler@handler 0020                                ___flmul@grs 003C  
                               ?_CW_Config 0070                            ?_I2C_Initialize 0070  
                           __end_of___bmul 099C                             __end_of___lmul 07F3  
                       key_loop@read_after 0130                              _i2c1SlaveAddr 00C7  
                     CMD_queue_add@command 007A                     ?_OSCILLATOR_Initialize 0070  
                           __end_of_micros 098A             __end_of_I2C1_SlaveAddrCallBack 091E  
                           ?_CW_Initialize 0070               __end_of_I2C1_SlaveSendTxData 0890  
                      start_initialization 0027                             ?_cfg_set_speed 00D8  
                              ??_I2C1_Read 0070                                ??_I2C1_Open 0022  
                                _Line_Data 26B0               __end_of_I2C1_SlaveWrCallBack 0934  
                        ??_NCO1_Initialize 0020                               CW_Config@wpm 00E0  
                          CW_Config@param1 00E6                            CW_Config@param2 00E4  
                 I2C1_SlaveSendTxData@data 0070                        __end_of_CMD_dequeue 0DC8  
                         ?_I2C1_Initialize 0070                                  _SlaveInit 00BF  
                               key_read@k0 0020                                 key_read@k1 0021  
                                 ??___bmul 0021                           ??_PMD_Initialize 0020  
                                 ??___lmul 0028                                 key_loop@k0 00DB  
                               key_loop@k1 00DA                                  __Umul8_16 0A49  
                              __pdataBANK1 00E7                                __pdataBANK2 0153  
                                 ??_micros 0070    __end_of_I2C1_SlaveDefRdInterruptHandler 088B  
        ??_I2C1_SlaveDefRdInterruptHandler 0070           ?_I2C1_SlaveDefRdInterruptHandler 0070  
          _I2C1_SlaveDefRdInterruptHandler 0886    __end_of_I2C1_SlaveDefWrInterruptHandler 089F  
        ??_I2C1_SlaveDefWrInterruptHandler 0071           ?_I2C1_SlaveDefWrInterruptHandler 0070  
          _I2C1_SlaveDefWrInterruptHandler 089A                              _SlaveTransmit 00BE  
                                ___fladd@a 004C                                  ___fladd@b 0048  
                              __pbssBIGRAM 26B0                                  ___flmul@a 0032  
                                ___flmul@b 002E                                __pbssCOMMON 007D  
                       _CMD_add_queue_busy 006F                                  ___flsub@a 005C  
                                ___flsub@b 0060                                  ___latbits 0003  
                            _msg_size_read 00BB                              __pcstackBANK0 0020  
                            __pcstackBANK1 00CA                       _I2C1_SlaveRdCallBack 091E  
             ?_I2C1_SlaveSetAddrIntHandler 0020                            _CMD_queue_count 00B6  
                       _Return_Queue_count 00B4                            _CMD_queue_front 00E9  
                     _Message_queue_status 00EE                      _TMR0_InterruptHandler 0151  
                                __pnvBANK2 0151                                ??_CW_Config 00DC  
                   _PIN_MANAGER_Initialize 0AFA                     _MSSP1_InterruptHandler 014E  
                   _I2C1_SlaveIsTxBufEmpty 08B2                               _micro_tick_A 0140  
                             _micro_tick_B 013C                                   ?___aldiv 00CA  
                                 ?___fladd 0048                                   ?___flmul 002E  
             ?_I2C1_SlaveSetReadIntHandler 0020                                   ?___flsub 005C  
                                 ?___fltol 0064                                 ?__Umul8_16 0020  
                              tx_loop@mark 0020                                tx_send@mark 0020  
          ??_I2C1_SlaveSetBusColIntHandler 0022                            ??_CW_Initialize 006F  
                                 _I2C1_Isr 0BAB               ??_INTERRUPT_InterruptManager 007D  
                 ??_I2C1_SlaveReleaseClock 0070                            ??_cfg_set_speed 006F  
      __end_of_I2C1_SlaveSetAddrIntHandler 08CA                _I2C1_SlaveSetAddrIntHandler 08C1  
                           _I2C1_SlaveOpen 0959                           _CMD_dequeue_busy 00B7  
                    ?_I2C1_SlaveRdCallBack 0070                                _NCO1CONbits 049E  
                                 ?_tx_loop 0020                                   ?_tx_send 0020  
                  ??_I2C1_SlaveIsRxBufFull 0070                                _CMD_dequeue 0D45  
            ?_I2C1_SlaveSetWrColIntHandler 0020                                   _NCO1ACCH 0499  
                                 _NCO1ACCL 0498                                   _NCO1ACCU 049A  
                                 _NCO1INCH 049C                                   _NCO1INCL 049B  
                                 _NCO1INCU 049D                            ___aldiv@divisor 00CA  
            ??_I2C1_SlaveSetAddrIntHandler 0022                          ??_TMR0_Initialize 0022  
                          ___aldiv@counter 00D2                                   _LATAbits 010C  
                                 _LATCbits 010E                                  clear_ram0 0940  
                                 _PIE0bits 0090                                   _PIE1bits 0091  
                           key_loop@staged 00B1                   ??_I2C1_SlaveSetSlaveAddr 0020  
      __end_of_I2C1_SlaveSetReadIntHandler 08E5                _I2C1_SlaveSetReadIntHandler 08DC  
                    i1___bmul@multiplicand 0070                   ??_I2C1_SlaveSetSlaveMask 0020  
              __end_of_I2C1_SlaveEnableIrq 0871                 ??_TMR0_SetInterruptHandler 0022  
                                 _PIR0bits 0010                __end_of_I2C1_SlaveGetRxData 0865  
                                 _PIR1bits 0011                       _I2C1_SlaveSendTxData 088B  
                               _I2C1_Write 0890                       _I2C1_SlaveWrCallBack 0929  
                                 _SSP1CON1 0215                                   _SSP1CON2 0216  
                                 _TMR0_ISR 094C                                   _SSP1STAT 0214  
            ??_I2C1_SlaveSetReadIntHandler 0022                                   i1___bmul 0967  
                   __end_of_I2C1_SlaveOpen 0967                                   _WPUAbits 020C  
                    DATAEE_WriteByte@bData 0022           _I2C1_SlaveBusColInterruptHandler 0146  
                        ___lmul@multiplier 0020                        CMD_queue_add@param1 0074  
                      CMD_queue_add@param2 0075                          ?_DATAEE_WriteByte 0020  
                             _SlaveAddress 00C4         _I2C1_SlaveDefWrColInterruptHandler 0000  
                       ??_DATAEE_WriteByte 0023  __end_of_I2C1_SlaveDefAddrInterruptHandler 0881  
      ??_I2C1_SlaveDefAddrInterruptHandler 0070         ?_I2C1_SlaveDefAddrInterruptHandler 0070  
        _I2C1_SlaveDefAddrInterruptHandler 087C                           _I2C1_SlaveIsAddr 08AB  
                         _I2C1_SlaveIsRead 0881                           ??_I2C_Initialize 0022  
                    ?_I2C1_SlaveSendTxData 0070                                   _SlaveR_W 00C3  
                    ?_I2C1_SlaveWrCallBack 0070                                  key_loop@i 00DC  
                  ??_OSCILLATOR_Initialize 0020                                ??__Umul8_16 0022  
                        ??_TMR0_StartTimer 0020                            _NCO1_Initialize 07F3  
      _I2C1_SlaveDefBusColInterruptHandler 0000                             _CMD_queue_rear 00E7  
                          ?_I2C1_SlaveOpen 0070                     ??_I2C1_SlaveRdCallBack 007B  
    __end_of_I2C1_SlaveSetBusColIntHandler 08D3              _I2C1_SlaveSetBusColIntHandler 08CA  
                        key_loop@ultimatic 00B2                                   ___xxtofl 072F  
                               _T0CON0bits 0017                                   _cmd_read 00BA  
                                 __ptext10 0871                                   __ptext11 09C4  
                                 __ptext20 0B26                                   __ptext12 0878  
                                 __ptext21 08EE                                   __ptext13 099C  
                                 __ptext30 086E                                   __ptext22 08E5  
                                 __ptext14 08F7                                   __ptext31 0934  
                                 __ptext23 08A5                                   __ptext15 08B9  
                                 __ptext40 098A                                   __ptext32 0A69  
                                 __ptext24 089F                                   __ptext16 0AFA  
                                 __ptext33 0A8B                                   __ptext25 08DC  
                                 __ptext17 0909                                   __ptext50 088B  
                                 __ptext42 094C                                   __ptext34 069A  
                                 __ptext26 08D3                                   __ptext18 07F3  
                                 __ptext51 086B                                   __ptext43 0002  
                                 __ptext35 0B64                                   __ptext27 08CA  
                                 __ptext19 0AAE                                   __ptext60 08AB  
                                 __ptext52 091E                                   __ptext44 0978  
                                 __ptext36 0BFF                                   __ptext28 08C1  
                                 __ptext61 0868                                   __ptext53 0886  
                                 __ptext45 0BAB                                   __ptext37 0DC8  
                                 __ptext29 0959                                   __ptext62 0913  
                                 __ptext54 0A0D                                   __ptext46 0929  
                                 __ptext38 072F                                   __ptext63 087C  
                                 __ptext55 0CCD                                   __ptext47 089A  
                                 __ptext39 0D45                                   __ptext64 09D9  
                                 __ptext56 0967                                   __ptext48 0895  
                                 __ptext65 0865                                   __ptext57 08B2  
                                 __ptext49 0890                                   __ptext66 0862  
                                 __ptext58 0874                                   __ptext59 0881  
                             _SSP1CON1bits 0215                               _SSP1CON2bits 0216  
                            _Queue_Overrun 00B5                DATAEE_WriteByte@GIEBitValue 0023  
     __end_of_I2C1_SlaveSetWriteIntHandler 08F7               _I2C1_SlaveSetWriteIntHandler 08EE  
                                 _key_read 0AD4                                   _key_loop 0075  
           ??_I2C1_SlaveSetWrColIntHandler 0022       __end_of_TMR0_DefaultInterruptHandler 0003  
             _TMR0_DefaultInterruptHandler 0002                              key_loop@mcode 00EB  
               __end_of_I2C1_SlaveClearIrq 086B                    _I2C1_SlaveSetIsrHandler 08D3  
                            key_loop@state 00EC                                ?_I2C1_Write 0070  
                                 int$flags 007E         __end_of_INTERRUPT_InterruptManager 0025  
               _INTERRUPT_InterruptManager 0004                               _SSP1STATbits 0214  
                                 _tx_timer 0134                             CMD_dequeue@ret 0028  
                               _INTCONbits 000B                                _NVMCON1bits 0895  
                            _CMD_queue_add 0CCD                                   intlevel1 0000  
                   _I2C1_SlaveReleaseClock 086B                    ?_PIN_MANAGER_Initialize 0070  
                  ?_I2C1_SlaveIsTxBufEmpty 0070                     ??_I2C1_SlaveSendTxData 0070  
                   ??_I2C1_SlaveWrCallBack 0072                    __end_of_NCO1_Initialize 0800  
            ?_TMR0_DefaultInterruptHandler 0070        I2C1_SlaveSetWriteIntHandler@handler 0020  
                             _tmpSlaveAddr 007D                     __Umul8_16@multiplicand 0020  
                               _SSP1DATPPS 0E21                                 _SSP1CLKPPS 0E20  
                   _I2C1_SlaveSetSlaveAddr 089F                            _TMR0_Initialize 099C  
                   _I2C1_SlaveSetSlaveMask 08A5                               ___aldiv@sign 00D3  
                           ?_CMD_queue_add 0074                              ___fladd@signs 0058  
                             ?_CMD_dequeue 0024             __end_of_PIN_MANAGER_Initialize 0B26  
           __end_of_I2C1_SlaveIsTxBufEmpty 08B9              __end_of_I2C1_SlaveIsRxBufFull 0878  
                             ___fladd@aexp 0059                               ___fladd@bexp 005A  
                ??_I2C1_SlaveSetIsrHandler 0022                       __Umul8_16@multiplier 0028  
                            _LineDataIndex 00BC                          __Umul8_16@product 0024  
