:400000000204AE008F828E83E0540100000070F82278FFE4F6D8FD020513BB010689828A83E0225002E722BBFE02E32289828A83E49322BB010689828A83F0225002F722EC
:40004000BBFE01F322C5F0F8A3E028F0C5F0F8E582158270021583E038F022BB010A89828A83E0F5F0A3E022500687F009E71922BBFE07E3F5F009E3192289828A83E4930C
:40008000F5F074019322BB010A89828A83F0E5F0A3F0225006F709A7F01922BBFE06F3E5F009F31922EF2BFFEE3AFEED39FDEC38FC22C3EF9BFFEE9AFEED99FDEC98FC2258
:4000C000E88FF0A4CC8BF0A42CFCE98EF0A42CFC8AF0EDA42CFCEA8EF0A4CDA8F08BF0A42DCC3825F0FDE98FF0A42CCD35F0FCEB8EF0A4FEA9F0EB8FF0A4CFC5F02ECD3919
:40010000FEE43CFCEAA42DCE35F0FDE43CFC2275F008758200EF2FFFEE33FECD33CDCC33CCC58233C5829BED9AEC99E58298400CF582EE9BFEED9AFDEC99FC0FD5F0D6E440
:40014000CEFBE4CDFAE4CCF9A88222B800C1B90059BA002DEC8BF084CFCECDFCE5F0CBF97818EF2FFFEE33FEED33FDEC33FCEB33FB10D703994004EB99FB0FD8E5E4F9FAB4
:40018000227818EF2FFFEE33FEED33FDEC33FCC933C910D7059BE99A4007EC9BFCE99AF90FD8E0E4C9FAE4CCFB2275F010EF2FFFEE33FEED33FDCC33CCC833C810D7079BE4
:4001C000EC9AE899400AED9BFDEC9AFCE899F80FD5F0DAE4CDFBE4CCFAE4C8F922EF4BFFEE4AFEED49FDEC48FC22C3E49FFFE49EFEE49DFDE49CFC22EB9FF5F0EA9E42F065
:40020000E99D42F0E89C45F022E8600FECC313FCED13FDEE13FEEF13FFD8F122E8600FEFC333FFEE33FEED33FDEC33FCD8F122BB010789828A830202695005E9F802046CC1
:40024000BBFE05E9F802047889828A83020275BB010789828A830202915005E9F8020484BBFE05E9F802049022E0FCA3E0FDA3E0FEA3E0FF22E493FC740193FD740293FE49
:40028000740393FF22E0F8A3E0F9A3E0FAA3E0FB22ECF0A3EDF0A3EEF0A3EFF022A42582F582E5F03583F58322E0FBA3E0FAA3E0F922EBF0A3EAF0A3E9F022E493FB740165
:4002C00093FA740293F922BB010789828A830202A95005E9F802049CBBFE05E9F80204A589828A830202BBD083D082F8E4937012740193700DA3A393F8740193F582888356
:40030000E4737402936860EFA3A3A380DFE5092582F582E5083583F583B508048582092210AF06858209F50822858209F508D2AF22EC8EF0A4CCC5F0CCCDF8EFA4CEC5F068
:400340002DFDE43CFCE8A42EC8C5F03DFDE43CFCEFA4FFE5F028FEE43DFDE43CFC22EF4E6012EF60010EEDBB010B89828A83F0A3DFFCDEFA2289F05007F709DFFCA9F0221A
:40038000BBFEFCF309DFFCA9F022E709F608DFFA8046E709F208DFFA803E88828C83E709F0A3DFFA8032E309F608DFFA806EE309F208DFFA806688828C83E309F0A3DFFAFA
:4003C000805A89828A83E0A3F608DFFA804E89828A83E0A3F208DFFA804280D280FA80C680D4805580F28029801080A680EA809A80A880DA80E280CA802988848C85898224
:400400008A83E493A30586F0A30586DFF5DEF3800B89828A83E493A3F608DFF9ECFAA9F0EDFB2288848C8589828A83E0A30586F0A30586DFF6DEF480E389828A83E493A38E
:40044000F208DFF980D688F0EF60010E4E60CD88F0ED2402B4040050C3F582EB2402B4040050B923234582239003DA73E6FC08E6FD08E6FE08E6FF22E2FC08E2FD08E2FEDF
:4004800008E2FF22ECF608EDF608EEF608EFF622ECF208EDF208EEF208EFF222E6FB08E6FA08E6F922E2FB08E2FA08E2F92275930078007583467582E8E04401F000904691
:4004C000ECE0F99046FAE0FA9003E0F0B903225420B40012B8001AEA901FFFF07401901FFEF09046F6F0901FFEE06005901FFFE0FA90480074C0F07581591217F990000073
:4005000078007920E4F0A3D8FCD9FAEA9003E0F002001175081F7509FD12259912148402055D020B10E493A3F8E493A34003F68001F208DFF48029E493A3F85407240CC859
:40054000C333C4540F4420C8834004F456800146F6DFE4800B01020408102040809005A2E47E019360BCA3FF543F30E509541FFEE493A360010ECF54C025E060A840B8E4B5
:4005800093A3FAE493A3F8E493A3C8C582C8CAC583CAF0A3C8C582C8CAC583CADFE9DEE780BE4103E5004103E6004203F209D04203F409D14103FD004403DC016E36004458
:4005C00003D700005DC04103DB184403E12EE000004103FE004303ED0000004103FF004104000000EC4D6011ED60010C8B938A838982E4F0A3DDFCDCFA759300220221C726
:40060000EC4D4E700D78FCEF24E950032840FD2200007BF178DA0000EF28FF78FFEE38FEED38FDEC38FC50E7EF2BFFEE38FEED38FDEC38FC40F22205020304758600EF4E6B
:400640006027EF60010E759300900005E0F595A3E0F585A3E0F5848B938A838982E0A30586F0A31586DFF6DEF4E4F593F59522ACEAADA08E838F82E493F9601CA3E493F564
:40068000EAA3E493F5A0A3E49360F1FAA3E493F8A3E493F2DAF6D9E48DA08CEA22323200EEFA9003DBE0F88FF0A4FFAEF0E88AF0A42EFEE5F03400FDEF24C9FF78FFEE38CA
:4006C000FEED38FDE438FC500302060022758600EF4E601BEF60010E8C838D828B958A858984E493A30586F0A31586DFF5DEF3E4F59522EF54016004D2AF8002C2AFEF5473
:4007000002FF9044F4E054FD4FF0229044F4E0F84402F0E85402FF10AF012274014FFF228B938A838982E0FFA3E0FE759300228B938A838982EDF0A3ECF075930022900375
:40074000E0E0FA8E838F827400758101738B938A838982E0759300FF228B938A838982EDF0759300221201000200000008B4041DB701300203800109022900010100C002EB
:400780000904000002030000030921110100012224000705010340000107058203400001040309040C03410045003900520042002C034300790070007200650073007300F0
:4007C0002000530065006D00690063006F006E0064007500630074006F0072002203500053006F0043003300200042006F006F0074006C006F006100640065007200000A98
:40080000033000300030003100240005010900A1000900A1000900150025FF7508954091020900150025FF750895408102C0C00000240005010900A1000900A1000900151C
:400840000025FF7508954091020900150025FF750895408102C0C00000004101028E0102D200410102D50102CF00FF085900FF08610000000001FF083101FF078901FF08AD
:400880006900000103004003000082030040030301FF077702FF088101FF087D00FF088F01FF07650000000001FF089001FF08A00001010001000000400000080800080093
:4008C000C000006F0B00400000000040600060000000170045017E02004F010A4B00520509400C20102011207C400064017D01010501EE010109019C80010B039C80AA40FE
:40090000B401010C05B880BE41D804DB04DF01010D0618011A80588068028802D608011701EE0A0119029C80EE0A011B01B080014004320433803640CC700141039608A6B6
:4009400040A78001420A12805B0296089B02A640A780AB02C410D640EE80014303A640A780AE8401450464048804D801E401014603A102B502EC0801470408080F40A1021F
:40098000C20C014803AE40AF80EE50014C070F406102A102AC08AF40C204D802014D02B340EA04015101003A004F00000C005100001000513000400100001000011400086D
:4009C000000140000A00014C000200015000002036000040006930091E033C010144E342830143009481424400C0E0C0F0C083C082C085C084C086758600C093759300C0F0
:400A0000D075D000C000C001C002C003C004C005C006C0079003E6E014604814607414700241C12403600241E19003EA1202A99003E5E0FF04F0E92FF9E43AFA12001A90EB
:400A400003E7F0E0FE5407A3F0EE70179003E5F09003E97402F09003E8E4F09003E67403F0807E9003E7E0FF30E7089003E97403F080069003E97401F0EF25E09003E7F0C4
:400A8000A3E014F0710AEF54FEFF71049003E67402F09003E9E070219003E67403F09003E8E07006A37402F080059003E9E4F0710AEF4401FF710480089003E9E014F08099
:400AC000209003E9E070149003E8E070069003E6F0800E9003E67401F080069003E9E014F0D007D006D005D004D003D002D001D000D0D0D093D086D084D085D082D083D057
:400B0000F0D0E03290647DEFF02290647DE0FF227BFF7A0979DD9003EA1202B21222C1EF30E01E12230EEF600E7BFF7A0979E49003EA1202B2800AE4FF7156EF7003FF91F4
:400B4000DD7E097FE9B1ECB1C8D2AF9044F474FDF0B14180FE228F46AD467F0312181AEF2401FFE43EFEE43DFDE43CFCE4FB7A01F9F81200C0C004C005C006C007AD467FB7
:400B80000412181AD003D002D001D0001200A58F4E8E4D8D4C8C4BC201E4F54FAD467F0312181AEF2401FFE43EFEE43DFDE43CFCE4FB7A01F9F81200C08F4A8E498D488C49
:400BC00047AF4EAE4DAD4CAC4BAB4AAA49A948A847C31201F85032854A82854983E493F5506005F46002D201E550254FF54FAF4AAE49AD48AC47E47B01FAF9F81200A58F6C
:400C00004A8E498D488C4780B8AD467F0312181AEF2401FFE43EFEE43DFDE43CFCE4FB7A01F9F81200C078031202098F4A8E498D488C47E47FC07EFFFDFCAB4EAA4DA94C02
:400C4000A84BC31201F87007FF7E20FDFC800DAF4EAE4DAD4CAC4B78031202098F4E8E4D8D4C8C4BAF4EAE4DAD4CAC4BAB4AAA49A948A847C31201F85039E4254AFFE435BF
:400C800049FEE5483408FDE43547A907AA06AB0512074DEF254FF54FAF4AAE49AD48AC47E47B01FAF9F81200A58F4A8E498D488C4780B1E54FF404F54FAD467F0112181A80
:400CC000A804A905AA06AB07AF4FE4FCFDFEC31201F870032001037F06227F00228F21E521B402079046FAE4F0804EAF217156EF7042F522E522C394015031AF227E007CD3
:400D0000017D00120331C374D09FFF74FF9EFE74109DFDE49CFCE522B521047B0180027B00900004EBF0D148052280C89046FA7480F080059046FAE4F09046F6E04401F092
:400D400022752106E4FF7156EF7002F521E4F54DF54CF54BF54A9003F4E0FEA3E0F5828E831202758F518E508D4F8C4EE4FFFE7D10FC1217949003F2E0FCA3E0F5828C83B0
:400D8000E493FEC3EF9EFFF404FFB506129003F4E0FEA3E0F5828E83120275EF4E70057F0012231D9046FAE054C064406004E52160099046FAE4F0FF121BB3E4FF121BB3AE
:400DC0009046FA7480F0A1399003FDE07008D10E9003FD7401F09043A3E04401F09043B3E04401F0904F00E04401F022900000EEF0A3EFF01222DE900000E0FEA3E0FF1269
:400E000022C77F071222D49044C07404F022904F00E05401F0904F02E054FCF0904F01E04401F0904F0BE054CFF0E04430F0E054F0F0E0440FF07FF01223017FF01222E59E
:400E4000E4FF904F03EFF022900000120291900000120269E42FFFE43EFEED34F0FDEC34FFFC900005120291E4FBFA7901F890000512026912014B900109EFF090000512FA
:400E80000269EFEEE4FDFCFB7A01F9F812014B90010AEEF0A3EFF0900000120269EFFBE4FAF9F89000001202691200B290010C120291E4FBC3EA9401502590010C120269C4
:400EC000EF2BFFEE3A8F82F583E493FF74092BF58274003AF583EFF00BEB70010A80D5900000120269EFE4FE74092FF582EE3400F583E0FD900004E0FCED6C601F74092F5C
:400F0000F582EE3400F583ECF0900109E0FFA3E0FCA3E0FD7B017A007909F11D22900110EFF0D3943F40067E007F1080047E017F00900111EEF0A3EFF0900111E0FFA3E0A3
:400F4000900265CFF0A3EFF0900110E0FF900260ECF0A3EDF0A31202B290025FEFF0E4900267F0EFD3943F500E90025FE0940140069002677401F090025FE0FFD3947F4072
:400F8000069002677401F0EFC39440400CEFD3944140069002677401F0EFD3943F501E900260E0FEA3E0FFE4FCFDFB7A01F9F8C31201F8502F9002677401F08027D3900270
:400FC00061E09480900260E0940040069002677401F0900265E07004A3E0641060069002677401F09002621202A9E94A4B700590026704F0900267E060030210C712118B38
:40100000EF600201C1900260E0FCA3E0FDA31202A9900265E0FFA3E090026ECFF0A3EFF090025FE0FF51B1900267EFF06407600201BD904722E0540270087F01FE1206A043
:4010400080F0904722E054026009E0FF1313543FFF80027FFFEF7006900267F0800690026774FFF0900267E0705390025FE0FFA3E0FCA3E0FD9003F0E0FBA3E090026CF067
:401080005107900267EFF064077032904722E0540270087F01FE1206A080F0904722E054026009E0FF1313543FFF80027FFFEF7006900267F0800690026774FFF011CD80E9
:4010C000069002677404F0900267E0FF2212070BE4900400F00206F331AA318BEF703931BE900260EFF06407702A904722E0540270087F01FE1206A080F0904722E0540298
:401100006009E0FF1313543FFF80027FFFEF7004900260F011CD80069002607404F0900260E0FF2211D890025FEFF07007313A90025FEFF090025FE0FF2231AA900260741B
:40114000FFF0318BEF70387F0131D9EF6407702B7B017A0379F07D02515BEFB40215E4900260F0904722E0540270107F01FE1206A080F0904722E0540260D511CD800690F4
:4011800002607404F0900260E0FF229002687404F012070B900400E0700704F0E4900268F01206F3900268E0FF2212070B9043A0E04408F09043B0E04408F00206F37F0766
:4011C000904722E05402600E90472074B6F074E0F0740DF080027F04227E07904722E05402601F90472074B6F074E1F0740EF0904722E054027007904720EFF080067E09E1
:4012000080027E04AF0622900269ECF0A3EDF0AC077D07904722E05402603B90472074B6F074D8F07405F0904722E054027023904720ECF0900269E0904720F0900269E093
:40124000A3E0904720F0EBF090026CE0904720F080067D0980027D04AF05229002611202B2900264EDF0E4A3F0900264E0FFA3E0C39F5037904722E054016003D38001C393
:4012800040097F017E001206A080E9904720E0FF9002611202A9900265E029F9E43AFAEF120033900265E004F080BE900265E0FF22900268EFF0A3ECF0A3EDF0A31202B2B9
:4012C0009002707407F0904722E05402700261BD90472074B6F074D5F07402F0904722E05402600261B5900268E0904720F0E4900271F0A3F090026EE0FEA3E0FF900271DD
:40130000E0FCA3E0FDC39FEC9E501F90026B1202A9E92DF9EA3CFA12001A904720F0900271E475F00112004580CB90026EE064017002A3E0600261C3900268E0FFD3943FCC
:40134000400261C37E007C207D00120331E42FFFE43EFEED3408FDE43CFCC004A905AA06AB07A3E0FEA3E0FF7C007D20120331D0001200A5900273120291E4900271F0A3D5
:40138000F0900271E0FEA3E0FFC39420EE94005032E4FCFDA31202851200A5A907AA06AB0512074D904720EFF0900271E475F00112004580CC9002707409F080069002705C
:4013C0007404F0900270E0FF227B007A4079807DBF7C5D12072F9040827419F09043007406F07B007A4279127D177C3312072F9042107405F0E0FFE47FC87E32FDFC900010
:4014000000120291900000120269D3EF9400EE94004029904210E054806021E47FE07E01FDFC12060090000012026974FFFBFAF9F81200A590000012029180C890420074EF
:4014400052F07B0C7A01790F12074D9046A1EFF07B007A407904E4FDFC12072F9040047407F0904006E4F09040087448F0904004E4F0904009F09040017402F09043A2E0A3
:401480004401F0227B007A4679E812074DEF4405FD7B007A4679E8120759E4F523E523C39408502CE52375F005A424A8F582E43409AF82F5218F22F5831202BB8F82852141
:4014C00083740393FC740493FD1205E4052380CD7E087FD212066F7B017A50790312074DEF4402FD7B017A5079031207597B017A50791312074DEF4402FD7B017A507913C3
:401500001207599043A0E04440F09043C2E04410F07C087DB07B007A5179C27F087E001206CD7C087DB87B007A5179F07F0A7E001206CD7C087DC27B007A5179127F087EB0
:40154000001206CD7C087DCA7B007A5179227F087E001206CD9044F47401F0904322E04408F09046ECE0C394055006904689743AF090480074F1F071C990480074B1F0B15C
:40158000A27B007A4379A0C00179B09000051202B2D0017F0E7E0012063B9043B0E054FDF0227B0C7A0179CF12074DEF540790586EF0EFC4540FA3F09058767444F0228B62
:4015C0004E8A4F89508C518D5274FFF553F554855157855258E552455170086354FF6353FFC16BC3E5589552FFE5579551FEAB4EE5502FF9E54F3EFA12001A755500F556EA
:40160000E4FDEDC39408503DE5565401FFE5545401FBE4EB6F6015E553C313FEE55413FFEE6484F553EF6408F554800BE553C313F553E55413F554E555C313F555E55613EE
:40164000F5560D80BDE552155270021551E552455170906354FF6353FF855355855456E554FCE555FFECF553EFF554AE53AF54228B478A4889497401120033AB472549F942
:40168000E43548FAEF120033E54BAB47E5492402F9E43548FAE54B120033E54AFFAB47E5492403F9E43548FAEF120033AB47AA48A949E54B2404FDE4354AFCB1BF8E4C8FFC
:4016C0004DEFAB47E54B2404FDE4354AFCE5492DF9E5483CFAEF120033E54CFFAB47E54B2405FDE4354AFCE5492DF9E5483CFAEF120033AB47E54B2406FFE4354AFEE54981
:401700002FF9E5483EFA7417120033E54B2407FDE4354AFC75530075540075554A755696AB47AA48A9498C518D52E55675F00AA485F058F559900263E4F0A37440F07F0203
:401740001227F97F02F183EF7019E55945586013E47F01FEFDFC122331E55915597002155880E07F02F183EF70057557108011AB53AA54A955E5518552F0120086E4F5574B
:40178000AF5722EF75F00BA42431F582E43403F583E0FF228F498E488D478C46E4F552D3E5519400E5509400404CAF51AE50AD4FAC4E74FFFBFAF9F81200A58F518E508DDE
:4017C0004F8C4EE549254DFFE548354CFEE547354BFDE546354AFCEF2551FFEE3550FEED354FFDEC354EA907AA06AB0512074DEF2552F55280A9AF52229046FAE054C064DD
:40180000807016F521F0AD217F02111AEF4E6009AD217F02111A12073E2290025FEDF0AB079002647402F0E4FFFEFDFCA3120291EB1202E7185C0118880218AC0318D004DB
:4018400018F405191E06196C0719480819900919B40A19DE0B1A080C00001A3290025FE0FF7E007C017D001203311201EAEF24C0FFEE34FFFEED3410FDE43CFCA312029112
:401880009002647401F0413D90025FE0FF7E007C017D00120331C374C39FFF74FF9EFE74109DFDE49CFCA3120291413D90025FE0FF7E007C017D00120331C374C79FFF741C
:4018C000FF9EFE74109DFDE49CFCA3120291413D90025FE0FF7E007C017D00120331C374CB9FFF74FF9EFE74109DFDE49CFCA3120291413D90025FE0FF7E007C017D0012F6
:401900000331C374D09FFF74FF9EFE74109DFDE49CFCA31202919002647401F0413D90025FE0FF7E007C017D00120331C374D19FFF74FF9EFE74109DFDE49CFCA3120291DF
:401940009002647401F0413D90025FE0FF7E007C017D00120331C374D69FFF74FF9EFE74109DFDE49CFCA3120291413D90025FE0FF7E007C017D00120331C374D29FFF743D
:40198000FF9EFE74109DFDE49CFCA3120291413D90025FE0FF7E007C017D00120331C374D49FFF74FF9EFE74109DFDE49CFCA3120291413D90025FE0FF7E007C017D00122C
:4019C0000331C374D89FFF74FF9EFE74109DFDE49CFCA31202919002647404F0805F90025FE0FF7E007C017D00120331C374DC9FFF74FF9EFE74109DFDE49CFCA3120291A8
:401A00009002647401F0803590025FE0FF7E007C017D00120331C374E09FFF74FF9EFE74109DFDE49CFCA31202919002647404F0800BE4FFFEFDFC90026012029190026412
:401A4000E0B40119900260120269A907AA06AB0512074DE4FCFDFE900265120291900264E06402705C900260120269EF2401FFE43EFEE43DFDE43CA907AA06AB0512074DFE
:401A8000E4FCFDFE900265120291900265120285C000C001C002C003900260120269A907AA06AB0512074DE4FCFDFE780812021CD003D002D001D0001201DD900265120268
:401AC00091900264E06404600261AD900260120269EF2403FFE43EFEE43DFDE43CA907AA06AB0512074DE4FCFDFE900265120291900265120285C000C001C002C0039002B0
:401B000060120269EF2402FFE43EFEE43DFDE43CA907AA06AB0512074DE4FCFDFE780812021CD003D002D001D0001201DD900265120291900265120285C000C001C002C0F0
:401B400003900260120269EF2401FFE43EFEE43DFDE43CA907AA06AB0512074DE4FCFDFE781012021CD003D002D001D0001201DD900265120291900265120285C000C00196
:401B8000C002C003900260120269A907AA06AB0512074DE4FCFDFE781812021CD003D002D001D0001201DD900265120291900265020269900000EFF0E4F541F54275430A68
:401BC000C200F544F545121124EF60057F0012231D1227ADD2AF9044F474FDF0E4F53D754B00754C00754D39900000E0FF70067EFF7FFF80008F4E7B017A0079017D2C7C50
:401C0000011223958F40900000E060021543E5436004E54070C9E54060030221B7C3E53A9407E53994004008900001E064016005753D0481BB900004E0FE900003E0FDEE20
:401C4000F541EDF542E5422407FFE43541FED3EF953AEE95395008EF942CEE94014005753D03805774062542F58274003541F583E0FE74052542F58274003541F583E0FD8B
:401C8000EEF53EEDF53F74072542F58274003541F583E064176005753D04801F7B017A007901E5422404FDE43541FC1215BFEF653F7003EE653E6003753D08E4F53BF53C21
:401CC000E53D60030221A6900005E0F538753D04900002E01202E71CF6311D23321DA9341F4A351F58371FA4381DA9391FE63A218D3B000021A32000030221A6E542454157
:401D000060030221A6FF120B56EF70047F0180027F00900005EFF0753B00753C01E4F53D0221A62000030221A6E5426401454160030221A6E538C3940140030221A690032E
:401D4000F4E0FEA3E0F5828E83120275E4FBFA7901F812014B8F24E538B5241E9003F4E0FEA3E0F5828E83120275E4FB7A01F9F812014B7522008F238014E538D395244025
:401D800007E4F522F5238006752201752300E523900005F0E522A3F0A374FFF0E4A3F0F53B753C04F53D0221A6900002E06434703C2000030221A6E54264034541600302B4
:401DC00021A6E538C39440400FE538D3947F50087544007545108006754401754520AE44AF457D007B017A01792D12035E2000030221A6C3E5429403E54194005003022111
:401E0000A6E54224FDFFE54134FFFE742D2545F974013544A801FC7D017B017A007908120446E54224FDFFE54134FFFEEF2545F545EE3544F544E538C39440401BE538D3A6
:401E4000947F501412222E754100754210900259E4F0A37480F0800F7541017542209002597401F0A3E4F0E54565427004E54465416002E13F900007E0FE900006E0FDEE76
:401E8000F544EDF545D390025AE09545900259E0954440047F0080027F0A8F3DE53D60030221A6E538D3943F506FE5387F00FEEF2545FFE5443E90025BF0A3EFF09003F4FC
:401EC000E0FEA3E0F5828E83120275E4FB7A01F9F812014B90025DEEF0A3EFF09003F4E0FEA3E0F5828E83120275EFE4EF600A90025DE475F00112004590025DE0FEA3E073
:401F0000FFC390025CE09F90025BE09E500B753D0AE4F544F5450221A67B017A01792D900265E541F0A3E542F0AD45AC44AF38120F4DEF60047F0A80027F008F3D80037594
:401F40003D03E4F544F5450221A62000030221A6E4F544F5450221B72000030221A6E5452542FFE5443541FED3EF942CEE9401502DE4F53DAE41AF42742D2545F9740135A5
:401F800044A801FC7D017B017A007905120446E5422545F545E5413544F5440221A6753D030221A6E5424541703678257C00FD7BFF7A0979D5FE7F08120446D200753B00E9
:401FC000753C08E4F544F545AE3BAF3C78057C007D01FB7A007925120446E4F53D0221A6753D040221A62000030221A6E5426403454160030221A6900007E0FE900006E0A2
:40200000FDEEF52FEDF530E538C394404057E538D3947F5050512EAE2FAF307C007D101203318F368E358D348C33C3E5309480E52F940050047F0080027F0A8F3DE53D603F
:402040000221A685364D85354C85344B85334AE4755110F550F54FF54EFF7E80FDFC1217948F378069AE2FAF307C017D00120331C004C005C006C007AF38E4FCFDFEFBFAD2
:402080007901F81200C0D003D002D001D0001200A58F368E358D348C33C3E52F940150047F0080027F0A8F3DE53D600221A685364D85354C85344B85334AE4F55175500172
:4020C000F54FF54EFFFE7D10FC1217948F37E538D3943F5072AF387E007C207D00120331E42FFFE43EFEED3408FDE43CFCC004A905AA06AB07AE2FAF307C007D20120331A4
:40210000D0001200A58F368E358D348C33E4F52DF52EC3E52E9420E52D9400502AE4E52E2536FFE52D3535FEE43534FDE43533A907AA06AB0512074DEF2537F537052EE5D7
:402140002E7002052D80CB852F31853032E538702AAE31AF32FCFD7BFFFAF9F8C31201F87019FD7F0512181AC3E5379FF537E4FD7F0612181AC3E5379FF537E537F40490E3
:402180000005F0E4F53DF53B753C018019E4FF120B56EF70069046FA7480F01205FD120D398003753D057B017A007901853B4A853C4BAF3D121670900000E07003021BDC9E
:4021C000300003021BDC2212070B906008E0547FF0906012E054FBF09043A5E054FEF09043B5E054FEF09051F8E04480F0E04440F01206F39044CA7480F0A37401F0904443
:40220000CA7420F09044C87401F004F0515E9044D97410F0E4900323F090032BF090031FF0900325F090032AF09003FFF02212070B9043A0E04408F09043B0E04408F090D6
:40224000470174C8F09043ACE04410F09043BCE04410F0904700E0542060F80206F390458FE054407E007806CEC313CE13D8F9FF22C0E0C0F0C083C082C085C084C08675B2
:402280008600C093759300C0D075D000C000C001C002C003C004C005C006C007515ED007D006D005D004D003D002D001D000D0D0D093D086D084D085D082D083D0F0D0E0EA
:4022C0003290646DE0FF227B027A447904AD07AC06020731EFC43354E0904482F0229044C87404F0229043A3E04401F07B027A4F7906EFFD7C001207319043A3E054FEF0B0
:40230000227B027A4F7904EFFD7C00020731904210E0548060047F0180027F002290FFFF12030DEFF09046EA7401F090000102030D90FFFC12030D120291850883850982B0
:40234000120269D3EF9400EE9480402E9003E1120269120600850883850982C083C082120269E42FFFEE3480FEED34FFFDEC34FFFCD082D08312029180C09003D712026994
:402380008508838509821202851200C012060090000402030D8B468A4789488C498D4AE54E75F00AA485F050F551D3E54A9440E54994004006754900754A409003FEE060F8
:4023C0002D9167EF7018E55145506012E47F01FEFDFC7131E55115517002155080E39167EF601791A7916DE49003FEF0800C91A7EF60079167EF6002916DE54E75F00AA491
:4024000085F050F5517F01121783EF64016018E55145506012E47F01FEFDFC7131E55115517002155080DE7F01121783EFB40125AB46AA47A948900263E549F0A3E54AF0F1
:402440007F0191B4AB4BAA4CA94DEE8FF0120086E4F54F800FAB4BAA4CA94DE4F5F0120086754F10AF4F2290032BE0FF227F01EFD394004031EF9409502CEF75F00BA4248D
:4024800031F582E43403F583E4F0EF75F00BA42435F582E43403F583E0FE75F010EF905FFE12029DEEF022E4FF900323E06004E0FFE4F02290025FEFF0A31202B2900260EA
:4024C0001202A9E94A4B7002A14E90025FE0FFD39400407AEF94095075B15ED3900264E09F900263E09E400990025FE0FFB15E8008900263E0FEA3E0FF900263EEF0A3EFCA
:40250000F0E4A3F0A3F0900263E0FEA3E0FFA3E0FCA3E0FDC39FEC9E502B90025FE075F01090607812029DE0FF9002601202A9E92DF9EA3CFAEF120033900265E475F00155
:4025400012004580C190025FE0FF916F8007E4900263F0A3F0900263E0FEA3E0FF22E4FDFCEFD39400402AEF9409502575F010EF905FFC12029DE0540FFD75F010EF905F68
:40258000FD12029DE0FBEDFCEBFD24FEFD74FF3CFCAE04AF052280FE32E4900000F0900000E0FFD3941F5020EF75F002A42400FFE5F03444FAA9077B017C257D9612073168
:4025C000900000E004F080D622900263ECF0A3EDF0900262EFF0541F25E0FFE433FEE42FFFEE3444FAA9077B01120722900265EEF0A3EFF0900262E075F002A42400FFE538
:40260000F03444FAA9077B01A3E0FEA3E0FFFDAC06120731900265E0FEA3E0FF2212070B900261EFF09043A5E04401F09043B5E04401F090609D7401F090600904F09060A8
:4026400010E0547FF0E4FFFE1206A0904394E054F9F0906012E054DFF0904394E04401F07F017E001206A07F287E001206A09051F8E0547FF0E054BFF0904394E04402F09A
:402680007F027E001206A0904394E04404F0906084E4F0A3F0900261E0FF1206F37D077F17D1F17C377D937F17B1C97D077F18D1F17C297D1F7F18B1C97D077F15D1F17CF8
:4026C000067D9E7F15B1C97D07E4FFD1F17C367DF3E4FFB1C97D077F01D1F17C377D437F01B1C97D077F0CD1F17C227D717F0CA1C9AC07ED540775F020A4FFEC541F248058
:40270000F582E43444F583EFF02290025FEFF0A3EDF09003FFE07008D11D9003FF7401F090025FE0FFA3E0FDE4FE7E019003F87401F0A3DEFC7E01900329EFF0E490032857
:40274000F0900323F090032BF090031FF0900325F090032AF0900320F09044C27480F0A37401F09044C27420F09044C07401F004F0ED14600C047012906009E054FEF08064
:4027800010906009E04401F08007906009E04401F09060287403F09060087480F0E47F01FEFDFC1206009060127404F022D2AF9044F474FDF07D02E4FFF10A9003FE7401FF
:4027C000F022E4FF7F019003F87401F0A3DFFCE4900328F0900323F090032BF090031FF0900325F090032AF0900320F09060287403F09060087480F0229002601202B290B4
:40280000025FEFF0D394005002211EE0FF94094002211EEF75F00BA42436F582E43403F583E0FEA3E0FFC3E49FFF74029EFED3900264E09F900263E09E402490025FE075E0
:40284000F00BA42436F582E43403F583E0FEA3E0FFC3E49F900264F074029E900263F0900263E0FCA3E0FDECFF90025FE0FE75F00BA42433F582E43403F583E04FFF75F0BD
:4028800010EE905FFC12029DEFF0ED90025FE075F010905FFD12029DEDF09002601202A9E94A4B6046E4900265F0A3F0900263E0FEA3E0FFA3E0FCA3E0FDC39FEC9E502B06
:4028C0009002601202A9E92DF9EA3CFA12001AFF90025FE075F01090607812029DEFF0900265E475F00112004580C190025FE0FF75F00BA42431F582E43403F583E4F0EFB2
:4029000075F00BA42435F582E43403F583E0FF90025FE075F010905FFE12029DEFF022C0E0C0F0C083C082C085C084C086758600C093759300C0D075D000C000C001C0024A
:40294000C003C004C005C006C007906028E0900277F0E0FF5410700221FEA37401F0EF54806020900277E0540F64016005A3E4F0802FD1DB90032CE054806025900278E4A0
:40298000F0801E900277E05440600451218012900277E05420600512301A8005900278E4F0900278E06057906028E0900277F0E05480704A90032FE0FF900327E04F900207
:4029C00077F0E0FF906029F0E0FEEF6E703090032CE0900278F0906028E05480900277F0E0700F90032CE0906028F0E0540F900278F090032CE0FF900278E0B507D0D00721
:402A0000D006D005D004D003D002D001D000D0D0D093D086D084D085D082D083D0F0D0E032900328E024FC600A24FE6008240470068005E1ABF1BB22E4FD900320E0FF9059
:402A4000032DE48FF0120045D3900318E09400900317E09400403AED940850359003191202A912001AFFE42DF582E43460F583EFF09003191202A9E92401F9E43AFA9003CE
:402A8000191202B20D90031774FFF5F012004580B7900320E064086006EDD394004015900327E06480F090032C740FF09003287402F0800A90032C7402F0900328F09003DE
:402AC0002FEDF0900320F0221202B2900317E07002A3E070051230CE802F9003287402F0E4900327F01235FA906007E0FE906006E0FDEEEDFFD3900318E09F900317E09EF5
:402B00004005EEF0A3EFF051387F0122E490027AF0906000E090027CF07B007A007900A31202B2E4900317F0A3F090027CE0548064806002A125906001E07002817424F80D
:402B4000700281E624FE7002A10224046002C1BD906003E0B4012B123E55900280EEF0A3EFF0F5828E83A31202BB9003191202B2900317E4F0A37412F051CB90027AEFF069
:402B8000C1BD906003E064027060906002E0FF123432900280EEF0A3EFF04E7002C1BD900280E0FEA3E0F5828E83A31202BB9003191202B29003191202A9E92403F9E43A26
:402BC000FA12001AFE9003191202A9E92402F9E43AFA12001AFDEEEDFF900317EEF0A3EFF051CB90027AEFF0C1BD906003E064037079FF7BFF7A0779A090027D1202B290FB
:402C00006002E0D39F401F90027D1202A912001A601412001AFE7C0029F9EC3AFA90027D1202B20F80D9906002E0FF6016900775E493FEEFB5060C7BFF7A0779FF90027DF0
:402C40001202B290027D1202A912001A7002C1BD12001AFF900317E4F0A3EFF09003191202B251CB90027AEFF0C1BDF13D90027AEFF0C1BD90027CE05403603F24FE600285
:402C8000C1BD900317E4F0A37402F0906004E0547F75F00BA42432F582E43403F583E09003FBF0E4A3F07B017A0379FB9003191202B251CB90027AEFF0C1BD900317E4F03D
:402CC000A37402F090032AE09003FBF0E4A3F07B017A0379FB9003191202B251CB90027AEFF0C1BDC1BD900317E4F0A304F0FB7A03792B9003191202B251CB90027AEFF0AD
:402D0000C1BD900317E4F0A304F0906004E02416F9E43403FA7B0190031951C890027AEFF0C1BDC1BD906001E0147002A1E924FE7002C15924FA601B24FE60702406600216
:402D4000C1BD906002E0900325F0D1C390027AEFF0C1BD906002E090027BF0D39400400EE014FF123432900280EEF0A3EFF090027BE0FFD39400400A900280E07002A3E079
:402D80007005EF6002C1BD90032BE0FF90027BE0FE6F600F90032BEEF09003237401F0FF1238CAD1C390027AEFF0C1BD123687EF7002C1BD906004E0FE90031FF074162EC8
:402DC000F582E43403F583E0FF74242EF582E43403F583E06F60099003237401F0123C52D1C390027AEFF0C1BD90027CE05403601A146031146002C1BD906002E06002C15D
:402E0000BD123EF590027AEFF0C1BD906002E064016002C1BD90032AE054FDF0D1C390027AEFF0C1BD906004E0FFC394014002C1BD74262FF582E43403F583C083C082E012
:402E4000FF906002E0F4FEEF5ED082D083F0D1C390027AEFF08066806490027CE05403601614602B147056906002E07050123E6E90027AEFF08046906002E06401703E90BA
:402E8000032AE04402F0D1C390027AEFF0802E906004E0FFC39401502474262FF582E43403F583C083C082E0FF906002E0F4FEEF5ED082D083F0D1C390027AEFF090027A9B
:402EC000E0FF229003287406F090032CF09003277480F0E490032FF07F0122906028E0900279F0E0906028F0E0900279F0E0FF5480600690032CEFF0227F02F1DD90600059
:402F0000E0546024E0601124E060162440701C710C900279EFF08018F13D900279EFF0800F123FD0900279EFF08005E4900279F0900279E0700690032C7403F022E49002EA
:402F400083F0906000E0540324FE600D047024906004E0900282F0801F906004E0547F75F00BA4243AF582E43403F583E0900282F08005E4900282F0900282E0FFD394014A
:402F80005023900321E0FCA3E02FF582E43CF583E49324FD700A123122900283EFF08005E4900283F0900283E0FF22E4900328F07F01F1DD90032C7403F022900325E06041
:402FC0000CE04480906008F0E4900325F0E4900328F07F01F1DD90032C7403F02290031C1202A9E94A4B603190031C1202A9EF12003390032DE0FEA3E0FF90031C1202A9E1
:40300000E92401F9E43AFAEE8FF01200867B007A00790090031C1202B222900328E024FC600A24FE60082404700F800E802B7F03122FDD90032C7403F022900320E0FF90CE
:40304000032DE48FF0120045E4900328F07F01122FDD90032C7403F022E4FF906029E0540F24FEFEFD90032DE48DF0120045D3900318E09400900317E09400403CEED3943C
:40308000004036E42FF582E43460F583E0FD9003191202A9ED1200339003191202A9E92401F9E43AFA9003191202B20F1E90031774FFF5F012004580B5AF0690032FEEF09E
:4030C000900327E06480F090032C740BF0229003287402F09003277480F090032C740FF0E4900320F090032FF07F01229003287404F09003277480F0B1FA906007E0FE9075
:403100006006E0FDEEEDFFD3900318E09F900317E09E4005EEF0A3EFF090032C740BF07F0122E4900284F0906004E0900285F0906000E0548070024107A3E014604F1460FB
:403140006414700221D724FD600241DD906003E0B42118917F900317E07002A3E0700241DD122ACB900284EFF041DD906003E06422600241DDB128900317E07002A3E07032
:403180000241DD122ACB900284EFF041DD51E3900317E07002A3E0700241DD122ACB900284EFF041DD900285E0FFC39401400241DD906002E0600241DD900317F0A304F047
:4031C00074F72FF9E43403FA7B01900319122AC8900284EFF041DD900285E0FFC39401400241DD900317E4F0A304F074F82FF9E43403FA7B019003191202B2122ACB9002F5
:4032000084EFF041DD41DD906001E024F6602214700241B62402600241DD51E3900317E07002A3E0700241DD11EC900284EFF041DD900285E0FFC39401400241DD9060026C
:40324000E0600241DDA3E0FE74F72FF582E43403F583EEF074F62FF582E43403F583E0FE74F72FF582E43403F583E0C39E5011900285E024F6F582E43403F583E4F0802C89
:40328000900285E0FF24F6F582E43403F583E0D39401401874F72FF582E43403F583E0FE74F62FF582E43403F583EEF0122EC3900284EFF08027900285E0FFC39401501DF7
:4032C000906002E0FE9401501474F82FF582E43403F583EEF0122EC3900284EFF0900284E0FF22E4900317F0A3F090032BE014FF9132900286EEF0A3EFF0906003E0900211
:403300008BF0906004E090028CF02402FFE433FEEF7802C333CE33CED8F9FF900287E02FFF900286E03EFEF0A3EFF0F5828E83A31202BBAF01900286EAF0A3EFF090028CEF
:40334000E0FFC394014002813174162FF582E43403F583E075F004A4FFAEF0900287E02FF0900286E03EF0E0FEA3E0F5828E83A31202BBAF01900286EAF0A3EFF090028BFB
:40338000E0FFC3940150028131EFD3940340028131EF24FFFFE434FFFEEF7802C333CE33CED8F9FF900287E02FFF900286E03EFEF0A3EFF0906002E0FD90028BF08F828E19
:4033C00083E493C39D406A900286E0FEA3E0F5828E83A31202BB9002881202B290028BE075F008A4FF9002881202A9E92FF9EA35F0FA9002881202B29002881202A9E924B4
:4034000002F9E43AFA1202C79003191202B29002881202A912005BFF900317E5F0F0A3EFF0E92405F9E43AFA1202C790031C1202B22290028DEFF0900329E025E025E0249B
:40344000ADF582E43408F5831202BBAE02AF01EF2408FFE43EFE8F82F583E493FD90028DE0FCC39D4005E4FEFF80138F828E8375F004EC12029DA31202BBAE02AF0122906A
:40348000032BE014FF9132900286EEF0A3EFF0906004E0900288F02402FFE433FEEF7802C333CE33CED8F9FF900287E02FFF900286E03EFEF0A3EFF0F5828E83A31202BBD3
:4034C000AF01900286EAF0A3EFF0A3E02416F582E43403F583E075F004A4FFAEF0900287E02FF0900286E03EF0E0FEA3E0F5828E83A31202BBAE02AF01900286EEF0A3EFD6
:40350000F02410FFE43EFE900286F0A3EFF0F5828E83A31202BB12001AFF900317E4F0A3EFF09003190202B290032BE014FF9132900286EEF0A3EFF0906004E090028BF06A
:403540002402FFE433FEEF7802C333CE33CED8F9FF900287E02FFF900286E03EFEF0A3EFF0F5828E83A31202BBAF01900286EAF0A3EFF090028BE02416F582E43403F583E7
:40358000E075F004A4FFAEF0900287E02FF0900286E03EF0E0FEA3E0F5828E83A31202BBAE02AF01900286EEF0A3EFF0240CFFE43EFE900286F0A3EFF0F5828E83A31202F8
:4035C000BB9002881202B29002881202A9E92401F9E43AFA12001AFE9002881202A912001AFDEEEDFF900317EEF0A3EFF0E92402F9E43AFA9003190202B2E490032DF0A373
:40360000F090031C1202A9E94A4B601D90031C1202A9E412003390031C1202A9E92401F9E43AFAE4F5F01200862290032BE014FF9132AD07AC06ED4C603D8D828C83A3120D
:4036400002BBE92404F9E43AFA12001A2402FFE433FEEF7802C333CE33CED8F92DFDEE3CFCAF058D82F583A31202BBAF0190028AEAF0A3EFF08007E490028AF0A3F0900245
:403680008AE0FEA3E0FF22E4900282F0906004E0900283F090032BE014FF91328F828E83A31202BBE92404F9E43AFA12001AFF900283E0FED39F4006EED39401502F7416DE
:4036C0002EF582E43403F583E0FF74242EF582E43403F583EFF0906002E0FF74162EF582E43403F583EFF09002827401F0900282E0FF22C0E0C083C082C085C084C086759B
:403700008600C093759300C0D075D000C00790600B7401F090600EE0FF90033BE054036401600790033EE06480F090033C7401F0D007D0D0D093D086D084D085D082D083C7
:40374000D0E032C0E0C083C082C085C084C086758600C093759300C0D075D000C00790600B7402F090601EE0FF900346E0540364016007900349E06480F09003477401F088
:40378000D007D0D0D093D086D084D085D082D083D0E032C0E0C0F0C083C082C085C084C086758600C093759300C0D075D000C000C001C002C003C004C005C006C007122785
:4037C000C2D007D006D005D004D003D002D001D000D0D0D093D086D084D085D082D083D0F0D0E0327D01EDC3940940030238C375F010ED90607012029D740CF0ED75F00BD7
:40380000A42435F582E43403F583E06031ED75F00BA42434F582E43403F583E05480600F75F010ED905FFE12029D740CF0801C75F010ED905FFE12029D7408F0800D75F020
:4038400010ED905FFE12029D7480F0ED75F00BA42436F582E43403F583E0A3E0FF75F010ED90607612029DEFF0ED75F00BA42436F582E43403F583E0FF75F010ED9060779D
:4038800012029DEFF0ED75F00BA42436F582E43403F583E0A3E0FF75F010ED90607412029DEFF0ED75F00BA42436F582E43403F583E0FF75F010ED90607512029DEFF00DB3
:4038C0000237E690600A74FFF022E4900284F0A3F0900282F0900282E0FEC39409507AEE75F00BA42430F582E43403F583E4F0EE75F00BA42432F582E43403F583E4F0EE35
:4039000075F00BA42433F582E43403F583E4F0EE75F00BA42438F582E43403F583E4F0A3F0EE75F00BA4243AF582E43403F583E4F0EE75F00BA42431F582E43403F583E4EC
:40394000F0EE75F00BA42435F582E43403F583E4F0900282E004F001D5EF602FE4900283F0900283E0FFC39401502074162FF582E43403F583E4F074242FF582E43403F558
:4039800083E4F0900283E004F080D690032BE0D3940050028151E014FF123432900286EEF0A3EFF0900286E0FCA3E0FDF5828C83A31202BBE92407F9E43AFA12001A544014
:4039C000600990032AE04401F0800790032AE054FEF0ED2404FFE43CFE900286F0A3EFF0F5828E83E493900282F0A37401F0900283E0C394094002618D900286E0FEA3E061
:403A0000F5828E83A31202BBAF01900288EAF0A3EFF0E4FF900282E0FEEFC39E40026185900288E0FCA3E0F5828C83740293547FFD900283E0FE6D7001E4600261749002C3
:403A400088E0A3E0F5828C83740493FC740593FDEE75F00BA42438F582E43403F583E0FAA3E0C39DEA9C5029900288E0FCA3E0F5828C83740493FC740593FD900283E07528
:403A8000F00BA42438F582E43403F583ECF0A3EDF0900288E0FCA3E0FDF5828C83E4932416F582E43403F583E0FE8D828C83740193FDEE6D60026174900288E0A3E0FDF5EC
:403AC000828C83740293FE900283E0FB75F00BA42434F582E43403F583EEF08D828C83740393FEEB75F00BA42430F582E43403F583EEF0900288E0FCA3E0F5828C83740313
:403B0000935403FE900288E0A3E0F5828C8374029354806031EEB401047D0780027D0D900283E0FC75F00BA42435F582E43403F583EDF0EC75F00BA42431F582E43403F5D4
:403B4000837401F0802EEEB401047E0580027E09900283E0FD75F00BA42435F582E43403F583EEF0ED75F00BA42431F582E43403F583E4F0900289E02407F0900288E034BD
:403B800000F00F4114900283E004F021EE900286E0FEA3E0F5828E83A31202BBAF01900288EAF0A3EFF0E4900283F0900282E0FFA3E0C39F5038900288E0FEA3E0F5828E57
:403BC00083E493FD740293547F75F00BA4243AF582E43403F583EDF0900289E02407F0900288E03400F0900283E004F080BD12362A900321EEF0A3EFF0E4900284F0A3F03C
:403C000090028204F0900282E0FFC39409503F900284E0FCA3E0FDEF75F00BA42436F582E43403F583ECF0A3EDF0EF75F00BA42438F582E43403F583E0FEA3E0FF90028486
:403C4000EE8FF0120045900282E004F080B71237E42290032BE0D394005002C154E014FF123432EF2404FFE43EFE8F82F583E493900282F08F828E83A31202BBAD01AC0211
:403C800090031FE0900283F0E4FB900282E0FFEBC39F4002C1548D828C83E493FF900283E0FE6F6002C14A8D828C830493FF74162EF582E43403F583E06F6002C14A8D8253
:403CC0008C83740293547FFA7403935403F9EA75F00BA42433F582E43403F583E4F08D828C83740293FFEA75F00BA42434F582E43403F583EFF08D828C83740393FFEA7567
:403D0000F00BA42430F582E43403F583EFF08D828C83740493FE740593FFEA75F00BA42438F582E43403F583EEF0A3EFF08D828C837402935480602DE9B401047F0780027F
:403D40007F0DEA75F00BA42435F582E43403F583EFF0EA75F00BA42431F582E43403F5837401F0802AE9B401047F0580027F09EA75F00BA42435F582E43403F583EFF0EAB1
:403D800075F00BA42431F582E43403F583E4F075F010EA905FFE12029D7401F0EA75F00BA42438F582E43403F583E0FF75F010EA905FFC12029DEFF0EA75F00BA42438F5EE
:403DC00082E43403F583E0A3E0FF75F010EA905FFD12029DEFF0EA75F00BA42436F582E43403F583E0A3E0FF75F010EA90607612029DEFF0EA75F00BA42436F582E434036E
:403E0000F583E0FF75F010EA90607712029DEFF0EA75F00BA42436F582E43403F583E0A3E0FF75F010EA90607412029DEFF0EA75F00BA42436F582E43403F583E0FF75F018
:403E400010EA90607512029DEFF0ED2407FDE43CFC0B818A22900329E025E025E024ADF582E43408F5831202BBAE02AF0122E4900282F0906004E0547FFFD394004070EF7F
:403E80009409506BEF75F00BA42432F582E43403F583E04401F0EF75F00BA42433F582E43403F583E4F0EF75F00BA42431F582E43403F583E04402F0EF75F00BA42434F532
:403EC00082E43403F583E05480600F75F010EF905FFE12029D748DF0800D75F010EF905FFE12029D7489F0122EC3900282EFF0900282E0FF22E4900282F0906004E0547F81
:403F0000FFD394005002E1CAEF94094002E1CAEF75F00BA42432F582E43403F583E054FEF0EF75F00BA42433F582E43403F583E4F075F010EF905FFC12029DE0547FF0EF56
:403F400075F00BA42431F582E43403F583E054FDF0EF75F00BA42434F582E43403F583E054806030EF75F00BA42431F582E43403F583E0B4010F75F010EF905FFE12029DFC
:403F8000740CF0803D75F010EF905FFE12029D740DF0802EEF75F00BA42431F582E43403F583E0B4010F75F010EF905FFE12029D7408F0800D75F010EF905FFE12029D743C
:403FC00009F0122EC3900282EFF0900282E0FF22E4FF906000E054806005A3E0FE8000220000000000000000000000000000000000000000000000000000000000000000AE
:404000000000000000000000000000000000000000000000000000000000000000000000000000000000000000000000000000000000000000000000000000000000000080
:404040000000000000000000000000000000000000000000000000000000000000000000000000000000000000000000000000000000000000000000000000000000000040
:404080000000000000000000000000000000000000000000000000000000000000000000000000000000000000000000000000000000000000000000000000000000000000
:4040C00000000000000000000000000000000000000000000000000000000000000000000000000000000000000000000000000000000000000000000000000000000000C0
:40410000024A6A008F828E83E0540100000070F82278FFE4F6D8FD024AF8024462E86480F8E933E83360110460F0ED33EC337009E8FCE9FDEAFEEBFF220460DED3EB9FEA17
:404140009EE99DE8C2E78CF0C2F795F0400CE8CCF8E9CDF9EACEFAEBCFFB12442D85D0F05804700320D5B3E80470075002B2D502446C92D5EC0460F7E4CCC0E0C398F860E4
:404180003B94186008400DD0E0FB024444E4FBFAC9FC8028E830E406E4C9FBE4CAFCE830E305E4C9CACBFCE854076010F8C3E913F9EA13FAEB13FBEC13FCD8F130F52FC328
:4041C000E49CFCEF9BFFEE9AFEED99FDD0E0FBEF4E4D4C701222DB03024469EC2CFCEF33FFEE33FEED33FDED30E7EB024444EF2BFFEE3AFEED39FDD0E0FB50130BBB0003DC
:4042000002446CED13FDEE13FEEF13FFEC13FC024444EC4D6011E8497017ED33EC3304600DE4FCFFFEFD22E933E8330470F802446212442D58046009E4CC24815006285086
:404240000902446C284003024469C0E0EB4A7044B98006D0E0FB024458EF4E701CBD8008EBFFEAFEE9FD80EBE98DF0A4FEE5F00242FBE9CDF9EAFEEBFFEF89F0A4FCE5F0AD
:40428000CE89F0A42EFFE435F0CD89F0A42DFEE435F08067EF4E7005BD80D780C3EF8BF0A4ACF0EE8BF0A42CFCE435F0F8EF8AF0A42CE5F038FCE433CB8DF0A42CFCE5F0AD
:4042C0003BF8EE8AF0A42CFCE5F038F8E433CF89F0A42CFCE5F038CF3400CE89F0A42FFFE5F03EFEE433C98DF0A42EFEE5F039CD8AF0A42FFFE5F03EFEE43DFD33D0E0FB8C
:4043000050070BBB000F02446CEC2CFCEF33FFEE33FEED33FD02444402446CEC5D046005E85904700302446212442D580460F6EC4860F2EC7004FDFEFF22C860DB2481C839
:404340005009C398600250060244699850CAF582E9294B4A7005AB8202445875F0007C1A7880C3EF9BEE9AED99400DC3EF9BFFEE9AFEED99FDE842F0DC23ACF0D0E0FFD0EE
:40438000E0FED0E0FDAB8220E7101BEB60BAEC2CFCEF33FFEE33FEED33FD024444E803F830E705C0F075F000EF2FFFEE33FEED33FD40B830E7C280AA75F020800E75F01023
:4043C000800575F0087D007E007F003392D530D503124629EC334010EF33FFEE33FEED33FDEC33FCD5F0ED22E5F0247EA2D513CC92E7CDCEFF22EDD2E7CD33EC3392D52421
:40440000814006E4FFFEFDFC22FCE4CFCECDCC24E0501174FF80EDC3CC13CCCD13CDCE13CECF13CF0470F030D5DE024629E9D2E7C933E833F892D5EDD2E7CD33EC33FC5002
:4044400002B2D522EC30E7100FBF000C0EBE00080DBD00040BEB6014A2D5EB13FCED92E7FD2274FFFCFDFEFF22E480F8A2D574FF13FC7D80E480EFBB010689828A83E02296
:404480005002E722BBFE02E32289828A83E49322BB010689828A83F0225002F722BBFE01F322EF8DF0A4A8F0CF8CF0A428CE8DF0A42EFE22C5F0F8A3E028F0C5F0F8E582B2
:4044C000158270021583E038F022A3F8E0C5F025F0F0E582158270021583E0C838F0E822BB010A89828A83F0E5F0A3F0225006F709A7F01922BBFE06F3E5F009F31922E8B4
:404500008FF0A4CC8BF0A42CFCE98EF0A42CFC8AF0EDA42CFCEA8EF0A4CDA8F08BF0A42DCC3825F0FDE98FF0A42CCD35F0FCEB8EF0A4FEA9F0EB8FF0A4CFC5F02ECD39FE7E
:40454000E43CFCEAA42DCE35F0FDE43CFC2275F008758200EF2FFFEE33FECD33CDCC33CCC58233C5829BED9AEC99E58298400CF582EE9BFEED9AFDEC99FC0FD5F0D6E4CEEC
:40458000FBE4CDFAE4CCF9A88222B800C1B90059BA002DEC8BF084CFCECDFCE5F0CBF97818EF2FFFEE33FEED33FDEC33FCEB33FB10D703994004EB99FB0FD8E5E4F9FA22DC
:4045C0007818EF2FFFEE33FEED33FDEC33FCC933C910D7059BE99A4007EC9BFCE99AF90FD8E0E4C9FAE4CCFB2275F010EF2FFFEE33FEED33FDCC33CCC833C810D7079BEC96
:404600009AE899400AED9BFDEC9AFCE899F80FD5F0DAE4CDFBE4CCFAE4C8F922CFF4CFCEF4CECDF4CDCCF4CC22C3E49FFFE49EFEE49DFDE49CFC22EB9FF5F0EA9E42F0E979
:404640009D42F0EC6480C864809845F022EB9FF5F0EA9E42F0E99D42F0E89C45F022E8600FECC313FCED13FDEE13FEEF13FFD8F122E8600FEFC333FFEE33FEED33FDEC33B1
:40468000FCD8F122BB010789828A830247665005E9F802475ABBFE05E9F802477289828A8302477EBB010789828A830246BE5005E9F802478EBBFE05E9F802479A22ECF009
:4046C000A3EDF0A3EEF0A3EFF022A42582F582E5F03583F58322D083D082F8E4937012740193700DA3A393F8740193F5828883E4737402936860EFA3A3A380DFE5092582C2
:40470000F582E5083583F583B508048582092210AF06858209F50822858209F508D2AF22E5092582F582E5083583F58322EC8EF0A4CCC5F0CCCDF8EFA4CEC5F02DFDE43C83
:40474000FCE8A42EC8C5F03DFDE43CFCEFA4FFE5F028FEE43DFDE43CFC22E6FC08E6FD08E6FE08E6FF22E0FCA3E0FDA3E0FEA3E0FF22E2FC08E2FD08E2FE08E2FF22E4934F
:40478000FC740193FD740293FE740393FF22ECF608EDF608EEF608EFF622ECF208EDF208EEF208EFF222410A02554109A63241099C0041099B004109FD01410A08124109C0
:4047C0009D004109F9004109A432410A000041099E00410A07014209A000004109A3004109FC004109FB00440A0300000000410A01004109FA024109FE004109A50041096C
:40480000FF004109F80041099F004109A20041099800410CDF00410CDE00410CE300410CE200410CE10060390BBC480707070778B5B60755CE865695FD7D3D1D0D0585C52A
:40484000E5F5E007078D0730684284A4830124C3040274A344C282E364D443038123146394B4C4440CC100001388410CB200420CA73DF4420CA90000410CAB00420CAC0B7D
:40488000B8420CAE0000420CB00000440B6900000000440B6D00000000410B3800410B4500440B5B00000000440B5F00000000410B6300410B6400410B6500410B6600445F
:4048C0000AAD713D0A07440ABE713D0A07410A9700440A9C00000000410ABD00410AA0C4440A9800000000440AC2017D7840410A9600410A7F00420AA2002A420A7D002A12
:40490000440AC700000000410ACF00410AC600420A800000440A6F00000000410A7300440A7400000000440A7800000000410A7C00440C4F00000000440C4500000000412C
:404940000C4D00410C4E00440C5300000000440C3C00000000440C4000000000410C440041090300440C8000000000440C7C00000000410C7B00440C8400000000410C72AF
:4049800000420C732710440C77000D4A58410C6F32410C6D00410C7000410C6E00410C6815440C6900000000410C7100410C5700410C5800410C5900410C5A00410C5B00EA
:4049C000410C5C00410C5D00410C5E00410C6100410C6200410C6300440C6400000000410B0F00410B2B0C490AD0000004040000000000410CE500410CEA00410CEBFF410E
:404A00000CECFF410CEDFF410CEEFF410CEFFF410CF0FF410CCA80410CC97F440CC5000000FF440C9E023366C4440C990000903C410C9D25440CA3481E0000410CF1004667
:404A40000CCB008102370300410CF2FF410CF3FF430CD1000000410CF400420C130180420C15FF7F420C1101000075930078007583467582E8E04401F00090480074C0F0F3
:404A80007581099076BCE4F0A3F0A3F0A3F0907010F0907019F0907020F09076007410F0907604E4F0A3F0A3F0A3F09078007800087400F0A37408F0E8B8040274FFA3F0D7
:404AC000A37422F0A374BCF0A37476F0A3E4F0A3E81475F008A4F0A3B804D59070107401F0907014F07E707F18124104907010F0EA900CA2F002411175081F7509FD12BA5E
:404B00004D12A7EC12B9E0024B45025D8CE493A3F8E493A34003F68001F208DFF48029E493A3F85407240CC8C333C4540F4420C8834004F456800146F6DFE4800B0102042E
:404B400008102040809047A6E47E019360BCA3FF543F30E509541FFEE493A360010ECF54C025E060A840B8E493A3FAE493A3F8E493A3C8C582C8CAC583CAF0A3C8C582C81C
:404B8000CAC583CADFE9DEE780BEC2D5E830E70FB2D5E4C39BFBE49AFAE499F9E498F8EC30E717B2D5124BC012458AE4C39BFBE49AFAE499F9E498F8800312458A30D50DCF
:404BC000E4C39FFFE49EFEE49DFDE49CFC223232EEFA900C9DE0F88FF0A4FFAEF0E88AF0A42EFEE5F03400FDEF24C9FF78FFEE38FEED38FDE438FC5003024C00220289047D
:404C0000EC4D4E700D78FCEF24E950032840FD2200007BF178DA0000EF28FF78FFEE38FEED38FDEC38FC50E7EF2BFFEE38FEED38FDEC38FC40F22205020304758600EF4E25
:404C40006027EF60010E759300900A29E0F595A3E0F585A3E0F5848B938A838982E0A30586F0A31586DFF6DEF4E4F593F59522758600EF4E601BEF60010E8C838D828B95A1
:404C80008A858984E493A30586F0A31586DFF5DEF3E4F59522EC4D6011ED60010C8B938A838982E4F0A3DDFCDCFA75930022EF54016004D2AF8002C2AFEF5402FF9044F41E
:404CC000E054FD4FF0229044F4E0F84402F0E85402FF10AF012274014FFF228B938A838982EFF0A3EEF0A3EDF0A3ECF075930022452020005020200053202000432020005E
:404D00008B938A838982E0FFA3E0FE759300228B938A838982EDF0A3ECF0759300228B938A838982E0759300FF228B938A838982EDF075930022EC30E70312462922800052
:404D400000000000000000000000000000000000000000000000000000000000000000000000004000000000000000000000000000000000000000000000000000000000F3
:404D800000000000000000000000000000000000000100000000000000000000000000000000002000000000000000000000000000000000000000000000000000000000D2
:404DC0008000000000000000000400000001000000000000040400000000000000000000000140404000000000001000000000000000000000000000000000000000400015
:404E000000000000000020000000000000000000000080000000800000000000000000008000000000000000100000000000000000000000000000000000000000000000C2
:404E400000000000000000000000000000000000000000000000000000000000000000404000000000000000000000000000000000000000000000000000000000000000B2
:404E800000000000000000000000000000000000000000000000000000000000000020000000000000000000000000000000000000000000000000000000000000000100D1
:404EC00001000020000020000000000000000000000001808404000000000000000000000001506041000000000000000040000004000040000000000000000000000000F2
:404F000000000000000010000000000000000000000000000000400000000000000000009000000080000000000000004000000000000000000000000000000000000000D1
:404F40000000000000000000000000000000100000000000000000000000000000000000000000000000000000000000000000000000000000000000000020000000000001
:404F800000000000000000000000000000000040000000000000000000000000000000000000000000000000000000000000000000000000000000000000000000000000B1
:404FC0002000010000000100000000000000004000000100804400000000110020000000000141604100000000140000000000000000000000000000000000000000000062
:40500000000010000000000000000000200000000000200000000000000000000000000020000000100000000000A000000000000000000000000000000000000000000050
:40504000000000000000001000000000002A0000000000000000000000000000000000000000000000000000000000000000000000000000000004000000000000440400AA
:4050800000000000000000000000000000000000100001002000000080000000000001200000000020000000000000000000000000000000000000000000000000000000FE
:4050C0001000000010004000000000100000044010000000000000000000110000000000000000404100000000000000002100000000000000000000000000000000000039
:40510000E00000000000000000000000E00010000000E0006000C00000000000000080004000000000000000000000000000000000000000000000000000000000000000DF
:405140000000000000000000000000000000004000000000800004000001000010000000000000000000000000000000000011000000000041000000000000800000000088
:4051800000200000000000000000000000000000000000000000000000000000000000000000000000000000000000000000000000000000000000000000000000000000CF
:4051C000800000000000000000000000000000000000000000000000000000000000000000000000000000000000000000000000000000000000000000000000000000002F
:4052000000006000700000000000F00020001000000000000000000000000000000080000000000000000000000000000000000000000000000000000000000000000100FD
:405240000000000000000100000000000100010000001000010001000000080000000100000008000100010000000100082302523E760800082303524676100008230452FD
:405280004E7620000823055256762800082306525E76300005230752667020000523085266703000052309526670500005230A52667060000523FE526670700015220C0C9E
:4052C000DA49C8004022FE0CDA51300180220E0CDA08000180220F0CDA0A00018022100CDA0C00018022110CDA0E00010022120CDA4400008022130CDA4600008022FE0C82
:40530000DA4D00008023154D3E4800008023164DBE4880008023174E3E4300008023184EBE4380008023194F3E42000080231A4FBE42800080231B503E41000080231C5069
:40534000BE41800080231D513E4000008023FE51BE40800007231F082852000007232008305208000723210838521000062322084052600007232308485278000823240818
:40538000504578000C232508604F0000202326106C6470002023FE108C6570000823280858510000802329086C00000080232A08EC00800080232B096C02000080232C09C8
:4053C000EC02800080232D0A6C04000080232E0AEC04800080232F0B6C0600008023300BEC0680008023310C6C1400008023320CEC1480008023330D6C1600008023340D01
:40540000EC1680008023350E6C1800008023360EEC1880008023370F6C1A00008023380FEC1A800010233910AC50100010233A10BC50000080233B10CC4D800080233C11AE
:405440004C4C000080233D11CC4C800080233E124C47000080233F12CC478000802340134C46800080234113CC450000802342144C45800080234314CC1B00008023441507
:405480004C1B800080234515CC150000802346164C15800080234716CC190000802348174C19800080234917CC17000080234A184C17800080234B18CC09800080234C194A
:4054C0004C07000080234D19CC07800080234E1A4C0B800080234F1ACC0500008023501B4C0580008023511BCC0D80008023521C4C0300008023531CCC0380008023541D22
:405500004C0F80008023551DCC0100008023561E4C0180008023571ECC4900008023FE1F4C498000010000000200000004000000050000000600001201000200000008C0D9
:4055400016DC0503000F0E80010902B700040100C0020904000000FF00000C0904010000010100090A2401000134000202030C2402010306000203000000092403020101F9
:405580000001000C240203010100020300000009240304030600030009040200000102000A09040201010102000A072401020201000B240201020210010077010905822D87
:4055C00080010100000725018001000009040300000102000B09040301010102000B072401030101000B240201020210010077010905032D800101000007250180010000DF
:40560000040309040C03410045003900520042001A0350006500610062006500720072007900200053004400520022035000650061006200650072007200790020005200C3
:4056400065006300650069007600650024035000650061006200650072007200790020005400720061006E0073006D00690074001E03500065006100620065007200720004
:405680007900200052006100640069006F0016034400470038005300410051002D004900320043001A037700770077002E006F0062006400650076002E00610074001E03D2
:4056C0004D0075006C00740075007300200043006F006E00740072006F006C0020034D0075006C00740075007300200049005100200053006F0075006E00640024034D001B
:4057000075006C007400750073002000490051002000520065006300650069007600650026034D0075006C0074007500730020004900510020005400720061006E007300FA
:405740006D006900740026034D0075006C007400750073002000530044005200200043006F006E00740072006F006C0020034D0075006C00740075007300200053004400BE
:4057800052002C004C004C0043002E001203500072006F0066006900630069006F0026037700770077002E006D0075006C007400750073002D007300640072002E006300A5
:4057C0006F006D0000120350004500300046004B004F002D0030000201822D0180010301032D018001FF01010101FF554902FF57D7000000000000000000000000000000FD
:405800000000FF57E501FF55370000000001FF57E901FF58053031323334353637383941424344454600E4900A30F0A3F0A3F0A3F0A3F07F64FEFDFC11E3D2AF9044F474ED
:40584000FDF0F158F13F12BE047E9F7FBE12BE4212887CE4FFFEFDFC900A361246BE7FC031CD900A2EEFF0700812B6EAF13F12B789F1EC900A2FEFF0900A2EE0700CA3E0F0
:4058800060087BFF7A4C79F0316A900A2FE060087BFF7A4C79F4316A900A2EE070087BFF7A4C79F8316A7F02F1D87F807E9F7DD57C00900A981246BE900A98E0FCA3E0FD6D
:4058C000A3E0FEA3E0FF127863EF70ECE47FDC7E05FDFC11E3B186EF54FEFFB119E47F05FEFDFC90FFFC1246FC1246BE850883850982E0A3E0A3E0FEA3E0D39400EE948039
:40590000403D900CA3E0FCA3E0FDA3E0FEA3E0FF124C00850883850982C083C082E0FCA3E0FDA3E0FEA3E02400FFEE3480FEED34FFFDEC34FFFCD082D0831246BE80AD9076
:405940000C99E0FCA3E0FDA3E0FEA3E0FF850883850982E0F8A3E0F9A3E0FAA3E0FB1244FF124C009000040246FC900A35EBF0A3EAF0A3E9F0E4900A39F0A3F0900B0FE0C2
:405980006003126136B186EF5401440AFFB119900A35E0FBA3E0FAA3E0F9127037F100EF5408FF900A38E06F60F3EFF0A374FFF5F01244CA45F070E5900A3904F0A374E0FC
:4059C000F07B007A00790012703780D122900A35EFF0E4900A3AF0FF7ED77DA37C701267E7900AB11246BE900A35E0FD7FB751A4900A3AEFF07002419CE4FFFEFDFC900A59
:405A000036E0F8A3E0F9A3E0FAA3E0FBC312464D6014900A36E0FCA3E0FDA3E0FEA3E0FF900AC21246BE7D807F1051A4900A3AEFF07D807F1151A4900A3AEFF07D807F126D
:405A400051A4900A3AEFF07D0C7F1051A4900A3AEFF07D0C7F1151A4900A3AEFF07D0C7F1251A4900A3AEFF0E4FDFF1284A3E4FF91FE7F0191FEE4FD7F0112879EE4FD7FA9
:405A80000212879EE4FD7F01F106E4FD7F02F106E4FD7F01F176E4FD7F02F176900A3AE0FF7E0022900A5A7401F0E4A3F0900A58EFF0A3EDF07B017A0A7958900A607402B6
:405AC000F0E4A3F07F6012863E900A5BEFF01285BAEF30E1F9F1D2EF64026005E4900A5AF0900A5AE0FF22900A4EEFF0900B45E0B40800400281F8905AFEF8282873025B34
:405B000016025B82025BA7025BED025C1C025C42025CA6025CD5E47F80FEFDFC900A4FE0F8A3E0F9A3E0FAA3E0FB1244FFE42FFFEE34FEFEED34FFFDEC34FFFC900B39121C
:405B400046BEE4FFFEFDFC900B3D1246BEE47F01FEFDFC900B411246BE900B41E0FCA3E0FDA3E0FEA3E0E4FFEEE4FDFC780812465EAD07900A4EE0FF51A4900B45E004F0C8
:405B800081F8900A4EE004FFC007900B41E0FCA3E0FDA3E0FEA3E0FFE4AD07D00751A4900B45E004F081F8900A4EE02402FFC007900B39E0FCA3E0FDA3E0FEA3E0E4FFFE45
:405BC000ED5403FDE4FC781012465EA804A905AA06AB07900A53E0FFE4EB4FFFEAE9E8AD07D00751A4900B45E004F081F8900A4EE02403FFC007900B39E0FCA3E0FDA3E0D1
:405C0000FEA3E0E4FFEEE4FDFC780812465EAD07D00751A4900B45E004F081F8900A4EE02404FFC007900B39E0FCA3E0FDA3E0FEA3E0FFE4AD07D00751A4900B45E004F051
:405C400081F8900A4EE02405FFC007900B3DE0FCA3E0FDA3E0FEA3E0E4FFFEED540FFDE4FC781012465EC004C005C006C007A3E0FCA3E0FDA3E0FEA3E0E4FFFEED540FFD29
:405C8000E4FC780C12465ED003D002D001D000EF4BFFEE4AED49EC48AD07D00751A4900B45E004F08052900A4EE02406FFC007900B3DE0FCA3E0FDA3E0FEA3E0E4FFEEE4FE
:405CC000FDFC780812465EAD07D00751A4900B45E004F08023900A4EE02407FFC007900B3DE0FCA3E0FDA3E0FEA3E0FFE4AD07D00751A4E4900B45F0900B45E0FF22900A1B
:405D00003BEFF070067D207FB141A4900A3BE0B401067D807FB151A422906474EFF022900CE1E024FE602524F8603014604A240B7053900CE3E0604D900CE2E07047900CE7
:405D4000E17402F0B186EF54FDFF80CDB186EF54F7FFB119900CE1740AF022900CE3E07024900CE2E0701EB186EF54FE4408FFB119900CE1740BF022B186EF4402FFB11923
:405D8000E4900CE1F022906474E0FF22E4900A26F0A3F0A3F0A3F0A3F0A3F0A3F0A3740AF01126126A5A127179900A02E0FFB4430C900A27E06F6002EFF012A259F100EF2B
:405DC0005408FF900A24F0A3E06F60D7A3E0FF04F0EFB407004002C1EF905DE0F8282873025DF5025E30025E73025E9E025EA3025EB0025EC5900A2DE014F070A6124CC605
:405E0000900A2CEFF0F100900A28EFF0900A2CE0FF124CAE900A28E030E4089009A27401F08005E49009A2F0900A2D740AF0A1A3900A02E0FF64437002A1A3900A27E06F27
:405E4000602DB186EF54FEFFB119B186EF4402FFB119B186900A2BEFF04408F04410FFF0B119E4900CE3F0900A02E0900A27F0B11FA1A3128E1F9009A6E0FF900998E06F0A
:405E8000600DEFF0E075F064A4FFAEF012BE28900A07E064016002A1A312A00EA1A31281B5A1A39009FFE06002A1A3128F92A1A3128C2512BA3BEF7002A1A37BFF7A4C79DB
:405EC000FC316AA1A3900A02E064436016900A98E0FCA3E0FDA3E0FEA3E0FF1278639009FFEFF0F100EF30E202A1A3F1DEA1A31261A3E4900A26F0900A24E0A3F0A1A322AD
:405F0000906460E0FF22900A3CEDF0900A3BEFF02410FF7B017A0A793D128533900A3CE0B40107A3E0547FF08007900A3DE04440F0900A3BE02410FF900A3DE0FD41A49077
:405F40000CE5E0700912AC6A900CE57401F012B6D69044C17480F022E4900A39F0A3F0FBFA7D017F01126F7A12678712B834E47F01FEFDFC01E3900A3BEFF0A3EDF07B017B
:405F80007A0A793D7F03128533EF7045900A3CE0B4011BA3E0FF900A3BE0FE7401A806088002C333D8FCF45F900A3DF0801A900A3DE0FF900A3BE0FE7401A806088002C3F8
:405FC00033D8FC4F900A3DF0900A3DE0FD7F0351A422900CB7E0FF22906576EFF0229046FA7440F09046F6E04401F02212B7B2126DEF126D4A7DF07F401261FE900A35EFF3
:40600000F012B80F12B7D5900CECE0FF1136900CEBE0FF1136900CEEE0FF1136900CEDE0FF1136900CEFE0FF113612B82312B7E9900A35E0FF227E01EFC39418502875F065
:4060400010EFA42410F582E5F03470F583E054FEF075F010EFA42410F582E5F03470F583E054DFF0E41EAF0622900A3BEFF0C394095004E0FF80027F01900A3CEFF0900AA7
:406080003CE0FF2406F582E4340BF583E0F4602F74222FF582E4340BF583E0FF1136900A3CE02406F582E4340BF583E0FF11F8900A3CE02406F582E4340BF58374FFF0906A
:4060C0000A3CE02410F582E4340BF583E0FFF4601211F8900A3CE02410F582E4340BF58374FFF0900A3CE004F0E0C394095008900A3BE06409608722900A3DEFF0C394808D
:406100005033124CC6900A3EEFF0900CC9E0FF900A3DE0FE75F008A42400F582E5F03478F583EFF0900CC9EEF0A3E004F0900A3EE0FF124CAE227F091169124CC6906008C7
:40614000E0547FF0906012E054FBF09043A5E054FEF09043B5E054FEF09051F8E04480F0E04440F0124CAE9044CA7480F0A37401F09044CA7420F09044C87404F07408F02E
:4061800012C22A9044D97410F0E4900922F0900930F090091EF0900927F090092FF0900B0FF022F1C9EF6011900B0FE0701B7D02FF12A9C7126B278011900B0FE0600AE471
:4061C000900CE3F0125FF53136227DC07F4031FE7D807F4531FE7DFF7F4131FE7DFF7F4231FEB175517B12B7FA124CC690659BE04410F0124CAE906579E04401F022900A77
:4062000036EFF0A3EDF0E4900A3AF0A3F0A3F0900A3AE0FFC39402505FEF14602F0470EF900A36E0900A38F0900A37E0900A39F07B017A0A7938900A607402F0E4A3F07F5E
:406240004612863E900A3AE004F080C31285BAEF30E708900A3AE014F0800AEF30E106900A3AE004F0900A3B74FFF5F01244B445F0709C7F012280977F0022E4900A2EF05A
:40628000900A2EE0FFC3940340026122EF6402703FE02407F582E43409F583E0FF900907E0FBE4900A3DF07D01FC91EE900A2EE02407F582E43409F583E0FF7B017A0979C1
:4062C00003E9EAE4AD01AC027B4B7A65D1BE804A900A2EE0FE2407F582E43409F583E0FF74082EF582E43409F583E0FB900A3D7404F07D017C0091EE900A2EE02407F58233
:40630000E43409F583E0FF7B017A09790BE9EAE4AD01AC027B4B7A65D1BE900A2EE004F04180900CEEE0FFF154900CEEE0FF900907E0FDF136E4900A2EF0900A2EE0FFC3FD
:4063400094034002815AEF04A3F0C39403402EE4F0900A2EE0240FF582E43409F583E0FF900A2FE0240FF582E43409F583E0FB900A3D7405F07D807C0191EE8029900A2E0C
:40638000E0240FF582E43409F583E0FF900A2FE0240FF582E43409F583E0FB900A3D7401F07D80FC91EE900A2EE0FB75F080A42483F582E5F03404F583EB2583F583FEE5A3
:4063C00082EEE4AD82AC06C005740F2BF582E43409F583E0FF7B017A09790BE9EAE4AB01D005D1BE900A2EE02400F582E43400F583E0FF900A2FE02400F582E43400F58336
:40640000E0FB900A3D7402F07D807C0191EE900A2EE0F975F080A42483F582E5F03404F583E92583F583FEE582EEE4AB82AA06C002C003740029F582E43400F583E0FF7BDE
:40644000017A097903E9EAE4AD01AC02D003D002D1BE900A2EE004F0613A900CEDE0FFF154900CEDE0FF90090FE0FDF136900CEFE0FFF154900CEFE0FF900000E0FDF13630
:40648000900CEFE0FF7D0191A3900CEDE0FF7D0112BA16900CEDE0FF7D0191A3900CEEE0FF7D017E01EFC394185040ED601575F010EFA42410F582E5F03470F583E0442040
:4064C000F0801375F010EFA42410F582E5F03470F583E054DFF075F010EFA42410F582E5F03470F583E04401F0E4FEAF0622900A3AECF0A3EDF0A3EBF0900A39EFF0900A06
:406500003E7401F0EFC394805065900A3AE054F0A3705C900A39E075F008A42400FFE5F03478FE900A3FF0A3EFF0AA06F97B01900A3AE0FCA3E0FD124D11900A3CE0FF901B
:406540000A39E0FE75F008A42402F582E5F03478F583EFF0900A3DE0FF75F008EEA42403F582E5F03478F583EFF0E4900A3EF0900A3EE0FF22E4900A2EF0900A2EE0FFC3BE
:4065800094035070EFB4021C2404F582E43409F583E0FF900904E0FBE4900A3DF07D01FC91EE8028900A2EE0FE2404F582E43409F583E0FF74052EF582E43409F583E0FB99
:4065C000900A3D7404F07D017C0091EE900A2EE02404F582E43409F583E0FF7B017A09790AE9EAE4AB017D497C65D1BE900A2EE004F08086900CECE0FFF154900CECE0FF54
:40660000900904E0FDF136E4900A2EF0900A2EE0FFC394034002C199EF04A3F0C394034002E4F0900A2EE0240CF582E43409F583E0FF900A2FE0240CF582E43409F583E0FA
:40664000FB900A3D7402F07D807C0191EE900A2EE0F975F080A42403F582E5F03400F583E92583F583FEE582EEE4AB82AA06C002C003740C29F582E43409F583E0FF7B01EA
:406680007A09790AE9EAE4AD01AC02D003D002D1BE900A2EE004F0C10C900CEBE0FFF154900CEBE0FF90090CE0FDF136900CEBE0FF7D0191A3900CECE0FF7D0181A3900AAF
:4066C0003AECF0A3EDF0A3EAF0A3EBF0900A39EFF0900A3E7401F0EFC394805053900A39E075F008A42404FFE5F03478FE900A3FF0A3EFF0AA06F97B01900A3AE0FCA3E0A4
:40670000FD124D11900A39E075F008A42406FFE5F03478FE900A3FF0A3EFF0AA06F97B01900A3CE0FCA3E0FD124D11E4900A3EF0900A3EE0FF227E01EFC39418501375F044
:4067400010EFA42419F582E5F03470F583EDF0E41EAF06227E01EFC39418502875F010EFA42414F582E5F03470F583E04404F075F010EFA42410F582E5F03470F583E0443E
:4067800001F0E41EAF0622900A35EFF07FF47E3DF1D8126D0C900A36EFF0E0FBFFE4900A3DF07D01FC91EE900A36E0FF7B227A427D667C65D1BE900A35E0FFA3E0FDF13602
:4067C000900A35E0FF7D0181A3905111E0548060047F0180027F0022AD07AC06EC906575F0EF906574F02290FFFC1246FC1246BE90FFF61246FC7B01900006124720A98202
:40680000AA83850883850982EBF0A3EAF0A3E9F07B0190000A124720A982AA83900003124720EBF0A3EAF0A3E9F0900003124720E0FBA3E0FAA3E02403F9E43AFA12447784
:40684000FF850883850982E0FBA3E0FAA3E0F9EF124490900003124720E0FBA3E0FAA3E02402F9E43AFA124477FF850883850982E0FBA3E0FAA3E02401F9E43AFAEF1244F0
:4068800090900003124720E0FBA3E0FAA3E02401F9E43AFA124477FF850883850982E0FBA3E0FAA3E02402F9E43AFAEF124490900003124720E0FBA3E0FAA3E0F9124477AB
:4068C000FF850883850982E0FBA3E0FAA3E02403F9E43AFAEF124490900006124720E0FCA3E0FDA3E0FEA3E0FF90000E0246FC900A2FEBF0A3EAF0A3E9F0900A2EEFF024D9
:40690000FFFFE434FFFEEFC4F8540FC868FFEEC454F048900A34EFF02488FFE43460FAA907900A367401F0A3EAF0A3E9F0900CDFE030E008900A357491F08006900A357421
:40694000D1F0900A32E0FCA3E0FDECFF900A2EE0FE75F00BA42438F582E5F03409F583E04FFF900A34E0FB240CF582E43460F583EFF0ED740D2BF582E43460F583EDF0748E
:40698000222EF582E4340BF583E0FF126036900A2EE02406F582E4340BF583E0FBFF900A32E0FCA3E0FD900A35E0900A3DF01264EE900A2EE02406F582E4340BF583E0FF6B
:4069C000C007900A2FE0FBA3E0FAA3E0F9FFAE02EAE4AD07AC06C005900A36E0FBA3E0FAA3E0F9FFEAE4AB07D005D0071266BE900A2EE02422F582E4340BF583E0FF12672E
:406A000054900A2EE0FE2422F582E4340BF583E0FF74062EF582E4340BF583E0FD126736900A2EE02422F582E4340BF583E0FF7D011264A3900A2EE075F00BA42436F582DC
:406A4000E5F03409F583E4F0900A34E02480F582E43460F583E04401F0227F0312AFCFEF6012900CE0E0701C7F0351C3900CE07401F08010900CE0E0600A7F0312B14EE429
:406A8000900CE0F012AFC2EF60047F0351C37F037100EFB401147111900A327401F0A37480F07F0371517F0351C37F027100EFB4011091F6900A327401F0A37480F07F02D9
:406AC00011EF22EFD394004036EF94095031EF75F00BA42436F582E43409F583E4F0EF75F00BA4243AF582E43409F583E0FE75F010EFA424FEF582E5F0345FF583EEF0228A
:406B0000EF75F00BA42436F582E43409F583E0FF22D15C7E007C017D801244A274832FF974043EFA7B0122900B08E0B4FF0691F67F029156900B09E0B4FF0671117F039160
:406B400056E4900CE0F07111E4900A32F0A3F07F03900A2FEBF0A3EAF0A3E9F0900A2EEFF024FFFFE434FFFEEFC4F8540FC868FFEEC454F048EF2488FFE43460FAA90790F6
:406B80000A357401F0A3EAF0A3E9F0900CDFE030E108900A347492F08006900A3474D2F0900A2EE02422F582E4340BF583E0FF126036900A2EE02406F582E4340BF583E02B
:406BC000FBFF900A32E0FCA3E0FDA3E0900A3DF01264EE900A2EE02406F582E4340BF583E0FFC007900A35E0FBA3E0FAA3E0F9FFAE02EAE4AD07AC06C005900A2FE0FBA3A9
:406C0000E0FAA3E0F9FFEAE4AB07D005D0071266BE900A2EE02422F582E4340BF583E0FF126754900A2EE0FE2422F582E4340BF583E0FF74062EF582E4340BF583E0FD126B
:406C40006736900A2EE02422F582E4340BF583E0FF7D010264A3900A2EEFF0E4A3F0A3F0A3F0A3F0EF24FD6030047058900A2FE0FAA3E0FBA3E0FFA3E0900A37CFF0A3EF86
:406C8000F07D017F2012B997900A2EE02422F582E4340BF583EFF0802B900A2FE0FAA3E0FBA3E0FFA3E0900A37CFF0A3EFF07D017F2012B94E900A2EE02422F582E4340BE5
:406CC000F583EFF0900A2EE0FFD394004027EF94095022B10C900A2EE02406F582E4340BF583EFF0B10C900A2EE02410F582E4340BF583EFF022D15C7E007C017D80124423
:406D0000A274032FF974003EFA7B0122900A3774FFF0124CC6900CCAE0D394184023900CC9E0FE900A37F0900CCAE014F075F008EEA42400F582E5F03478F583E0900CC922
:406D4000F0124CAE900A37E0FF22E4900A3AF0A3F0FBFA7D017F01F132E4900A3AF0A3F0FBFA7D017F0112B843E4900A3AF0A3F0FBFA7D017F0112B905E4900A35F0900A7E
:406D800035E0C394035019B10C900A35E02407F582E43409F583EFF0900A35E004F080DEE4900A35F0900A35E0C394035019B10C900A35E0240FF582E43409F583EFF09041
:406DC0000A35E004F080DEE4900A35F0900A35E0C394035019B10C900A35E02400F582E43400F583EFF0900A35E004F080DE22E4900A3AF0A3F0FBFA7D017F01D1AAE49057
:406E00000A3AF0A3F0FBFA7D017F01D162E4900A35F0900A35E0C394035019B10C900A35E02404F582E43409F583EFF0900A35E004F080DEE4900A35F0900A35E0C3940320
:406E40005019B10C900A35E0240CF582E43409F583EFF0900A35E004F080DE22906465E0FF22900A38EAF0A3EBF0AE05900CEB7403F0AD07AF06AB07E4900A3FF0A3F0A3D8
:406E8000F07F0312B88C900CEBE0FF900A38E0FCA3E0FDA3E0FAA3E0FBF1BF900CEBE0FF7D01D1F2900CEBE0FF22900A38EAF0A3EBF0AE05900CEC7404F0AD07AF06AB07B4
:406EC000900A3FF0E4A3F0A3F07F0412B88C900CECE0FF900A38E0FCA3E0FDA3E0FAA3E0FBF1BF900CECE0FF7D01D1F2900CECE0FF22AC077B01ECC39418503375F010EC07
:406F0000A42410F582E5F03470F583E054F1FAED540725E0FFE433AE02EF4AFF75F010ECA42410F582E5F03470F583EFF0E41BAF0322900A38EAF0A3EBF0AE05900CED747A
:406F400005F0AD07AF06AB07900A3FF0E4A3F0A3F07F0512B88C900CEDE0FF900A38E0FCA3E0FDA3E0FAA3E0FBF1BF900CEDE0FF7D01D1F2900CEDE0FF22900A37EAF0A392
:406F8000EBF0AE05E4900CF0F0AD07AF06AB07900A3FF0A3F0A3F0FF12B88C900CF0E0FF900A37E0FCA3E0FDA3E0FAA3E0FBF1BF900CF0E0FFE4FDD1F2900CF0E0FF229015
:406FC0000A3DECF0A3EDF0A3EAF0A3EBF0900A3CEFF0900A417401F0EFC394185053900A3CE075F008A42404FFE5F03476FE900A42F0A3EFF0AA06F97B01900A3DE0FCA3C9
:40700000E0FD124D11900A3CE075F008A42406FFE5F03476FE900A42F0A3EFF0AA06F97B01900A3FE0FCA3E0FD124D11E4900A41F0900A41E0FF22EA494B6015E4900BB4CD
:40704000F0900BB7F0900BB9EBF0A3EAF0A3E9F022900BB7E014700201F9147002212A147002215C240360022178900BB9E0FBA3E0FAA3E0F9900BB4E0FFE92FF9E43AFA6D
:407080001244777004900BB4F0900BB9E0FBA3E0FAA3E0F9900BB4E0FF04F0E92FF9E43AFA124477FFC39461400AEFD3947A500474E02FFFEFC394224006EFD3945A4008C3
:4070C000900BB57407F0800F749A2FF582E4340BF583E0900BB5F0900BB5E0FF5407A3F070037406F0EFB40710900BB87402F0E4900BB6F0A37403F022900BB5E0FF30E7D3
:4071000008900BB87403F08006900BB87401F0EF25E0900BB5F0A3E014F0125D86EF54FEFF125D19900BB77402F0900BB8E07025900BB77403F0900BB6E07008900BB8742E
:4071400002F08005E4900BB8F0125D86EF4401FF125D198007900BB8E014F022900BB8E07010900BB6E07003A3F022900BB77401F022900BB8E014F022906461E0FD7C00F5
:4071800020E0026153A3E0FEE42DFDEC3EFCFEAF05ED2410FFEE34AA900A2EF0A3EFF0900CA9E0FEA3E0FF900A2EE0FCA3E0FDC39FFFEC9EA3F0A3EFF0EC1243BD7B177AB9
:4071C000B779D178391242121243F6900A32EEF0A3EFF0900A30E0FCA3E0FDEC1243BDE4FBFAF9783F1242121243F6900A2EE0FDA3E0900CA9CDF0A3EDF0900A33E02FFF1D
:40720000900A32E03EFE900CA8E02FF0900CA7E03EF0D3A3E094E8900CA7E0943F4007743FF0A374E8F0C3900CA8E0940C900CA7E0943A5007743AF0A3740CF0900CACE089
:407240007002A3E070026148900CABE0602FE4900CA7F0A3F0900CABE014F060026148125D86EF54FEFF125D19900CA7743DF0A374F4F07D017F0C7E0071546148900CAD8E
:40728000E024FFF0900CACE034FFF0900A30E0FEA3E0FFC3EE64809480500FC3900CAFE09FF0900CAEE09EF08014900A30E0FEA3E0FF900CAFE02FF0900CAEE03EF0900C2D
:4072C000AEE0C313FEA3E013FF900CAEEEF0A3EFF0C39402EE94005018A3E07002A3E0602D900CB1E024FFF0900CB0E034FFF0801DD3900CAFE09407900CAEE09400400ED4
:40730000900CB1E004F07006900CB0E004F0D3900CB1E09432900CB0E09400402BE4900CAEF0A3F0A3F0A3F0900CAB74C8F0A3740BF0A374B8F0125D86EF4401FF125D19DA
:407340007D017F0D7E007154900CA7E0FEA3E0FF1267D822900A34EEF0A3EFF0A3EDF09180900A38EFF09188900A39EEF0A3EFF0900A34E0FCA3E0FD6F7002EC6E70028196
:407380007F9043A2E05401900A37F0A3E0703AA3E0FEA3E0FF4E6004ED4C702DEF4E70117B027A407980124D11904082E054BFF022904082E04440F07B027A407980900A06
:4073C00034E0FCA3E0FD024D11900A37E06053904001E4F090401004F0904014E4F0904008E0547FF0904082E05408600A900A34E07002A3E0702B7B027A407902900A39D2
:40740000E0FCA3E0FD124D119040017407F0904001E0540170F89043A2E054FEF0904001E4F09043A2E05401602F7B027A407902900A34E0FCA3E0FD124D11900A36E06005
:40744000047F0280027F00EF4401904001F0904001E05401602980F6227B027A407980900A34E0FCA3E0FD124D119043A2C083C082E0FF900A37E0FEEF4ED082D083F02224
:40748000904082E05407FF227B027A407980024D02900A321246BEE4FFFEFDFC900A461246BE900A32E0FCA3E0FDA3E0FEA3E0FF1267E7E41243B8E4FBFAF9784A12431B6B
:4074C000900A361246BE900A36E0FCA3E0FDA3E0FEA3E0FF1243F6900A3A1246BE7F007E247D747C49900A36E0F8A3E0F9A3E0FAA3E0FB1242121243F67B407A42790F7824
:4075000000124B8AAC00AD01AE02AF03900A421246BE7F407E427D0F7C00900A3AE0F8A3E0F9A3E0FAA3E0FB1244FF900A42E0F8A3E0F9A3E0FAA3E02FFFEA3EFEE93DFD10
:40754000E83CFC900A3E1246BE900A3EE0FCA3E0FDA3E0FEA3E0FF22900A4EEFF0A3EDF0900B38E0B40800400302785D907573F828287302758B0276F002771702774B02E1
:40758000777C0277A4027809027839900A54E0FCA3E0FDA3E0FEA3E0FFE41243B8C004C005C006C007900A50E0FCA3E0FDA3E0FEA3E0FFE41243B8D003D002D001D000129F
:4075C000431BE4FBFAF978431242121243F6900B2C1246BE900A4FE0FF7E007C007D8012472D900B2CE0F8A3E0F9A3E0FAA3E02FFFEA3EFEE93DFDE83CFCE42FFFEE34FEE9
:40760000FEED34FFFDEC34FFFC900B2C1246BE900A54E0FCA3E0FDA3E0FEA3E0FFE41243B8C004C005C006C007900A50E0FCA3E0FDA3E0FEA3E0FFE41243B8D003D002D034
:4076400001D00012431BE4FBFAF978431242121243F6900B301246BE900B30E0FCA3E0FDA3E0FEA3E0FF900A54E0F8A3E0F9A3E0FAA3E0FB1244FFC004C005C006C007E4F4
:407680007F80FEFDFC900A50E0F8A3E0F9A3E0FAA3E0FB1244FFD003D002D001D000C3EF9BFFEE9AFEED99FDEC98FC900B301246BE900A54E0FCA3E0FDA3E0FEA3E0FF906D
:4076C0000B341246BE900B34E0FCA3E0FDA3E0FEA3E0E4FFEEE4FDFC780812465EAD07900A4EE0FF125AA4900B38E004F002785D900A4EE004FFC007900B34E0FCA3E0FD5C
:40770000A3E0FEA3E0FFE4AD07D007125AA4900B38E004F002785D900A4EE02402FFC007900B2CE0FCA3E0FDA3E0FEA3E0E4FFFEED5403FDE4FC781012465EAD07D0071291
:407740005AA4900B38E004F002785D900A4EE02403FFC007900B2CE0FCA3E0FDA3E0FEA3E0E4FFEEE4FDFC780812465EAD07D007125AA4900B38E004F002785D900A4EE0EC
:407780002404FFC007900B2CE0FCA3E0FDA3E0FEA3E0FFE4AD07D007125AA4900B38E004F002785D900A4EE02405FFC007900B30E0FCA3E0FDA3E0FEA3E0E4FFFEED540FA5
:4077C000FDE4FC781012465EC004C005C006C007A3E0FCA3E0FDA3E0FEA3E0E4FFFEED540FFDE4FC780C12465ED003D002D001D000EF4BFFEE4AED49EC48AD07D007125AF5
:40780000A4900B38E004F08054900A4EE02406FFC007900B30E0FCA3E0FDA3E0FEA3E0E4FFEEE4FDFC780812465EAD07D007125AA4900B38E004F08024900A4EE02407FF8A
:40784000C007900B30E0FCA3E0FDA3E0FEA3E0FFE4AD07D007125AA4E4900B38F0900B38E0FF22900A351246BE7F407E787D7D7C01900A391246BE900B66E014700221E6B5
:40788000147002E1A1147002E1F914700302803014700302806C240560030280869009A5E024FE601D14604124037056900A35E0FCA3E0FDA3E0FEA3E0FF900B6D1246BE73
:4078C0008040900A35E0FCA3E0FDA3E0FEA3E02464FFE43EFEE43DFDE43CFC900B6D1246BE9009A57403F08019900A35E0FCA3E0FDA3E0FEA3E0FF900B6D1246BEE4900993
:40790000A5F0900CE3E060022190900A03E0FCA3E0FDA3E0FEA3E0FF900B6DE0F8A3E0F9A3E0FAA3E02FFFEA3EFEE93DFDE83CFC900B5BE0F8A3E0F9A3E0FAA3E0FBC31237
:40794000464D7003028086900A03E0FCA3E0FDA3E0FEA3E0FF900B6DE0F8A3E0F9A3E0FAA3E02FFFEA3EFEE93DFDE83CFC900B691246BE900B69E0FCA3E0FDA3E0FEA3E08C
:40798000FF900B5B1246BE900B66E004F0028086900B6DE0FCA3E0FDA3E0FEA3E0FF900B5BE0F8A3E0F9A3E0FAA3E0FBC312464D7003028086900B6DE0FCA3E0FDA3E0FE6B
:4079C000A3E0FF900B691246BE900B6DE0FCA3E0FDA3E0FEA3E0FF900B5B1246BE900B66E004F0028086900A96E0900B67F0900A7FE0900B68F0E0FC1243C2E4FBFA79C8A0
:407A0000784212431B900A411246BE900A41E0F8A3E0F9A3E0FAA3E0FBC000C001C002C003900B67E0FC1243C2D003D002D001D000124121900A411246BE900B69E0FCA3D8
:407A4000E0FDA3E0FEA3E0FFE41243B87B007A247974784912431B900A3D1246BE900A41E0FCA3E0FDA3E0FEA3E0FF900A3DE0F8A3E0F9A3E0FAA3E0FB124212E4FBFA79F9
:407A80008078C0124212900A3D1246BE900A3DE0FCA3E0FDA3E0FEA3E0FF1243F6900A491246BEE4FFFEFDFC900A49E0F8A3E0F9A3E0FAA3E0FBC31246375051E47B04FAE5
:407AC000F9F8900A49E0FCA3E0FDA3E0FEA3E0FF124B8AAC00AD01AE02AF03E4FBFAF9F8C312463770026178900A49E0FCA3E0FDA3E0FEA3E0FFE40BF8EF2BFFEA3EFEE9F8
:407B00003DFDE83CFC900A491246BE80AFE4FFFEFDFC900A49E0F8A3E0F9A3E0FAA3E0FBD31246374052E47B04FAF9F8900A49E0FCA3E0FDA3E0FEA3E0FF124B8AAC00ADF3
:407B400001AE02AF03E4FBFAF9F8C31246376028900A49E0FCA3E0FDA3E0FEA3E0FF74FFEF24FFFFEE34FFFEED34FFFDEC34FFFC900A491246BE80AE900B69E0FCA3E0FD5A
:407B8000A3E0FEA3E0FFE47B04FAF9F81244FF900B691246BE900B69E0F8A3E0F9A3E0FAA3E0FB900A49E0FCA3E0FDA3E0FEA3E0FFEB2FFFEA3EFEE93DFDE83CFC900B69EA
:407BC0001246BEE4900B63F0900A4DF07F06FEFDFC900B5FE0F8A3E0F9A3E0FAA3E0FBC312464D500281A5E4FFFEFDFC900B69E0F8A3E0F9A3E0FAA3E0FBD312464D50022A
:407C000081A5900B5FE0F8A3E0F9A3E0FAA3E0FB7F007EE97DA47C3512458A900B69E0F8A3E0F9A3E0FAA3E0FBD312464D5076900B69E0FCA3E0FDA3E0FEA3E0FF900B5F4E
:407C4000E0F8A3E0F9A3E0FAA3E0FB1244FF900B461246BE7F007E467DC37C23900B46E0F8A3E0F9A3E0FAA3E0FBC312464D4035900A39E0F8A3E0F9A3E0FAA3E0FB900B7D
:407C800046E0FCA3E0FDA3E0FEA3E0FF12458A900B4EEFF0C3940F400CE0D3945A5006900A4D7401F0900A4DE06020900B5FE0FCA3E0FDA3E0FEA3E0FF900B571246BE9049
:407CC0000B637401F0900AA1F0C1A7900B69E0F8A3E0F9A3E0FAA3E0FB7F807E177DB47C2C12458A900B571246BEE47F06FEFDFC900B57E0F8A3E0F9A3E0FAA3E0FBC312FF
:407D0000464D500CE47F06FEFDFC900B571246BEE47F087E07FDFC900B57E0F8A3E0F9A3E0FAA3E0FBD312464D400DE47F087E07FDFC900B571246BE900B57E0FCA3E0FDBE
:407D4000A3E0FEA3E05401FFE4FEFDFCEF6026900B57E0FCA3E0FDA3E0FEA3E0FF74FFEF24FFFFEE34FFFEED34FFFDEC34FFFC900B571246BEE47F06FEFDFC900B57E0F8FD
:407D8000A3E0F9A3E0FAA3E0FBC312464D500CE47F06FEFDFC900B571246BE900B69E0FCA3E0FDA3E0FEA3E0FF900B57E0F8A3E0F9A3E0FAA3E0FB1244FF900B461246BE30
:407DC0007F007EE97DA47C35900B46E0F8A3E0F9A3E0FAA3E0FBD312464D501B7F007E467DC37C23900B46E0F8A3E0A3E0A3E0C312464D4002C19E900B69E0F8A3E0F9A350
:407E0000E0FAA3E0FB7F007EE97DA47C3512458A900B571246BE900B57E0FCA3E0FDA3E0FEA3E05401FFE4FEFDFCEF6026900B57E0FCA3E0FDA3E0FEA3E0FF74FFEF24FF7D
:407E4000FFEE34FFFEED34FFFDEC34FFFC900B571246BEE47F06FEFDFC900B57E0F8A3E0F9A3E0FAA3E0FBC312464D500CE47F06FEFDFC900B571246BE900B69E0FCA3E074
:407E8000FDA3E0FEA3E0FF900B57E0F8A3E0F9A3E0FAA3E0FB1244FF900B461246BEE4900B63F0900AA1F0900A39E0F8A3E0F9A3E0FAA3E0FB900B46E0FCA3E0FDA3E0FE58
:407EC000A3E0FF12458A900B4EEFF0900A39E0F8A3E0F9A3E0FAA3E0FB900B46E0FCA3E0FDA3E0FEA3E0FF12458AAC00AD01AE02AF03900B4A1246BE900B4AE0FCA3E0FD1C
:407F0000A3E0FEA3E0FFE41243B8900A451246BE900A45E0FCA3E0FDA3E0FEA3E0FF7BF07AFF797F7849124212900A451246BE900A45E0FCA3E0FDA3E0FEA3E0FFC004C060
:407F400005C006C007900A39E0FCA3E0FDA3E0FEA3E0FFE41243B8A804A905AA06AB07D007D006D005D00412431B900A451246BE900A45E0FCA3E0FDA3E0FEA3E0FF124342
:407F8000F6900B4F1246BE7FFF7EFF7D0F7C00900B531246BEE4900B65F0A3E004F0028086900B63E07011A3E0700D7D807F10125AA4900B647401F0900B4FE0FCA3E0FDCC
:407FC000A3E0FEA3E0FF900A501246BE900B53E0FCA3E0FDA3E0FEA3E0FF900A541246BE900B4EE0FD7F1A127558EF6003028086900B66E004F0028086900B63E0600890E2
:408000000B66E004F0807F900B57E0FCA3E0FDA3E0FEA3E0FF900A4F1246BEE4900A53F07F2A125AE7EF705E900B66E004F08056900AA1E070157DA07FB1125AA4900AA14F
:408040007401F0900B657406F08005E4900B65F0900B57E0FCA3E0FDA3E0FEA3E0FF900B5F1246BE900B667405F0801A900B65E0600414F080107D4F7F10125AA4E4900BB1
:4080800064F0900B66F0900B66E0FF22900A321246BE900A367401F0E4FFFEFDFC900A6FE0F8A3E0F9A3E0FAA3E0FBC312464D7017900A32E0FCA3E0FDA3E0FEA3E0FF9086
:4080C0000A6F1246BE7F0022900A6FE0FCA3E0FDA3E0FEA3E0FFFBAA06A905A804900A32E0FCA3E0FDA3E0FEA3E0C39BFFEE9AFEED99FDEC98FC124D36900A371246BE7FD6
:40810000807E847D1E7C00900A37E0F8A3E0F9A3E0FAA3E0FBC312464D4007E4900A36F08079E47BE87A03F9F8900A32E0FCA3E0FDA3E0FEA3E0FF12458AE47B107A27F970
:40814000F81244FFE47BE87A03F9F812458A900A3B1246BE900A3BE0A3E0A3E0FEA3E0C394F4EE9401500DE47FF47E01FDFC900A3B1246BE900A3BE0FCA3E0FDA3E0FEA3BB
:40818000E0FF900A37E0F8A3E0F9A3E0FAA3E0FBD312464D4005E4900A36F0900A32E0FCA3E0FDA3E0FEA3E0FF900A6F1246BE900A36E0FF22900A73E014700241E114702B
:4081C00002613A2402600281A2900AADE0FCA3E0FDA3E0FEA3E0FF900A74E0F8A3E0F9A3E0FAA3E0FBC312464D700241DA124CC6AB07900AADE0FCA3E0FDA3E0FEA3E0FFC3
:40820000900A741246BEAF03124CAE900C4DE014603904704D900A74E0FCA3E0FDA3E0FEA3E0FF127491900A2E1246BE900A2EE0FCA3E0FDA3E0FEA3E0FFE47B04FAF9F84E
:4082400012458A900A2E1246BE8017900A74E0FCA3E0FDA3E0FEA3E0FF1267E7900A2E1246BEE47F64FEFDFC900A2EE0F8A3E0F9A3E0FAA3E0FBD312464D405E900A2EE06A
:40828000FCA3E0FDA3E0FEA3E0FF900A98E0F8A3E0F9A3E0FAA3E0FB12464D603D900A2EE0FCA3E0FDA3E0FEA3E0FF900A981246BE900A98E0FCA3E0FDA3E0FEA3E0FF90EC
:4082C0000C691246BE900A98E0FCA3E0FDA3E0FEA3E0FF118C900AA1EFF0900A73E004F022900ACFE0FF900A7CE06F6047900ACFE014601614601F1460282403702E900AF3
:40830000807401F0A37490F08022900A807402F0A37458F08016900A807403F0A37420F0800A900A807403F0A374E8F0900ACFE0900A7CF0900A73E004F0900A98E0FCA327
:40834000E0FDA3E0FEA3E0FF900A78E0F8A3E0F9A3E0FAA3E0FBC312464D7002819D900A98E0FCA3E0FDA3E0FEA3E0FF900AC71246BE900A02E024BD7002814324F770029C
:40838000810624F76043241460028189900AC7E0FCA3E0FDA3E0FEA3E02454FFEE342EFEE43DFDE43CFCC007900AC6E0FFFB3395E0FAF9F8D007C3EF9BFFEE9AFEED99FD54
:4083C000EC98FCA31246BE8189900AC7E0FCA3E0FDA3E0FEA3E024E0FFEE342EFEE43DFDE43CFCC007900AC6E0FFFB3395E0FAF9F8D007C3EF9BFFEE9AFEED99FDEC98FCAE
:40840000A31246BE8189900AC7E0FCA3E0FDA3E0FEA3E024E0FFEE342EFEE43DFDE43CFCC007900AC6E0FFFB3395E0FAF9F8D007C3EF9BFFEE9AFEED99FDEC98FCA31246F2
:40844000BE8046900AC7E0FCA3E0FDA3E0FEA3E024E0FFEE342EFEE43DFDE43CFCC006C007900A80E0FEA3E0FFFBAA06EA3395E0F9F8D007D006C3EF9BFFEE9AFEED99FDF5
:40848000EC98FC900AA91246BE900A98E0FCA3E0FDA3E0FEA3E0FF900A781246BEE4900A73F022900A3CEDF0900A3BEFF0900A3E7403F0EF2410FF7B017A0A793DB133EFD6
:4084C0007070900A3CE014601D14602F14604124037050900A3DE0FFA3E0F4FEEF5E900A3DF0E0F0803D900A3DE0FFA3E0F4FEEF5E900A3DF0E04401F08028900A3DE0FF98
:40850000A3E0F4FEEF5E900A3DF0E04402F08013900A3DE0FFA3E0F4FEEF5E900A3DF0E04403F0900A3BE02410FF900A3DE0FD125AA422900A3FEFF0A3EBF0A3EAF0A3E9A6
:40854000F0E4A3F0A3F07B01A304F0A3740AF0A3743FF0B1BA900A44EFF064806056A3E0FBA3E0FAA3E0F9900A607401F0E4A3F07F60D13E900A44EFF0B1BAEF30E1FA90E8
:408580000A44E0702F900A40E0FBA3E0FAA3E0F9900A4C7401F0E4A3F07F60D1ED900A44EFF0B1BAEF30E0FA900A44E06006900A437401F0900A43E0FF229044C97480F0FB
:4085C000900CBBE0FF900CE4E054406004EF4404FF9044C17480F022E4900A2FF0A3F0A3F0A3F0900A2FEFF0E4900A33F0900A33E0C3940850427B017A0A792F900A6074C9
:4086000001F0E4A3F07F40D13E900A31EFF0B1BAEF30E1FA125FD2900A32EFF0B40108900A307401F08011E47F05FEFDFC1258E3900A33E004F080B5900A30E0FF22900AA3
:408640005DEBF0A3EAF0A3E9F0AC077D02900A5DE0FBA3E0FAA3E04A4B7002C1EA900CE4E0B4100F9049D9E054087003FD801A7D018016900CE4E0B4600FE4FD9044D9744F
:4086800080F0900CBBE054F7F0ED705E900CE47445F0E4900CB7F0900A60E0900CBAF0900A5DE0F9A3E0FAA3E0900CB3C9F0A3EAF0A3E9F0900A61E0FF900CB8F0900CBB67
:4086C000E054FDF0AE04EE25E09049D8F0EF5401600CA37412F09049D77404F080069049D97401F09044C17480F0AF0522900A49EBF0A3EAF0A3E9F0AC077D02900A49E09A
:40870000FBA3E0FAA3E04A4B7002E19B900CE4E0B4100F9049D9E054087003FD801A7D018016900CE4E0B4600FE4FD9044D97480F0900CBBE054F7F0ED7060900CE474491B
:40874000F0E4900CB6F0900A4CE0900CB9F0900A49E0F9A3E0FAA3E0900CBCC9F0A3EAF0A3E9F0900A4DE0FF900CB8F0900CBBE054FEF0AE04EE25E044019049D8F0EF54C1
:4087800001600CA37412F09049D77404F080069049D97401F09044C17480F0AF0522900A3CEDF0900A3BEFF0E4900A3EF0EFC394004011900A3BE0D394035008900A3E74C2
:4087C00018F08016900A3BE0FFC39400400CEFD394035006900A3E7419F0900A3EE0FF7B017A0A793DB133900A3BE0FFC39400403AEFD394035034900A3DE0FF900A3BE062
:4088000025E0FE7403A806088002C333D8FCF45F900A3DF0E0FF900A3CE0FDA806088002C333D8FC4F900A3DF08044900A3BE0FFC39400403AEFD394035034900A3DE0FF1C
:40884000900A3BE024FC25E0FE7403A806088002C333D8FCF45F900A3DF0E0FF900A3CE0FDA806088002C333D8FC4F900A3DF0900A3EE0FF900A3DE0FD025AA4E4900A35C5
:40888000F0A3F0124BFDE47F64FEFDFC1258E37B007A808B828A83E0900A96F08B828A83A3E0900A7FF08B828A83A3A3A3E0900A35F0EB2404F582E43AF583E0900A36F039
:4088C000900A35E0B40112900A96E0FF3395E0FE7CFF7DFF1244A2EFF0900A36E0B40112900A7FE0FF3395E0FE7CFF7DFF1244A2EFF0AE02AF038F828E83A3A3E0900CDF77
:40890000F0E4F0223136124CC69043A0E04408F09043B0E04408F090470174C8F09043ACE04410F09043BCE04410F0904700E0542060F8024CAE314C900A37EFF0700731EA
:4089400098900A37EFF0900A37E0FF2231F45133EF7039D104900A38EFF06407702A904722E0540270087F01FE124BD080F0904722E054026009E0FF1313543FFF80027F1F
:40898000FFEF7004900A38F031E98006900A387404F0900A38E0FF2231F4900A3874FFF05133EF70387F017103EF6407702B7B017A0C79D47D02D1BFEFB40215E4900A38BA
:4089C000F0904722E0540270107F01FE124BD080F0904722E0540260D531E98006900A387404F0900A38E0FF22124CC6E4900CF4F0024CAE124CC69043A0E04408F09043A2
:408A0000B0E04408F0024CAE900A2F74FFF031F45133EF70127F017103EFB40706900A2F7407F031E98006900A2F7404F0900A2FE0FF22900A3D7404F0124CC6900CF4E0E2
:408A4000700704F0E4900A3DF0124CAE900A3DE0FF22900A38EBF0A3EAF0A3E9F0A3EDF031F4900A3BE0C39480400241F75133EF707D900A3C74FFF0900A38E0FBA3E0FAE8
:408A8000A3E0F9900A41E4F0A37410F07F40F11FEF64077068904722E0540260F8904722E054026009E0FF1313543FFF80027FFFEF7004900A3CF0900A3CE0702A900A3B6F
:408AC000E0FD7C00900CD4E0FBA3E0900A41F07F40D16BEFB40708900A3C7407F0801E900A3C74FFF08016900A3C74FFF0800E900A3C7404F08006900A3C7401F0900A3C8D
:408B0000E0FF227E07904722E05402601F90472074B6F074E1F0740EF0904722E054027007904720EFF080067E0980027E04AF062231F4904722E054026023E0540260095F
:408B4000E0FF1313543FFF80027FFFEF7006900A38F08006900A3874FFF031E98006900A387407F0900A38E0FF22900A2FEBF0A3EAF0A3E9F0904722E054026002810FE02E
:408B8000FF1313543F60028107E05401602C904720E0900A32F0904722E054016003D38001C340097F017E00124BD080E9904720E0900A33F0E4A3F08006900A347407F070
:408BC000900A34E0704F900A32E0B40116A3E0FF900A2FE0FBA3E0FAA3E0F9E48FF01244E0801D900A33E0FFC3E49FFFE49400F9900A2FE0FBA3E0FAA3E0C98FF01244E0B8
:408C0000E4900A34F0800E900A347407F08006900A347410F0900A34E06407600231E9900A34E0FF22E4900A2EF0FFFEFDFC900C77E0F8A3E0F9A3E0FAA3E0FBC312464D43
:408C40006002A10E900C73E07002A3E0600281FF900C72E014604114700281DC24026002A1345108900A2EEFF024FC601724F4600D24096002A134900C72E004F022E49042
:408C80000C72F0227B017A0C7975716A900A2EEFF0E4900C72F022227B017A0C7975716A900A2EEFF024F9602524F7602824106002A134900C75E0FEA3E0FFEE3395E0FD66
:408CC000FC900C801246BE900C72E004F022900C727401F022E4900C72F02222900C80E0FCA3E0FDA3E0FEA3E0FFA31246BE900C737427F0A37410F0E4900C72F0222290EC
:408D00000C74E024FFF0900C73E034FFF022900C77E0FCA3E0FDA3E0FEA3E0FF74FFEF24FFFFEE34FFFEED34FFFDEC34FFFC900C771246BE22E4900A33F0900A36F0A3F000
:408D4000900A347480F0A3E4F07131900A33EFF0E064077002A1FC900A367405F0900A36E0FFC39410501474882FF582E4340CF583E4F0900A36E004F080E2900A96E0C384
:408D800064809480501AE0FF3395E0FE7CFF7DFF1244A2900C88EFF0900C8B7401F0800D900A96E0900C88F0E4900C8BF0900A7FE0C364809480501AE0FF3395E0FE7CFF84
:408DC0007DFF1244A2900C89EFF0900C8C7401F0800D900A7FE0900C89F0E4900C8CF0900CDFE0900C8AF07B017A0C7988E4FD5152E49009FEF09009A57402F0900A33E023
:408E0000FF7E00227F07904722E05402600E90472074B6F074E0F0740DF080027F0422E4900A30F0A3F0A3F0900A2E7480F0A3E4F0900A96E0900A31F0900A7FE0900A320C
:408E4000F09009FEE0B40322900ABDE0900A31F0900AA0E0900A32F0900A31E0900A96F0900A32E0900A7FF0B13522900A3EECF0A3EDF0AC077D07904722E05402603B909D
:408E8000472074B6F074D8F07405F0904722E054027023904720ECF0900A3EE0904720F0900A3EE0A3E0904720F0EBF0900A41E0904720F080067D0980027D04AF05229044
:408EC0000A39EBF0A3EAF0A3E9F0A3EDF0E4A3F0900A3CE0FFA3E0C39F503E904722E054016003D38001C340097F017E00124BD080E9904720E0FF900A39E0FBA3E0FAA313
:408F0000E0F9900A3DE0FEE92EF9E43AFAEF124490900A3DE004F080B7900A3DE0FF22900A3EEBF0A3EAF0A3E9F0900A437407F0904722E05402604E90472074B6F074D5C1
:408F4000F07402F0904722E054027032904720EFF0E4FFFED3900A42E09F900A41E09E402B900A3EE0FBA3E0FAA3E02FF9EA3EFA124477904720F00FEF70010E80D6900A03
:408F8000437409F08006900A437404F0900A43E0FF22900A98E0FCA3E0FDA3E0FEA3E0FF900CD6E0F8A3E0F9A3E0FAA3E0FBC312464D70030294F8900A98E0FCA3E0FDA36C
:408FC000E0FEA3E0FF900CD61246BE7FC07E3B7D477C03900CD6E0F8A3E0F9A3E0FAA3E0FBD312464D4009900CBF740CF00291817FC07E057DD97C01900CD6E0F8A3E0F992
:40900000A3E0FAA3E0FBD312464D4008900CBF740BF021817F807EBA7D8C7C01900CD6E0F8A3E0F9A3E0FAA3E0FBD312464D4008900CBF740AF021817F807EB17D4F7C01E9
:40904000900CD6E0F8A3E0F9A3E0FAA3E0FBD312464D4008900CBF7409F021817FC07EEA7D217C01900CD6E0F8A3E0F9A3E0FAA3E0FBD312464D4008900CBF7408F0218159
:409080007F007E247DF47C00900CD6E0F8A3E0F9A3E0FAA3E0FBD312464D4008900CBF7407F021817F007E1B7DB77C00900CD6E0F8A3E0F9A3E0FAA3E0FBD312464D400870
:4090C000900CBF7406F021817F407E547D897C00900CD6E0F8A3E0F9A3E0FAA3E0FBD312464D4008900CBF7405F021817F807E8D7D5B7C00900CD6E0F8A3E0F9A3E0FAA3CB
:40910000E0FBD312464D4008900CBF7404F080717F407E4B7D4C7C00900CD6E0F8A3E0F9A3E0FAA3E0FBD312464D4008900CBF7403F0804D7FC07EC67D2D7C00900CD6E008
:40914000F8A3E0F9A3E0FAA3E0FBD312464D4008900CBF7402F080297F607EE37D167C00900CD6E0F8A3E0F9A3E0FAA3E0FBD312464D4008900CBF7401F08005E4900CBF02
:40918000F07F007E367D6E7C01900CD6E0F8A3E0F9A3E0FAA3E0FBD312464D4007E4FF125FD841357FC07EE17DE47C00900CD6E0F8A3E0F9A3E0FAA3E0FBD312464D400707
:4091C0007F01125FD8806E7F407E547D897C00900CD6E0F8A3E0F9A3E0FAA3E0FBD312464D40077F02125FD8804B7FC07E307D467C00900CD6E0F8A3E0F9A3E0FAA3E0FBA3
:40920000D312464D40077F03125FD880287F807EB97D2A7C00900CD6E0F8A3E0F9A3E0FAA3E0FBD312464D40077F04125FD880057F05125FD8900CE27401F07F207E297D5F
:409240001B7C00900CD6E0F8A3E0F9A3E0FAA3E0FBC312464D40247F907EAB7D1E7C00900CD6E0F8A3E0A3E0A3E0D312464D500BE49009F7F0900CE2F081CB7FC07E197D64
:40928000357C00900CD6E0F8A3E0F9A3E0FAA3E0FBC312464D40267F107E307D3D7C00900CD6E0F8A3E0A3E0A3E0D312464D500D9009F77401F0E4900CE2F081CB7F247E9F
:4092C000087D517C00900CD6E0F8A3E0F9A3E0FAA3E0FBC312464D40267F7C7E9A7D527C00900CD6E0F8A3E0A3E0A3E0D312464D500D9009F77402F0E4900CE2F081CB7F74
:40930000A07E817D6A7C00900CD6E0F8A3E0F9A3E0FAA3E0FBC312464D40267FB07E8A7D6F7C00900CD6E0F8A3E0A3E0A3E0D312464D500D9009F77403F0E4900CE2F0818B
:40934000CB7F007ECF7D997C00900CD6E0F8A3E0F9A3E0FAA3E0FBC312464D40267F807E077D9B7C00900CD6E0F8A3E0A3E0A3E0D312464D500D9009F77404F0E4900CE21B
:40938000F081CB7F007E647D137C01900CD6E0F8A3E0F9A3E0FAA3E0FBC312464D40267F907E407D157C01900CD6E0F8A3E0A3E0A3E0D312464D500D9009F77406F0E49082
:4093C0000CE2F081CB7F607E517DD57C00900CD6E0F8A3E0F9A3E0FAA3E0FBC312464D40267FC07E1D7DDB7C00900CD6E0F8A3E0A3E0A3E0D312464D500D9009F77405F0E9
:40940000E4900CE2F081CB7F207E217D407C01900CD6E0F8A3E0F9A3E0FAA3E0FBC312464D40267F207E747D477C01900CD6E0F8A3E0A3E0A3E0D312464D500D9009F77409
:4094400007F0E4900CE2F081CB7F707E7C7D7B7C01900CD6E0F8A3E0F9A3E0FAA3E0FBC312464D40267F407E787D7D7C01900CD6E0F8A3E0A3E0A3E0D312464D500D9009FD
:40948000F77408F0E4900CE2F080407FE07EF07DAA7C01900CD6E0F8A3E0F9A3E0FAA3E0FBC312464D40247FB07E567DC57C01900CD6E0F8A3E0A3E0A3E0D312464D500BD1
:4094C0009009F77409F0E4900CE2F07FE07EF07DAA7C01900CD6E0F8A3E0F9A3E0FAA3E0FBC312464D4011900A01E0600B9009F77409F0E4900CE2F07F002290FFFC124679
:40950000FC1246BE90FFF61246FC7B01900006124720A982AA83850883850982EBF0A3EAF0A3E9F07B0190000A124720A982AA83900003124720EBF0A3EAF0A3E9F0900012
:4095400003124720E0FBA3E0FAA3E02403F9E43AFA124477FF850883850982E0FBA3E0FAA3E0F9EF124490900003124720E0FBA3E0FAA3E02402F9E43AFA124477FF850850
:4095800083850982E0FBA3E0FAA3E02401F9E43AFAEF124490900003124720E0FBA3E0FAA3E02401F9E43AFA124477FF850883850982E0FBA3E0FAA3E02402F9E43AFAEF28
:4095C000124490900003124720E0FBA3E0FAA3E0F9124477FF850883850982E0FBA3E0FAA3E02403F9E43AFAEF124490900006124720E0FCA3E0FDA3E0FEA3E0FF90000EC5
:409600000246FCE4FF900CE3E060037410FF90099CE0FE30E004EF4420FFEE30E104EF4402FF22E4900A0CF0906000E0900A0DF0906001E0900A0EF0900A0DE05480648063
:40964000600302995AA3E01246D6967E0096AA0298850697CB2098A53396E93A970F3C97423D976D3F978F5097A35198CC94991495980CA4982BA5984EBF0000995A900C63
:409680004974E8F0A37403F09009187401F0A3740CF0A37449F0900916E4F0A37402F0129CDE900A0CEFF002995AD103900C49EFF0E0FCA3E0FDA3E0FEA3E0FFEEEDEC44FE
:4096C00008FC900C491246BE9009187401F0A3740CF0A37449F0900916E4F0A304F0129CDE900A0CEFF002995A7A0A79AD9009187401F0A3740AF0A374ADF0900916E4F0CA
:40970000A37404F0129CDE900A0CEFF002995A7F707E3D7D0A7C071267E7900C491246BE9009187401F0A3740CF0A37449F0900916E4F0A37404F0129CDE900A0CEFF002EF
:40974000995A7A0A79B19009187401F0A3740AF0A374B1F0900916E4F0A37404F0129CDE900A0CEFF0E4900C4DF002995A9009187401F0A3740AF0A374B7F0900916E4F0B0
:40978000A37406F0129CDE900A0CEFF002995A906002E030E008900CE37401F08005E4900CE3F0D103900C49EFF09009187401F0A3740CF0A37449F0900916E4F0A304F0C5
:4097C000129CDE900A0CEFF002995A906003E06487600302995A7B027A607904124D02EF64014E600302995A900C49F07B0190091804F0A3740CF0A37449F0900916E4F042
:40980000A304F091DE900A0CEFF0215A9009187401F0A37409F0A3749CF0900916E4F0A304F091DE900A0CEFF0215A7A0979A29009187401F0A37409F0A374A2F0900916B4
:40984000E4F0A304F091DE900A0CEFF0215A900C84E0FCA3E0FDA3E0FEA3E0FF1294FB900C531246BE9009187401F0A3740CF0A37453F0900916E4F0A37404F091DE900ACF
:409880000CEFF0215A9009187401F0A3740AF0A3740FF0900916E4F0A37404F091DE900A0CEFF0215A900A96E0900C44F09009187401F0A3740CF0A37444F0900916E4F031
:4098C000A304F091DE900A0CEFF0215A900A96E0FF3395E0FEFDFC900C451246BE900C45E0FCA3E0FDA3E0FEA3E0FF1294FB900C4F1246BE9009187401F0A3740CF0A3749B
:409900004FF0900916E4F0A37402F091DE900A0CEFF08046900A7FE0FF3395E0FEFDFC900C451246BE900C45E0FCA3E0FDA3E0FEA3E0FF1294FB900C4F1246BE900918740D
:4099400001F0A3740CF0A3744FF0900916E4F0A37402F091DE900A0CEFF0900A0DE05480600281A2A3E01246D699AF3099CF3299F3339A69359A2E3A9B08709B88719B2708
:40998000729BA7739BC6759BE5769C04779B467A9C237B9C617D9C427F9B65909C809C9A8CA09AABA99ACAF39AE9F700009CA29009187401F0A3740AF0A3748CF0900916BD
:4099C000E4F0A37406F091A8900A0CEFF081A27A0A79AD9009187401F0A3740AF0A374ADF0900916E4F0A37404F091A8900A0CEFF081A27A0A79BD9009187401F0A3740AC0
:409A0000F0A374BDF0900916E4F0A304F091A8900A0CEFF0900ABDE0FF3395E0FEFDFC900C401246BE9009FEE04401F081A27A0A79A09009187401F0A3740AF0A374A0F099
:409A4000900916E4F0A304F091A8900A0CEFF0900AA0E0FF3395E0FEFDFC900C3C1246BE9009FEE04402F081A27A0A79C69009187401F0A3740AF0A374C6F0900916E4F05E
:409A8000A304F091A8900A0CEFF081A29009187401F0A3740CF0A3744DF0900916E4F0A304F091A8900A0CEFF081A29009187401F0A3740AF0A37401F0900916E4F0A3045D
:409AC000F091A8900A0CEFF081A29009187401F0A37409F0A374FAF0900916E4F0A304F091A8900A0CEFF081A29009187401F0A37409F0A374F8F0900916E4F0A304F091A3
:409B0000A8900A0CEFF081A29009187401F0A3740AF0A37402F0900916E4F0A304F091A8900A0CEFF081A29009187401F0A37409F0A3749FF0900916E4F0A304F091A890FB
:409B40000A0CEFF081A29009187401F0A37409F0A374A6F0900916E4F0A304F091A8900A0CEFF081A27A0A79CF9009187401F0A3740AF0A374CFF0900916E4F0A304F0918B
:409B8000A8900A0CEFF081A29009187401F0A37409F0A374FDF0900916E4F0A304F091A8900A0CEFF081A29009187401F0A37409F0A3749EF0900916E4F0A304F091A89082
:409BC0000A0CEFF081A29009187401F0A37409F0A3749DF0900916E4F0A304F091A8900A0CEFF081A29009187401F0A37409F0A374F9F0900916E4F0A304F091A8900A0C69
:409C0000EFF081A29009187401F0A37409F0A374A4F0900916E4F0A304F091A8900A0CEFF0807F9009187401F0A3740AF0A37408F0900916E4F0A304F091A8900A0CEFF06C
:409C400080609009187401F0A3740AF0A37400F0900916E4F0A304F091A8900A0CEFF080419009187401F0A3740AF0A37407F0900916E4F0A304F091A8900A0CEFF080228E
:409C80007A0979A09009187401F0A37409F0A374A0F0900916E4F0A37402F091A8900A0CEFF0900A0CE0FF2290092D7404F090092C7480F0F165906007E0FE906006E0FD75
:409CC000EEEDFFD3900917E09F900916E09E4005EEF0A3EFF0900931740BF07F0122900916E07002A3E07004F1A0802F90092D7402F0E490092CF0F165906007E0FE9060C3
:409D000006E0FDEEEDFFD3900917E09F900916E09E4005EEF0A3EFF012B2847F0122E4900A16F0906000E0FE5403900A17F0906003E0900A18F0906004E0547F900A19F09F
:409D4000EE54807002C1AC900A17E064027043906001E0247F6002E15F900A18E064016002E15F900916F0A37403F0900A19E075F003A424F6F9740B35F0FA9009187401CA
:409D8000F0A3EAF0A3E9F091DE900A16EFF0E15FE15F900A17E064016002E15F906001E0247E606C147002C13E147002C16C24857002C19A247E6002E15F900A18E0B4012C
:409DC00021900916E4F0A304F07A0B79F5900918F0A3740BF0A374F5F091DE900A16EFF0E15F900A18E064026002E15F900916F0A37402F07B017A0C791790091814F0A31C
:409E0000740CF0A37417F091DE900A16EFF0E15F900A18E064026002E15F900916F0A37402F07B017A0C791390091814F0A3740CF0A37413F091DE900A16EFF0E15F900ACC
:409E400018E064026002E15F900916F0A37402F07B017A0C791590091814F0A3740CF0A37415F091DE900A16EFF0E15F900A18E064026002E15F900916F0A37402F07B01CA
:409E80007A0C791190091814F0A3740CF0A37411F091DE900A16EFF0E15FE4900916F0A3F091A8900A16EFF0E15FE15F900A17E06402704A906001E0146002E15F900A182C
:409EC000E064016002E15F900916F0A37403F0900A19E075F003A424F6F9740B35F0FA9009187401F0A3EAF0A3E9F0900A19E0900C19F091A8900A16EFF080638061900A15
:409F000017E064017059906001E0147052900A18E0B40121900916E4F0A304F07A0B79F5900918F0A3740BF0A374F5F091A8900A16EFF0802A900A18E0B40223900916E4C1
:409F4000F0A37402F07B017A0C791790091814F0A3740CF0A37417F091A8900A16EFF0900A16E0FF22E4900932F0A3F090091BE0FBA3E0FAA3E04A4B602590091BE0FBA3EA
:409F8000E0FAA3E0F9E412449090091BE0FBA3E0FAA3E02401F9E43AFAE4F5F01244E02290092D7402F090092C7480F0900931740FF0E490091FF0900934F07F0122C0E0FE
:409FC000C083C082C085C084C086758600C09375930090099BE4F0D093D086D084D085D082D083D0E032C0E0C083C082C085C084C086758600C093759300900C6DE4F0D0CF
:40A0000093D086D084D085D082D083D0E032E4900A2EF09009A0E0FFA3E0FE9009A0E0FDA3E0FCEE603C6C7039EF6D7035900C62E0FDEE6D602CEEF09009FBE0C394505092
:40A04000219009A3E024A7F582E43409F583EFF09009A3E00475F05084E5F0F09009FBE004F0900C57E0B40B004002415390A074F828287302A09502A0BE02A0E502A10ECD
:40A0800002A13702A16002A18902A1B202A25302A25302A1F49009FDE0FF900C58E06F6015900C5F7471F0A3EFF0900C58F0900C57740AF04153900C57E004F04153900971
:40A0C0009EE0FF900C5EE06F6013A37473F0A3EFF0900C5EF0900C57740AF04153900C57E004F0415390099DE0FF900C5AE06F6015900C5F7475F0A3EFF0900C5AF0900C4A
:40A1000057740AF04153900C57E004F041539009A4E0FF900C5CE06F6015900C5F7477F0A3EFF0900C5CF0900C57740AF04153900C57E004F04153900A00E0FF900C5DE0B1
:40A140006F6015900C5F747FF0A3EFF0900C5DF0900C57740AF04153900C57E004F04153900A08E0FF900C59E06F6015900C5F747BF0A3EFF0900C59F0900C57740AF04145
:40A1800053900C57E004F041539009F9E0FF900C5BE06F6015900C5F7476F0A3EFF0900C5BF0900C57740AF04153900C57E004F041539009FBE0D394004032900C5F749CDF
:40A1C000F09009FCE024A7F582E43409F583E0900C60F09009FCE00475F05084E5F0F09009FBE014F0900C57740AF08066E4900C57F0805F900C61E0146030047055900C91
:40A200005FE0FF1285D8900A2EEFF0B4010E900C61E004F0900C57740AF08037E4900C57F0900C61F0900A07F08028900C60E0FF1285D8900A2EEFF0B4010BE4900C61F0AF
:40A24000900C57F0800DE4900C57F0900C61F0900A07F0900C57E0FF22E4900A30F0900C63E0B40B004002A10790A270F828287302A29102A31302A36E02A3B102A3ED02C8
:40A28000A40402A45702A47102A50702A50702A4B2900C69E0FCA3E0FDA3E0FEA3E0FF900C64E0F8A3E0F9A3E0FAA3E0FBC312464D6047900C69E0FCA3E0FDA3E0FEA3E007
:40A2C000FF127863900C71EFF06002A107900C69E0FCA3E0FDA3E0FEA3E0FF900C641246BE900CE2E06002A107900A02E064436002A107900C63E004F022900CE2E06002B8
:40A30000A107900A02E064436002A107900C63E004F022124CC6900A2FEFF0125F00900A2EEFF0A3E0FF124CAE900A2EE0FF30E0089009997401F08005E4900999F0EF30E1
:40A34000E10890099A7401F08005E490099AF0900999E0600690099AE0700D90099C7401F0900C63E004F022E4900C63F022125D86EF54EFFF125D19900A80E0FEA3E0FF1C
:40A38000EE3395E0FDFC900C69E0F8A3E0F9A3E0FAA3E02FFFEA3EFEE93DFDE83CFC127863900C71EFF06002A107900C63E004F022125D86900A30EFF090099FE0B40118C3
:40A3C000900A30E054F7F054FDF090099B7401F0900C637405F0800D900A30E054F7F0900C637404F0900A30E0FF025D19125D86EF54FDFF125D1990099B7401F0900C63E8
:40A40000E004F022124CC6900A2FEFF0125F00900A2EEFF0A3E0FF124CAE900A2EE0FF30E0089009997401F08005E4900999F0EF30E10890099A7401F08005E490099AF0A7
:40A44000900999E07002A10790099AE07002A107900C63E004F022125D86EF4402FF125D1990099B7401F0FFB108900C63E004F02290099BE07034900C69E0FCA3E0FDA3DB
:40A48000E0FEA3E0FF127863900C71EFF07078125D86900A30EFF04408F04410FFF0125D19E490099CF0900C63F022900C63740AF022124CC6900A2FEFF0125F00900A2E28
:40A4C000EFF0A3E0FF124CAE900A2EE0FF30E0089009997401F08005E4900999F0EF30E10890099A7401F08005E490099AF0900999E0600690099AE07007900C637404F079
:40A5000022900C637407F022906477EFF02280FE227B007A4079807D0C7C00124D0F904082741AF07B007A4079847D027C00124D0F9040867418F07B007A4079887D6B7CE9
:40A540000E124D0F90408A7418F07B007A40798C7DBF7C5D124D0F90408E7419F07B007A40799074FFFDFC124D0F9040927418F09043007406F09042007452F07B0C7A0134
:40A58000790F124D1E9046A1EFF07B007A4279127D137C33124D0F9042107401F0E0FFE47FC87E32FDFC900A241246BE900A24E0A3E0A3E0FEA3E0D39400EE9400403A90EB
:40A5C0004210E054806032E47FE07E01FDFC124C00900A24E0FCA3E0FDA3E0FEA3E0FF74FFEF24FFFFEE34FFFEED34FFFDEC34FFFC900A241246BE80B3900A24E0A3E0A3E7
:40A60000E0FEA3E04E70047F01B10E904210E04440F07B007A4279227D147C0C124D0F9040007401F07B007A4279207D517C12124D0FE4900A28F07F19FEFDFC900A241265
:40A6400046BE900A24E0A3E0A3E0FEA3E0D39400EE9400404AA3E0FF64036043904225E05401FEEF25E04E5403900A28F0E47FE07E01FDFC124C00900A24E0FCA3E0FDA367
:40A68000E0FEA3E0FF74FFEF24FFFFEE34FFFEED34FFFDEC34FFFC900A241246BE80A3900A24E0A3E0A3E0FEA3E04E70047F03B10E7B007A4079047D007C01124D0F904056
:40A6C000047407F0904006E4F09040087448F0904004E4F0904009F09040017402F09043A2E0441FF022E4FFFEFDFC900CDA1246BE9076007410F09070107401F0907019DD
:40A70000E4F07B027A78F97DB87C02124D119078027401F0A374A3F07B027A787904C003C002C0017BFF7A52796BE9EAE4AD01AC02D001D002D003124D117B027A7879065E
:40A740007D087C78124D117B027A7679047D107C00124D117B027A767906E4FDFC124D11907029740BF0907039740DF09070597414F0907069741EF09070797427F0907052
:40A78000147401F0907018E0540170F8907028E0540170F8907038E0540170F8907058E0540170F8907068E0540170F8907078E0540170F87B087A087920900A297401F0FC
:40A7C000A37451F0A37410F07F067E00024C3B7B0C7A0179CF124D1EEF540790586EF0EFC4540FA3F09058767444F0227B007A4679E8124D1EEF4405FD7B007A4679E8123A
:40A800004D2A12A6E67B007A7679007D047C00124C957C557D237B007A7679087F047E00124C6F7C557D277B007A7679107F047E00124C6F7B007A7679187D047C00124C76
:40A84000957C557D2B7B007A7679207F047E00124C6F7C557D2F7B007A7679287F047E00124C6F7C557D337B007A7679307F047E00124C6F7B007A7679387D047C00124CC7
:40A88000957B017A0079D87F047E047D007C44124CDB7B017A0279587F047E047D007C48124CDB7B017A0479D87F447E447D007C48124CDB7B017A507903124D1EEF44023B
:40A8C000FD7B017A507903124D2A7B017A507913124D1EEF4402FD7B017A507913124D2A9043A0E04440F09043C2E04410F07B087A1F79CC900A29E4F0A37451F0A374024B
:40A90000F07F087E00124C3B7B087A1F79D4900A29E4F0A37451F0A374C2F07F087E00124C3B7B087A1F79DC900A29E4F0A37451F0A374F0F07F0A7E00124C3B7B087A1FB7
:40A9400079E8900A29E4F0A37451F0A37410F07F0A7E00124C3B7B087A1F79F4900A29E4F0A37451F0A37420F07F0A7E00124C3B9044F47401F0904322E04408F09046EC91
:40A98000E0C394055006904689743AF090480074F1F012A51190480074B1F012A7CF7B007A4379A0C003C002900A29EBF0A3EAF0A374B0F0D002D0037F0E7E00124C3B901D
:40A9C00043B0E054FDF022900A2EEFF0A3EDF0900B0FE070085180900B0F7401F0900A2EE0FFA3E0FD900A30EDF090092EEFF0E490092DF0900922F0900930F090091EF0FF
:40AA0000900927F090092FF090091FF09044C27480F0A37401F09044C27420F09044C07404F07408F090609E7406F09044C27440F090609C7450F07EC07FB7914BF171F1ED
:40AA40008B900A30E014600C047012906009E054FEF08010906009E04401F08007906009E04401F09060287403F09060087480F0E47F01FEFDFC124C009060127404F022AD
:40AA8000124CC6900A30EFF09043A5E04401F09043B5E04401F090609D7401F090600904F0906010E0547FF0E4FFFE124BD0904394E054F9F0906012E054DFF0904394E03F
:40AAC0004401F07F017E00124BD07F287E00124BD09051F8E0547FF0E054BFF0904394E04402F07F027E00124BD0904394E04404F0906084E4F0A3F0FFFEC3EF9409EE9474
:40AB000000502174062FF582740B3EF58374FFF074102FF582740B3EF58374FFF00FEF70010E80D6900A30E0FF124CAE7D057F1771F27CBF7D207F17718C7D057F1871F240
:40AB40007CB17D6C7F18718C7D057F1571F27CBF7D1F7F15718C7D057F0271F27CBE7D7F7F02718C7D057F0371F27CBE7DCF7F03718CE4FD7F1671F27CBF7D717F16718C30
:40AB80007D057F0C71F27CC17DDA7F0C900A36ECF0A3EDF0900A35EFF0D3941F50028001C340047F009137900A35E0541F25E0FFE433FEE42FFFEE3444FAA9077B01124D4D
:40ABC00002900A38EEF0A3EFF0900A35E075F002A42400FFE5F03444FAA9077B01A3E0FEA3E0FFFDAC06124D11900A38E0FEA3E0FF22900A35EFF0A3EDF0D39407500280ED
:40AC000001C340047F009137900A35E0D3941F50028001C340047F009137900A36E0540775F020A4FF900A35E0541F2480F582E43444F583EFF02290FFFF1246FCEFF090D9
:40AC400046EA7401F09000010246FC900A31EEF0A3EFF0F160900A31E0FEA3E0FFF17E7F05F1679044C07402F0229049D67402F09049C87481F09049CA7437F09049DB745B
:40AC800003F0A3E4F09044C97480F07D077F0F71F27CAC7DAD7F0F718C900CE47410F0E4900CBBF0900CB6F0900CB7F022C0E0C0F0C083C082C085C084C086758600C0939F
:40ACC000759300C0D075D000C000C001C002C003C004C005C006C0079049D7E0900A6EF0900CE4E054407002E12F900A6EE0FF54017002C1FF900CE4E024BA7002A1ED248D
:40AD0000FD600B147002C19824056002C1FBEF54DF900A6EF0540AFD7C0064087076900CE4E064457061900CBAE0D394004026900CB3E0FBA3E0FAA3E0F91244779049D8C4
:40AD4000F09049D77404F0900CB77401F0900CE47446F0C1FF900CB8E054026015900CBBE0440AF0900CE47460F09044C97480F0C1FF9049D6E04410F09049D97410F090A7
:40AD800049D77404F0C1FF9049D7E4F0900CE4744AF0C1FFED640A4C704D900CBBE044A0F0900CB8E054026029900CBBE0FF900CE4E0540860047E0180027E02EE44084FF7
:40ADC000900CBBF0900CE47460F09044C97480F0C1FF9049D6E04410F09049D97410F09049D77404F0C1FF7F009137C1FF900A6EE05402706A900CBAE0FF900CB7E0C39FCD
:40AE0000502B900CB3E0FBA3E0FAA3E0F9900CB7E0FFE92FF9E43AFA1244779049D8F09049D77404F0900CB7E004F0C1FF900CB8E054026015900CBBE0440AF0900CE47444
:40AE400060F09044C97480F0C1FF9049D6E04410F09049D97410F09049D77404F0C1FF900CB8E054026015900CBBE0449AF0900CE47460F09044C97480F0C1FF9049D6E058
:40AE80004410F09049D97410F09049D77404F0900CBBE04490F080679049D8E0FF900CBCE0FBA3E0FAA3E0F9900CB6E0FEE92EF9E43AFAEF124490900CB6E004F0900CB9CA
:40AEC000E0FF900CB6E0C39F50089049D77410F0802D900CB8E054026015900CBBE04409F0900CE47460F09044C97480F080109049D6E04410F0A3E4F080047F0091379049
:40AF00000A6EE054206036900CBBE0FF900CE4E0540860047E0180027E02EF4E900CBBF09049D6E054EFF0900CE47410F0800E900CE4E054107006900CE47410F0D007D03B
:40AF400006D005D004D003D002D001D000D0D0D093D086D084D085D082D083D0F0D0E0329044C87402F022EFC43354E0904481F022124CC6906597E04410F0024CAE7B02A1
:40AF80007A447902AD07AC06024D11124CC6906594E04410F0024CAEE490092DF0900922F0900930F090091EF0900927F090092FF090091FF09060287403F09060087480A5
:40AFC000F022E4FF900922E06004E0FFE4F02274122FF582E43409F583E0FF22900A6BEFF0ED600302B096E0FD2406F582E4340BF583E075F008A42400FEE5F03478900AFF
:40B000006CF0A3CEF0ED25E024F4F582E4340AF583E0FEA3E024E0FDEE34FFFC900A6CE0FEA3E0AA06F97B01124D11900A6BE0FD2406F582E4340BF583E075F008A4240486
:40B04000FEE5F03478900A6CF0A3CEF0ED75F003A424D9F582E4340AF583E0FBA3E0FAA3E0F92420FFE43AFEE43BFDE433FCEFEEE4AD07AC06900A6CE0FEA3E0AA06F97BDF
:40B0800001124D11900A6BE02419F582E4340BF5837401F02122900A6BE02406F582E4340BF583E075F008A42400FEE5F03478900A6CF0A3CEF0900A6CE0FEA3E0AA06F927
:40B0C0007B017D027C00124D11900A6BE0FD2406F582E4340BF583E075F008A42404FEE5F03478900A6CF0A3CEF0ED75F003A424D9F582E4340AF583E0FBA3E0FAA3E0F981
:40B10000241EFFE43AFEE43BFDE433FCEFEEE4AD07AC06900A6CE0FEA3E0AA06F97B01124D11900A6BE0FF2406F582E4340BF583E0FE74222FF582E4340BF583E075F01036
:40B14000A42419F582E5F03470F583EEF022EFD394004017EF9409501275F010EFA424FEF582E5F0345FF5837408F022C0E0C0F0C083C082C085C084C086758600C0937575
:40B180009300C0D075D000C000C001C002C003C004C005C006C007906028E0900A09F0E0FF54107002414AA37401F0EF54806020900A09E0540F64016005A3E4F0802E71AF
:40B1C000BF900931E054806024900A0AE4F0801D900A09E054406004516D8011900A09E05420600471398005900A0AE4F0900A0AE06057906028E0900A09F0E05480704A79
:40B20000900934E0FF90092CE04F900A09F0E0FF906029F0E0FEEF6E7030900931E0900A0AF0906028E05480900A09F0E0700F900931E0906028F0E0540F900A0AF09009FA
:40B2400031E0FF900A0AE0B507D0D007D006D005D004D003D002D001D000D0D0D093D086D084D085D082D083D0F0D0E03290092DE024FC600A24FE6008240470068005618B
:40B2800029912222E4FD90091FE0FF900933E02FF0900932E03400F0D3900917E09400900916E09400404BED94085046900918E0FBA3E0FAA3E0F9124477FFE42DF582E4FD
:40B2C0003460F583EFF0900918E0FBA3E0FAA3E02401F9E43AFA900918EBF0A3EAF0A3E9F00D900917E024FFF0900916E034FFF080A690091FE064086006EDD39400401581
:40B3000090092CE06480F0900931740FF090092D7402F0800A9009317402F090092DF0900934EDF090091FF022E490092DF07F01717A9009317403F02290092DE024FC60C9
:40B340000A24FE60082404700E800D81B17F03717A9009317403F02290091FE0FF900933E02FF0900932E03400F0E490092DF07F01717A9009317403F02290091BE0FBA359
:40B38000E0FAA3E04A4B603690091BE0FBA3E0FAA3E0F9EF124490900932E0FEA3E0FF90091BE0FBA3E0FAA3E02401F9E43AFAEE8FF01244E090091BE4F0A3F0A3F02290B5
:40B3C0006028E0900A0BF0E0906028F0E0900A0BF0E0FF54806006900931EFF0227F02717A906000E0546024E0601224E060172440701D12C23D900A0BEFF08018914490AB
:40B400000A0BEFF0800F129623900A0BEFF08005E4900A0BF0900A0BE070069009317403F022900927E0600CE04480906008F0E4900927F0E490092DF07F01717A900931F3
:40B440007403F022E4900A15F0906000E0540324FE600D047024906004E0900A14F0801F906004E0547F75F00BA4243FF582E43409F583E0900A14F08005E4900A14F0901E
:40B480000A14E0FFD394045022900920E0FCA3E02FF582E43CF583E49314700A129D1E900A15EFF08005E4900A15F0900A15E0FF22E4FF906029E0540F24FEFEFD9009331C
:40B4C000E02DF0900932E03400F0D3900917E09400900916E09400404DEED394004047E42FF582E43460F583E0FD900918E0FBA3E0FAA3E0F9ED124490900918E0FBA3E03F
:40B50000FAA3E02401F9E43AFA900918EBF0A3EAF0A3E9F00F1E900917E024FFF0900916E034FFF080A4AF06900934EEF090092CE06480F0900931740BF02290092D7406B9
:40B54000F0900931F090092C7480F0E4900934F07F0122E4900A14F0906004E0547FFFD394004079EF94095074EF75F00BA42437F582E43409F583E04401F0EF75F00BA417
:40B580002438F582E43409F583E4F0EF75F00BA42436F582E43409F583E04402F0EF75F00BA42439F582E43409F583E05480601475F010EFA424FEF582E5F0345FF583743B
:40B5C0008DF0801275F010EFA424FEF582E5F0345FF5837489F0B13B900A14EFF0900A14E0FF22E4900A14F0906004E0547FFFD394005002C1D0EF94094002C1D0EF75F081
:40B600000BA42437F582E43409F583E054FEF0EF75F00BA42438F582E43409F583E4F075F010EFA424FCF582E5F0345FF583E0547FF0EF75F00BA42436F582E43409F583FC
:40B64000E054FDF0EF75F00BA42439F582E43409F583E05480603AEF75F00BA42436F582E43409F583E0B4011475F010EFA424FEF582E5F0345FF583740CF0804C75F010A3
:40B68000EFA424FEF582E5F0345FF583740DF08038EF75F00BA42436F582E43409F583E0B4011475F010EFA424FEF582E5F0345FF5837408F0801275F010EFA424FEF5821F
:40B6C000E5F0345FF5837409F0B13B900A14EFF0900A14E0FF22124CC69043A5E04404F09043B5E04404F0024CAE9044C97480F09049CAE0900CCEF09049DBE0900CCFF038
:40B700009049DCE0900CD0F09049DCE0FE9049DBE0FDEEED2401FFE43E900A36F0A3EFF09049D6E054FEF0900A36E0FEA3E0FFE4FCFD124C00124CC6900A35EFF09043A50B
:40B74000E054FBF09043B5E054FBF0900A35E0FF124CAE9049D6E04402F0900CCEE0FF9049CAF0EFF0900CCFE09049DBF0900CD0E09049DCF09049D6E054EFF09044D97406
:40B7800080F0900CE47410F0229044C97480F0900CBBE0FFE4F09044C17480F022124CC690659AE04420F0124CAE906579E04404F022900CEAE07008F1C2900CEA7401F0C6
:40B7C00080DB90658BE054F8F0E0F0906589E054F8F0E0F022906579E054FEF0124CC690659BE054EFF0024CAE124CC690659BE04403F0E054FCF0024CAE124CC69065990A
:40B80000E04410F0124CAE906579E04402F022906579E054FDF0124CC6906599E054EFF0024CAE124CC6906599E04403F0E054FCF0024CAE9064957420F0906492F0906486
:40B8400091F022900A38EAF0A3EBF0AE05900CEE7406F0AD07AF06AB07900A3FF0E4A3F0A3F07F06118C900CEEE0FF900A38E0FCA3E0FDA3E0FAA3E0FB126FBF900CEEE008
:40B88000FF7D01126EF2900CEEE0FF22AC077A01ECC39418506CEB540175F080A4FFED547F4FFF75F008ECA42400F582E5F03476F583EFF0900A40E0540F75F010A4FF90C0
:40B8C0000A3FE0540F4FFF75F008ECA42401F582E5F03476F583EFF0900A41E0540FFF75F008ECA42402F582E5F03476F583EFF075F008ECA42403F582E5F03476F583E4FC
:40B90000F01AAF0222900A38EAF0A3EBF0AE05900CEF7407F0AD07AF06AB07E4900A3FF0A3F0A3F07F07118C900CEFE0FF900A38E0FCA3E0FDA3E0FAA3E0FB126FBF900CD7
:40B94000EFE0FF7D01126EF2900CEFE0FF22900A35EAF0A3EBF0AE05900CF27402F0AD07AF06AB07900A3FF0E4A3F0A3F07F02118C900CF2E0FF900A35E0FCA3E0FDA3E088
:40B98000FAA3E0FB126FBF900CF2E0FF7D02126EF2900CF2E0FF22900A35EAF0A3EBF0AE05900CF37401F0AD07AF06AB07900A3FF0E4A3F0A3F07F01118C900CF3E0FF900B
:40B9C0000A35E0FCA3E0FDA3E0FAA3E0FB126FBF900CF3E0FF7D02126EF2900CF3E0FF22900CC9747FF0A304F07F7FEF601614FE75F008EFA42400F582E5F03478F583EEAC
:40BA0000F01F80E775F008EFA42400F582E5F03478F583E4F0227E01EFC39418501A75F010EFA42414F582E5F03470F583E0FFED5407FDEF4DF0E41EAF0622904210E054D8
:40BA40008060047F0180027F002280FE32E4900A24F0900A24E0FFD3941F5020EF75F002A42400FFE5F03444FAA9077B017CBA7D4A124D11900A24E004F080D622900A21A8
:40BA8000EBF0A3EAF0A3E9F07B0C7A017903124D1EE4FCFDFE900A21E0FBA3E0FAA3E0F91246A4900A21E0FBA3E0FAA3E0F9C003C002C001124684C004C005C006C0077B0F
:40BAC0000C7A017904124D1EE4FCFDFE7808124671A804A905AA06AB07D007D006D005D004EF4BFFEE4AFEED49FDEC48FCD001D002D0031246A4900A21E0FBA3E0FAA3E0B5
:40BB0000F9C003C002C001124684C004C005C006C0077B007A4679EC124D1EE4FCFDFE7810124671A804A905AA06AB07D007D006D005D004EF4BFFEE4AFEED49FDEC48FCA7
:40BB4000D001D002D0031246A4900A21E0FBA3E0FAA3E0F9C003C002C001124684C004C005C006C0077B0C7A017902124D1EE4FCFDFE7818124671A804A905AA06AB07D0D2
:40BB800007D006D005D004EF4BFFEE4AFEED49FDEC48FCD001D002D0031246A47B0C7A017901124D1EE4FCFDFE900A21E0FBA3E0FAA3E02404F9E43AFA1246A4900A21E081
:40BBC000FBA3E0FAA3E02404F9E43AFAC003C002C001124684C004C005C006C0077B0C7A017900124D1EE4FCFDFE7808124671A804A905AA06AB07D007D006D005D004EFBC
:40BC00004BFFEE4AFEED49FDEC48FCD001D002D0031246A4900A21E0FBA3E0FAA3E02404F9E43AFAC003C002C001124684C004C005C006C0077B0C7A017905124D1EE4FCCB
:40BC4000FDFE7810124671A804A905AA06AB07D007D006D005D004EF4BFFEE4AFEED49FDEC48FCD001D002D0031246A4900A21E0FBA3E0FAA3E02404F9E43AFAC003C002CE
:40BC8000C001124684C004C005C006C0077B0C7A017906124D1EE4FCFDFE7818124671A804A905AA06AB07D007D006D005D004EF4BFFEE4AFEED49FDEC48FCD001D002D048
:40BCC000030246A4900A14EBF0A3EAF0A3E9F0E4900A18F0900A14E0FBA3E0FAA3E04A4B7002A1C0900A14E0A3E0A3E0F97422124490900A14E0FBA3E0FAA3E02401F9E4C8
:40BD00003AFA74031244907B017A0A7919517D900A177402F0900A17E0FFC394224002A1C0A3E02419F582E4340AF583E0FEC4540F90581593FE900A14E0FBA3E0FAA3E062
:40BD40002FF9E43AFAEE1244907E00EF2401FDEE33FC900A14E0FBA3E0FAA3E02DF9EA3CFAE4124490900A18E02419F582E4340AF583E0540F90581593FDEF2402FFEE3385
:40BD8000FE900A14E0FBA3E0FAA3E02FF9EA3EFAED124490900A17E02403FFE433FE900A14E0FBA3E0FAA3E02FF9EA3EFAE4124490900A18E004F0900A17E02404F0A11591
:40BDC00022904F00E05401F0904F02E054FCF0904F00E04404F0904F0BE054CFF0E04430F0E054F0F0E0440FF0904F01E04401F07F317E00D1287F317E00D1357F08904F17
:40BE000003EFF022900CF1E07008B1C1900CF17401F09043A3E04401F09043B3E04401F0904F00E04401F0227B027A4F7904AD07AC06024D117B027A4F7906AD07AC0602C3
:40BE40004D11900A35EEF0A3EFF0D161900A35E0FEA3E0FFD1727F06D1689044C07401F0229044C87401F022EFC43354E0904480F0227B027A447900AD07AC06024D11C0DB
:40BE8000E0C083C082C085C084C086758600C093759300C0D075D000C00790600B7402F090601EE0FF90094BE054036401600790094EE06480F090094C7401F0D007D0D0CB
:40BEC000D093D086D084D085D082D083D0E032C0E0C083C082C085C084C086758600C093759300C0D075D000C00790600B7404F090602EE0FF900956E05403640160079091
:40BF00000959E06480F09009577401F0D007D0D0D093D086D084D085D082D083D0E03232C0E0C0F0C083C082C085C084C086758600C093759300C0D075D000C000C001C0F4
:40BF400002C003C004C005C006C00712AF98D007D006D005D004D003D002D001D000D0D0D093D086D084D085D082D083D0F0D0E032C0E0C0F0C083C082C085C084C086758F
:40BF80008600C093759300C0D075D000C000C001C002C003C004C005C006C007900A647401F090609FE0900A62F0900A62E0FF700302C0945401700302C083900A64E0FF63
:40BFC00075F010A42471F582E5F03460F583E0FE75F010EFA42472F582E5F03460F583E05E900A63F0E020E00302C06CA3E0FF75F00BA42439F582E43409F583E054806014
:40C000006B900A64E0FE75F010A42470F582E5F03460F583E054FEF0EE25E024F4F582E4340AF583E0FCA3E0D39420EC94004007E4FD12AFDC8010900A64E02419F582E445
:40C04000340BF5837401F0900A64E0FF75F00BA4243AF582E43409F583E0FE75F010EFA424FEF582E5F0345FF583EEF0900A63E0FFA3E075F010A42472F582E5F03460F525
:40C0800083EFF0900A64E004F0900A62E0FFC313F002BFAAD007D006D005D004D003D002D001D000D0D0D093D086D084D085D082D083D0F0D0E032C0E0C0F0C083C082C0C6
:40C0C00085C084C086758600C093759300C0D075D000C000C001C002C003C004C005C006C007900A6A7401F031CEEF547F900A69F031D4EF5403900A68F0900A68E070023C
:40C1000021AB900A69E0FF7002218F54016070A3E0FF75F010A42472F582E5F03460F583E0FE5401705974192FF582E4340BF583E0704C900A6AE075F010A42475F582E529
:40C14000F03460F583E4F0EFC43354E024FEFE900A6AE0FF75F010A42474F582E5F03460F583EEF07D0112AFDC900A6AE075F010A42470F582E5F03460F583E04401F09042
:40C180000A6AE004F0900A69E0FFC313F02102900A68E0FFC313F0700201FA900A6A7408F0900A68E05401A3F001FAD007D006D005D004D003D002D001D000D0D0D093D0B4
:40C1C00086D084D085D082D083D0F0D0E032906567E0FF22906564E0FF22C0E0C0F0C083C082C085C084C086758600C093759300C0D075D000C000C001C002C003C004C0B9
:40C2000005C006C007512AD007D006D005D004D003D002D001D000D0D0D093D086D084D085D082D083D0F0D0E03290458FE054407E007806CEC313CE13D8F9FF22E4900A43
:40C240000CF0906000E0900A0EF0A3E4F0A3F0A3F0900916F0A3F0900A0EE054806480600281B5906001E0700261E624F87002816824FE7002818A24046002C15190600384
:40C28000E0B40137F121900A12EEF0A3EFF0F5828E83A3E493F9740193FA740293900918C9F0A3EAF0A3E9F0900916E4F0A37412F0129CDE900A0CEFF0C151906003E06495
:40C2C000027072906002E0FFD157900A12EEF0A3EFF04E7002C151900A12E0FEA3E0F5828E83A3E493F9740193FA740293900918C9F0A3EAF0A3E9F0900918E0FBA3E0FA64
:40C30000A3E02403F9E43AFA124477FE900918E0FBA3E0FAA3E02402F9E43AFA124477FDEEEDFF900916EEF0A3EFF0129CDE900A0CEFF0C151906003E06403600261DCFF06
:40C34000900A0F74FFF0A37456F0A37400F0906002E0D39F402B900A0FE0FBA3E0FAA3E0F9124477601B124477FEFD7C00E92DF9EC3AFA900A0FEBF0A3EAF0A3E9F00F805A
:40C38000CD906002E0FF6021905547E493FEEFB506177B017A0C791A12BCC4900A0F7401F0A3740CF0A3741AF0900A0FE0FBA3E0FAA3E0F91244777002C151124477FF9069
:40C3C0000916E4F0A3EFF0900918EBF0A3EAF0A3E9F0129CDE900A0CEFF0C15112B444900A0CEFF0C151900A0EE05403604724FE6002C151900916E4F0A37402F0906004E3
:40C40000E0547F75F00BA42437F582E43409F583E0900CE8F0E4A3F07B017A0C79E890091804F0A3740CF0A374E8F0129CDE900A0CEFF0C151900916E4F0A37402F09009AD
:40C440002FE0900CE8F0E4A3F07B017A0C79E890091804F0A3740CF0A374E8F0129CDE900A0CEFF0C151C151900916E4F0A304F07A097930900918F0A37409F0A37430F055
:40C48000129CDE900A0CEFF0C151900916E4F0A304F0906004E02412F9E43409FA9009187401F0A3EAF0A3E9F0129CDE900A0CEFF0C151C151906001E0147002A17924FE4A
:40C4C0007002A1EB24FA601C24FE607124066002C151906002E0900927F012B53B900A0CEFF0C151906002E0900A0DF0D39400400DE014FFD157900A12EEF0A3EFF0900A1A
:40C500000DE0FFD39400400A900A12E07002A3E07005EF6002C151900930E0FF900A0DE0FE6F600F900930EEF09009227401F0FF12CA5512B53B900A0CEFF0C151D1AFEFFB
:40C540007002C151906004E0FE90091EF074122EF582E43409F583E0FF74232EF582E43409F583E06F60089009227401F0F1A712B53B900A0CEFF0C151900A0EE0540360FF
:40C580001A146032146002C151906002E06002C15112B5E3900A0CEFF0C151906002E064016002C15190092FE054FDF012B53B900A0CEFF0C151906004E0FFC3940440020F
:40C5C000C15174282FF582E43409F583C083C082E0FF906002E0F4FEEF5ED082D083F012B53B900A0CEFF080688066900A0EE05403601614602C147058906002E070521278
:40C60000B553900A0CEFF08048906002E06401704090092FE04402F012B53B900A0CEFF0802F906004E0FFC39404502574282FF582E43409F583C083C082E0FF906002E0F6
:40C64000F4FEEF5ED082D083F012B53B900A0CEFF0900A0CE0FF22900A1CEFF090092EE025E025E02412F582E43458F583E493740193FA740293AE02FF2408FFE43EFE8FD2
:40C6800082F583E493FD900A1CE0FCC39D4005E4FEFF801A8F828E8375F004EC1246CAA3E493740193FA740293AC02AE04FF22E4900A14F0906004E0900A15F0900930E07D
:40C6C00014FFD1578F828E83A3E493FB740193FA7402932404F9E43AFA124477FF900A15E0FED39F4006EED39404502F74122EF582E43409F583E0FF74232EF582E434099B
:40C70000F583EFF0906002E0FF74122EF582E43409F583EFF0900A147401F0900A14E0FF2290092EE025E025E02412F582E43458F583E493740193FA740293AE02FF229043
:40C740000930E014FFD157AD07AC06ED4C60488D828C83A3E493FB740193FA7402932404F9E43AFA1244772402FFE433FEEF7802C333CE33CED8F92DFDEE3CFCAF058D828E
:40C78000F583A3E493740193FA740293FF900A1AEAF0A3EFF08007E4900A1AF0A3F0900A1AE0FEA3E0FF22900930E0D39400500302C989E014FFD157EF2404FFE43EFE8F5E
:40C7C00082F583E493900A14F08F828E83A3E493740193FA740293AE02FDAC0690091EE0900A15F0E4FB900A14E0FFEBC39F400302C9898D828C83E493FF900A15E0FE6F6E
:40C800006002217E8D828C830493FF74122EF582E43409F583E06F6002217E8D828C83740293547FFA7403935403F9EA75F00BA42438F582E43409F583E4F08D828C837411
:40C840000293FFEA75F00BA42439F582E43409F583EFF08D828C83740393FFEA75F00BA42435F582E43409F583EFF08D828C83740493FE740593FFEA75F00BA4243DF58265
:40C88000E43409F583EEF0A3EFF08D828C837402935480602DE9B401047F0780027F0DEA75F00BA4243AF582E43409F583EFF0EA75F00BA42436F582E43409F5837401F0A9
:40C8C000802AE9B401047F0580027F09EA75F00BA4243AF582E43409F583EFF0EA75F00BA42436F582E43409F583E4F075F010EAA424FEF582E5F0345FF5837401F075F091
:40C9000010EAA42470F582E5F03460F583E054FEF0EA24FFFFE434FFFEEF25E0FFEE33906014EFF0E04401F0906014E030E4F98D828C837402935480602090608FC083C030
:40C9400082E0FFEA14FE7401A806088002C333D8FCF45FD082D083F0801D90608FC083C082E0FFEA14FE7401A806088002C333D8FC4FD082D083F0906014E054FEF0ED24ED
:40C9800007FDE43CFC0B02C7E622E4FF7E01EEC394094002412B75F010EEA42470F582E5F03460F583740CF075F010EEA42471F582E5F03460F583741DF0EE75F00BA4241F
:40C9C0003AF582E43409F583E0604BEE75F00BA42439F582E43409F583E05480601475F010EEA424FEF582E5F0345FF583740CF0803675F010EEA424FEF582E5F0345FF528
:40CA0000837408F0EE14FD7401A805088002C333D8FC4FFF801275F010EEA424FEF582E5F0345FF5837480F00E218E90608C7455F09060BC7420F0A3E4F090608E7406F0CD
:40CA4000A3EFF090609CE04480F0E0547FF090600A74FFF022E4900A14F0900A14E0FEC39409507AEE75F00BA42435F582E43409F583E4F0EE75F00BA42437F582E4340986
:40CA8000F583E4F0EE75F00BA42438F582E43409F583E4F0EE75F00BA4243DF582E43409F583E4F0A3F0EE75F00BA4243FF582E43409F583E4F0EE75F00BA42436F582E40E
:40CAC0003409F583E4F0EE75F00BA4243AF582E43409F583E4F0900A14E004F0415AEF602FE4900A15F0900A15E0FFC39404502074122FF582E43409F583E4F074232FF59E
:40CB000082E43409F583E4F0900A15E004F080D6900930E0D394005002A191E014FF12C657900A16EEF0A3EFF0900A16E0FCA3E0FDF5828C83A3E493FB740193FA740293B5
:40CB4000F92407F9E43AFA1244775440600990092FE04401F0800790092FE054FEF0ED2404FFE43CFE900A16F0A3EFF0F5828E83E493900A14F0A37401F0900A15E0C39489
:40CB8000094002A11EA3E0FEA3E0F5828E83A3E493740193FA740293FF900A18EAF0A3EFF0E4FF900A14E0FEEFC39E4002A116900A18E0FCA3E0F5828C83740293547FFD85
:40CBC000900A15E0FE6D7001E46002A105900A18E0A3E0F5828C83740493FC740593FDEE75F00BA4243DF582E43409F583E0FAA3E0C39DEA9C5029900A18E0FCA3E0F5827C
:40CC00008C83740493FC740593FD900A15E075F00BA4243DF582E43409F583ECF0A3EDF0900A18E0FCA3E0FDF5828C83E4932412F582E43409F583E0FE8D828C8374019310
:40CC4000FDEE6D6002A105900A18E0A3E0FDF5828C83740293FE900A15E0FB75F00BA42439F582E43409F583EEF08D828C83740393FEEB75F00BA42435F582E43409F5833E
:40CC8000EEF0900A18E0FCA3E0F5828C837403935403FE900A18E0A3E0F5828C8374029354806031EEB401047D0780027D0D900A15E0FC75F00BA4243AF582E43409F58353
:40CCC000EDF0EC75F00BA42436F582E43409F5837401F08041EEB401047E0580027E09900A15E0FD75F00BA4243AF582E43409F583EEF0ED75F00BA42436F582E43409F5C0
:40CD000083E4F08011900A19E02407F0900A18E03400F00F61A3900A15E004F0617A900A16E0FEA3E0F5828E83A3E493740193FA740293FF900A18EAF0A3EFF0E4900A15D8
:40CD4000F0900A14E0FFA3E0C39F5038900A18E0FEA3E0F5828E83E493FD740293547F75F00BA4243FF582E43409F583EDF0900A19E02407F0900A18E03400F0900A15E087
:40CD800004F080BD12C73F900920EEF0A3EFF0318A223200000000000000000000000000000000000000000000000000000000000000000000000000000000000000000002
:40CDC0000000000000000000000000000000000000000000000000000000000000000000000000000000000000000000000000000000000000000000000000000000000033
:40CE000000000000000000000000000000000000000000000000000000000000000000000000000000000000000000000000000000000000000000000000000000000000F2
:40CE400000000000000000000000000000000000000000000000000000000000000000000000000000000000000000000000000000000000000000000000000000000000B2
:40CE80000000000000000000000000000000000000000000000000000000000000000000000000000000000000000000000000000000000000000000000000000000000072
:40CEC0000000000000000000000000000000000000000000000000000000000000000000000000000000000000000000000000000000000000000000000000000000000032
:40CF000000000000000000000000000000000000000000000000000000000000000000000000000000000000000000000000000000000000000000000000000000000000F1
:40CF400000000000000000000000000000000000000000000000000000000000000000000000000000000000000000000000000000000000000000000000000000000000B1
:40CF80000000000000000000000000000000000000000000000000000000000000000000000000000000000000000000000000000000000000000000000000000000000071
:40CFC0000000000000000000000000000000000000000000000000000000000000000000000000000000000000000000000000000000000000000000000000000000000031
:40D0000000000000000000000000000000000000000000000000000000000000000000000000000000000000000000000000000000000000000000000000000000000000F0
:40D0400000000000000000000000000000000000000000000000000000000000000000000000000000000000000000000000000000000000000000000000000000000000B0
:40D080000000000000000000000000000000000000000000000000000000000000000000000000000000000000000000000000000000000000000000000000000000000070
:40D0C0000000000000000000000000000000000000000000000000000000000000000000000000000000000000000000000000000000000000000000000000000000000030
:40D1000000000000000000000000000000000000000000000000000000000000000000000000000000000000000000000000000000000000000000000000000000000000EF
:40D1400000000000000000000000000000000000000000000000000000000000000000000000000000000000000000000000000000000000000000000000000000000000AF
:40D18000000000000000000000000000000000000000000000000000000000000000000000000000000000000000000000000000000000000000000000000000000000006F
:40D1C000000000000000000000000000000000000000000000000000000000000000000000000000000000000000000000000000000000000000000000000000000000002F
:40D2000000000000000000000000000000000000000000000000000000000000000000000000000000000000000000000000000000000000000000000000000000000000EE
:40D2400000000000000000000000000000000000000000000000000000000000000000000000000000000000000000000000000000000000000000000000000000000000AE
:40D28000000000000000000000000000000000000000000000000000000000000000000000000000000000000000000000000000000000000000000000000000000000006E
:40D2C000000000000000000000000000000000000000000000000000000000000000000000000000000000000000000000000000000000000000000000000000000000002E
:40D3000000000000000000000000000000000000000000000000000000000000000000000000000000000000000000000000000000000000000000000000000000000000ED
:40D3400000000000000000000000000000000000000000000000000000000000000000000000000000000000000000000000000000000000000000000000000000000000AD
:40D38000000000000000000000000000000000000000000000000000000000000000000000000000000000000000000000000000000000000000000000000000000000006D
:40D3C000000000000000000000000000000000000000000000000000000000000000000000000000000000000000000000000000000000000000000000000000000000002D
:40D4000000000000000000000000000000000000000000000000000000000000000000000000000000000000000000000000000000000000000000000000000000000000EC
:40D4400000000000000000000000000000000000000000000000000000000000000000000000000000000000000000000000000000000000000000000000000000000000AC
:40D48000000000000000000000000000000000000000000000000000000000000000000000000000000000000000000000000000000000000000000000000000000000006C
:40D4C000000000000000000000000000000000000000000000000000000000000000000000000000000000000000000000000000000000000000000000000000000000002C
:40D5000000000000000000000000000000000000000000000000000000000000000000000000000000000000000000000000000000000000000000000000000000000000EB
:40D5400000000000000000000000000000000000000000000000000000000000000000000000000000000000000000000000000000000000000000000000000000000000AB
:40D58000000000000000000000000000000000000000000000000000000000000000000000000000000000000000000000000000000000000000000000000000000000006B
:40D5C000000000000000000000000000000000000000000000000000000000000000000000000000000000000000000000000000000000000000000000000000000000002B
:40D6000000000000000000000000000000000000000000000000000000000000000000000000000000000000000000000000000000000000000000000000000000000000EA
:40D6400000000000000000000000000000000000000000000000000000000000000000000000000000000000000000000000000000000000000000000000000000000000AA
:40D68000000000000000000000000000000000000000000000000000000000000000000000000000000000000000000000000000000000000000000000000000000000006A
:40D6C000000000000000000000000000000000000000000000000000000000000000000000000000000000000000000000000000000000000000000000000000000000002A
:40D7000000000000000000000000000000000000000000000000000000000000000000000000000000000000000000000000000000000000000000000000000000000000E9
:40D7400000000000000000000000000000000000000000000000000000000000000000000000000000000000000000000000000000000000000000000000000000000000A9
:40D780000000000000000000000000000000000000000000000000000000000000000000000000000000000000000000000000000000000000000000000000000000000069
:40D7C0000000000000000000000000000000000000000000000000000000000000000000000000000000000000000000000000000000000000000000000000000000000029
:40D8000000000000000000000000000000000000000000000000000000000000000000000000000000000000000000000000000000000000000000000000000000000000E8
:40D8400000000000000000000000000000000000000000000000000000000000000000000000000000000000000000000000000000000000000000000000000000000000A8
:40D880000000000000000000000000000000000000000000000000000000000000000000000000000000000000000000000000000000000000000000000000000000000068
:40D8C0000000000000000000000000000000000000000000000000000000000000000000000000000000000000000000000000000000000000000000000000000000000028
:40D9000000000000000000000000000000000000000000000000000000000000000000000000000000000000000000000000000000000000000000000000000000000000E7
:40D9400000000000000000000000000000000000000000000000000000000000000000000000000000000000000000000000000000000000000000000000000000000000A7
:40D980000000000000000000000000000000000000000000000000000000000000000000000000000000000000000000000000000000000000000000000000000000000067
:40D9C0000000000000000000000000000000000000000000000000000000000000000000000000000000000000000000000000000000000000000000000000000000000027
:40DA000000000000000000000000000000000000000000000000000000000000000000000000000000000000000000000000000000000000000000000000000000000000E6
:40DA400000000000000000000000000000000000000000000000000000000000000000000000000000000000000000000000000000000000000000000000000000000000A6
:40DA80000000000000000000000000000000000000000000000000000000000000000000000000000000000000000000000000000000000000000000000000000000000066
:40DAC0000000000000000000000000000000000000000000000000000000000000000000000000000000000000000000000000000000000000000000000000000000000026
:40DB000000000000000000000000000000000000000000000000000000000000000000000000000000000000000000000000000000000000000000000000000000000000E5
:40DB400000000000000000000000000000000000000000000000000000000000000000000000000000000000000000000000000000000000000000000000000000000000A5
:40DB80000000000000000000000000000000000000000000000000000000000000000000000000000000000000000000000000000000000000000000000000000000000065
:40DBC0000000000000000000000000000000000000000000000000000000000000000000000000000000000000000000000000000000000000000000000000000000000025
:40DC000000000000000000000000000000000000000000000000000000000000000000000000000000000000000000000000000000000000000000000000000000000000E4
:40DC400000000000000000000000000000000000000000000000000000000000000000000000000000000000000000000000000000000000000000000000000000000000A4
:40DC80000000000000000000000000000000000000000000000000000000000000000000000000000000000000000000000000000000000000000000000000000000000064
:40DCC0000000000000000000000000000000000000000000000000000000000000000000000000000000000000000000000000000000000000000000000000000000000024
:40DD000000000000000000000000000000000000000000000000000000000000000000000000000000000000000000000000000000000000000000000000000000000000E3
:40DD400000000000000000000000000000000000000000000000000000000000000000000000000000000000000000000000000000000000000000000000000000000000A3
:40DD80000000000000000000000000000000000000000000000000000000000000000000000000000000000000000000000000000000000000000000000000000000000063
:40DDC0000000000000000000000000000000000000000000000000000000000000000000000000000000000000000000000000000000000000000000000000000000000023
:40DE000000000000000000000000000000000000000000000000000000000000000000000000000000000000000000000000000000000000000000000000000000000000E2
:40DE400000000000000000000000000000000000000000000000000000000000000000000000000000000000000000000000000000000000000000000000000000000000A2
:40DE80000000000000000000000000000000000000000000000000000000000000000000000000000000000000000000000000000000000000000000000000000000000062
:40DEC0000000000000000000000000000000000000000000000000000000000000000000000000000000000000000000000000000000000000000000000000000000000022
:40DF000000000000000000000000000000000000000000000000000000000000000000000000000000000000000000000000000000000000000000000000000000000000E1
:40DF400000000000000000000000000000000000000000000000000000000000000000000000000000000000000000000000000000000000000000000000000000000000A1
:40DF80000000000000000000000000000000000000000000000000000000000000000000000000000000000000000000000000000000000000000000000000000000000061
:40DFC0000000000000000000000000000000000000000000000000000000000000000000000000000000000000000000000000000000000000000000000000000000000021
:40E0000000000000000000000000000000000000000000000000000000000000000000000000000000000000000000000000000000000000000000000000000000000000E0
:40E0400000000000000000000000000000000000000000000000000000000000000000000000000000000000000000000000000000000000000000000000000000000000A0
:40E080000000000000000000000000000000000000000000000000000000000000000000000000000000000000000000000000000000000000000000000000000000000060
:40E0C0000000000000000000000000000000000000000000000000000000000000000000000000000000000000000000000000000000000000000000000000000000000020
:40E1000000000000000000000000000000000000000000000000000000000000000000000000000000000000000000000000000000000000000000000000000000000000DF
:40E14000000000000000000000000000000000000000000000000000000000000000000000000000000000000000000000000000000000000000000000000000000000009F
:40E18000000000000000000000000000000000000000000000000000000000000000000000000000000000000000000000000000000000000000000000000000000000005F
:40E1C000000000000000000000000000000000000000000000000000000000000000000000000000000000000000000000000000000000000000000000000000000000001F
:40E2000000000000000000000000000000000000000000000000000000000000000000000000000000000000000000000000000000000000000000000000000000000000DE
:40E24000000000000000000000000000000000000000000000000000000000000000000000000000000000000000000000000000000000000000000000000000000000009E
:40E28000000000000000000000000000000000000000000000000000000000000000000000000000000000000000000000000000000000000000000000000000000000005E
:40E2C000000000000000000000000000000000000000000000000000000000000000000000000000000000000000000000000000000000000000000000000000000000001E
:40E3000000000000000000000000000000000000000000000000000000000000000000000000000000000000000000000000000000000000000000000000000000000000DD
:40E34000000000000000000000000000000000000000000000000000000000000000000000000000000000000000000000000000000000000000000000000000000000009D
:40E38000000000000000000000000000000000000000000000000000000000000000000000000000000000000000000000000000000000000000000000000000000000005D
:40E3C000000000000000000000000000000000000000000000000000000000000000000000000000000000000000000000000000000000000000000000000000000000001D
:40E4000000000000000000000000000000000000000000000000000000000000000000000000000000000000000000000000000000000000000000000000000000000000DC
:40E44000000000000000000000000000000000000000000000000000000000000000000000000000000000000000000000000000000000000000000000000000000000009C
:40E48000000000000000000000000000000000000000000000000000000000000000000000000000000000000000000000000000000000000000000000000000000000005C
:40E4C000000000000000000000000000000000000000000000000000000000000000000000000000000000000000000000000000000000000000000000000000000000001C
:40E5000000000000000000000000000000000000000000000000000000000000000000000000000000000000000000000000000000000000000000000000000000000000DB
:40E54000000000000000000000000000000000000000000000000000000000000000000000000000000000000000000000000000000000000000000000000000000000009B
:40E58000000000000000000000000000000000000000000000000000000000000000000000000000000000000000000000000000000000000000000000000000000000005B
:40E5C000000000000000000000000000000000000000000000000000000000000000000000000000000000000000000000000000000000000000000000000000000000001B
:40E6000000000000000000000000000000000000000000000000000000000000000000000000000000000000000000000000000000000000000000000000000000000000DA
:40E64000000000000000000000000000000000000000000000000000000000000000000000000000000000000000000000000000000000000000000000000000000000009A
:40E68000000000000000000000000000000000000000000000000000000000000000000000000000000000000000000000000000000000000000000000000000000000005A
:40E6C000000000000000000000000000000000000000000000000000000000000000000000000000000000000000000000000000000000000000000000000000000000001A
:40E7000000000000000000000000000000000000000000000000000000000000000000000000000000000000000000000000000000000000000000000000000000000000D9
:40E740000000000000000000000000000000000000000000000000000000000000000000000000000000000000000000000000000000000000000000000000000000000099
:40E780000000000000000000000000000000000000000000000000000000000000000000000000000000000000000000000000000000000000000000000000000000000059
:40E7C0000000000000000000000000000000000000000000000000000000000000000000000000000000000000000000000000000000000000000000000000000000000019
:40E8000000000000000000000000000000000000000000000000000000000000000000000000000000000000000000000000000000000000000000000000000000000000D8
:40E840000000000000000000000000000000000000000000000000000000000000000000000000000000000000000000000000000000000000000000000000000000000098
:40E880000000000000000000000000000000000000000000000000000000000000000000000000000000000000000000000000000000000000000000000000000000000058
:40E8C0000000000000000000000000000000000000000000000000000000000000000000000000000000000000000000000000000000000000000000000000000000000018
:40E9000000000000000000000000000000000000000000000000000000000000000000000000000000000000000000000000000000000000000000000000000000000000D7
:40E940000000000000000000000000000000000000000000000000000000000000000000000000000000000000000000000000000000000000000000000000000000000097
:40E980000000000000000000000000000000000000000000000000000000000000000000000000000000000000000000000000000000000000000000000000000000000057
:40E9C0000000000000000000000000000000000000000000000000000000000000000000000000000000000000000000000000000000000000000000000000000000000017
:40EA000000000000000000000000000000000000000000000000000000000000000000000000000000000000000000000000000000000000000000000000000000000000D6
:40EA40000000000000000000000000000000000000000000000000000000000000000000000000000000000000000000000000000000000000000000000000000000000096
:40EA80000000000000000000000000000000000000000000000000000000000000000000000000000000000000000000000000000000000000000000000000000000000056
:40EAC0000000000000000000000000000000000000000000000000000000000000000000000000000000000000000000000000000000000000000000000000000000000016
:40EB000000000000000000000000000000000000000000000000000000000000000000000000000000000000000000000000000000000000000000000000000000000000D5
:40EB40000000000000000000000000000000000000000000000000000000000000000000000000000000000000000000000000000000000000000000000000000000000095
:40EB80000000000000000000000000000000000000000000000000000000000000000000000000000000000000000000000000000000000000000000000000000000000055
:40EBC0000000000000000000000000000000000000000000000000000000000000000000000000000000000000000000000000000000000000000000000000000000000015
:40EC000000000000000000000000000000000000000000000000000000000000000000000000000000000000000000000000000000000000000000000000000000000000D4
:40EC40000000000000000000000000000000000000000000000000000000000000000000000000000000000000000000000000000000000000000000000000000000000094
:40EC80000000000000000000000000000000000000000000000000000000000000000000000000000000000000000000000000000000000000000000000000000000000054
:40ECC0000000000000000000000000000000000000000000000000000000000000000000000000000000000000000000000000000000000000000000000000000000000014
:40ED000000000000000000000000000000000000000000000000000000000000000000000000000000000000000000000000000000000000000000000000000000000000D3
:40ED40000000000000000000000000000000000000000000000000000000000000000000000000000000000000000000000000000000000000000000000000000000000093
:40ED80000000000000000000000000000000000000000000000000000000000000000000000000000000000000000000000000000000000000000000000000000000000053
:40EDC0000000000000000000000000000000000000000000000000000000000000000000000000000000000000000000000000000000000000000000000000000000000013
:40EE000000000000000000000000000000000000000000000000000000000000000000000000000000000000000000000000000000000000000000000000000000000000D2
:40EE40000000000000000000000000000000000000000000000000000000000000000000000000000000000000000000000000000000000000000000000000000000000092
:40EE80000000000000000000000000000000000000000000000000000000000000000000000000000000000000000000000000000000000000000000000000000000000052
:40EEC0000000000000000000000000000000000000000000000000000000000000000000000000000000000000000000000000000000000000000000000000000000000012
:40EF000000000000000000000000000000000000000000000000000000000000000000000000000000000000000000000000000000000000000000000000000000000000D1
:40EF40000000000000000000000000000000000000000000000000000000000000000000000000000000000000000000000000000000000000000000000000000000000091
:40EF80000000000000000000000000000000000000000000000000000000000000000000000000000000000000000000000000000000000000000000000000000000000051
:40EFC0000000000000000000000000000000000000000000000000000000000000000000000000000000000000000000000000000000000000000000000000000000000011
:40F0000000000000000000000000000000000000000000000000000000000000000000000000000000000000000000000000000000000000000000000000000000000000D0
:40F040000000000000000000000000000000000000000000000000000000000000000000000000000000000000000000000000000000000000000000000000000000000090
:40F080000000000000000000000000000000000000000000000000000000000000000000000000000000000000000000000000000000000000000000000000000000000050
:40F0C0000000000000000000000000000000000000000000000000000000000000000000000000000000000000000000000000000000000000000000000000000000000010
:40F1000000000000000000000000000000000000000000000000000000000000000000000000000000000000000000000000000000000000000000000000000000000000CF
:40F14000000000000000000000000000000000000000000000000000000000000000000000000000000000000000000000000000000000000000000000000000000000008F
:40F18000000000000000000000000000000000000000000000000000000000000000000000000000000000000000000000000000000000000000000000000000000000004F
:40F1C000000000000000000000000000000000000000000000000000000000000000000000000000000000000000000000000000000000000000000000000000000000000F
:40F2000000000000000000000000000000000000000000000000000000000000000000000000000000000000000000000000000000000000000000000000000000000000CE
:40F24000000000000000000000000000000000000000000000000000000000000000000000000000000000000000000000000000000000000000000000000000000000008E
:40F28000000000000000000000000000000000000000000000000000000000000000000000000000000000000000000000000000000000000000000000000000000000004E
:40F2C000000000000000000000000000000000000000000000000000000000000000000000000000000000000000000000000000000000000000000000000000000000000E
:40F3000000000000000000000000000000000000000000000000000000000000000000000000000000000000000000000000000000000000000000000000000000000000CD
:40F34000000000000000000000000000000000000000000000000000000000000000000000000000000000000000000000000000000000000000000000000000000000008D
:40F38000000000000000000000000000000000000000000000000000000000000000000000000000000000000000000000000000000000000000000000000000000000004D
:40F3C000000000000000000000000000000000000000000000000000000000000000000000000000000000000000000000000000000000000000000000000000000000000D
:40F4000000000000000000000000000000000000000000000000000000000000000000000000000000000000000000000000000000000000000000000000000000000000CC
:40F44000000000000000000000000000000000000000000000000000000000000000000000000000000000000000000000000000000000000000000000000000000000008C
:40F48000000000000000000000000000000000000000000000000000000000000000000000000000000000000000000000000000000000000000000000000000000000004C
:40F4C000000000000000000000000000000000000000000000000000000000000000000000000000000000000000000000000000000000000000000000000000000000000C
:40F5000000000000000000000000000000000000000000000000000000000000000000000000000000000000000000000000000000000000000000000000000000000000CB
:40F54000000000000000000000000000000000000000000000000000000000000000000000000000000000000000000000000000000000000000000000000000000000008B
:40F58000000000000000000000000000000000000000000000000000000000000000000000000000000000000000000000000000000000000000000000000000000000004B
:40F5C000000000000000000000000000000000000000000000000000000000000000000000000000000000000000000000000000000000000000000000000000000000000B
:40F6000000000000000000000000000000000000000000000000000000000000000000000000000000000000000000000000000000000000000000000000000000000000CA
:40F64000000000000000000000000000000000000000000000000000000000000000000000000000000000000000000000000000000000000000000000000000000000008A
:40F68000000000000000000000000000000000000000000000000000000000000000000000000000000000000000000000000000000000000000000000000000000000004A
:40F6C000000000000000000000000000000000000000000000000000000000000000000000000000000000000000000000000000000000000000000000000000000000000A
:40F7000000000000000000000000000000000000000000000000000000000000000000000000000000000000000000000000000000000000000000000000000000000000C9
:40F740000000000000000000000000000000000000000000000000000000000000000000000000000000000000000000000000000000000000000000000000000000000089
:40F780000000000000000000000000000000000000000000000000000000000000000000000000000000000000000000000000000000000000000000000000000000000049
:40F7C0000000000000000000000000000000000000000000000000000000000000000000000000000000000000000000000000000000000000000000000000000000000009
:40F8000000000000000000000000000000000000000000000000000000000000000000000000000000000000000000000000000000000000000000000000000000000000C8
:40F840000000000000000000000000000000000000000000000000000000000000000000000000000000000000000000000000000000000000000000000000000000000088
:40F880000000000000000000000000000000000000000000000000000000000000000000000000000000000000000000000000000000000000000000000000000000000048
:40F8C0000000000000000000000000000000000000000000000000000000000000000000000000000000000000000000000000000000000000000000000000000000000008
:40F9000000000000000000000000000000000000000000000000000000000000000000000000000000000000000000000000000000000000000000000000000000000000C7
:40F940000000000000000000000000000000000000000000000000000000000000000000000000000000000000000000000000000000000000000000000000000000000087
:40F980000000000000000000000000000000000000000000000000000000000000000000000000000000000000000000000000000000000000000000000000000000000047
:40F9C0000000000000000000000000000000000000000000000000000000000000000000000000000000000000000000000000000000000000000000000000000000000007
:40FA000000000000000000000000000000000000000000000000000000000000000000000000000000000000000000000000000000000000000000000000000000000000C6
:40FA40000000000000000000000000000000000000000000000000000000000000000000000000000000000000000000000000000000000000000000000000000000000086
:40FA80000000000000000000000000000000000000000000000000000000000000000000000000000000000000000000000000000000000000000000000000000000000046
:40FAC0000000000000000000000000000000000000000000000000000000000000000000000000000000000000000000000000000000000000000000000000000000000006
:40FB000000000000000000000000000000000000000000000000000000000000000000000000000000000000000000000000000000000000000000000000000000000000C5
:40FB40000000000000000000000000000000000000000000000000000000000000000000000000000000000000000000000000000000000000000000000000000000000085
:40FB80000000000000000000000000000000000000000000000000000000000000000000000000000000000000000000000000000000000000000000000000000000000045
:40FBC0000000000000000000000000000000000000000000000000000000000000000000000000000000000000000000000000000000000000000000000000000000000005
:40FC000000000000000000000000000000000000000000000000000000000000000000000000000000000000000000000000000000000000000000000000000000000000C4
:40FC40000000000000000000000000000000000000000000000000000000000000000000000000000000000000000000000000000000000000000000000000000000000084
:40FC80000000000000000000000000000000000000000000000000000000000000000000000000000000000000000000000000000000000000000000000000000000000044
:40FCC0000000000000000000000000000000000000000000000000000000000000000000000000000000000000000000000000000000000000000000000000000000000004
:40FD000000000000000000000000000000000000000000000000000000000000000000000000000000000000000000000000000000000000000000000000000000000000C3
:40FD40000000000000000000000000000000000000000000000000000000000000000000000000000000000000000000000000000000000000000000000000000000000083
:40FD80000000000000000000000000000000000000000000000000000000000000000000000000000000000000000000000000000000000000000000000000000000000043
:40FDC0000000000000000000000000000000000000000000000000000000000000000000000000000000000000000000000000000000000000000000000000000000000003
:40FE000000000000000000000000000000000000000000000000000000000000000000000000000000000000000000000000000000000000000000000000000000000000C2
:40FE40000000000000000000000000000000000000000000000000000000000000000000000000000000000000000000000000000000000000000000000000000000000082
:40FE80000000000000000000000000000000000000000000000000000000000000000000000000000000000000000000000000000000000000000000000000000000000042
:40FEC0000000000000000000000000000000000000000000000000000000000000000000000000000000000000000000000000000000000000000000000000000000000002
:40FF000000000000000000000000000000000000000000000000000000000000000000000000000000000000000000000000000000000000000000000000000000000000C1
:40FF40000000000000000000000000000000000000000000000000000000000000000000000000000000000000000000000000000000000000000000000000000000000081
:40FF80000000000000000000000000000000000000000000000000000000000000000000000000000000000000000000000000000000000000000000000000000000000041
:40FFC0006200004A6A000000400000BEC00000000000000000000000000000000000000000000000000000000000000000000000000000000000000000000000000000002D
:0200000480007A
:4000000000000000000000000000000000000000000000000000000000000000000000000000000000000000000000000000000000000000000000000000000000000000C0
:400040000000000000000000000000000000000000000000000000000000000000000000000000000000000000000000000000000000000000000000000000000000000080
:400080000000000000000000000000000000000000000000000000000000000000000000000000000000000000000000000000000000000000000000000000000000000040
:4000C0000000000000000000000000000000000000000000000000000000000000000000000000000000000000000000000000000000000000000000000000000000000000
:4001000000000000000000000000000000000000000000000000000000000000000000000000000000000000000000000000000000000000000000000000000000000000BF
:40014000000000000000000000000000000000000000000000000000000000000000000000000000000000000000000000000000000000000000000000000000000000007F
:40018000000000000000000000000000000000000000000000000000000000000000000000000000000000000000000000000000000000000000000000000000000000003F
:4001C00000000000000000000000000000000000000000000000000000000000000000000000000000000000000000000000000000000000000000000000000000000000FF
:4002000000000000000000000000000000000000000000000000000000000000000000000000000000000000000000000000000000000000000000000000000000000000BE
:40024000000000000000000000000000000000000000000000000000000000000000000000000000000000000000000000000000000000000000000000000000000000007E
:40028000000000000000000000000000000000000000000000000000000000000000000000000000000000000000000000000000000000000000000000000000000000003E
:4002C00000000000000000000000000000000000000000000000000000000000000000000000000000000000000000000000000000000000000000000000000000000000FE
:4003000000000000000000000000000000000000000000000000000000000000000000000000000000000000000000000000000000000000000000000000000000000000BD
:40034000000000000000000000000000000000000000000000000000000000000000000000000000000000000000000000000000000000000000000000000000000000007D
:40038000000000000000000000000000000000000000000000000000000000000000000000000000000000000000000000000000000000000000000000000000000000003D
:4003C00000000000000000000000000000000000000000000000000000000000000000000000000000000000000000000000000000000000000000000000000000000000FD
:4004000000000000000000000000000000000000000000000000000000000000000000000000000000000000000000000000000000000000000000000000000000000000BC
:40044000000000000000000000000000000000000000000000000000000000000000000000000000000000000000000000000000000000000000000000000000000000007C
:40048000000000000000000000000000000000000000000000000000000000000000000000000000000000000000000000000000000000000000000000000000000000003C
:4004C00000000000000000000000000000000000000000000000000000000000000000000000000000000000000000000000000000000000000000000000000000000000FC
:4005000000000000000000000000000000000000000000000000000000000000000000000000000000000000000000000000000000000000000000000000000000000000BB
:40054000000000000000000000000000000000000000000000000000000000000000000000000000000000000000000000000000000000000000000000000000000000007B
:40058000000000000000000000000000000000000000000000000000000000000000000000000000000000000000000000000000000000000000000000000000000000003B
:4005C00000000000000000000000000000000000000000000000000000000000000000000000000000000000000000000000000000000000000000000000000000000000FB
:4006000000000000000000000000000000000000000000000000000000000000000000000000000000000000000000000000000000000000000000000000000000000000BA
:40064000000000000000000000000000000000000000000000000000000000000000000000000000000000000000000000000000000000000000000000000000000000007A
:40068000000000000000000000000000000000000000000000000000000000000000000000000000000000000000000000000000000000000000000000000000000000003A
:4006C00000000000000000000000000000000000000000000000000000000000000000000000000000000000000000000000000000000000000000000000000000000000FA
:4007000000000000000000000000000000000000000000000000000000000000000000000000000000000000000000000000000000000000000000000000000000000000B9
:400740000000000000000000000000000000000000000000000000000000000000000000000000000000000000000000000000000000000000000000000000000000000079
:400780000000000000000000000000000000000000000000000000000000000000000000000000000000000000000000000000000000000000000000000000000000000039
:4007C00000000000000000000000000000000000000000000000000000000000000000000000000000000000000000000000000000000000000000000000000000000000F9
:40080000000000000000000000000000000000000000000000000000000000000000000082990000000000001653000000000000004000008000000080C000000000000034
:40084000040800000000000000080000400000000000000000000200AE0000C000000000002000000000000000007200000000000000000000000000000000000000000022
:400880000001000000000002000000000000000000000000000000000000000000020000000000010000000000000000000000000000000000000000000000000000000032
:4008C0000000000000040004400000010000000000000000000000000000000000000000000000000000000000000000000000022A001580000000200000000100000008C5
:400900000000081000AA2055000002000000010000001000000004040000004000030C3030C0030C00000000000000000000000000000000000000000000000000000000E7
:40094000010002000404000499900801000000000000000000000000000000000000000000000000000000000000000000000000AA0055010000800000000208001000207C
:4009800000004002000A200500000800000000040020041000001000000001000300C03030030C0C0000000000000000000000000000000000000000000000000000000037
:4009C00000000200040400089990080100000000000000000000000000000000000000000000000000000000000000000000000000000001000000000000000000000002B0
:400A000000000000000000000000000000000000000000000000000100000000000100000002000000000000000000010000000000000000000000000000000000000000B1
:400A40000000080000040004409000010000000000000000000000000000000000000000000000000000000000000000000000000000080000000400000002001000000077
:400A80001000000005000A000000010000000100000100000000000000000000100000010C00030000000000000000000000000000000000000000000000000000000000F4
:400AC000000008000404000411900001000000000000000000000000000000000000000000000000000000000000000000000100000020000000000000000000000210010C
:400B000000030000000002000004080800000400000800042A001500000000000000300C03010C020000000300600004000000000000000000000000000000000000000098
:400B40000000020004040008899008210000000000000000000000000000000000000000000000000000000000000000028001400820041020081004000200018002400120
:400B80000820041020081004808040400200010000000000000000000000000003030C0C3030C0C0FFFF545500000000000000000000000000000000000000000000000095
:400BC000000008000404000400900001000000000000000000000000000000000000000000000000000000000000000080104010201010500818041402120111021001105F
:400C00000818041420101010801240110010001000100010001000100010001003030C0C3020C040FF2F5515000000100000000000000000000000000000000000000101B1
:400C4000000018000404000400200001000000000000000000000000000000000000000000000000000000000000000002000100002000100808040480024001000200011E
:400C80000008000420201010008000408080404020001000080004000200010003030C0C3030C0C0FFFF5455000000000000000000000000000000000000000000000000A4
:400CC000030004000404000400900001000000000000000000000000000000000000000000000000000000000000000000100010001800140018001402100110021201118F
:400D00000810041020101010801240118010401008100410201010100010001003030C0C3020C000FF2F551500000010000000000000000000000000000000000000000002
:400D400000000800040400040090000100000000000000000000000000000000000000000000000000000000000000000200010000000000000800048002400100000000FC
:400D8000202010100800040000000000000000000000000000000000AA2A551503030C0C3030C000FF3F5415000000000000000000000000000000000000000000000000A4
:400DC0000000000004040004000000010000000000000000000000000000000000000000000000000000000000000000545754575457545754575457545754575457545738
:400E0000545754575457545754575457545754575657555775575E5754575457030008A820A880A8FFBF545500005555000000000000000000000000000000000000000076
:400E40007F000400040400040090000100000000000000000000000000000000000000000000000000000000000000000100200001000400FF0000000000FE00000000002F
:400E800001008000010008000100100001000200010040000000FE0000000100000000000000FF000000000000000000000000000000000000000000000000000000000055
:400EC00000000800040000040190000100000000000000000000000000000000000000000000000000000000000000000000001000000000670088186000900C0000FF003E
:400F000063000001210000004200000C0000630000006300E8010402000200011F188000E00400030200000000000010640305000200EC000CFFFFFF0220000504000700E1
:400F400001000000040404041111000100004001400150014001701040100000000000000000000000000000000000000000FD000000FC00030080002000030004000300B3
:400F8000000000004000030010000300010002000800030000000200FF000000FF00000000000000200000000000100000000000000000000000000000000000000000009D
:400FC0000000022404000004011000010000000000000000000000000000000000000000000000000000000000000000F30008000000000510000100040000060000000096
:40100000F3000802F300080010000200000000004000030580050300200503000400F4010F060000000000000000000432040000000CE00B19FFFFFF000000000400000055
:401040000100000004040404111100010000C0004001800030004010100040A800000000000000000000000000000000000000001F0000000000000000000000003F3F00A6
:4010800000080000000000000000000000000000F43D00000000000000000000000000000300007F00007F00000000000301000000000000000001010201000017010000D5
:4010C000000000001001070100000000000000000000000000000000000000000000000000000000000000000000000000000000000000000000000400000080040000004F
:4011000000000000000000000000000000000000000000000000000000000000000000000000000000000000000000000000000000000000000000000000010000000000AE
:40114000000000000000000000000000000000000000000000000000040000000000001100002000000000000000000000000000000000000000000000000000000000003A
:401180000000000000000000000000000000000000000000000000000000000000000000000000000000000000000000000000080000000000000000000000000000000027
:4011C000000000000000008001000000000000000000000000000000000000000100000000000011000000000000200000000000000000000000000000000010000000002C
:40120000000000000000000000000000000004000E000000000000000000000000000000000000000200000000000300000000000000000000000000000000000000000097
:4012400000000000000000000000000010000000000000008000000008000000000000000000000000000000000000000000000000000000000000000000000000000000D6
:40128000000000000000000000000000000000000000000000000000000000000000000000000000000000000000000000000000000000000000000000000000000000002E
:4012C00000000000000000000000000080000001000020000000000000200000010000001000000000000000000000000000000008200000000000000000000000000000F4
:40130000100000000000000000000000020006000000000000000000000000000000000000000000000000000000000000000000020000000000080000000000000000008B
:4013400000000000000000000000000000000000000000000800000000000002010000000000000000000000000000020000000000200000000000000000004000000801F7
:401380000000000000000000000000000000000000000000000000000000000000000000000000000000000000000000080000000000040004000000000004000000000019
:4013C00000000000000000000000000000000000000000010000004000000000000000000000000000000000000000000000000000000000000000000000000000000000AC
:401400000000000000000000000000000000000000000000000000000000000000000000000000000000000200000000002000000000080000000000000000000000000082
:40144000000000000000000000000000000000000000000000000000010000000000000000000000000000000000000000000000000000000000000000000000000000006B
:401480000000000000000000000000000100080000000000000000000000000000000000000002000300000000000000000000000800000000000000000000000000000016
:4014C00000000000000000000000000084120010204100000200050000280100080000460018004000024010002B001A0000000000040004000000000000001A0000000056
:4015000000000004100010000040000800000000002A00000000000000000008000000000400100000000000108000000400000000000000C118144300000000100401041C
:4015400000000000000000000000000002040000000000000100000000840010004000400008510400400010000410050800000084000000020000000000000004000000F8
:40158000008000080000000000000000DF00EB00EF0000000000700040005000E00000000000300004000000000000000000900000000000000020000C008000000000009A
:4015C00000000000000000000000000000820008000000010000040000021900AA0000000001001400A60448000219A0AAA0090010100040000100004002000000A0090036
:4016000000000042A80000001000080000000000000000000000000000000000000000000000000080100000000000000000004000000002AA0000000001001554010000C1
:40164000000008020000000000000000000100000000000000000440001000010000000010001800800000004024004000000000551300E00000500000000000040400001E
:401680000000000000000000000000008B00F2007F000000000001009F006E000000000000000C0011000000000000000000B00000000100000000000C0001000000000045
:4016C0000000000000000000000000000000000A00444004000051040000110494004000104800110020000A0040000002014048000000000420000200000000000040084E
:401700000000000080120000000000000800000A000000000120000000000000400020000000000000802000000000010000000002002A0008500810000000000000000047
:4017400000000000000000000000300000002A00000000000000140000000000000000010000000008000000000000000000000000002000000000000000000000000000D2
:40178000000000000000000000000000F300EF00FE00000000000C000A000D0007000C0000008C00F0000000000000000000800000002000000008000000000000000000EF
:4017C000000000000000000000000000000000000041000000000000000000280020000400C00000004100140000AA00000000598804000000000000004000000000000078
:40180000000000088800440000000051000000000004200000000000000000000000000000000000091080000000AA0080A00800000064000000000001000014000000007B
:4018400000000000000000000000000000B000040000000020000000010000000080200410041800090000006424005000000800550300E0000000000000000000000000A2
:401880000000000000000000000000009000600086000000000010004000B000000000000000FF007F000000000000000000440000002500000008000000000000000000C3
:4018C0000000000000000000000000000000000000000000000000000000000000000001000000000800000000000000000000000000200000000000080020000000000097
:40190000000000000000000000000000000000000000000000000000000000000000000000000000000000000000000000000900400001000000100000000000000000004D
:40194000000000000000000000000000400000A800250000000215000020228000000000400000004000050800212200004800440000422800000000000000000008004073
:401980000000422810000044AA00000000000000000000000000000000000000000000000000000000008000000000000000000201000000000080000000000000000000BC
:4019C0000000000000000000000000000000000000000000000000010000001000002000000408000800000024000000000008000001000000000000004000000100000034
:401A00000010200000000000000000007F00FF001000000000000000FA00FE00000000000000080018000000000000000000890000000100400000002800020000000000DC
:401A40000000000000000000000000000000000000000000000000000000000000000001000000000000000000000000000000000000000000000000000000000000000065
:401A800000000000000000000000000000000000000000000000000000000000000000000000000000000000000000001000000000002000200000000000220000000000B4
:401AC00000000000000000000000000000A40000000400800089080000004500800000000001002000E100000004055000080000000052AA200000000000001000000000D9
:401B00000000008A0000000000000000000000000000000000000000000000000000000000000000001000000000A0000800400000000000000AA0000801401080000000A0
:401B40000000000000000000002021000001000000004C00000000000000400000000200000A00A000000000052400300090000008000200009048000010A00000810009E6
:401B80000000000000000000000000003700DF005800000000004200D000000000000000000034000C000000000070000000000000002000000000000000020000000000D3
:401BC00000000000000000000000000000000000000000000000000000000000000000010000000000000000000000000000000000000000000000000000000000000000E4
:401C00000000000000000000000000000000000000000000000000000000000000000000000000000000000000000000000000001000000000000000000000000000000094
:401C400000000000000000000000000000000000500000200000000018000A0000000000000002140000000050000A048000100000408808002000000000011000000001CC
:401C800000000228000800000080040000000000000000000000000000000000000000000000000000120280089002000000000012000088000000000000050A0000000097
:401CC0000002020400000000006004000010000040000000000800004A04008000400000000068000000000005000020000000000008200A00000000000000000000000053
:401D0000000000000000000000000000E000E000E00000000000C400E1005200000000000000FC00F0000000000030000000000030000000000000000000000000000000C0
:401D40000000000000000000000000000000000100000000000000000000000000000000000000000000000000000000000000000000000000000000000000000000000062
:401D80000000000000000000000000000000000000000000000000000000000000000000000000000000000000000000000000000000000000000000000000000000000023
:401DC00000000000000000000000000000000000000000200000000000001500000000000015000000000000000015000100008014010001000000000000000A00082000BB
:401E000000010029004040009402280000000000000000000000000000000000000000000000000005002080000055000100000002012800000000000015000000000000FF
:401E400040004008000000000202040000000000000000000000000000000000000000000000000000000000000000000000000000000000000000000000000000000000D2
:401E80000000000000000000000000002000E0007000000000003000E600F000000000000000FF00F800000000002000010000000000000000000000000000000000000094
:401EC00000000000000000000000000000000000000000000000000000000000000000000000000000000400000000000000000000000000000000000000000000000000DE
:401F00000000000000000000000000000000000000000000000000000000000000000000000000000000000000000000000000000000000000000000000000000000800021
:401F4000010000000000000000000000000000000000000001004000002000000000000000000400000080000020000000000000000040000000000000000001000000001A
:401F80000000000000000000000000000000000000004000000000000000000000000000000000000000000080002000000000000000000000000000100000000000000031
:401FC000000000000000000000000000201FDF00DF000000000D0D000D0000004400000C08000800C00000006000806F0B4040000000000018000058E000E0000000000093
:0200000490006A
:040000000800C0052F
:0200000490105A
:04000000BC90ACAF55
:0200000490303A
:02000000D272BA
:0200000490501A
:0C00000000011E09306903011E6D02DBC7
:0200000490402A
:4000000000000000000000000000000000000000000000000000000000000000000000000000000000000000000000000000000000000000000000000000000000000000C0
:00000001FF
