:400000000204AE008F828E83E0540100000070F82278FFE4F6D8FD020513BB010689828A83E0225002E722BBFE02E32289828A83E49322BB010689828A83F0225002F722EC
:40004000BBFE01F322C5F0F8A3E028F0C5F0F8E582158270021583E038F022BB010A89828A83E0F5F0A3E022500687F009E71922BBFE07E3F5F009E3192289828A83E4930C
:40008000F5F074019322BB010A89828A83F0E5F0A3F0225006F709A7F01922BBFE06F3E5F009F31922EF2BFFEE3AFEED39FDEC38FC22C3EF9BFFEE9AFEED99FDEC98FC2258
:4000C000E88FF0A4CC8BF0A42CFCE98EF0A42CFC8AF0EDA42CFCEA8EF0A4CDA8F08BF0A42DCC3825F0FDE98FF0A42CCD35F0FCEB8EF0A4FEA9F0EB8FF0A4CFC5F02ECD3919
:40010000FEE43CFCEAA42DCE35F0FDE43CFC2275F008758200EF2FFFEE33FECD33CDCC33CCC58233C5829BED9AEC99E58298400CF582EE9BFEED9AFDEC99FC0FD5F0D6E440
:40014000CEFBE4CDFAE4CCF9A88222B800C1B90059BA002DEC8BF084CFCECDFCE5F0CBF97818EF2FFFEE33FEED33FDEC33FCEB33FB10D703994004EB99FB0FD8E5E4F9FAB4
:40018000227818EF2FFFEE33FEED33FDEC33FCC933C910D7059BE99A4007EC9BFCE99AF90FD8E0E4C9FAE4CCFB2275F010EF2FFFEE33FEED33FDCC33CCC833C810D7079BE4
:4001C000EC9AE899400AED9BFDEC9AFCE899F80FD5F0DAE4CDFBE4CCFAE4C8F922EF4BFFEE4AFEED49FDEC48FC22C3E49FFFE49EFEE49DFDE49CFC22EB9FF5F0EA9E42F065
:40020000E99D42F0E89C45F022E8600FECC313FCED13FDEE13FEEF13FFD8F122E8600FEFC333FFEE33FEED33FDEC33FCD8F122BB010789828A830202695005E9F802046CC1
:40024000BBFE05E9F802047889828A83020275BB010789828A830202915005E9F8020484BBFE05E9F802049022E0FCA3E0FDA3E0FEA3E0FF22E493FC740193FD740293FE49
:40028000740393FF22E0F8A3E0F9A3E0FAA3E0FB22ECF0A3EDF0A3EEF0A3EFF022A42582F582E5F03583F58322E0FBA3E0FAA3E0F922EBF0A3EAF0A3E9F022E493FB740165
:4002C00093FA740293F922BB010789828A830202A95005E9F802049CBBFE05E9F80204A589828A830202BBD083D082F8E4937012740193700DA3A393F8740193F582888356
:40030000E4737402936860EFA3A3A380DFE5092582F582E5083583F583B508048582092210AF06858209F50822858209F508D2AF22EC8EF0A4CCC5F0CCCDF8EFA4CEC5F068
:400340002DFDE43CFCE8A42EC8C5F03DFDE43CFCEFA4FFE5F028FEE43DFDE43CFC22EF4E6012EF60010EEDBB010B89828A83F0A3DFFCDEFA2289F05007F709DFFCA9F0221A
:40038000BBFEFCF309DFFCA9F022E709F608DFFA8046E709F208DFFA803E88828C83E709F0A3DFFA8032E309F608DFFA806EE309F208DFFA806688828C83E309F0A3DFFAFA
:4003C000805A89828A83E0A3F608DFFA804E89828A83E0A3F208DFFA804280D280FA80C680D4805580F28029801080A680EA809A80A880DA80E280CA802988848C85898224
:400400008A83E493A30586F0A30586DFF5DEF3800B89828A83E493A3F608DFF9ECFAA9F0EDFB2288848C8589828A83E0A30586F0A30586DFF6DEF480E389828A83E493A38E
:40044000F208DFF980D688F0EF60010E4E60CD88F0ED2402B4040050C3F582EB2402B4040050B923234582239003DA73E6FC08E6FD08E6FE08E6FF22E2FC08E2FD08E2FEDF
:4004800008E2FF22ECF608EDF608EEF608EFF622ECF208EDF208EEF208EFF222E6FB08E6FA08E6F922E2FB08E2FA08E2F92275930078007583467582E8E04401F000904691
:4004C000ECE0F99046FAE0FA9003E0F0B903225420B40012B8001AEA901FFFF07401901FFEF09046F6F0901FFEE06005901FFFE0FA90480074C0F07581591217F990000073
:4005000078007920E4F0A3D8FCD9FAEA9003E0F002001175081F7509FD12259912148402055D020B10E493A3F8E493A34003F68001F208DFF48029E493A3F85407240CC859
:40054000C333C4540F4420C8834004F456800146F6DFE4800B01020408102040809005A2E47E019360BCA3FF543F30E509541FFEE493A360010ECF54C025E060A840B8E4B5
:4005800093A3FAE493A3F8E493A3C8C582C8CAC583CAF0A3C8C582C8CAC583CADFE9DEE780BE4103E5004103E6004203F209D04203F409D14103FD004403DC016E36004458
:4005C00003D700005DC04103DB184403E12EE000004103FE004303ED0000004103FF004104000000EC4D6011ED60010C8B938A838982E4F0A3DDFCDCFA759300220221C726
:40060000EC4D4E700D78FCEF24E950032840FD2200007BF178DA0000EF28FF78FFEE38FEED38FDEC38FC50E7EF2BFFEE38FEED38FDEC38FC40F22205020304758600EF4E6B
:400640006027EF60010E759300900005E0F595A3E0F585A3E0F5848B938A838982E0A30586F0A31586DFF6DEF4E4F593F59522ACEAADA08E838F82E493F9601CA3E493F564
:40068000EAA3E493F5A0A3E49360F1FAA3E493F8A3E493F2DAF6D9E48DA08CEA22323200EEFA9003DBE0F88FF0A4FFAEF0E88AF0A42EFEE5F03400FDEF24C9FF78FFEE38CA
:4006C000FEED38FDE438FC500302060022758600EF4E601BEF60010E8C838D828B958A858984E493A30586F0A31586DFF5DEF3E4F59522EF54016004D2AF8002C2AFEF5473
:4007000002FF9044F4E054FD4FF0229044F4E0F84402F0E85402FF10AF012274014FFF228B938A838982E0FFA3E0FE759300228B938A838982EDF0A3ECF075930022900375
:40074000E0E0FA8E838F827400758101738B938A838982E0759300FF228B938A838982EDF0759300221201000200000008B4041DB701300203800109022900010100C002EB
:400780000904000002030000030921110100012224000705010340000107058203400001040309040C03410045003900520042002C034300790070007200650073007300F0
:4007C0002000530065006D00690063006F006E0064007500630074006F0072002203500053006F0043003300200042006F006F0074006C006F006100640065007200000A98
:40080000033000300030003100240005010900A1000900A1000900150025FF7508954091020900150025FF750895408102C0C00000240005010900A1000900A1000900151C
:400840000025FF7508954091020900150025FF750895408102C0C00000004101028E0102D200410102D50102CF00FF085900FF08610000000001FF083101FF078901FF08AD
:400880006900000103004003000082030040030301FF077702FF088101FF087D00FF088F01FF07650000000001FF089001FF08A00001010001000000400000080800080093
:4008C000C000006F0B00400000000040600060000000170045017E02004F010A4B00520509400C20102011207C400064017D01010501EE010109019C80010B039C80AA40FE
:40090000B401010C05B880BE41D804DB04DF01010D0618011A80588068028802D608011701EE0A0119029C80EE0A011B01B080014004320433803640CC700141039608A6B6
:4009400040A78001420A12805B0296089B02A640A780AB02C410D640EE80014303A640A780AE8401450464048804D801E401014603A102B502EC0801470408080F40A1021F
:40098000C20C014803AE40AF80EE50014C070F406102A102AC08AF40C204D802014D02B340EA04015101003A004F00000C005100001000513000400100001000011400086D
:4009C000000140000A00014C000200015000002036000040006930091E033C010144E342830143009481424400C0E0C0F0C083C082C085C084C086758600C093759300C0F0
:400A0000D075D000C000C001C002C003C004C005C006C0079003E6E014604814607414700241C12403600241E19003EA1202A99003E5E0FF04F0E92FF9E43AFA12001A90EB
:400A400003E7F0E0FE5407A3F0EE70179003E5F09003E97402F09003E8E4F09003E67403F0807E9003E7E0FF30E7089003E97403F080069003E97401F0EF25E09003E7F0C4
:400A8000A3E014F0710AEF54FEFF71049003E67402F09003E9E070219003E67403F09003E8E07006A37402F080059003E9E4F0710AEF4401FF710480089003E9E014F08099
:400AC000209003E9E070149003E8E070069003E6F0800E9003E67401F080069003E9E014F0D007D006D005D004D003D002D001D000D0D0D093D086D084D085D082D083D057
:400B0000F0D0E03290647DEFF02290647DE0FF227BFF7A0979DD9003EA1202B21222C1EF30E01E12230EEF600E7BFF7A0979E49003EA1202B2800AE4FF7156EF7003FF91F4
:400B4000DD7E097FE9B1ECB1C8D2AF9044F474FDF0B14180FE228F46AD467F0312181AEF2401FFE43EFEE43DFDE43CFCE4FB7A01F9F81200C0C004C005C006C007AD467FB7
:400B80000412181AD003D002D001D0001200A58F4E8E4D8D4C8C4BC201E4F54FAD467F0312181AEF2401FFE43EFEE43DFDE43CFCE4FB7A01F9F81200C08F4A8E498D488C49
:400BC00047AF4EAE4DAD4CAC4BAB4AAA49A948A847C31201F85032854A82854983E493F5506005F46002D201E550254FF54FAF4AAE49AD48AC47E47B01FAF9F81200A58F6C
:400C00004A8E498D488C4780B8AD467F0312181AEF2401FFE43EFEE43DFDE43CFCE4FB7A01F9F81200C078031202098F4A8E498D488C47E47FC07EFFFDFCAB4EAA4DA94C02
:400C4000A84BC31201F87007FF7E20FDFC800DAF4EAE4DAD4CAC4B78031202098F4E8E4D8D4C8C4BAF4EAE4DAD4CAC4BAB4AAA49A948A847C31201F85039E4254AFFE435BF
:400C800049FEE5483408FDE43547A907AA06AB0512074DEF254FF54FAF4AAE49AD48AC47E47B01FAF9F81200A58F4A8E498D488C4780B1E54FF404F54FAD467F0112181A80
:400CC000A804A905AA06AB07AF4FE4FCFDFEC31201F870032001037F06227F00228F21E521B402079046FAE4F0804EAF217156EF7042F522E522C394015031AF227E007CD3
:400D0000017D00120331C374D09FFF74FF9EFE74109DFDE49CFCE522B521047B0180027B00900004EBF0D148052280C89046FA7480F080059046FAE4F09046F6E04401F092
:400D400022752106E4FF7156EF7002F521E4F54DF54CF54BF54A9003F4E0FEA3E0F5828E831202758F518E508D4F8C4EE4FFFE7D10FC1217949003F2E0FCA3E0F5828C83B0
:400D8000E493FEC3EF9EFFF404FFB506129003F4E0FEA3E0F5828E83120275EF4E70057F0012231D9046FAE054C064406004E52160099046FAE4F0FF121BB3E4FF121BB3AE
:400DC0009046FA7480F0A1399003FDE07008D10E9003FD7401F09043A3E04401F09043B3E04401F0904F00E04401F022900000EEF0A3EFF01222DE900000E0FEA3E0FF1269
:400E000022C77F071222D49044C07404F022904F00E05401F0904F02E054FCF0904F01E04401F0904F0BE054CFF0E04430F0E054F0F0E0440FF07FF01223017FF01222E59E
:400E4000E4FF904F03EFF022900000120291900000120269E42FFFE43EFEED34F0FDEC34FFFC900005120291E4FBFA7901F890000512026912014B900109EFF090000512FA
:400E80000269EFEEE4FDFCFB7A01F9F812014B90010AEEF0A3EFF0900000120269EFFBE4FAF9F89000001202691200B290010C120291E4FBC3EA9401502590010C120269C4
:400EC000EF2BFFEE3A8F82F583E493FF74092BF58274003AF583EFF00BEB70010A80D5900000120269EFE4FE74092FF582EE3400F583E0FD900004E0FCED6C601F74092F5C
:400F0000F582EE3400F583ECF0900109E0FFA3E0FCA3E0FD7B017A007909F11D22900110EFF0D3943F40067E007F1080047E017F00900111EEF0A3EFF0900111E0FFA3E0A3
:400F4000900265CFF0A3EFF0900110E0FF900260ECF0A3EDF0A31202B290025FEFF0E4900267F0EFD3943F500E90025FE0940140069002677401F090025FE0FFD3947F4072
:400F8000069002677401F0EFC39440400CEFD3944140069002677401F0EFD3943F501E900260E0FEA3E0FFE4FCFDFB7A01F9F8C31201F8502F9002677401F08027D3900270
:400FC00061E09480900260E0940040069002677401F0900265E07004A3E0641060069002677401F09002621202A9E94A4B700590026704F0900267E060030210C712118B38
:40100000EF600201C1900260E0FCA3E0FDA31202A9900265E0FFA3E090026ECFF0A3EFF090025FE0FF51B1900267EFF06407600201BD904722E0540270087F01FE1206A043
:4010400080F0904722E054026009E0FF1313543FFF80027FFFEF7006900267F0800690026774FFF0900267E0705390025FE0FFA3E0FCA3E0FD9003F0E0FBA3E090026CF067
:401080005107900267EFF064077032904722E0540270087F01FE1206A080F0904722E054026009E0FF1313543FFF80027FFFEF7006900267F0800690026774FFF011CD80E9
:4010C000069002677404F0900267E0FF2212070BE4900400F00206F331AA318BEF703931BE900260EFF06407702A904722E0540270087F01FE1206A080F0904722E0540298
:401100006009E0FF1313543FFF80027FFFEF7004900260F011CD80069002607404F0900260E0FF2211D890025FEFF07007313A90025FEFF090025FE0FF2231AA900260741B
:40114000FFF0318BEF70387F0131D9EF6407702B7B017A0379F07D02515BEFB40215E4900260F0904722E0540270107F01FE1206A080F0904722E0540260D511CD800690F4
:4011800002607404F0900260E0FF229002687404F012070B900400E0700704F0E4900268F01206F3900268E0FF2212070B9043A0E04408F09043B0E04408F00206F37F0766
:4011C000904722E05402600E90472074B6F074E0F0740DF080027F04227E07904722E05402601F90472074B6F074E1F0740EF0904722E054027007904720EFF080067E09E1
:4012000080027E04AF0622900269ECF0A3EDF0AC077D07904722E05402603B90472074B6F074D8F07405F0904722E054027023904720ECF0900269E0904720F0900269E093
:40124000A3E0904720F0EBF090026CE0904720F080067D0980027D04AF05229002611202B2900264EDF0E4A3F0900264E0FFA3E0C39F5037904722E054016003D38001C393
:4012800040097F017E001206A080E9904720E0FF9002611202A9900265E029F9E43AFAEF120033900265E004F080BE900265E0FF22900268EFF0A3ECF0A3EDF0A31202B2B9
:4012C0009002707407F0904722E05402700261BD90472074B6F074D5F07402F0904722E05402600261B5900268E0904720F0E4900271F0A3F090026EE0FEA3E0FF900271DD
:40130000E0FCA3E0FDC39FEC9E501F90026B1202A9E92DF9EA3CFA12001A904720F0900271E475F00112004580CB90026EE064017002A3E0600261C3900268E0FFD3943FCC
:40134000400261C37E007C207D00120331E42FFFE43EFEED3408FDE43CFCC004A905AA06AB07A3E0FEA3E0FF7C007D20120331D0001200A5900273120291E4900271F0A3D5
:40138000F0900271E0FEA3E0FFC39420EE94005032E4FCFDA31202851200A5A907AA06AB0512074D904720EFF0900271E475F00112004580CC9002707409F080069002705C
:4013C0007404F0900270E0FF227B007A4079807DBF7C5D12072F9040827419F09043007406F07B007A4279127D177C3312072F9042107405F0E0FFE47FC87E32FDFC900010
:4014000000120291900000120269D3EF9400EE94004029904210E054806021E47FE07E01FDFC12060090000012026974FFFBFAF9F81200A590000012029180C890420074EF
:4014400052F07B0C7A01790F12074D9046A1EFF07B007A407904E4FDFC12072F9040047407F0904006E4F09040087448F0904004E4F0904009F09040017402F09043A2E0A3
:401480004401F0227B007A4679E812074DEF4405FD7B007A4679E8120759E4F523E523C39408502CE52375F005A424A8F582E43409AF82F5218F22F5831202BB8F82852141
:4014C00083740393FC740493FD1205E4052380CD7E087FD212066F7B017A50790312074DEF4402FD7B017A5079031207597B017A50791312074DEF4402FD7B017A507913C3
:401500001207599043A0E04440F09043C2E04410F07C087DB07B007A5179C27F087E001206CD7C087DB87B007A5179F07F0A7E001206CD7C087DC27B007A5179127F087EB0
:40154000001206CD7C087DCA7B007A5179227F087E001206CD9044F47401F0904322E04408F09046ECE0C394055006904689743AF090480074F1F071C990480074B1F0B15C
:40158000A27B007A4379A0C00179B09000051202B2D0017F0E7E0012063B9043B0E054FDF0227B0C7A0179CF12074DEF540790586EF0EFC4540FA3F09058767444F0228B62
:4015C0004E8A4F89508C518D5274FFF553F554855157855258E552455170086354FF6353FFC16BC3E5589552FFE5579551FEAB4EE5502FF9E54F3EFA12001A755500F556EA
:40160000E4FDEDC39408503DE5565401FFE5545401FBE4EB6F6015E553C313FEE55413FFEE6484F553EF6408F554800BE553C313F553E55413F554E555C313F555E55613EE
:40164000F5560D80BDE552155270021551E552455170906354FF6353FF855355855456E554FCE555FFECF553EFF554AE53AF54228B478A4889497401120033AB472549F942
:40168000E43548FAEF120033E54BAB47E5492402F9E43548FAE54B120033E54AFFAB47E5492403F9E43548FAEF120033AB47AA48A949E54B2404FDE4354AFCB1BF8E4C8FFC
:4016C0004DEFAB47E54B2404FDE4354AFCE5492DF9E5483CFAEF120033E54CFFAB47E54B2405FDE4354AFCE5492DF9E5483CFAEF120033AB47E54B2406FFE4354AFEE54981
:401700002FF9E5483EFA7417120033E54B2407FDE4354AFC75530075540075554A755696AB47AA48A9498C518D52E55675F00AA485F058F559900263E4F0A37440F07F0203
:401740001227F97F02F183EF7019E55945586013E47F01FEFDFC122331E55915597002155880E07F02F183EF70057557108011AB53AA54A955E5518552F0120086E4F5574B
:40178000AF5722EF75F00BA42431F582E43403F583E0FF228F498E488D478C46E4F552D3E5519400E5509400404CAF51AE50AD4FAC4E74FFFBFAF9F81200A58F518E508DDE
:4017C0004F8C4EE549254DFFE548354CFEE547354BFDE546354AFCEF2551FFEE3550FEED354FFDEC354EA907AA06AB0512074DEF2552F55280A9AF52229046FAE054C064DD
:40180000807016F521F0AD217F02111AEF4E6009AD217F02111A12073E2290025FEDF0AB079002647402F0E4FFFEFDFCA3120291EB1202E7185C0118880218AC0318D004DB
:4018400018F405191E06196C0719480819900919B40A19DE0B1A080C00001A3290025FE0FF7E007C017D001203311201EAEF24C0FFEE34FFFEED3410FDE43CFCA312029112
:401880009002647401F0413D90025FE0FF7E007C017D00120331C374C39FFF74FF9EFE74109DFDE49CFCA3120291413D90025FE0FF7E007C017D00120331C374C79FFF741C
:4018C000FF9EFE74109DFDE49CFCA3120291413D90025FE0FF7E007C017D00120331C374CB9FFF74FF9EFE74109DFDE49CFCA3120291413D90025FE0FF7E007C017D0012F6
:401900000331C374D09FFF74FF9EFE74109DFDE49CFCA31202919002647401F0413D90025FE0FF7E007C017D00120331C374D19FFF74FF9EFE74109DFDE49CFCA3120291DF
:401940009002647401F0413D90025FE0FF7E007C017D00120331C374D69FFF74FF9EFE74109DFDE49CFCA3120291413D90025FE0FF7E007C017D00120331C374D29FFF743D
:40198000FF9EFE74109DFDE49CFCA3120291413D90025FE0FF7E007C017D00120331C374D49FFF74FF9EFE74109DFDE49CFCA3120291413D90025FE0FF7E007C017D00122C
:4019C0000331C374D89FFF74FF9EFE74109DFDE49CFCA31202919002647404F0805F90025FE0FF7E007C017D00120331C374DC9FFF74FF9EFE74109DFDE49CFCA3120291A8
:401A00009002647401F0803590025FE0FF7E007C017D00120331C374E09FFF74FF9EFE74109DFDE49CFCA31202919002647404F0800BE4FFFEFDFC90026012029190026412
:401A4000E0B40119900260120269A907AA06AB0512074DE4FCFDFE900265120291900264E06402705C900260120269EF2401FFE43EFEE43DFDE43CA907AA06AB0512074DFE
:401A8000E4FCFDFE900265120291900265120285C000C001C002C003900260120269A907AA06AB0512074DE4FCFDFE780812021CD003D002D001D0001201DD900265120268
:401AC00091900264E06404600261AD900260120269EF2403FFE43EFEE43DFDE43CA907AA06AB0512074DE4FCFDFE900265120291900265120285C000C001C002C0039002B0
:401B000060120269EF2402FFE43EFEE43DFDE43CA907AA06AB0512074DE4FCFDFE780812021CD003D002D001D0001201DD900265120291900265120285C000C001C002C0F0
:401B400003900260120269EF2401FFE43EFEE43DFDE43CA907AA06AB0512074DE4FCFDFE781012021CD003D002D001D0001201DD900265120291900265120285C000C00196
:401B8000C002C003900260120269A907AA06AB0512074DE4FCFDFE781812021CD003D002D001D0001201DD900265120291900265020269900000EFF0E4F541F54275430A68
:401BC000C200F544F545121124EF60057F0012231D1227ADD2AF9044F474FDF0E4F53D754B00754C00754D39900000E0FF70067EFF7FFF80008F4E7B017A0079017D2C7C50
:401C0000011223958F40900000E060021543E5436004E54070C9E54060030221B7C3E53A9407E53994004008900001E064016005753D0481BB900004E0FE900003E0FDEE20
:401C4000F541EDF542E5422407FFE43541FED3EF953AEE95395008EF942CEE94014005753D03805774062542F58274003541F583E0FE74052542F58274003541F583E0FD8B
:401C8000EEF53EEDF53F74072542F58274003541F583E064176005753D04801F7B017A007901E5422404FDE43541FC1215BFEF653F7003EE653E6003753D08E4F53BF53C21
:401CC000E53D60030221A6900005E0F538753D04900002E01202E71CF6311D23321DA9341F4A351F58371FA4381DA9391FE63A218D3B000021A32000030221A6E542454157
:401D000060030221A6FF120B56EF70047F0180027F00900005EFF0753B00753C01E4F53D0221A62000030221A6E5426401454160030221A6E538C3940140030221A690032E
:401D4000F4E0FEA3E0F5828E83120275E4FBFA7901F812014B8F24E538B5241E9003F4E0FEA3E0F5828E83120275E4FB7A01F9F812014B7522008F238014E538D395244025
:401D800007E4F522F5238006752201752300E523900005F0E522A3F0A374FFF0E4A3F0F53B753C04F53D0221A6900002E06434703C2000030221A6E54264034541600302B4
:401DC00021A6E538C39440400FE538D3947F50087544007545108006754401754520AE44AF457D007B017A01792D12035E2000030221A6C3E5429403E54194005003022111
:401E0000A6E54224FDFFE54134FFFE742D2545F974013544A801FC7D017B017A007908120446E54224FDFFE54134FFFEEF2545F545EE3544F544E538C39440401BE538D3A6
:401E4000947F501412222E754100754210900259E4F0A37480F0800F7541017542209002597401F0A3E4F0E54565427004E54465416002E13F900007E0FE900006E0FDEE76
:401E8000F544EDF545D390025AE09545900259E0954440047F0080027F0A8F3DE53D60030221A6E538D3943F506FE5387F00FEEF2545FFE5443E90025BF0A3EFF09003F4FC
:401EC000E0FEA3E0F5828E83120275E4FB7A01F9F812014B90025DEEF0A3EFF09003F4E0FEA3E0F5828E83120275EFE4EF600A90025DE475F00112004590025DE0FEA3E073
:401F0000FFC390025CE09F90025BE09E500B753D0AE4F544F5450221A67B017A01792D900265E541F0A3E542F0AD45AC44AF38120F4DEF60047F0A80027F008F3D80037594
:401F40003D03E4F544F5450221A62000030221A6E4F544F5450221B72000030221A6E5452542FFE5443541FED3EF942CEE9401502DE4F53DAE41AF42742D2545F9740135A5
:401F800044A801FC7D017B017A007905120446E5422545F545E5413544F5440221A6753D030221A6E5424541703678257C00FD7BFF7A0979D5FE7F08120446D200753B00E9
:401FC000753C08E4F544F545AE3BAF3C78057C007D01FB7A007925120446E4F53D0221A6753D040221A62000030221A6E5426403454160030221A6900007E0FE900006E0A2
:40200000FDEEF52FEDF530E538C394404057E538D3947F5050512EAE2FAF307C007D101203318F368E358D348C33C3E5309480E52F940050047F0080027F0A8F3DE53D603F
:402040000221A685364D85354C85344B85334AE4755110F550F54FF54EFF7E80FDFC1217948F378069AE2FAF307C017D00120331C004C005C006C007AF38E4FCFDFEFBFAD2
:402080007901F81200C0D003D002D001D0001200A58F368E358D348C33C3E52F940150047F0080027F0A8F3DE53D600221A685364D85354C85344B85334AE4F55175500172
:4020C000F54FF54EFFFE7D10FC1217948F37E538D3943F5072AF387E007C207D00120331E42FFFE43EFEED3408FDE43CFCC004A905AA06AB07AE2FAF307C007D20120331A4
:40210000D0001200A58F368E358D348C33E4F52DF52EC3E52E9420E52D9400502AE4E52E2536FFE52D3535FEE43534FDE43533A907AA06AB0512074DEF2537F537052EE5D7
:402140002E7002052D80CB852F31853032E538702AAE31AF32FCFD7BFFFAF9F8C31201F87019FD7F0512181AC3E5379FF537E4FD7F0612181AC3E5379FF537E537F40490E3
:402180000005F0E4F53DF53B753C018019E4FF120B56EF70069046FA7480F01205FD120D398003753D057B017A007901853B4A853C4BAF3D121670900000E07003021BDC9E
:4021C000300003021BDC2212070B906008E0547FF0906012E054FBF09043A5E054FEF09043B5E054FEF09051F8E04480F0E04440F01206F39044CA7480F0A37401F0904443
:40220000CA7420F09044C87401F004F0515E9044D97410F0E4900323F090032BF090031FF0900325F090032AF09003FFF02212070B9043A0E04408F09043B0E04408F090D6
:40224000470174C8F09043ACE04410F09043BCE04410F0904700E0542060F80206F390458FE054407E007806CEC313CE13D8F9FF22C0E0C0F0C083C082C085C084C08675B2
:402280008600C093759300C0D075D000C000C001C002C003C004C005C006C007515ED007D006D005D004D003D002D001D000D0D0D093D086D084D085D082D083D0F0D0E0EA
:4022C0003290646DE0FF227B027A447904AD07AC06020731EFC43354E0904482F0229044C87404F0229043A3E04401F07B027A4F7906EFFD7C001207319043A3E054FEF0B0
:40230000227B027A4F7904EFFD7C00020731904210E0548060047F0180027F002290FFFF12030DEFF09046EA7401F090000102030D90FFFC12030D120291850883850982B0
:40234000120269D3EF9400EE9480402E9003E1120269120600850883850982C083C082120269E42FFFEE3480FEED34FFFDEC34FFFCD082D08312029180C09003D712026994
:402380008508838509821202851200C012060090000402030D8B468A4789488C498D4AE54E75F00AA485F050F551D3E54A9440E54994004006754900754A409003FEE060F8
:4023C0002D9167EF7018E55145506012E47F01FEFDFC7131E55115517002155080E39167EF601791A7916DE49003FEF0800C91A7EF60079167EF6002916DE54E75F00AA491
:4024000085F050F5517F01121783EF64016018E55145506012E47F01FEFDFC7131E55115517002155080DE7F01121783EFB40125AB46AA47A948900263E549F0A3E54AF0F1
:402440007F0191B4AB4BAA4CA94DEE8FF0120086E4F54F800FAB4BAA4CA94DE4F5F0120086754F10AF4F2290032BE0FF227F01EFD394004031EF9409502CEF75F00BA4248D
:4024800031F582E43403F583E4F0EF75F00BA42435F582E43403F583E0FE75F010EF905FFE12029DEEF022E4FF900323E06004E0FFE4F02290025FEFF0A31202B2900260EA
:4024C0001202A9E94A4B7002A14E90025FE0FFD39400407AEF94095075B15ED3900264E09F900263E09E400990025FE0FFB15E8008900263E0FEA3E0FF900263EEF0A3EFCA
:40250000F0E4A3F0A3F0900263E0FEA3E0FFA3E0FCA3E0FDC39FEC9E502B90025FE075F01090607812029DE0FF9002601202A9E92DF9EA3CFAEF120033900265E475F00155
:4025400012004580C190025FE0FF916F8007E4900263F0A3F0900263E0FEA3E0FF22E4FDFCEFD39400402AEF9409502575F010EF905FFC12029DE0540FFD75F010EF905F68
:40258000FD12029DE0FBEDFCEBFD24FEFD74FF3CFCAE04AF052280FE32E4900000F0900000E0FFD3941F5020EF75F002A42400FFE5F03444FAA9077B017C257D9612073168
:4025C000900000E004F080D622900263ECF0A3EDF0900262EFF0541F25E0FFE433FEE42FFFEE3444FAA9077B01120722900265EEF0A3EFF0900262E075F002A42400FFE538
:40260000F03444FAA9077B01A3E0FEA3E0FFFDAC06120731900265E0FEA3E0FF2212070B900261EFF09043A5E04401F09043B5E04401F090609D7401F090600904F09060A8
:4026400010E0547FF0E4FFFE1206A0904394E054F9F0906012E054DFF0904394E04401F07F017E001206A07F287E001206A09051F8E0547FF0E054BFF0904394E04402F09A
:402680007F027E001206A0904394E04404F0906084E4F0A3F0900261E0FF1206F37D077F17D1F17C377D937F17B1C97D077F18D1F17C297D1F7F18B1C97D077F15D1F17CF8
:4026C000067D9E7F15B1C97D07E4FFD1F17C367DF3E4FFB1C97D077F01D1F17C377D437F01B1C97D077F0CD1F17C227D717F0CA1C9AC07ED540775F020A4FFEC541F248058
:40270000F582E43444F583EFF02290025FEFF0A3EDF09003FFE07008D11D9003FF7401F090025FE0FFA3E0FDE4FE7E019003F87401F0A3DEFC7E01900329EFF0E490032857
:40274000F0900323F090032BF090031FF0900325F090032AF0900320F09044C27480F0A37401F09044C27420F09044C07401F004F0ED14600C047012906009E054FEF08064
:4027800010906009E04401F08007906009E04401F09060287403F09060087480F0E47F01FEFDFC1206009060127404F022D2AF9044F474FDF07D02E4FFF10A9003FE7401FF
:4027C000F022E4FF7F019003F87401F0A3DFFCE4900328F0900323F090032BF090031FF0900325F090032AF0900320F09060287403F09060087480F0229002601202B290B4
:40280000025FEFF0D394005002211EE0FF94094002211EEF75F00BA42436F582E43403F583E0FEA3E0FFC3E49FFF74029EFED3900264E09F900263E09E402490025FE075E0
:40284000F00BA42436F582E43403F583E0FEA3E0FFC3E49F900264F074029E900263F0900263E0FCA3E0FDECFF90025FE0FE75F00BA42433F582E43403F583E04FFF75F0BD
:4028800010EE905FFC12029DEFF0ED90025FE075F010905FFD12029DEDF09002601202A9E94A4B6046E4900265F0A3F0900263E0FEA3E0FFA3E0FCA3E0FDC39FEC9E502B06
:4028C0009002601202A9E92DF9EA3CFA12001AFF90025FE075F01090607812029DEFF0900265E475F00112004580C190025FE0FF75F00BA42431F582E43403F583E4F0EFB2
:4029000075F00BA42435F582E43403F583E0FF90025FE075F010905FFE12029DEFF022C0E0C0F0C083C082C085C084C086758600C093759300C0D075D000C000C001C0024A
:40294000C003C004C005C006C007906028E0900277F0E0FF5410700221FEA37401F0EF54806020900277E0540F64016005A3E4F0802FD1DB90032CE054806025900278E4A0
:40298000F0801E900277E05440600451218012900277E05420600512301A8005900278E4F0900278E06057906028E0900277F0E05480704A90032FE0FF900327E04F900207
:4029C00077F0E0FF906029F0E0FEEF6E703090032CE0900278F0906028E05480900277F0E0700F90032CE0906028F0E0540F900278F090032CE0FF900278E0B507D0D00721
:402A0000D006D005D004D003D002D001D000D0D0D093D086D084D085D082D083D0F0D0E032900328E024FC600A24FE6008240470068005E1ABF1BB22E4FD900320E0FF9059
:402A4000032DE48FF0120045D3900318E09400900317E09400403AED940850359003191202A912001AFFE42DF582E43460F583EFF09003191202A9E92401F9E43AFA9003CE
:402A8000191202B20D90031774FFF5F012004580B7900320E064086006EDD394004015900327E06480F090032C740FF09003287402F0800A90032C7402F0900328F09003DE
:402AC0002FEDF0900320F0221202B2900317E07002A3E070051230CE802F9003287402F0E4900327F01235FA906007E0FE906006E0FDEEEDFFD3900318E09F900317E09EF5
:402B00004005EEF0A3EFF051387F0122E490027AF0906000E090027CF07B007A007900A31202B2E4900317F0A3F090027CE0548064806002A125906001E07002817424F80D
:402B4000700281E624FE7002A10224046002C1BD906003E0B4012B123E55900280EEF0A3EFF0F5828E83A31202BB9003191202B2900317E4F0A37412F051CB90027AEFF069
:402B8000C1BD906003E064027060906002E0FF123432900280EEF0A3EFF04E7002C1BD900280E0FEA3E0F5828E83A31202BB9003191202B29003191202A9E92403F9E43A26
:402BC000FA12001AFE9003191202A9E92402F9E43AFA12001AFDEEEDFF900317EEF0A3EFF051CB90027AEFF0C1BD906003E064037079FF7BFF7A0779A090027D1202B290FB
:402C00006002E0D39F401F90027D1202A912001A601412001AFE7C0029F9EC3AFA90027D1202B20F80D9906002E0FF6016900775E493FEEFB5060C7BFF7A0779FF90027DF0
:402C40001202B290027D1202A912001A7002C1BD12001AFF900317E4F0A3EFF09003191202B251CB90027AEFF0C1BDF13D90027AEFF0C1BD90027CE05403603F24FE600285
:402C8000C1BD900317E4F0A37402F0906004E0547F75F00BA42432F582E43403F583E09003FBF0E4A3F07B017A0379FB9003191202B251CB90027AEFF0C1BD900317E4F03D
:402CC000A37402F090032AE09003FBF0E4A3F07B017A0379FB9003191202B251CB90027AEFF0C1BDC1BD900317E4F0A304F0FB7A03792B9003191202B251CB90027AEFF0AD
:402D0000C1BD900317E4F0A304F0906004E02416F9E43403FA7B0190031951C890027AEFF0C1BDC1BD906001E0147002A1E924FE7002C15924FA601B24FE60702406600216
:402D4000C1BD906002E0900325F0D1C390027AEFF0C1BD906002E090027BF0D39400400EE014FF123432900280EEF0A3EFF090027BE0FFD39400400A900280E07002A3E079
:402D80007005EF6002C1BD90032BE0FF90027BE0FE6F600F90032BEEF09003237401F0FF1238CAD1C390027AEFF0C1BD123687EF7002C1BD906004E0FE90031FF074162EC8
:402DC000F582E43403F583E0FF74242EF582E43403F583E06F60099003237401F0123C52D1C390027AEFF0C1BD90027CE05403601A146031146002C1BD906002E06002C15D
:402E0000BD123EF590027AEFF0C1BD906002E064016002C1BD90032AE054FDF0D1C390027AEFF0C1BD906004E0FFC394014002C1BD74262FF582E43403F583C083C082E012
:402E4000FF906002E0F4FEEF5ED082D083F0D1C390027AEFF08066806490027CE05403601614602B147056906002E07050123E6E90027AEFF08046906002E06401703E90BA
:402E8000032AE04402F0D1C390027AEFF0802E906004E0FFC39401502474262FF582E43403F583C083C082E0FF906002E0F4FEEF5ED082D083F0D1C390027AEFF090027A9B
:402EC000E0FF229003287406F090032CF09003277480F0E490032FF07F0122906028E0900279F0E0906028F0E0900279F0E0FF5480600690032CEFF0227F02F1DD90600059
:402F0000E0546024E0601124E060162440701C710C900279EFF08018F13D900279EFF0800F123FD0900279EFF08005E4900279F0900279E0700690032C7403F022E49002EA
:402F400083F0906000E0540324FE600D047024906004E0900282F0801F906004E0547F75F00BA4243AF582E43403F583E0900282F08005E4900282F0900282E0FFD394014A
:402F80005023900321E0FCA3E02FF582E43CF583E49324FD700A123122900283EFF08005E4900283F0900283E0FF22E4900328F07F01F1DD90032C7403F022900325E06041
:402FC0000CE04480906008F0E4900325F0E4900328F07F01F1DD90032C7403F02290031C1202A9E94A4B603190031C1202A9EF12003390032DE0FEA3E0FF90031C1202A9E1
:40300000E92401F9E43AFAEE8FF01200867B007A00790090031C1202B222900328E024FC600A24FE60082404700F800E802B7F03122FDD90032C7403F022900320E0FF90CE
:40304000032DE48FF0120045E4900328F07F01122FDD90032C7403F022E4FF906029E0540F24FEFEFD90032DE48DF0120045D3900318E09400900317E09400403CEED3943C
:40308000004036E42FF582E43460F583E0FD9003191202A9ED1200339003191202A9E92401F9E43AFA9003191202B20F1E90031774FFF5F012004580B5AF0690032FEEF09E
:4030C000900327E06480F090032C740BF0229003287402F09003277480F090032C740FF0E4900320F090032FF07F01229003287404F09003277480F0B1FA906007E0FE9075
:403100006006E0FDEEEDFFD3900318E09F900317E09E4005EEF0A3EFF090032C740BF07F0122E4900284F0906004E0900285F0906000E0548070024107A3E014604F1460FB
:403140006414700221D724FD600241DD906003E0B42118917F900317E07002A3E0700241DD122ACB900284EFF041DD906003E06422600241DDB128900317E07002A3E07032
:403180000241DD122ACB900284EFF041DD51E3900317E07002A3E0700241DD122ACB900284EFF041DD900285E0FFC39401400241DD906002E0600241DD900317F0A304F047
:4031C00074F72FF9E43403FA7B01900319122AC8900284EFF041DD900285E0FFC39401400241DD900317E4F0A304F074F82FF9E43403FA7B019003191202B2122ACB9002F5
:4032000084EFF041DD41DD906001E024F6602214700241B62402600241DD51E3900317E07002A3E0700241DD11EC900284EFF041DD900285E0FFC39401400241DD9060026C
:40324000E0600241DDA3E0FE74F72FF582E43403F583EEF074F62FF582E43403F583E0FE74F72FF582E43403F583E0C39E5011900285E024F6F582E43403F583E4F0802C89
:40328000900285E0FF24F6F582E43403F583E0D39401401874F72FF582E43403F583E0FE74F62FF582E43403F583EEF0122EC3900284EFF08027900285E0FFC39401501DF7
:4032C000906002E0FE9401501474F82FF582E43403F583EEF0122EC3900284EFF0900284E0FF22E4900317F0A3F090032BE014FF9132900286EEF0A3EFF0906003E0900211
:403300008BF0906004E090028CF02402FFE433FEEF7802C333CE33CED8F9FF900287E02FFF900286E03EFEF0A3EFF0F5828E83A31202BBAF01900286EAF0A3EFF090028CEF
:40334000E0FFC394014002813174162FF582E43403F583E075F004A4FFAEF0900287E02FF0900286E03EF0E0FEA3E0F5828E83A31202BBAF01900286EAF0A3EFF090028BFB
:40338000E0FFC3940150028131EFD3940340028131EF24FFFFE434FFFEEF7802C333CE33CED8F9FF900287E02FFF900286E03EFEF0A3EFF0906002E0FD90028BF08F828E19
:4033C00083E493C39D406A900286E0FEA3E0F5828E83A31202BB9002881202B290028BE075F008A4FF9002881202A9E92FF9EA35F0FA9002881202B29002881202A9E924B4
:4034000002F9E43AFA1202C79003191202B29002881202A912005BFF900317E5F0F0A3EFF0E92405F9E43AFA1202C790031C1202B22290028DEFF0900329E025E025E0249B
:40344000ADF582E43408F5831202BBAE02AF01EF2408FFE43EFE8F82F583E493FD90028DE0FCC39D4005E4FEFF80138F828E8375F004EC12029DA31202BBAE02AF0122906A
:40348000032BE014FF9132900286EEF0A3EFF0906004E0900288F02402FFE433FEEF7802C333CE33CED8F9FF900287E02FFF900286E03EFEF0A3EFF0F5828E83A31202BBD3
:4034C000AF01900286EAF0A3EFF0A3E02416F582E43403F583E075F004A4FFAEF0900287E02FF0900286E03EF0E0FEA3E0F5828E83A31202BBAE02AF01900286EEF0A3EFD6
:40350000F02410FFE43EFE900286F0A3EFF0F5828E83A31202BB12001AFF900317E4F0A3EFF09003190202B290032BE014FF9132900286EEF0A3EFF0906004E090028BF06A
:403540002402FFE433FEEF7802C333CE33CED8F9FF900287E02FFF900286E03EFEF0A3EFF0F5828E83A31202BBAF01900286EAF0A3EFF090028BE02416F582E43403F583E7
:40358000E075F004A4FFAEF0900287E02FF0900286E03EF0E0FEA3E0F5828E83A31202BBAE02AF01900286EEF0A3EFF0240CFFE43EFE900286F0A3EFF0F5828E83A31202F8
:4035C000BB9002881202B29002881202A9E92401F9E43AFA12001AFE9002881202A912001AFDEEEDFF900317EEF0A3EFF0E92402F9E43AFA9003190202B2E490032DF0A373
:40360000F090031C1202A9E94A4B601D90031C1202A9E412003390031C1202A9E92401F9E43AFAE4F5F01200862290032BE014FF9132AD07AC06ED4C603D8D828C83A3120D
:4036400002BBE92404F9E43AFA12001A2402FFE433FEEF7802C333CE33CED8F92DFDEE3CFCAF058D82F583A31202BBAF0190028AEAF0A3EFF08007E490028AF0A3F0900245
:403680008AE0FEA3E0FF22E4900282F0906004E0900283F090032BE014FF91328F828E83A31202BBE92404F9E43AFA12001AFF900283E0FED39F4006EED39401502F7416DE
:4036C0002EF582E43403F583E0FF74242EF582E43403F583EFF0906002E0FF74162EF582E43403F583EFF09002827401F0900282E0FF22C0E0C083C082C085C084C086759B
:403700008600C093759300C0D075D000C00790600B7401F090600EE0FF90033BE054036401600790033EE06480F090033C7401F0D007D0D0D093D086D084D085D082D083C7
:40374000D0E032C0E0C083C082C085C084C086758600C093759300C0D075D000C00790600B7402F090601EE0FF900346E0540364016007900349E06480F09003477401F088
:40378000D007D0D0D093D086D084D085D082D083D0E032C0E0C0F0C083C082C085C084C086758600C093759300C0D075D000C000C001C002C003C004C005C006C007122785
:4037C000C2D007D006D005D004D003D002D001D000D0D0D093D086D084D085D082D083D0F0D0E0327D01EDC3940940030238C375F010ED90607012029D740CF0ED75F00BD7
:40380000A42435F582E43403F583E06031ED75F00BA42434F582E43403F583E05480600F75F010ED905FFE12029D740CF0801C75F010ED905FFE12029D7408F0800D75F020
:4038400010ED905FFE12029D7480F0ED75F00BA42436F582E43403F583E0A3E0FF75F010ED90607612029DEFF0ED75F00BA42436F582E43403F583E0FF75F010ED9060779D
:4038800012029DEFF0ED75F00BA42436F582E43403F583E0A3E0FF75F010ED90607412029DEFF0ED75F00BA42436F582E43403F583E0FF75F010ED90607512029DEFF00DB3
:4038C0000237E690600A74FFF022E4900284F0A3F0900282F0900282E0FEC39409507AEE75F00BA42430F582E43403F583E4F0EE75F00BA42432F582E43403F583E4F0EE35
:4039000075F00BA42433F582E43403F583E4F0EE75F00BA42438F582E43403F583E4F0A3F0EE75F00BA4243AF582E43403F583E4F0EE75F00BA42431F582E43403F583E4EC
:40394000F0EE75F00BA42435F582E43403F583E4F0900282E004F001D5EF602FE4900283F0900283E0FFC39401502074162FF582E43403F583E4F074242FF582E43403F558
:4039800083E4F0900283E004F080D690032BE0D3940050028151E014FF123432900286EEF0A3EFF0900286E0FCA3E0FDF5828C83A31202BBE92407F9E43AFA12001A544014
:4039C000600990032AE04401F0800790032AE054FEF0ED2404FFE43CFE900286F0A3EFF0F5828E83E493900282F0A37401F0900283E0C394094002618D900286E0FEA3E061
:403A0000F5828E83A31202BBAF01900288EAF0A3EFF0E4FF900282E0FEEFC39E40026185900288E0FCA3E0F5828C83740293547FFD900283E0FE6D7001E4600261749002C3
:403A400088E0A3E0F5828C83740493FC740593FDEE75F00BA42438F582E43403F583E0FAA3E0C39DEA9C5029900288E0FCA3E0F5828C83740493FC740593FD900283E07528
:403A8000F00BA42438F582E43403F583ECF0A3EDF0900288E0FCA3E0FDF5828C83E4932416F582E43403F583E0FE8D828C83740193FDEE6D60026174900288E0A3E0FDF5EC
:403AC000828C83740293FE900283E0FB75F00BA42434F582E43403F583EEF08D828C83740393FEEB75F00BA42430F582E43403F583EEF0900288E0FCA3E0F5828C83740313
:403B0000935403FE900288E0A3E0F5828C8374029354806031EEB401047D0780027D0D900283E0FC75F00BA42435F582E43403F583EDF0EC75F00BA42431F582E43403F5D4
:403B4000837401F0802EEEB401047E0580027E09900283E0FD75F00BA42435F582E43403F583EEF0ED75F00BA42431F582E43403F583E4F0900289E02407F0900288E034BD
:403B800000F00F4114900283E004F021EE900286E0FEA3E0F5828E83A31202BBAF01900288EAF0A3EFF0E4900283F0900282E0FFA3E0C39F5038900288E0FEA3E0F5828E57
:403BC00083E493FD740293547F75F00BA4243AF582E43403F583EDF0900289E02407F0900288E03400F0900283E004F080BD12362A900321EEF0A3EFF0E4900284F0A3F03C
:403C000090028204F0900282E0FFC39409503F900284E0FCA3E0FDEF75F00BA42436F582E43403F583ECF0A3EDF0EF75F00BA42438F582E43403F583E0FEA3E0FF90028486
:403C4000EE8FF0120045900282E004F080B71237E42290032BE0D394005002C154E014FF123432EF2404FFE43EFE8F82F583E493900282F08F828E83A31202BBAD01AC0211
:403C800090031FE0900283F0E4FB900282E0FFEBC39F4002C1548D828C83E493FF900283E0FE6F6002C14A8D828C830493FF74162EF582E43403F583E06F6002C14A8D8253
:403CC0008C83740293547FFA7403935403F9EA75F00BA42433F582E43403F583E4F08D828C83740293FFEA75F00BA42434F582E43403F583EFF08D828C83740393FFEA7567
:403D0000F00BA42430F582E43403F583EFF08D828C83740493FE740593FFEA75F00BA42438F582E43403F583EEF0A3EFF08D828C837402935480602DE9B401047F0780027F
:403D40007F0DEA75F00BA42435F582E43403F583EFF0EA75F00BA42431F582E43403F5837401F0802AE9B401047F0580027F09EA75F00BA42435F582E43403F583EFF0EAB1
:403D800075F00BA42431F582E43403F583E4F075F010EA905FFE12029D7401F0EA75F00BA42438F582E43403F583E0FF75F010EA905FFC12029DEFF0EA75F00BA42438F5EE
:403DC00082E43403F583E0A3E0FF75F010EA905FFD12029DEFF0EA75F00BA42436F582E43403F583E0A3E0FF75F010EA90607612029DEFF0EA75F00BA42436F582E434036E
:403E0000F583E0FF75F010EA90607712029DEFF0EA75F00BA42436F582E43403F583E0A3E0FF75F010EA90607412029DEFF0EA75F00BA42436F582E43403F583E0FF75F018
:403E400010EA90607512029DEFF0ED2407FDE43CFC0B818A22900329E025E025E024ADF582E43408F5831202BBAE02AF0122E4900282F0906004E0547FFFD394004070EF7F
:403E80009409506BEF75F00BA42432F582E43403F583E04401F0EF75F00BA42433F582E43403F583E4F0EF75F00BA42431F582E43403F583E04402F0EF75F00BA42434F532
:403EC00082E43403F583E05480600F75F010EF905FFE12029D748DF0800D75F010EF905FFE12029D7489F0122EC3900282EFF0900282E0FF22E4900282F0906004E0547F81
:403F0000FFD394005002E1CAEF94094002E1CAEF75F00BA42432F582E43403F583E054FEF0EF75F00BA42433F582E43403F583E4F075F010EF905FFC12029DE0547FF0EF56
:403F400075F00BA42431F582E43403F583E054FDF0EF75F00BA42434F582E43403F583E054806030EF75F00BA42431F582E43403F583E0B4010F75F010EF905FFE12029DFC
:403F8000740CF0803D75F010EF905FFE12029D740DF0802EEF75F00BA42431F582E43403F583E0B4010F75F010EF905FFE12029D7408F0800D75F010EF905FFE12029D743C
:403FC00009F0122EC3900282EFF0900282E0FF22E4FF906000E054806005A3E0FE8000220000000000000000000000000000000000000000000000000000000000000000AE
:404000000000000000000000000000000000000000000000000000000000000000000000000000000000000000000000000000000000000000000000000000000000000080
:404040000000000000000000000000000000000000000000000000000000000000000000000000000000000000000000000000000000000000000000000000000000000040
:404080000000000000000000000000000000000000000000000000000000000000000000000000000000000000000000000000000000000000000000000000000000000000
:4040C00000000000000000000000000000000000000000000000000000000000000000000000000000000000000000000000000000000000000000000000000000000000C0
:40410000024AA3008F828E83E0540100000070F82278FFE4F6D8FD024B31024462E86480F8E933E83360110460F0ED33EC337009E8FCE9FDEAFEEBFF220460DED3EB9FEAA4
:404140009EE99DE8C2E78CF0C2F795F0400CE8CCF8E9CDF9EACEFAEBCFFB12442D85D0F05804700320D5B3E80470075002B2D502446C92D5EC0460F7E4CCC0E0C398F860E4
:404180003B94186008400DD0E0FB024444E4FBFAC9FC8028E830E406E4C9FBE4CAFCE830E305E4C9CACBFCE854076010F8C3E913F9EA13FAEB13FBEC13FCD8F130F52FC328
:4041C000E49CFCEF9BFFEE9AFEED99FDD0E0FBEF4E4D4C701222DB03024469EC2CFCEF33FFEE33FEED33FDED30E7EB024444EF2BFFEE3AFEED39FDD0E0FB50130BBB0003DC
:4042000002446CED13FDEE13FEEF13FFEC13FC024444EC4D6011E8497017ED33EC3304600DE4FCFFFEFD22E933E8330470F802446212442D58046009E4CC24815006285086
:404240000902446C284003024469C0E0EB4A7044B98006D0E0FB024458EF4E701CBD8008EBFFEAFEE9FD80EBE98DF0A4FEE5F00242FBE9CDF9EAFEEBFFEF89F0A4FCE5F0AD
:40428000CE89F0A42EFFE435F0CD89F0A42DFEE435F08067EF4E7005BD80D780C3EF8BF0A4ACF0EE8BF0A42CFCE435F0F8EF8AF0A42CE5F038FCE433CB8DF0A42CFCE5F0AD
:4042C0003BF8EE8AF0A42CFCE5F038F8E433CF89F0A42CFCE5F038CF3400CE89F0A42FFFE5F03EFEE433C98DF0A42EFEE5F039CD8AF0A42FFFE5F03EFEE43DFD33D0E0FB8C
:4043000050070BBB000F02446CEC2CFCEF33FFEE33FEED33FD02444402446CEC5D046005E85904700302446212442D580460F6EC4860F2EC7004FDFEFF22C860DB2481C839
:404340005009C398600250060244699850CAF582E9294B4A7005AB8202445875F0007C1A7880C3EF9BEE9AED99400DC3EF9BFFEE9AFEED99FDE842F0DC23ACF0D0E0FFD0EE
:40438000E0FED0E0FDAB8220E7101BEB60BAEC2CFCEF33FFEE33FEED33FD024444E803F830E705C0F075F000EF2FFFEE33FEED33FD40B830E7C280AA75F020800E75F01023
:4043C000800575F0087D007E007F003392D530D503124629EC334010EF33FFEE33FEED33FDEC33FCD5F0ED22E5F0247EA2D513CC92E7CDCEFF22EDD2E7CD33EC3392D52421
:40440000814006E4FFFEFDFC22FCE4CFCECDCC24E0501174FF80EDC3CC13CCCD13CDCE13CECF13CF0470F030D5DE024629E9D2E7C933E833F892D5EDD2E7CD33EC33FC5002
:4044400002B2D522EC30E7100FBF000C0EBE00080DBD00040BEB6014A2D5EB13FCED92E7FD2274FFFCFDFEFF22E480F8A2D574FF13FC7D80E480EFBB010689828A83E02296
:404480005002E722BBFE02E32289828A83E49322BB010689828A83F0225002F722BBFE01F322EF8DF0A4A8F0CF8CF0A428CE8DF0A42EFE22C5F0F8A3E028F0C5F0F8E582B2
:4044C000158270021583E038F022A3F8E0C5F025F0F0E582158270021583E0C838F0E822BB010A89828A83F0E5F0A3F0225006F709A7F01922BBFE06F3E5F009F31922E8B4
:404500008FF0A4CC8BF0A42CFCE98EF0A42CFC8AF0EDA42CFCEA8EF0A4CDA8F08BF0A42DCC3825F0FDE98FF0A42CCD35F0FCEB8EF0A4FEA9F0EB8FF0A4CFC5F02ECD39FE7E
:40454000E43CFCEAA42DCE35F0FDE43CFC2275F008758200EF2FFFEE33FECD33CDCC33CCC58233C5829BED9AEC99E58298400CF582EE9BFEED9AFDEC99FC0FD5F0D6E4CEEC
:40458000FBE4CDFAE4CCF9A88222B800C1B90059BA002DEC8BF084CFCECDFCE5F0CBF97818EF2FFFEE33FEED33FDEC33FCEB33FB10D703994004EB99FB0FD8E5E4F9FA22DC
:4045C0007818EF2FFFEE33FEED33FDEC33FCC933C910D7059BE99A4007EC9BFCE99AF90FD8E0E4C9FAE4CCFB2275F010EF2FFFEE33FEED33FDCC33CCC833C810D7079BEC96
:404600009AE899400AED9BFDEC9AFCE899F80FD5F0DAE4CDFBE4CCFAE4C8F922CFF4CFCEF4CECDF4CDCCF4CC22C3E49FFFE49EFEE49DFDE49CFC22EB9FF5F0EA9E42F0E979
:404640009D42F0EC6480C864809845F022EB9FF5F0EA9E42F0E99D42F0E89C45F022E8600FECC313FCED13FDEE13FEEF13FFD8F122E8600FEFC333FFEE33FEED33FDEC33B1
:40468000FCD8F122BB010789828A8302479B5005E9F802478FBBFE05E9F80247A789828A830247B3BB010789828A830246F35005E9F80247C3BBFE05E9F80247CF227401FD
:4046C000FF3395E0FEFDFCA3A3A3E0CF2FF0E582158270021583E0CE3EF0E582158270021583E0CD3DF0E582158270021583E0CC3CF022ECF0A3EDF0A3EEF0A3EFF022A478
:404700002582F582E5F03583F58322D083D082F8E4937012740193700DA3A393F8740193F5828883E4737402936860EFA3A3A380DFE5092582F582E5083583F583B5080475
:404740008582092210AF06858209F50822858209F508D2AF22E5092582F582E5083583F58322EC8EF0A4CCC5F0CCCDF8EFA4CEC5F02DFDE43CFCE8A42EC8C5F03DFDE43C0B
:40478000FCEFA4FFE5F028FEE43DFDE43CFC22E6FC08E6FD08E6FE08E6FF22E0FCA3E0FDA3E0FEA3E0FF22E2FC08E2FD08E2FE08E2FF22E493FC740193FD740293FE74031D
:4047C00093FF22ECF608EDF608EEF608EFF622ECF208EDF208EEF208EFF222410A02554109A63241099C0041099B004109FD01410A081241099D004109F9004109A43241BE
:404800000A000041099E00410A07014209A000004109A3004109FC004109FB00440A0300000000410A01004109FA024109FE004109A5004109FF004109F80041099F004101
:4048400009A20041099800410CE800410CE700410CEC00410CEB00410CEA0060390BBC480707070778B5B60755CE865695FD7D3D1D0D0585C5E5F5E007078D07306842846E
:40488000A4830124C3040274A344C282E364D443038123146394B4C4440CA300001388410C9800410CC100420CB63DF4420CB80000410CBA00420CBB0BB8420CBD000042E0
:4048C0000CBF0000440B6900000000440B6D00000000410B3800410B4500440B5B00000000440B5F00000000410B6300410B6400410B6500410B6600440AAD713D0A07444C
:404900000ABE713D0A07410A9700440A9C00000000410ABD00410AA0C4440A9800000000440AC2017D7840410A9600410A7F00420AA2002A420A7D002A440AC70000000076
:40494000410ACF00410AC600420A800000440A6F00000000410A7300440A7400000000440A7800000000410A7C00440C4F00000000440C4500000000410C4D00410C4E000D
:40498000440C5300000000440C3C00000000440C4000000000410C440041090300440C8000000000440C7C00000000410C7B00440C8400000000410C7200420C7327104427
:4049C0000C77000D4A58410C6F32410C6D00410C7000410C6E00410C6815440C6900000000410C7100410C5700410C5800410C5900410C5A00410C5B00410C5C00410C5D93
:404A000000410C5E00410C6100410C6200410C6300440C6400000000410B0F00410B2B0C490AD0000004040000000000410CEE00410CF300410CF4FF410CF5FF410CF6FFC3
:404A4000410CF7FF410CF8FF410CF9FF410CD380410CD27F440CCE000000FF440CAD023366C4440CA80000903C410CAC25440CB2481E0000410CFA00460CD400810237033F
:404A800000410CFBFF410CFCFF430CDA000000410CFD00420C130180420C15FF7F420C1101000075930078007583467582E8E04401F00090480074C0F07581099076BCE47E
:404AC000F0A3F0A3F0A3F0907010F0907019F0907020F09076007410F0907604E4F0A3F0A3F0A3F09078007800087400F0A37408F0E8B8040274FFA3F0A37422F0A374BC40
:404B0000F0A37476F0A3E4F0A3E81475F008A4F0A3B804D59070107401F0907014F07E707F18124104907010F0EA900CB1F002411175081F7509FD12B97512A52A12B908E2
:404B4000024B7E025C57E493A3F8E493A34003F68001F208DFF48029E493A3F85407240CC8C333C4540F4420C8834004F456800146F6DFE4800B01020408102040809047B9
:404B8000DBE47E019360BCA3FF543F30E509541FFEE493A360010ECF54C025E060A840B8E493A3FAE493A3F8E493A3C8C582C8CAC583CAF0A3C8C582C8CAC583CADFE9DEF4
:404BC000E780BEC2D5E830E70FB2D5E4C39BFBE49AFAE499F9E498F8EC30E717B2D5124BF912458AE4C39BFBE49AFAE499F9E498F8800312458A30D50DE4C39FFFE49EFE13
:404C0000E49DFDE49CFC22758600EF4E6027EF60010E759300900A29E0F595A3E0F585A3E0F5848B938A838982E0A30586F0A31586DFF6DEF4E4F593F5952232EEFA900C26
:404C4000ACE0F88FF0A4FFAEF0E88AF0A42EFEE5F03400FDEF24C9FF78FFEE38FEED38FDE438FC5003024D0022758600EF4E601BEF60010E8C838D828B958A858984E49362
:404C8000A30586F0A31586DFF5DEF3E4F59522EC4D6011ED60010C8B938A838982E4F0A3DDFCDCFA75930022EF54016004D2AF8002C2AFEF5402FF9044F4E054FD4FF0221F
:404CC0009044F4E0F84402F0E85402FF10AF012274014FFF228B938A838982EFF0A3EEF0A3EDF0A3ECF07593002245202000502020005320200043202000906577EFF02283
:404D0000EC4D4E700D78FCEF24E950032840FD2200007BF178DA0000EF28FF78FFEE38FEED38FDEC38FC50E7EF2BFFEE38FEED38FDEC38FC40F222050203048B938A8389A8
:404D400082E0FFA3E0FE759300228B938A838982EDF0A3ECF0759300228B938A838982E0759300FF228B938A838982EDF075930022EC30E7031246292204001001A0000091
:404D80000008001000000018000010000000000001040000000000180000180015511400000000080008000040008800000000001500A400018128220000000000000000A7
:404DC00000000000000000000000000000000000000000004048022000000000020200221000000000000000000000000000000000000000000000000012000000000000C1
:404E0000000000000000000000000000000000000000000000000000000000000000000000000000000000000000000000000000000000000000000000C50060001200003B
:404E4000000000A200EA00FF00000000000000F800F800000000000000000000000000000000000000000000000000000000000000000000000000000000000000000000B7
:404E80000000000000000000000000000000000002000000800000000000000000000000000000000000000000000000000000000000000000000000000000000000000070
:404EC0000000000000000000000000000000000000000000000000000000000000000000000000000000000000000000800000000000000000004000000000008000000072
:404F000000000000000000000000400000000000000000000000000002000000000000008000001000000002080000000000000080000000000000000000000000200040B5
:404F40000000000000000000000000000000000000000000008000200000008000000000000000C00000004000000000000000000000000000000000000000000000000011
:404F800000000000000000000000000000000000000000000000000000000000000040000000000000000000000000000000000000000000000000000000000000000000B1
:404FC0000000000000000000000000020000000008000000000000000000000000000000000000000000000000000000000000000000000000000000000060000000000047
:40500000400000000000000000000000000000108000000000002000020000000000400000000000000000000000000000000000000000000000000000000000000000003E
:4050400000200000000000000000000000C00000000000000000000000000010000000A00000000000000000000000000000000000000000000000000000000000000000A0
:4050800000000000000000000000000000000000000000000000000000001010000000000000000000000000000000000000000000000000000000000000000000000000D0
:4050C000000000000000000000000000400000000000000000000000000000000000000000000000000000000000000400000000000000000000000000000000010000006B
:40510000000000240000000001000000020020300100000000002020020000000000400000000000200404000000000000000000000000000000000000000000000000004D
:40514000001000000000000000000000002000000000000000200000000000000020000000000010004000200000000000000000000000000000000000000000000000004F
:4051800000000000000000000010000000000000000000000000000000000000000000000000000000000000000000000000000000000000000000100000000000000000CF
:4051C00000000000000000000000100000000020000000040000000000000000000000000000000000000000000000000000000000000000000000000020000000900004C7
:4052000000000000000000000400040002000020018000000034202006000000001040002080000000000000000020004000000000000000000000000000000000100000E9
:40524000000000000000002000000000006000400000000000000000000000500040002000000000008000000000000000000000000000000000000000000000000000003E
:4052800000800000000020004000000000000000000000000000000000000000000000000000000000000000000000000000000000090000002000000101000000000000E3
:4052C0000000000000000000000000002000002001000020040000000020000002040000000000000000000000000000000000000000000000000000000000000000000C17
:405300000000000000000000000804000200000800000000001020000200000000004008000000000000000031000000000000000200000000000000000000E000000000CA
:4053400000000000000000E00010000000E0006000C0000000000000000000100000001000100000000000000000000000000000000000000000000000000000000000000D
:4053800000000000000000000000000010000400000800000100000001000000000000000000000000000000001000040000200800000000000080000000000020000000F3
:4053C00000000000000000000000000000000000000000000000000000000000000000000000000000000000000000000000000000000000000000000000000000000000AD
:40540000000000000000000000000000000000000000000000000000000000000000000000000000000000000000000000000000000000000000000000000000006000709C
:405440000000000000F0002000100000000000000000000000000000000000000000000000000000000000000000000000000000000000000000000000010000000000000B
:405480000001000000000001000100000010000100010000000800000001000000080001000100000001000823025479760800082303548176100008230454897620000818
:4054C00023055491762800082306549976300005230754A170200005230854A170300005230954A170500005230A54A17060000523FE54A170700015220C0CE349C8004069
:4055000022FE0CE351300180220E0CE30A000080220F0CE30C80020022100CE30E00010022110CE34400008022120CE34600008022FE0CE34D00008023144D7901000080AA
:4055400023154DF90180008023164E794900008023174EF94980008023184F794800008023194FF948800080231A507943000080231B50F943800080231C51794200008024
:40558000231D51F942800080231E527941000080231F52F941800080232053794000008023FE53F940800007232208285200000723230830520800072324083852100006E5
:4055C00023250840526000072326084852780008232708504578000C232808604F000020232911EC6470002023FE120C65700008232B085851000080232C086C000000804F
:40560000232D08EC00800080232E096C02000080232F09EC0280008023300A6C0400008023310AEC0480008023320B6C0600008023330BEC0680008023340C6C08000080FE
:4056400023350CEC0880008023360D6C0C00008023370DEC1400008023380E6C1480008023390EEC16000080233A0F6C16800080233B0FEC18000080233C106C18800080E6
:40568000233D10EC1A000080233E116C1A800010233F122C501000102340123C500000802341124C4D800080234212CC4C0000802343134C4C800080234413CC470000809F
:4056C0002345144C47800080234614CC468000802347154C45000080234815CC458000802349164C1B000080234A16CC1B800080234B174C15000080234C17CC158000804B
:40570000234D184C19000080234E18CC19800080234F194C17000080235019CC1780008023511A4C0900008023521ACC0980008023531B4C0700008023541BCC0780008021
:4057400023551C4C0B80008023561CCC0500008023571D4C0580008023581DCC0D00008023591E4C0D800080235A1ECC0300008023FE1F4C0380000100000002000000048C
:40578000000000050000000600001201000200000008C016DC0503000F0E80010902B700040100C0020904000000FF00000C0904010000010100090A240100013400020247
:4057C000030C24020103060002030000000924030201010001000C240203010100020300000009240304030600030009040200000102000A09040201010102000A0724014E
:40580000020201000B240201020210010077010905822D80010100000725018001000009040300000102000B09040301010102000B072401030101000B2402010202100101
:405840000077010905032D800101000007250180010000040309040C03410045003900520042001A03500065006100620065007200720079002000530044005200220350F7
:405880000065006100620065007200720079002000520065006300650069007600650024035000650061006200650072007200790020005400720061006E0073006D0069BC
:4058C0000074001E0350006500610062006500720072007900200052006100640069006F0016034400470038005300410051002D004900320043001A037700770077002E6E
:40590000006F0062006400650076002E00610074001E034D0075006C00740075007300200043006F006E00740072006F006C0020034D0075006C0074007500730020004992
:40594000005100200053006F0075006E00640024034D0075006C007400750073002000490051002000520065006300650069007600650026034D0075006C007400750073AC
:405980000020004900510020005400720061006E0073006D006900740026034D0075006C007400750073002000530044005200200043006F006E00740072006F006C0020DE
:4059C000034D0075006C0074007500730020005300440052002C004C004C0043002E001203500072006F0066006900630069006F0026037700770077002E006D0075006C82
:405A0000007400750073002D007300640072002E0063006F006D0000120350004500300046004B004F002D0030000201822D0180010301032D018001FF01010101FF579C31
:405A400002FF5A2A0000000000000000000000000000000000FF5A3801FF578A0000000001FF5A3C01FF5A583031323334353637383941424344454600E4900A30F0A3F014
:405A8000A3F0A3F0A3F07F64FEFDFC713DD2AF9044F474FDF0126BF112AADD12BD2C7EA17F1D12BD6A128B61E4FFFEFDFC900A361246F37FC0127AF8900A2EEFF07009121D
:405AC000B73612AADD12B887126B31900A2FEFF0900A2EE0700CA3E060087BFF7A4C79EA71C4900A2FE060087BFF7A4C79EE71C4900A2EE070087BFF7A4C79F271C47F0224
:405B000012958C7F807E9F7DD57C00900A981246F3900A98E0FCA3E0FDA3E0FEA3E0FF1280A0EF70ECE47FDC7E05FDFC713D9151EF54FEFF124CFAE47F05FEFDFC90FFFCF0
:405B40001247311246F3850883850982E0A3E0A3E0FEA3E0D39400EE9480403D900CB2E0FCA3E0FDA3E0FEA3E0FF124D00850883850982C083C082E0FCA3E0FDA3E0FEA3B2
:405B8000E02400FFEE3480FEED34FFFDEC34FFFCD082D0831246F380AD900CA8E0FCA3E0FDA3E0FEA3E0FF850883850982E0F8A3E0F9A3E0FAA3E0FB1244FF124D00900097
:405BC00004024731900A35EBF0A3EAF0A3E9F0E4900A39F0A3F0900B0FE0600312AE6D9151EF5401440AFF124CFA900A35E0FBA3E0FAA3E0F9126FA4F113EF5408FF900AB5
:405C000038E06F60F3EFF0A374FFF5F01244CA45F070E5900A3904F0A374E0F07B007A007900126FA480D12212B164EF6012900B0FE0701C7D02FF12A7F7126902027FB5D3
:405C4000900B0FE0600AE4900CECF0F18412AE6D22906577E0FF22E4900A26F0A3F0A3F0A3F0A3F0A3F0A3F0A3740AF051791262671270EA900A02E0FFB4430C900A27E05C
:405C80006F6002EFF012A1BCF113EF5408FF900A24F0A3E06F60D7A3E0FF04F0EFB407004002A17A905CABF8282873025CC0025CC4025D08025D28025D2D025D3A025D4FD0
:405CC000B18A80AA900A02E0FF644360A1900A27E06F60309151EF54FEFF124CFA9151EF4402FF124CFA9151900A2BEFF04408F04410FFF0124CFAE4900CECF0900A02E05F
:405D0000900A27F0F119816E128FDE9009A6E0FF900998E06F7002816EEFF0E075F064A4FFAEF012BD50816E1274CB816E9009FFE06002816E12902B816E12A00A12B963B5
:405D4000EF7002816E7BFF7A4C79F671C4816E900A02E064436016900A98E0FCA3E0FDA3E0FEA3E0FF1280A09009FFEFF0F113EF30E202816E12B8FA816E9128E4900A2627
:405D8000F0900A24E0A3F0816E22900CA374FF1246C0E4FBFAF9F8C312464D7010900C9AF07F887E13FDFC900CA31246F3900C9FE07002A3E0601E900CA0E024FFF0900C9B
:405DC0009FE034FFF0E07002A3E070099151EF547FFF124CFA900C9EE0600414F08023900C9AE0FF900CA1E06F6017900C9D7401F0A374C8F0E47F887E13FDFC900CA31248
:405E000046F3900C98E0147002C197147002C1E624026002E112F113EF30E407900C99E004F022900C99E0FFC394554029EFD394735023900C987401F0A37414F0900CA100
:405E4000E0900C9AF0A3F0A37404F09151EF54DF4440FF024CFAE4900C99F0900C9DE07008900CA2E07002E1129151EF4480FF124CFA900CA2E0600C900C9F7403F0A37463
:405E8000E8F08009900C9FE4F0A3740AF0E4900CA2F0900C9DF022900C99E014F0E07072900C9CE060319151EF4420FF124CFA900C9BE0FF30E308900C997408F08006900C
:405EC0000C997403F0EF25E0900C9BF0A3E014F0900C987402F0229151EF549FFF124CFAE4900C98F022900C99E014F0E07023900C9CE06008900C997403F08006900C9990
:405F0000740AF09151EF54DFFF124CFA900C987401F022906463E0FF22900CEAE024FE602624F8603214604D240B7057900CECE06051900CEBE0704B900CEA7402F0915109
:405F4000EF54FDFF024CFA9151EF54F7FF124CFA900CEA740AF022900CECE07026900CEBE070209151EF54FE4408FF124CFA900CEA740BF0229151EF4402FF124CFAE4905D
:405F80000CEAF0227DF07F40127F3A900A35EFF012B8D512B89B900CF5E0FFF1C5900CF4E0FFF1C5900CF7E0FFF1C5900CF6E0FFF1C5900CF8E0FFF1C512B8E912B8AF90B1
:405FC0000A35E0FF227E01EFC39418502875F010EFA42410F582E5F03470F583E054FEF075F010EFA42410F582E5F03470F583E054DFF0E41EAF062290FFFC124731124659
:40600000F390FFF61247317B01900006124755A982AA83850883850982EBF0A3EAF0A3E9F07B0190000A124755A982AA83900003124755EBF0A3EAF0A3E9F0900003124735
:4060400055E0FBA3E0FAA3E02403F9E43AFA124477FF850883850982E0FBA3E0FAA3E0F9EF124490900003124755E0FBA3E0FAA3E02402F9E43AFA124477FF850883850966
:4060800082E0FBA3E0FAA3E02401F9E43AFAEF124490900003124755E0FBA3E0FAA3E02401F9E43AFA124477FF850883850982E0FBA3E0FAA3E02402F9E43AFAEF12449053
:4060C000900003124755E0FBA3E0FAA3E0F9124477FF850883850982E0FBA3E0FAA3E02403F9E43AFAEF124490900006124755E0FCA3E0FDA3E0FEA3E0FF90000E024731FC
:40610000900A2FEBF0A3EAF0A3E9F0900A2EEFF024FFFFE434FFFEEFC4F8540FC868FFEEC454F048900A34EFF02488FFE43460FAA907900A367401F0A3EAF0A3E9F0900C25
:40614000E8E030E008900A357491F08006900A3574D1F0900A32E0FCA3E0FDECFF900A2EE0FE75F00BA42438F582E5F03409F583E04FFF900A34E0FB240CF582E43460F5DC
:4061800083EFF0ED740D2BF582E43460F583EDF074222EF582E4340BF583E0FF125FC5900A2EE02406F582E4340BF583E0FBFF900A32E0FCA3E0FD900A35E0900A3DF0D188
:4061C0000E900A2EE02406F582E4340BF583E0FFC007900A2FE0FBA3E0FAA3E0F9FFAE02EAE4AD07AC06C005900A36E0FBA3E0FAA3E0F9FFEAE4AB07D005D0077120900AC8
:406200002EE02422F582E4340BF583E0FF126B79900A2EE0FE2422F582E4340BF583E0FF74062EF582E4340BF583E0FDF1E0900A2EE02422F582E4340BF583E0FF7D01B1D0
:40624000C3900A2EE075F00BA42436F582E5F03409F583E4F0900A34E02480F582E43460F583E04401F0227F0312AFC7EF6012900CE9E0701C7F0351D2900CE97401F08015
:4062800010900CE9E0600A7F0312B146E4900CE9F012AFBAEF60047F0351D27F03710FEFB401151269CD900A327401F0A37480F07F03F1FE7F0351D27F02710FEFB4011121
:4062C000126B5D900A327401F0A37480F07F02310022EFD394004036EF94095031EF75F00BA42436F582E43409F583E4F0EF75F00BA4243AF582E43409F583E0FE75F0105A
:40630000EFA424FEF582E5F0345FF583EEF022EF75F00BA42436F582E43409F583E0FF22900A3AECF0A3EDF0A3EAF0A3EBF0900A39EFF0900A3E7401F0EFC39480505390D0
:406340000A39E075F008A42404FFE5F03478FE900A3FF0A3EFF0AA06F97B01900A3AE0FCA3E0FD124D4C900A39E075F008A42406FFE5F03478FE900A3FF0A3EFF0AA06F998
:406380007B01900A3CE0FCA3E0FD124D4CE4900A3EF0900A3EE0FF22E4900A2EF0900A2EE0FFC394034002813FEF6402703FE02407F582E43409F583E0FF900907E0FBE403
:4063C000900A3DF07D01FCD10E900A2EE02407F582E43409F583E0FF7B017A097903E9EAE4AD01AC027B477A647120804A900A2EE0FE2407F582E43409F583E0FF74082EC8
:40640000F582E43409F583E0FB900A3D7404F07D017C00D10E900A2EE02407F582E43409F583E0FF7B017A09790BE9EAE4AD01AC027B477A647120900A2EE004F0619D90A6
:406440000CF7E0FF126B79900CF7E0FF900907E0FDF1E0E4900A2EF0900A2EE0FFC394034002A178EF04A3F0C39403402EE4F0900A2EE0240FF582E43409F583E0FF900A06
:406480002FE0240FF582E43409F583E0FB900A3D7405F07D807C01D10E8029900A2EE0240FF582E43409F583E0FF900A2FE0240FF582E43409F583E0FB900A3D7401F07D23
:4064C00080FCD10E900A2EE0FB75F080A42483F582E5F03404F583EB2583F583FEE582EEE4AD82AC06C005740F2BF582E43409F583E0FF7B017A09790BE9EAE4AB01D00532
:406500007120900A2EE02400F582E43400F583E0FF900A2FE02400F582E43400F583E0FB900A3D7402F07D807C01D10E900A2EE0F975F080A42483F582E5F03404F583E91D
:406540002583F583FEE582EEE4AB82AA06C002C003740029F582E43400F583E0FF7B017A097903E9EAE4AD01AC02D003D0027120900A2EE004F08158900CF6E0FF126B793F
:40658000900CF6E0FF90090FE0FDF1E0900CF8E0FF126B79900CF8E0FF900000E0FDF1E0900CF8E0FF7D01B1C3900CF6E0FF7D0112B93E900CF6E0FF7D01B1C3900CF7E0C7
:4065C000FF7D017E01EFC394185040ED601575F010EFA42410F582E5F03470F583E04420F0801375F010EFA42410F582E5F03470F583E054DFF075F010EFA42410F582E5A5
:40660000F03470F583E04401F0E4FEAF0622900A3AECF0A3EDF0A3EBF0900A39EFF0900A3E7401F0EFC394805065900A3AE054F0A3705C900A39E075F008A42400FFE5F045
:406640003478FE900A3FF0A3EFF0AA06F97B01900A3AE0FCA3E0FD124D4C900A3CE0FF900A39E0FE75F008A42402F582E5F03478F583EFF0900A3DE0FF75F008EEA424035D
:40668000F582E5F03478F583EFF0E4900A3EF0900A3EE0FF22E4900A2EF0900A2EE0FFC394035070EFB4021C2404F582E43409F583E0FF900904E0FBE4900A3DF07D01FC34
:4066C000D10E8028900A2EE0FE2404F582E43409F583E0FF74052EF582E43409F583E0FB900A3D7404F07D017C00D10E900A2EE02404F582E43409F583E0FF7B017A097975
:406700000AE9EAE4AB017D4B7C657120900A2EE004F08086900CF5E0FF126B79900CF5E0FF900904E0FDF1E0E4900A2EF0900A2EE0FFC394034002E1BAEF04A3F0C3940395
:406740004002E4F0900A2EE0240CF582E43409F583E0FF900A2FE0240CF582E43409F583E0FB900A3D7402F07D807C01D10E900A2EE0F975F080A42403F582E5F03400F51C
:4067800083E92583F583FEE582EEE4AB82AA06C002C003740C29F582E43409F583E0FF7B017A09790AE9EAE4AD01AC02D003D0027120900A2EE004F0E12D900CF4E0FF1226
:4067C0006B79900CF4E0FF90090CE0FDF1E0900CF4E0FF7D01B1C3900CF5E0FF7D01A1C37E01EFC39418501375F010EFA42419F582E5F03470F583EDF0E41EAF0622900A03
:406800002FEBF0A3EAF0A3E9F0900A2EEFF024FFFFE434FFFEEFC4F8540FC868FFEEC454F048EF2488FFE43460FAA907900A357401F0A3EAF0A3E9F0900CE8E030E1089006
:406840000A347492F08006900A3474D2F0900A2EE02422F582E4340BF583E0FF125FC5900A2EE02406F582E4340BF583E0FBFF900A32E0FCA3E0FDA3E0900A3DF012660E8F
:40688000900A2EE02406F582E4340BF583E0FFC007900A35E0FBA3E0FAA3E0F9FFAE02EAE4AD07AC06C005900A2FE0FBA3E0FAA3E0F9FFEAE4AB07D005D007126320900A0C
:4068C0002EE02422F582E4340BF583E0FF7179900A2EE0FE2422F582E4340BF583E0FF74062EF582E4340BF583E0FD1267E0900A2EE02422F582E4340BF583E0FF7D01023D
:4069000065C3900B08E0B4FF06715D7F02312F900B09E0B4FF0631CD7F03312FE4900CE9F031CDE4900A32F0A3F07F030267FE900A2EEFF0E4A3F0A3F0A3F0A3F0EF24FDCD
:40694000602F047056900A2FE0FAA3E0FBA3E0FFA3E0900A37CFF0A3EFF07D017F20F12C900A2EE02422F582E4340BF583EFF0802A900A2FE0FAA3E0FBA3E0FFA3E0900A03
:4069800037CFF0A3EFF07D017F20D1E5900A2EE02422F582E4340BF583EFF0900A2EE0FFD394004027EF9409502231E3900A2EE02406F582E4340BF583EFF031E3900A2E87
:4069C000E02410F582E4340BF583EFF02271737E007C017D801244A274832FF974043EFA7B0122900A3774FFF0124CC0900CD3E0D394184023900CD2E0FE900A37F0900C03
:406A0000D3E014F075F008EEA42400F582E5F03478F583E0900CD2F0124CA8900A37E0FF22E4900A3AF0A3F0FBFA7D017F01B11FE4900A3AF0A3F0FBFA7D017F01B1DEE457
:406A4000900A3AF0A3F0FBFA7D017F01D19EE4900A35F0900A35E0C39403501931E3900A35E02407F582E43409F583EFF0900A35E004F080DEE4900A35F0900A35E0C394C1
:406A800003501931E3900A35E0240FF582E43409F583EFF0900A35E004F080DEE4900A35F0900A35E0C39403501931E3900A35E02400F582E43400F583EFF0900A35E004EF
:406AC000F080DE22E4900A3AF0A3F0FBFA7D017F0191D8E4900A3AF0A3F0FBFA7D017F019151E4900A35F0900A35E0C39403501931E3900A35E02404F582E43409F583EF80
:406B0000F0900A35E004F080DEE4900A35F0900A35E0C39403501931E3900A35E0240CF582E43409F583EFF0900A35E004F080DE22713A51C45121025F84900CF3E070084C
:406B4000F191900CF37401F0124CC0906499E04420F0124CA890657BE04404F02271737E007C017D801244A274032FF974003EFA7B0122906465E0FF227E01EFC3941850CC
:406B80002875F010EFA42414F582E5F03470F583E04404F075F010EFA42410F582E5F03470F583E04401F0E41EAF0622900A35EFF07FF47E3DF17331E3900A36EFF0E0FB7D
:406BC000FFE4900A3DF07D01FC12660E900A36E0FF7B227A427D677C64126320900A35E0FFA3E0FD1267E0900A35E0FF7D010265C3E4900A39F0A3F0FBFA7D017F01910DE2
:406C000071ACF182E47F01FEFDFC025B3D900A37EAF0A3EBF0AE05E4900CF9F0AD07AF06AB07900A3FF0A3F0A3F0FFD125900CF9E0FF900A37E0FCA3E0FDA3E0FAA3E0FBEF
:406C4000B166900CF9E0FFE4FD9198900CF9E0FF22900A38EAF0A3EBF0AE05900CF47403F0AD07AF06AB07E4900A3FF0A3F0A3F07F03D125900CF4E0FF900A38E0FCA3E00F
:406C8000FDA3E0FAA3E0FBB166900CF4E0FF7D019198900CF4E0FF22AC077B01ECC39418503375F010ECA42410F582E5F03470F583E054F1FAED540725E0FFE433AE02EF4F
:406CC0004AFF75F010ECA42410F582E5F03470F583EFF0E41BAF0322900A38EAF0A3EBF0AE05900CF57404F0AD07AF06AB07900A3FF0E4A3F0A3F07F04D125900CF5E0FF4B
:406D0000900A38E0FCA3E0FDA3E0FAA3E0FBB166900CF5E0FF7D019198900CF5E0FF22900A38EAF0A3EBF0AE05900CF67405F0AD07AF06AB07900A3FF0E4A3F0A3F07F0520
:406D4000D125900CF6E0FF900A38E0FCA3E0FDA3E0FAA3E0FBB166900CF6E0FF7D019198900CF6E0FF22900A3DECF0A3EDF0A3EAF0A3EBF0900A3CEFF0900A417401F0EFAF
:406D8000C394185053900A3CE075F008A42404FFE5F03476FE900A42F0A3EFF0AA06F97B01900A3DE0FCA3E0FD124D4C900A3CE075F008A42406FFE5F03476FE900A42F0CC
:406DC000A3EFF0AA06F97B01900A3FE0FCA3E0FD124D4CE4900A41F0900A41E0FF22900A38EAF0A3EBF0AE05900CF77406F0AD07AF06AB07900A3FF0E4A3F0A3F07F06D163
:406E000025900CF7E0FF900A38E0FCA3E0FDA3E0FAA3E0FBB166900CF7E0FF7D019198900CF7E0FF22AC077A01ECC39418506CEB540175F080A4FFED547F4FFF75F008EC5A
:406E4000A42400F582E5F03476F583EFF0900A40E0540F75F010A4FF900A3FE0540F4FFF75F008ECA42401F582E5F03476F583EFF0900A41E0540FFF75F008ECA42402F5BA
:406E800082E5F03476F583EFF075F008ECA42403F582E5F03476F583E4F01AAF0222900A38EAF0A3EBF0AE05900CF87407F0AD07AF06AB07E4900A3FF0A3F0A3F07F07D106
:406EC00025900CF8E0FF900A38E0FCA3E0FDA3E0FAA3E0FBB166900CF8E0FF7D019198900CF8E0FF22900A35EAF0A3EBF0AE05900CFB7402F0AD07AF06AB07900A3FF0E46C
:406F0000A3F0A3F07F02D125900CFBE0FF900A35E0FCA3E0FDA3E0FAA3E0FBB166900CFBE0FF7D029198900CFBE0FF22900A35EAF0A3EBF0AE05900CFC7401F0AD07AF060B
:406F4000AB07900A3FF0E4A3F0A3F07F01D125900CFCE0FF900A35E0FCA3E0FDA3E0FAA3E0FBB166900CFCE0FF7D029198900CFCE0FF22AD07AC06EC906579F0EF9065789E
:406F8000F0229064947420F0906493F0906492F022906587E054F8F0E0F090658BE054F8F0E0F022EA494B6015E4900BB4F0900BB7F0900BB9EBF0A3EAF0A3E9F022900B71
:406FC000B7E014700302706A14700302709B1470030270CD240360030270E9900BB9E0FBA3E0FAA3E0F9900BB4E0FFE92FF9E43AFA1244777004900BB4F0900BB9E0FBA387
:40700000E0FAA3E0F9900BB4E0FF04F0E92FF9E43AFA124477FFC39461400AEFD3947A500474E02FFFEFC394224006EFD3945A4008900BB57407F0800F749A2FF582E4347F
:407040000BF583E0900BB5F0900BB5E0FF5407A3F070037406F0EFB40710900BB87402F0E4900BB6F0A37403F022900BB5E0FF30E708900BB87403F08006900BB87401F069
:40708000EF25E0900BB5F0A3E014F0125C51EF54FEFF124CFA900BB77402F0900BB8E07025900BB77403F0900BB6E07008900BB87402F08005E4900BB8F0125C51EF440184
:4070C000FF124CFA8007900BB8E014F022900BB8E07010900BB6E07003A3F022900BB77401F022900BB8E014F022906461E0FD7C0020E00241C6906464E0FEE42DFDEC3EF6
:40710000FCFEAF05ED2410FFEE34AA900A2EF0A3EFF0900CB8E0FEA3E0FF900A2EE0FCA3E0FDC39FFFEC9EA3F0A3EFF0EC1243BD7B177AB779D178391242121243F6900A9C
:4071400032EEF0A3EFF0900A30E0FCA3E0FDEC1243BDE4FBFAF9783F1242121243F6900A2EE0FDA3E0900CB8CDF0A3EDF0900A33E02FFF900A32E03EFE900CB7E02FF090C1
:407180000CB6E03EF0D3A3E094E8900CB6E0943F4007743FF0A374E8F0C3900CB7E0940C900CB6E0943A5007743AF0A3740CF0900CBBE07002A3E0700241BB900CBAE06081
:4071C0002FE4900CB6F0A3F0900CBAE014F0600241BB125C51EF54FEFF124CFA900CB6743DF0A374F4F07D017F0C7E0051C741BB900CBCE024FFF0900CBBE034FFF0900AF0
:4072000030E0FEA3E0FFC3EE64809480500FC3900CBEE09FF0900CBDE09EF08014900A30E0FEA3E0FF900CBEE02FF0900CBDE03EF0900CBDE0C313FEA3E013FF900CBDEEFC
:40724000F0A3EFF0C39402EE94005018A3E07002A3E0602D900CC0E024FFF0900CBFE034FFF0801DD3900CBEE09407900CBDE09400400E900CC0E004F07006900CBFE00462
:40728000F0D3900CC0E09432900CBFE09400402BE4900CBDF0A3F0A3F0A3F0900CBA74C8F0A3740BF0A374B8F0125C51EF4401FF124CFA7D017F0D7E0051C7900CB6E0FE7C
:4072C000A3E0FF126F7322900A34EEF0A3EFF0A3EDF071F3900A38EFF071FB900A39EEF0A3EFF0900A34E0FCA3E0FD6F7002EC6E700261F29043A2E05401900A37F0A3E07C
:40730000703AA3E0FEA3E0FF4E6004ED4C702DEF4E70117B027A407980124D4C904082E054BFF022904082E04440F07B027A407980900A34E0FCA3E0FD024D4C900A37E0DC
:407340006053904001E4F090401004F0904014E4F0904008E0547FF0904082E05408600A900A34E07002A3E0702B7B027A407902900A39E0FCA3E0FD124D4C9040017407A0
:40738000F0904001E0540170F89043A2E054FEF0904001E4F09043A2E05401602F7B027A407902900A34E0FCA3E0FD124D4C900A36E060047F0280027F00EF4401904001D8
:4073C000F0904001E05401602980F6227B027A407980900A34E0FCA3E0FD124D4C9043A2C083C082E0FF900A37E0FEEF4ED082D083F022904082E05407FF227B027A407997
:4074000080024D3D900A321246F3E4FFFEFDFC900A461246F3900A32E0FCA3E0FDA3E0FEA3E0FF125FF8E41243B8E4FBFAF9784A12431B900A361246F3900A36E0FCA3E051
:40744000FDA3E0FEA3E0FF1243F6900A3A1246F37F007E247D747C49900A36E0F8A3E0F9A3E0FAA3E0FB1242121243F67B407A42790F7800124BC3AC00AD01AE02AF039018
:407480000A421246F37F407E427D0F7C00900A3AE0F8A3E0F9A3E0FAA3E0FB1244FF900A42E0F8A3E0F9A3E0FAA3E02FFFEA3EFEE93DFDE83CFC900A3E1246F3900A3EE094
:4074C000FCA3E0FDA3E0FEA3E0FF22900A73E0147002A1F7147002C15024026002E1B8900AADE0FCA3E0FDA3E0FEA3E0FF900A74E0F8A3E0F9A3E0FAA3E0FBC312464D704D
:4075000002A1F0124CC0AB07900AADE0FCA3E0FDA3E0FEA3E0FF900A741246F3AF03124CA8900C4DE014603804704C900A74E0FCA3E0FDA3E0FEA3E0FF9104900A2E1246DA
:40754000F3900A2EE0FCA3E0FDA3E0FEA3E0FFE47B04FAF9F812458A900A2E1246F38017900A74E0FCA3E0FDA3E0FEA3E0FF125FF8900A2E1246F3E47F64FEFDFC900A2EA9
:40758000E0F8A3E0F9A3E0FAA3E0FBD312464D405F900A2EE0FCA3E0FDA3E0FEA3E0FF900A98E0F8A3E0F9A3E0FAA3E0FB12464D603E900A2EE0FCA3E0FDA3E0FEA3E0FF53
:4075C000900A981246F3900A98E0FCA3E0FDA3E0FEA3E0FF900C691246F3900A98E0FCA3E0FDA3E0FEA3E0FF1288C8900AA1EFF0900A73E004F022900ACFE0FF900A7CE0DF
:407600006F6047900ACFE014601614601F1460282403702E900A807401F0A37490F08022900A807402F0A37458F08016900A807403F0A37420F0800A900A807403F0A37476
:40764000E8F0900ACFE0900A7CF0900A73E004F0900A98E0FCA3E0FDA3E0FEA3E0FF900A78E0F8A3E0F9A3E0FAA3E0FBC312464D7002E1B3900A98E0FCA3E0FDA3E0FEA3F0
:40768000E0FF900AC71246F3900A02E024BD7002E15924F77002E11C24F7604324146002E19F900AC7E0FCA3E0FDA3E0FEA3E02454FFEE342EFEE43DFDE43CFCC007900AB3
:4076C000C6E0FFFB3395E0FAF9F8D007C3EF9BFFEE9AFEED99FDEC98FCA31246F3E19F900AC7E0FCA3E0FDA3E0FEA3E024E0FFEE342EFEE43DFDE43CFCC007900AC6E0FFEB
:40770000FB3395E0FAF9F8D007C3EF9BFFEE9AFEED99FDEC98FCA31246F3E19F900AC7E0FCA3E0FDA3E0FEA3E024E0FFEE342EFEE43DFDE43CFCC007900AC6E0FFFB33958C
:40774000E0FAF9F8D007C3EF9BFFEE9AFEED99FDEC98FCA31246F38046900AC7E0FCA3E0FDA3E0FEA3E024E0FFEE342EFEE43DFDE43CFCC006C007900A80E0FEA3E0FFFB90
:40778000AA06EA3395E0F9F8D007D006C3EF9BFFEE9AFEED99FDEC98FC900AA91246F3900A98E0FCA3E0FDA3E0FEA3E0FF900A781246F3E4900A73F022900A4EEFF0A3ED3E
:4077C000F0900B38E0B408004003027AB19077D4F82828730277EC02794F0279740279A60279D50279FB027A5F027A8E900A54E0FCA3E0FDA3E0FEA3E0FFE41243B8C00438
:40780000C005C006C007900A50E0FCA3E0FDA3E0FEA3E0FFE41243B8D003D002D001D00012431BE4FBFAF978431242121243F6900B2C1246F3900A4FE0FF7E007C007D80F7
:40784000124762900B2CE0F8A3E0F9A3E0FAA3E02FFFEA3EFEE93DFDE83CFCE42FFFEE34FEFEED34FFFDEC34FFFC900B2C1246F3900A54E0FCA3E0FDA3E0FEA3E0FFE412DE
:4078800043B8C004C005C006C007900A50E0FCA3E0FDA3E0FEA3E0FFE41243B8D003D002D001D00012431BE4FBFAF978431242121243F6900B301246F3900B30E0FCA3E049
:4078C000FDA3E0FEA3E0FF900A54E0F8A3E0F9A3E0FAA3E0FB1244FFC004C005C006C007E47F80FEFDFC900A50E0F8A3E0F9A3E0FAA3E0FB1244FFD003D002D001D000C36F
:40790000EF9BFFEE9AFEED99FDEC98FC900B301246F3900A54E0FCA3E0FDA3E0FEA3E0FF900B341246F3900B34E0FCA3E0FDA3E0FEA3E0E4FFEEE4FDFC780812465EAD07F1
:40794000900A4EE0FF51B7900B38E004F041B1900A4EE004FFC007900B34E0FCA3E0FDA3E0FEA3E0FFE4AD07D00751B7900B38E004F041B1900A4EE02402FFC007900B2C54
:40798000E0FCA3E0FDA3E0FEA3E0E4FFFEED5403FDE4FC781012465EAD07D00751B7900B38E004F041B1900A4EE02403FFC007900B2CE0FCA3E0FDA3E0FEA3E0E4FFEEE46A
:4079C000FDFC780812465EAD07D00751B7900B38E004F041B1900A4EE02404FFC007900B2CE0FCA3E0FDA3E0FEA3E0FFE4AD07D00751B7900B38E004F041B1900A4EE02454
:407A000005FFC007900B30E0FCA3E0FDA3E0FEA3E0E4FFFEED540FFDE4FC781012465EC004C005C006C007A3E0FCA3E0FDA3E0FEA3E0E4FFFEED540FFDE4FC780C12465EA3
:407A4000D003D002D001D000EF4BFFEE4AED49EC48AD07D00751B7900B38E004F08052900A4EE02406FFC007900B30E0FCA3E0FDA3E0FEA3E0E4FFEEE4FDFC780812465E12
:407A8000AD07D00751B7900B38E004F08023900A4EE02407FFC007900B30E0FCA3E0FDA3E0FEA3E0FFE4AD07D00751B7E4900B38F0900B38E0FF22900A5A7401F0E4A3F044
:407AC000900A58EFF0A3EDF07B017A0A7958900A607402F0E4A3F07F60F1F1900A5BEFF0F11CEF30E1FAF1EBEF64026005E4900A5AF0900A5AE0FF22900A35EFF0E4900A72
:407B00003AF0FF7ED77DA37C70125FF8900AB11246F3900A35E0FD7FB751B7900A3AEFF0700261C7E4FFFEFDFC900A36E0F8A3E0F9A3E0FAA3E0FBC312464D6014900A36E0
:407B4000E0FCA3E0FDA3E0FEA3E0FF900AC21246F37D807F1051B7900A3AEFF07D807F1151B7900A3AEFF07D807F1251B7900A3AEFF07D0C7F1051B7900A3AEFF07D0C7F4C
:407B80001151B7900A3AEFF07D0C7F1251B7900A3AEFF0E4FDFF1289F1E4FFB1E67F01B1E6E4FD7F01128A82E4FD7F02128A82E4FD7F01D101E4FD7F02D101E4FD7F01D18F
:407BC00039E4FD7F02D139900A3AE0FF7E0022900A4EEFF0900B45E0B408004002A1E0907BE6F8282873027BFE027C6A027C8F027CD5027D04027D2A027D8E027DBDE47F40
:407C000080FEFDFC900A4FE0F8A3E0F9A3E0FAA3E0FB1244FFE42FFFEE34FEFEED34FFFDEC34FFFC900B391246F3E4FFFEFDFC900B3D1246F3E47F01FEFDFC900B4112462D
:407C4000F3900B41E0FCA3E0FDA3E0FEA3E0E4FFEEE4FDFC780812465EAD07900A4EE0FF51B7900B45E004F0A1E0900A4EE004FFC007900B41E0FCA3E0FDA3E0FEA3E0FF6C
:407C8000E4AD07D00751B7900B45E004F0A1E0900A4EE02402FFC007900B39E0FCA3E0FDA3E0FEA3E0E4FFFEED5403FDE4FC781012465EA804A905AA06AB07900A53E0FF68
:407CC000E4EB4FFFEAE9E8AD07D00751B7900B45E004F0A1E0900A4EE02403FFC007900B39E0FCA3E0FDA3E0FEA3E0E4FFEEE4FDFC780812465EAD07D00751B7900B45E0C4
:407D000004F0A1E0900A4EE02404FFC007900B39E0FCA3E0FDA3E0FEA3E0FFE4AD07D00751B7900B45E004F0A1E0900A4EE02405FFC007900B3DE0FCA3E0FDA3E0FEA3E04A
:407D4000E4FFFEED540FFDE4FC781012465EC004C005C006C007A3E0FCA3E0FDA3E0FEA3E0E4FFFEED540FFDE4FC780C12465ED003D002D001D000EF4BFFEE4AED49EC4835
:407D8000AD07D00751B7900B45E004F08052900A4EE02406FFC007900B3DE0FCA3E0FDA3E0FEA3E0E4FFEEE4FDFC780812465EAD07D00751B7900B45E004F08023900A4E04
:407DC000E02407FFC007900B3DE0FCA3E0FDA3E0FEA3E0FFE4AD07D00751B7E4900B45F0900B45E0FF22900A3BEFF070067D207FB141B7900A3BE0B401067D807FB151B7DB
:407E000022900A3CEDF0900A3BEFF02410FF7B017A0A793DD194900A3CE0B40107A3E0547FF08007900A3DE04440F0900A3BE02410FF900A3DE0FD41B7900A3BEFF0A3ED29
:407E4000F07B017A0A793D7F03D194EF7045900A3CE0B4011BA3E0FF900A3BE0FE7401A806088002C333D8FCF45F900A3DF0801A900A3DE0FF900A3BE0FE7401A8060880D7
:407E800002C333D8FC4F900A3DF0900A3DE0FD7F0351B722900A3FEFF0A3EBF0A3EAF0A3E9F0E4A3F0A3F07B01A304F0A3740AF0A3743FF0F11C900A44EFF064806057A3D5
:407EC000E0FBA3E0FAA3E0F9900A607401F0E4A3F07F60F1F1900A44EFF0F11CEF30E1FA900A44E07030900A40E0FBA3E0FAA3E0F9900A4C7401F0E4A3F07F6012B7D59078
:407F00000A44EFF0F11CEF30E0FA900A44E06006900A437401F0900A43E0FF229044C97480F0900CCAE0FF900CEDE054406004EF4404FF9044C17480F022900A36EFF0A380
:407F4000EDF0E4900A3AF0A3F0A3F0900A3AE0FFC39402505DEF14602E0470EF900A36E0900A38F0900A37E0900A39F07B017A0A7938900A607402F0E4A3F07F46F1F19004
:407F80000A3AE004F080C4F11CEF30E708900A3AE014F0800AEF30E106900A3AE004F0900A3B74FFF5F01244B445F0709E7F012280997F00227DC07F40F13A7D807F45F1AB
:407FC0003A7DFF7F41F13A7DFF7F42F13A12669512639812B8C0124CC0906597E04410F0124CA890657BE04401F022900CC6E0FF22900A5DEBF0A3EAF0A3E9F0AC077D02F9
:40800000900A5DE0FBA3E0FAA3E04A4B7002019D900CEDE0B4100F9049D9E054087003FD801A7D018016900CEDE0B4600FE4FD9044D97480F0900CCAE054F7F0ED705E90B7
:408040000CED7445F0E4900CC6F0900A60E0900CC9F0900A5DE0F9A3E0FAA3E0900CC2C9F0A3EAF0A3E9F0900A61E0FF900CC7F0900CCAE054FDF0AE04EE25E09049D8F01F
:40808000EF5401600CA37412F09049D77404F080069049D97401F09044C17480F0AF0522900A351246F37F407E787D7D7C01900A391246F3900B66E014700241241470023D
:4080C000E1DF14700302883514700302886C1470030288A8240560030288C29009A5E024FE601D14604124037056900A35E0FCA3E0FDA3E0FEA3E0FF900B6D1246F38040CC
:40810000900A35E0FCA3E0FDA3E0FEA3E02464FFE43EFEE43DFDE43CFC900B6D1246F39009A57403F08019900A35E0FCA3E0FDA3E0FEA3E0FF900B6D1246F3E49009A5F00B
:40814000900CECE0600221CE900A03E0FCA3E0FDA3E0FEA3E0FF900B6DE0F8A3E0F9A3E0FAA3E02FFFEA3EFEE93DFDE83CFC900B5BE0F8A3E0F9A3E0FAA3E0FBC312464DAA
:4081800070030288C2900A03E0FCA3E0FDA3E0FEA3E0FF900B6DE0F8A3E0F9A3E0FAA3E02FFFEA3EFEE93DFDE83CFC900B691246F3900B69E0FCA3E0FDA3E0FEA3E0FF90CF
:4081C0000B5B1246F3900B66E004F00288C2900B6DE0FCA3E0FDA3E0FEA3E0FF900B5BE0F8A3E0F9A3E0FAA3E0FBC312464D70030288C2900B6DE0FCA3E0FDA3E0FEA3E072
:40820000FF900B691246F3900B6DE0FCA3E0FDA3E0FEA3E0FF900B5B1246F3900B66E004F00288C2900A96E0900B67F0900A7FE0900B68F0E0FC1243C2E4FBFA79C8784272
:4082400012431B900A411246F3900A41E0F8A3E0F9A3E0FAA3E0FBC000C001C002C003900B67E0FC1243C2D003D002D001D000124121900A411246F3900B69E0FCA3E0FD03
:40828000A3E0FEA3E0FFE41243B87B007A247974784912431B900A3D1246F3900A41E0FCA3E0FDA3E0FEA3E0FF900A3DE0F8A3E0F9A3E0FAA3E0FB124212E4FBFA79807861
:4082C000C0124212900A3D1246F3900A3DE0FCA3E0FDA3E0FEA3E0FF1243F6900A491246F3E4FFFEFDFC900A49E0F8A3E0F9A3E0FAA3E0FBC31246375051E47B04FAF9F83A
:40830000900A49E0FCA3E0FDA3E0FEA3E0FF124BC3AC00AD01AE02AF03E4FBFAF9F8C3124637700261B6900A49E0FCA3E0FDA3E0FEA3E0FFE40BF8EF2BFFEA3EFEE93DFDEF
:40834000E83CFC900A491246F380AFE4FFFEFDFC900A49E0F8A3E0F9A3E0FAA3E0FBD31246374052E47B04FAF9F8900A49E0FCA3E0FDA3E0FEA3E0FF124BC3AC00AD01AEC8
:4083800002AF03E4FBFAF9F8C31246376028900A49E0FCA3E0FDA3E0FEA3E0FF74FFEF24FFFFEE34FFFEED34FFFDEC34FFFC900A491246F380AE900B69E0FCA3E0FDA3E009
:4083C000FEA3E0FFE47B04FAF9F81244FF900B691246F3900B69E0F8A3E0F9A3E0FAA3E0FB900A49E0FCA3E0FDA3E0FEA3E0FFEB2FFFEA3EFEE93DFDE83CFC900B69124698
:40840000F3E4900B63F0900A4DF07F06FEFDFC900B5FE0F8A3E0F9A3E0FAA3E0FBC312464D500281E3E4FFFEFDFC900B69E0F8A3E0F9A3E0FAA3E0FBD312464D500281E362
:40844000900B5FE0F8A3E0F9A3E0FAA3E0FB7F007EE97DA47C3512458A900B69E0F8A3E0F9A3E0FAA3E0FBD312464D5076900B69E0FCA3E0FDA3E0FEA3E0FF900B5FE0F854
:40848000A3E0F9A3E0FAA3E0FB1244FF900B461246F37F007E467DC37C23900B46E0F8A3E0F9A3E0FAA3E0FBC312464D4035900A39E0F8A3E0F9A3E0FAA3E0FB900B46E0B2
:4084C000FCA3E0FDA3E0FEA3E0FF12458A900B4EEFF0C3940F400CE0D3945A5006900A4D7401F0900A4DE06020900B5FE0FCA3E0FDA3E0FEA3E0FF900B571246F3900B6384
:408500007401F0900AA1F0C1E5900B69E0F8A3E0F9A3E0FAA3E0FB7F807E177DB47C2C12458A900B571246F3E47F06FEFDFC900B57E0F8A3E0F9A3E0FAA3E0FBC312464D1E
:40854000500CE47F06FEFDFC900B571246F3E47F087E07FDFC900B57E0F8A3E0F9A3E0FAA3E0FBD312464D400DE47F087E07FDFC900B571246F3900B57E0FCA3E0FDA3E01C
:40858000FEA3E05401FFE4FEFDFCEF6026900B57E0FCA3E0FDA3E0FEA3E0FF74FFEF24FFFFEE34FFFEED34FFFDEC34FFFC900B571246F3E47F06FEFDFC900B57E0F8A3E080
:4085C000F9A3E0FAA3E0FBC312464D500CE47F06FEFDFC900B571246F3900B69E0FCA3E0FDA3E0FEA3E0FF900B57E0F8A3E0F9A3E0FAA3E0FB1244FF900B461246F37F0082
:408600007EE97DA47C35900B46E0F8A3E0F9A3E0FAA3E0FBD312464D501B7F007E467DC37C23900B46E0F8A3E0A3E0A3E0C312464D4002C1DC900B69E0F8A3E0F9A3E0FA6E
:40864000A3E0FB7F007EE97DA47C3512458A900B571246F3900B57E0FCA3E0FDA3E0FEA3E05401FFE4FEFDFCEF6026900B57E0FCA3E0FDA3E0FEA3E0FF74FFEF24FFFFEEED
:4086800034FFFEED34FFFDEC34FFFC900B571246F3E47F06FEFDFC900B57E0F8A3E0F9A3E0FAA3E0FBC312464D500CE47F06FEFDFC900B571246F3900B69E0FCA3E0FDA30F
:4086C000E0FEA3E0FF900B57E0F8A3E0F9A3E0FAA3E0FB1244FF900B461246F3E4900B63F0900AA1F0900A39E0F8A3E0F9A3E0FAA3E0FB900B46E0FCA3E0FDA3E0FEA3E0F8
:40870000FF12458A900B4EEFF0900A39E0F8A3E0F9A3E0FAA3E0FB900B46E0FCA3E0FDA3E0FEA3E0FF12458AAC00AD01AE02AF03900B4A1246F3900B4AE0FCA3E0FDA3E09E
:40874000FEA3E0FFE41243B8900A451246F3900A45E0FCA3E0FDA3E0FEA3E0FF7BF07AFF797F7849124212900A451246F3900A45E0FCA3E0FDA3E0FEA3E0FFC004C005C06C
:4087800006C007900A39E0FCA3E0FDA3E0FEA3E0FFE41243B8A804A905AA06AB07D007D006D005D00412431B900A451246F3900A45E0FCA3E0FDA3E0FEA3E0FF1243F69004
:4087C0000B4F1246F37FFF7EFF7D0F7C00900B531246F3E4900B65F0A3E004F00288C2900B63E07011A3E0700D7D807F10127AB7900B647401F0900B4FE0FCA3E0FDA3E0A6
:40880000FEA3E0FF900A501246F3900B53E0FCA3E0FDA3E0FEA3E0FF900A541246F3900B4EE0FD7F1A1277B9EF600201C2900B66E004F001C2900B63E06008900B66E00485
:40884000F0807F900B57E0FCA3E0FDA3E0FEA3E0FF900A4F1246F3E4900A53F07F2A127BCFEF705E900B66E004F08056900AA1E070157DA07FB1127AB7900AA17401F090F6
:408880000B657406F08005E4900B65F0900B57E0FCA3E0FDA3E0FEA3E0FF900B5F1246F3900B667405F0801A900B65E0600414F080107D4F7F10127AB7E4900B64F0900B07
:4088C00066F0900B66E0FF22900A321246F3900A367401F0E4FFFEFDFC900A6FE0F8A3E0F9A3E0FAA3E0FBC312464D7017900A32E0FCA3E0FDA3E0FEA3E0FF900A6F124627
:40890000F37F0022900A6FE0FCA3E0FDA3E0FEA3E0FFFBAA06A905A804900A32E0FCA3E0FDA3E0FEA3E0C39BFFEE9AFEED99FDEC98FC124D71900A371246F37F807E847DBA
:408940001E7C00900A37E0F8A3E0F9A3E0FAA3E0FBC312464D4007E4900A36F08079E47BE87A03F9F8900A32E0FCA3E0FDA3E0FEA3E0FF12458AE47B107A27F9F81244FFDA
:40898000E47BE87A03F9F812458A900A3B1246F3900A3BE0A3E0A3E0FEA3E0C394F4EE9401500DE47FF47E01FDFC900A3B1246F3900A3BE0FCA3E0FDA3E0FEA3E0FF900ADD
:4089C00037E0F8A3E0F9A3E0FAA3E0FBD312464D4005E4900A36F0900A32E0FCA3E0FDA3E0FEA3E0FF900A6F1246F3900A36E0FF22900A3CEDF0900A3BEFF0900A3E74038A
:408A0000F0EF2410FF7B017A0A793D127E94EF7070900A3CE014601D14602F14604124037050900A3DE0FFA3E0F4FEEF5E900A3DF0E0F0803D900A3DE0FFA3E0F4FEEF5EB1
:408A4000900A3DF0E04401F08028900A3DE0FFA3E0F4FEEF5E900A3DF0E04402F08013900A3DE0FFA3E0F4FEEF5E900A3DF0E04403F0900A3BE02410FF900A3DE0FD127A0C
:408A8000B722900A3CEDF0900A3BEFF0E4900A3EF0EFC394004011900A3BE0D394035008900A3E7418F08016900A3BE0FFC39400400CEFD394035006900A3E7419F0900ADD
:408AC0003EE0FF7B017A0A793D127E94900A3BE0FFC39400403AEFD394035034900A3DE0FF900A3BE025E0FE7403A806088002C333D8FCF45F900A3DF0E0FF900A3CE0FD8A
:408B0000A806088002C333D8FC4F900A3DF08044900A3BE0FFC39400403AEFD394035034900A3DE0FF900A3BE024FC25E0FE7403A806088002C333D8FCF45F900A3DF0E0F6
:408B4000FF900A3CE0FDA806088002C333D8FC4F900A3DF0900A3EE0FF900A3DE0FD027AB7E4900A35F0A3F071E8E47F64FEFDFC125B3D7B007A808B828A83E0900A96F007
:408B80008B828A83A3E0900A7FF08B828A83A3A3A3E0900A35F0EB2404F582E43AF583E0900A36F0900A35E0B40112900A96E0FF3395E0FE7CFF7DFF1244A2EFF0900A36E4
:408BC000E0B40112900A7FE0FF3395E0FE7CFF7DFF1244A2EFF0AE02AF038F828E83A3A3E0900CE8F0E4F022911A124CC09043A0E04408F09043B0E04408F090470174C843
:408C0000F09043ACE04410F09043BCE04410F0904700E0542060F8024CA89130900A37EFF07007917D900A37EFF0900A37E0FF2291DAB119EF703A12CD83900A38EFF064B8
:408C400007702A904722E0540270087F01FE124C3C80F0904722E054026009E0FF1313543FFF80027FFFEF7004900A38F091CF8006900A387404F0900A38E0FF2291DA90E2
:408C80000A3874FFF0B119EF70397F01B1EDEF6407702C7B017A0C79DD7D0212CC5CEFB40215E4900A38F0904722E0540270107F01FE124C3C80F0904722E0540260D491FD
:408CC000CF8006900A387404F0900A38E0FF22124CC0E4900CFDF0024CA8124CC09043A0E04408F09043B0E04408F0024CA8900A2F74FFF091DAB119EF70127F01B1EDEF70
:408D0000B40706900A2F7407F091CF8006900A2F7404F0900A2FE0FF22900A3D7404F0124CC0900CFDE0700704F0E4900A3DF0124CA8900A3DE0FF22900A38EBF0A3EAF069
:408D4000A3E9F0A3EDF091DA900A3BE0C394804002A1E1B119EF6002A1D9900A3C74FFF0900A38E0FBA3E0FAA3E0F9900A41E4F0A37410F07F4012CCBCEF6407706990479F
:408D800022E0540260F8904722E054026009E0FF1313543FFF80027FFFEF7004900A3CF0900A3CE0702B900A3BE0FD7C00900CDDE0FBA3E0900A41F07F4012CD2FEFB40713
:408DC00008900A3C7407F0801E900A3C74FFF08016900A3C74FFF0800E900A3C7404F08006900A3C7401F0900A3CE0FF227E07904722E05402601F90472074B6F074E1F097
:408E0000740EF0904722E054027007904720EFF080067E0980027E04AF062291DA904722E054026023E054026009E0FF1313543FFF80027FFFEF7006900A38F08006900AC2
:408E40003874FFF091CF8006900A387407F0900A38E0FF22900A2FEBF0A3EAF0A3E9F0904722E054026002C1F9E0FF1313543F6002C1F1E05401602C904720E0900A32F079
:408E8000904722E054016003D38001C340097F017E00124C3C80E9904720E0900A33F0E4A3F08006900A347407F0900A34E0704F900A32E0B40116A3E0FF900A2FE0FBA349
:408EC000E0FAA3E0F9E48FF01244E0801D900A33E0FFC3E49FFFE49400F9900A2FE0FBA3E0FAA3E0C98FF01244E0E4900A34F0800E900A347407F08006900A347410F090A1
:408F00000A34E06407600291CF900A34E0FF22E4900A33F0900A36F0A3F0900A347480F0A3E4F0D11B900A33EFF0E064077002E1D6900A367405F0900A36E0FFC39410504F
:408F40001474882FF582E4340CF583E4F0900A36E004F080E2900A96E0C364809480501AE0FF3395E0FE7CFF7DFF1244A2900C88EFF0900C8B7401F0800D900A96E0900C54
:408F800088F0E4900C8BF0900A7FE0C364809480501AE0FF3395E0FE7CFF7DFF1244A2900C89EFF0900C8C7401F0800D900A7FE0900C89F0E4900C8CF0900CE8E0900C8AFA
:408FC000F07B017A0C7988E4FDB138E49009FEF09009A57402F0900A33E0FF7E0022E4900A30F0A3F0A3F0900A2E7480F0A3E4F0900A96E0900A31F0900A7FE0900A32F0F2
:409000009009FEE0B40323900ABDE0900A31F0900AA0E0900A32F0900A31E0900A96F0900A32E0900A7FF0128F0F22900A98E0FCA3E0FDA3E0FEA3E0FF900CDFE0F8A3E05E
:40904000F9A3E0FAA3E0FBC312464D7002A189900A98E0FCA3E0FDA3E0FEA3E0FF900CDF1246F37FC07E3B7D477C03900CDFE0F8A3E0F9A3E0FAA3E0FBD312464D4008904C
:409080000CA1740CF041187FC07E057DD97C01900CDFE0F8A3E0F9A3E0FAA3E0FBD312464D4008900CA1740BF041187F807EBA7D8C7C01900CDFE0F8A3E0F9A3E0FAA3E08A
:4090C000FBD312464D4008900CA1740AF041187F807EB17D4F7C01900CDFE0F8A3E0F9A3E0FAA3E0FBD312464D4008900CA17409F041187FC07EEA7D217C01900CDFE0F898
:40910000A3E0F9A3E0FAA3E0FBD312464D4008900CA17408F041187F007E247DF47C00900CDFE0F8A3E0F9A3E0FAA3E0FBD312464D4008900CA17407F041187F007E1B7DC8
:40914000B77C00900CDFE0F8A3E0F9A3E0FAA3E0FBD312464D4008900CA17406F041187F407E547D897C00900CDFE0F8A3E0F9A3E0FAA3E0FBD312464D4008900CA17405DF
:40918000F041187F807E8D7D5B7C00900CDFE0F8A3E0F9A3E0FAA3E0FBD312464D4008900CA17404F080717F407E4B7D4C7C00900CDFE0F8A3E0F9A3E0FAA3E0FBD3124626
:4091C0004D4008900CA17403F0804D7FC07EC67D2D7C00900CDFE0F8A3E0F9A3E0FAA3E0FBD312464D4008900CA17402F080297F607EE37D167C00900CDFE0F8A3E0F9A329
:40920000E0FAA3E0FBD312464D4008900CA17401F08005E4900CA1F07F007E367D6E7C01900CDFE0F8A3E0F9A3E0FAA3E0FBD312464D4006E4FFB18C41C67FC07EE17DE495
:409240007C00900CDFE0F8A3E0F9A3E0FAA3E0FBD312464D40067F01B18C806A7F407E547D897C00900CDFE0F8A3E0F9A3E0FAA3E0FBD312464D40067F02B18C80487FC0E3
:409280007E307D467C00900CDFE0F8A3E0F9A3E0FAA3E0FBD312464D40067F03B18C80267F807EB97D2A7C00900CDFE0F8A3E0F9A3E0FAA3E0FBD312464D40067F04B18C33
:4092C00080047F05B18C900CEB7401F07F207E297D1B7C00900CDFE0F8A3E0F9A3E0FAA3E0FBC312464D40247F907EAB7D1E7C00900CDFE0F8A3E0A3E0A3E0D312464D505A
:409300000BE49009F7F0900CEBF0A15C7FC07E197D357C00900CDFE0F8A3E0F9A3E0FAA3E0FBC312464D40267F107E307D3D7C00900CDFE0F8A3E0A3E0A3E0D312464D5097
:409340000D9009F77401F0E4900CEBF0A15C7F247E087D517C00900CDFE0F8A3E0F9A3E0FAA3E0FBC312464D40267F7C7E9A7D527C00900CDFE0F8A3E0A3E0A3E0D3124623
:409380004D500D9009F77402F0E4900CEBF0A15C7FA07E817D6A7C00900CDFE0F8A3E0F9A3E0FAA3E0FBC312464D40267FB07E8A7D6F7C00900CDFE0F8A3E0A3E0A3E0D34E
:4093C00012464D500D9009F77403F0E4900CEBF0A15C7F007ECF7D997C00900CDFE0F8A3E0F9A3E0FAA3E0FBC312464D40267F807E077D9B7C00900CDFE0F8A3E0A3E0A312
:40940000E0D312464D500D9009F77404F0E4900CEBF0A15C7F007E647D137C01900CDFE0F8A3E0F9A3E0FAA3E0FBC312464D40267F907E407D157C01900CDFE0F8A3E0A3CC
:40944000E0A3E0D312464D500D9009F77406F0E4900CEBF0A15C7F607E517DD57C00900CDFE0F8A3E0F9A3E0FAA3E0FBC312464D40267FC07E1D7DDB7C00900CDFE0F8A3AA
:40948000E0A3E0A3E0D312464D500D9009F77405F0E4900CEBF0A15C7F207E217D407C01900CDFE0F8A3E0F9A3E0FAA3E0FBC312464D40267F207E747D477C01900CDFE063
:4094C000F8A3E0A3E0A3E0D312464D500D9009F77407F0E4900CEBF0A15C7F707E7C7D7B7C01900CDFE0F8A3E0F9A3E0FAA3E0FBC312464D40267F407E787D7D7C01900C05
:40950000DFE0F8A3E0A3E0A3E0D312464D500D9009F77408F0E4900CEBF080407FE07EF07DAA7C01900CDFE0F8A3E0F9A3E0FAA3E0FBC312464D40247FB07E567DC57C0136
:40954000900CDFE0F8A3E0A3E0A3E0D312464D500B9009F77409F0E4900CEBF07FE07EF07DAA7C01900CDFE0F8A3E0F9A3E0FAA3E0FBC312464D4011900A01E0600B900971
:40958000F77409F0E4900CEBF07F0022906576EFF02290FFFC1247311246F390FFF61247317B01900006124755A982AA83850883850982EBF0A3EAF0A3E9F07B0190000A4E
:4095C000124755A982AA83900003124755EBF0A3EAF0A3E9F0900003124755E0FBA3E0FAA3E02403F9E43AFA124477FF850883850982E0FBA3E0FAA3E0F9EF1244909000D7
:4096000003124755E0FBA3E0FAA3E02402F9E43AFA124477FF850883850982E0FBA3E0FAA3E02401F9E43AFAEF124490900003124755E0FBA3E0FAA3E02401F9E43AFA1231
:409640004477FF850883850982E0FBA3E0FAA3E02402F9E43AFAEF124490900003124755E0FBA3E0FAA3E0F9124477FF850883850982E0FBA3E0FAA3E02403F9E43AFAEF26
:40968000124490900006124755E0FCA3E0FDA3E0FEA3E0FF90000E024731E4FF900CECE060037410FF90099CE0FE30E004EF4420FFEE30E104EF4402FF22E4900A0CF090FC
:4096C0006000E0900A0DF0906001E0900A0EF0900A0DE05480648060030299E9A3E012470B971500973F02991406985C20993433977E3A97A43C97D73D98013F98215098E8
:409700003551995B9499A395989BA498BAA598DDBF000099E9900C4974E7F0A37401F0900918F0A3740CF0A37449F0900916E4F0A37402F0129D6E900A0CEFF00299E9D107
:409740009A900C49EFF0E0FCA3E0FDA3E0FEA3E0FFEEEDEC4408FC900C491246F39009187401F0A3740CF0A37449F0900916E4F0A304F0129D6E900A0CEFF00299E97A0AB0
:4097800079AD9009187401F0A3740AF0A374ADF0900916E4F0A37404F0129D6E900A0CEFF00299E97F707E3D7D0A7C07125FF8900C491246F39009187401F0A3740CF0A3DB
:4097C0007449F0900916E4F0A37404F0129D6E900A0CEFF00299E97A0A79B19009187401F0A3740AF0A374B1F0900916E4F0A37404F0129D6E900A0CEFF0E4900C4DF0216D
:40980000E99009187401F0A3740AF0A374B7F0900916E4F0A37406F0B16E900A0CEFF021E9906002E030E008900CEC7401F08005E4900CECF012969A900C49EFF0900918AD
:409840007401F0A3740CF0A37449F0900916E4F0A304F0B16E900A0CEFF021E9906003E06487600221E97B027A607904124D3DEF64014E600221E9900C49F07B01900918AE
:4098800004F0A3740CF0A37449F0900916E4F0A304F0B16E900A0CEFF021E99009187401F0A37409F0A3749CF0900916E4F0A304F0B16E900A0CEFF021E97A0979A29009C1
:4098C000187401F0A37409F0A374A2F0900916E4F0A304F0B16E900A0CEFF021E9900C84E0FCA3E0FDA3E0FEA3E0FF129592900C531246F39009187401F0A3740CF0A37438
:4099000053F0900916E4F0A37404F0B16E900A0CEFF021E99009187401F0A3740AF0A3740FF0900916E4F0A37404F0B16E900A0CEFF021E9900A96E0900C44F0900918742A
:4099400001F0A3740CF0A37444F0900916E4F0A304F0B16E900A0CEFF021E9900A96E0FF3395E0FEFDFC900C451246F3900C45E0FCA3E0FDA3E0FEA3E0FF129592900C4F92
:409980001246F39009187401F0A3740CF0A3744FF0900916E4F0A37402F0B16E900A0CEFF08046900A7FE0FF3395E0FEFDFC900C451246F3900C45E0FCA3E0FDA3E0FEA3C3
:4099C000E0FF129592900C4F1246F39009187401F0A3740CF0A3744FF0900916E4F0A37402F0B16E900A0CEFF0900A0DE054806002A131A3E012470B9A3E309A5E329A82A6
:409A0000339AF8359ABD3A9B97709C17719BB6729C36739C55759C74769C93779BD57A9CB27B9CF07D9CD17F9BF4909D0F9C9B1BA09B3AA99B59F39B78F700009D31900900
:409A4000187401F0A3740AF0A3748CF0900916E4F0A37406F0B137900A0CEFF0A1317A0A79AD9009187401F0A3740AF0A374ADF0900916E4F0A37404F0B137900A0CEFF076
:409A8000A1317A0A79BD9009187401F0A3740AF0A374BDF0900916E4F0A304F0B137900A0CEFF0900ABDE0FF3395E0FEFDFC900C401246F39009FEE04401F0A1317A0A7931
:409AC000A09009187401F0A3740AF0A374A0F0900916E4F0A304F0B137900A0CEFF0900AA0E0FF3395E0FEFDFC900C3C1246F39009FEE04402F0A1317A0A79C6900918742F
:409B000001F0A3740AF0A374C6F0900916E4F0A304F0B137900A0CEFF0A1319009187401F0A3740CF0A3744DF0900916E4F0A304F0B137900A0CEFF0A1319009187401F011
:409B4000A3740AF0A37401F0900916E4F0A304F0B137900A0CEFF0A1319009187401F0A37409F0A374FAF0900916E4F0A304F0B137900A0CEFF0A1319009187401F0A374C6
:409B800009F0A374F8F0900916E4F0A304F0B137900A0CEFF0A1319009187401F0A3740AF0A37402F0900916E4F0A304F0B137900A0CEFF0A1319009187401F0A37409F0A5
:409BC000A3749FF0900916E4F0A304F0B137900A0CEFF0A1319009187401F0A37409F0A374A6F0900916E4F0A304F0B137900A0CEFF0A1317A0A79CF9009187401F0A37441
:409C00000AF0A374CFF0900916E4F0A304F0B137900A0CEFF0A1319009187401F0A37409F0A374FDF0900916E4F0A304F0B137900A0CEFF0A1319009187401F0A37409F052
:409C4000A3749EF0900916E4F0A304F0B137900A0CEFF0A1319009187401F0A37409F0A3749DF0900916E4F0A304F0B137900A0CEFF0A1319009187401F0A37409F0A37486
:409C8000F9F0900916E4F0A304F0B137900A0CEFF0A1319009187401F0A37409F0A374A4F0900916E4F0A304F0B137900A0CEFF0807F9009187401F0A3740AF0A37408F0D5
:409CC000900916E4F0A304F0B137900A0CEFF080609009187401F0A3740AF0A37400F0900916E4F0A304F0B137900A0CEFF080419009187401F0A3740AF0A37407F09009B9
:409D000016E4F0A304F0B137900A0CEFF080227A0979A09009187401F0A37409F0A374A0F0900916E4F0A37402F0B137900A0CEFF0900A0CE0FF2290092D7404F090092C97
:409D40007480F012B6FB906007E0FE906006E0FDEEEDFFD3900917E09F900916E09E4005EEF0A3EFF0900931740BF07F0122900916E07002A3E0700512B542803090092D93
:409D80007402F0E490092CF012B6FB906007E0FE906006E0FDEEEDFFD3900917E09F900916E09E4005EEF0A3EFF012B28B7F0122E4900A16F0906000E0FE5403900A17F050
:409DC000906003E0900A18F0906004E0547F900A19F0EE54807002E14F900A17E064027047906001E0247F600302A004900A18E06401600302A004900916F0A37403F090DC
:409E00000A19E075F003A424F6F9740B35F0FA9009187401F0A3EAF0A3E9F0B16E900A16EFF002A00402A004900A17E06401600302A004906001E0247E6070147002C1DBF5
:409E4000147002E10B24857002E13B247E600302A004900A18E0B40122900916E4F0A304F07A0B79F5900918F0A3740BF0A374F5F0B16E900A16EFF002A004900A18E0641F
:409E800002600302A004900916F0A37402F07B017A0C791790091814F0A3740CF0A37417F0B16E900A16EFF002A004900A18E06402600302A004900916F0A37402F07B01FE
:409EC0007A0C791390091814F0A3740CF0A37413F0B16E900A16EFF002A004900A18E06402600302A004900916F0A37402F07B017A0C791590091814F0A3740CF0A37415ED
:409F0000F0B16E900A16EFF002A004900A18E06402600302A004900916F0A37402F07B017A0C791190091814F0A3740CF0A37411F0B16E900A16EFF002A004E4900916F0F1
:409F4000A3F0B137900A16EFF002A00402A004900A17E06402704C906001E014600302A004900A18E06401600302A004900916F0A37403F0900A19E075F003A424F6F9741B
:409F80000B35F0FA9009187401F0A3EAF0A3E9F0900A19E0900C19F0B137900A16EFF080638061900A17E064017059906001E0147052900A18E0B40121900916E4F0A304FD
:409FC000F07A0B79F5900918F0A3740BF0A374F5F0B137900A16EFF0802A900A18E0B40223900916E4F0A37402F07B017A0C791790091814F0A3740CF0A37417F0B13790C7
:40A000000A16EFF0900A16E0FF22E4900A2EF0FFFEFDFC900C77E0F8A3E0F9A3E0FAA3E0FBC312464D600201F6900C73E07002A3E0600201E7900C72E01460431470020161
:40A04000C424026002211C128CEE900A2EEFF024FC601724F4600D24096002211C900C72E004F022E4900C72F0227B017A0C7975128E54900A2EEFF0E4900C72F022227B08
:40A08000017A0C7975128E54900A2EEFF024F9602524F7602824106002211C900C75E0FEA3E0FFEE3395E0FDFC900C801246F3900C72E004F022900C727401F022E4900CF8
:40A0C00072F02222900C80E0FCA3E0FDA3E0FEA3E0FFA31246F3900C737427F0A37410F0E4900C72F02222900C74E024FFF0900C73E034FFF022900C77E0FCA3E0FDA3E051
:40A10000FEA3E0FF74FFEF24FFFFEE34FFFEED34FFFDEC34FFFC900C771246F322C0E0C083C082C085C084C086758600C09375930090099BE4F0D093D086D084D085D0823E
:40A14000D083D0E032C0E0C083C082C085C084C086758600C093759300900C6DE4F0D093D086D084D085D082D083D0E032124CC0900A2FEFF0125F13900A2EEFF0A3E0FF27
:40A18000124CA8900A2EE0FF30E0089009997401F08005E4900999F0EF30E10890099A7401F08005E490099AF0900999E0600690099AE070047F0180027F0022900C63E00B
:40A1C000B40B00400241C790A1CEF828287302A1EF02A25502A26C02A27C02A2C702A28502A29102A29A02A2C702A2C702A2B5900C69E0FCA3E0FDA3E0FEA3E0FF900C6447
:40A20000E0F8A3E0F9A3E0FAA3E0FBC312464D602E900C69E0FCA3E0FDA3E0FEA3E0FF1280A0900C71EFF0600241C7900C69E0FCA3E0FDA3E0FEA3E0FF900C641246F390AE
:40A240000CEBE0600241C7900A02E064437078900C6304F022316DEF600C90099C7401F0900C6304F022E4900C63F022711C900C71EFF07052900C637403F02251DF900C51
:40A28000637405F022316DEF703D900C637406F02251C8900C637407F02290099BE0700E51F6900C71EFF0701E900C63F022900C63740AF022316DEF6007900C637403F0F9
:40A2C00022900C637407F022125C51EF54FBFF124CFA90099B7401F0FF906477EFF022125C51EF54F7FF54FDFF4404FF124CFA90099B7401F022900C69E0FCA3E0FDA3E0D2
:40A30000FEA3E0FF1280A0EF600122125C51EF441AFF124CFAE490099CF0FF22125C51EF54EFFF54FBFF124CFA900A80E0FEA3E0FFEE3395E0FDFC900C69E0F8A3E0F9A3D1
:40A34000E0FAA3E02FFFEA3EFEE93DFDE83CFC0280A080FE227B007A4079807D0C7C00124D4A904082741AF07B007A4079847D027C00124D4A9040867418F07B007A407925
:40A38000887D6B7C0E124D4A90408A7418F07B007A40798C7DBF7C5D124D4A90408E7419F07B007A40799074FFFDFC124D4A9040927418F09043007406F09042007452F05B
:40A3C0007B0C7A01790F124D599046A1EFF07B007A4279127D137C33124D4A9042107401F0E0FFE47FC87E32FDFC900A241246F3900A24E0A3E0A3E0FEA3E0D39400EE940A
:40A4000000403A904210E054806032E47FE07E01FDFC124D00900A24E0FCA3E0FDA3E0FEA3E0FF74FFEF24FFFFEE34FFFEED34FFFDEC34FFFC900A241246F380B3900A246E
:40A44000E0A3E0A3E0FEA3E04E70047F017152904210E04440F07B007A4279227D147C0C124D4A9040007401F07B007A4279207D517C12124D4AE4900A28F07F19FEFDFC77
:40A48000900A241246F3900A24E0A3E0A3E0FEA3E0D39400EE9400404AA3E0FF64036043904225E05401FEEF25E04E5403900A28F0E47FE07E01FDFC124D00900A24E0FC46
:40A4C000A3E0FDA3E0FEA3E0FF74FFEF24FFFFEE34FFFEED34FFFDEC34FFFC900A241246F380A3900A24E0A3E0A3E0FEA3E04E70047F0371527B007A4079047D007C0112E8
:40A500004D4A9040047407F0904006E4F09040087448F0904004E4F0904009F09040017402F09043A2E0441FF0227B007A4679E8124D59EF4405FD7B007A4679E8124D65BC
:40A54000F10E7B007A7679007D047C00124C8F7C577D767B007A7679087F047E00124C697C577D7A7B007A7679107F047E00124C697B007A7679187D047C00124C8F7C5755
:40A580007D7E7B007A7679207F047E00124C697C577D827B007A7679287F047E00124C697C577D867B007A7679307F047E00124C697B007A7679387D047C00124C8F7B01FA
:40A5C0007A0279D87F047E047D007CC9124CD57B017A1679587F847E847D007C04124CD57B017A507903124D59EF4402FD7B017A507903124D657B017A507913124D59EFD7
:40A600004402FD7B017A507913124D659043A0E04440F09043C2E04410F07B087A1F79CC900A29E4F0A37451F0A37402F07F087E00124C077B087A1F79D4900A29E4F0A35B
:40A640007451F0A374C2F07F087E00124C077B087A1F79DC900A29E4F0A37451F0A374F0F07F0A7E00124C077B087A1F79E8900A29E4F0A37451F0A37410F07F0A7E001293
:40A680004C077B087A1F79F4900A29E4F0A37451F0A37420F07F0A7E00124C079044F47401F0904322E04408F09046ECE0C394055006904689743AF090480074F1F07155BA
:40A6C00090480074B1F0D1F17B007A4379A0C003C002900A29EBF0A3EAF0A374B0F0D002D0037F0E7E00124C079043B0E054FDF0227B0C7A0179CF124D59EF540790586E86
:40A70000F0EFC4540FA3F09058767444F022E4FFFEFDFC900CE31246F39076007410F09070107401F0907019E4F07B027A78F97DD07C02124D4C9078027401F0A374A3F0E1
:40A740007B027A787904C003C002C0017BFF7A5479A6E9EAE4AD01AC02D001D002D003124D4C7B027A7879067D087C78124D4C7B027A7679047D107C00124D4C7B027A76EF
:40A780007906E4FDFC124D4C907029740BF0907039740DF09070597413F09070697421F0907079742AF09070147401F0907018E0540170F8907028E0540170F8907038E080
:40A7C000540170F8907058E0540170F8907068E0540170F8907078E0540170F87B087A087920900A297401F0A37451F0A37410F07F067E00024C07900A2EEFF0A3EDF09049
:40A800000B0FE0700811B0900B0F7401F0900A2EE0FFA3E0FD900A30EDF090092EEFF0E490092DF0900922F0900930F090091EF0900927F090092FF090091FF09044C274A3
:40A8400080F0A37401F09044C27420F09044C07404F07408F090609E7406F09044C27440F090609C7450F07EBF7F8B517BB1B8B1D2900A30E014600C047012906009E05490
:40A88000FEF08010906009E04401F08007906009E04401F09060287403F09060087480F0E47F01FEFDFC124D009060127404F022124CC0900A30EFF09043A5E04401F090F2
:40A8C00043B5E04401F090609D7401F090600904F0906010E0547FF0E4FFFE124C3C904394E054F9F0906012E054DFF0904394E04401F07F017E00124C3C7F287E00124C2E
:40A900003C9051F8E0547FF0E054BFF0904394E04402F07F027E00124C3C904394E04404F0906084E4F0A3F0FFFEC3EF9409EE9400502174062FF582740B3EF58374FFF015
:40A9400074102FF582740B3EF58374FFF00FEF70010E80D6900A30E0FF124CA87D057F1751227CAE7D1D7F1731BC7D057F1851227CB17D737F1831BC7D057F1551227CBED1
:40A980007D487F1531BC7D057F0251227CBD7DA87F0231BC7D057F0351227CBD7DF87F0331BCE4FD7F1651227CBE7D497F1631BC7D057F0C51227CC07DA97F0C900A36ECE7
:40A9C000F0A3EDF0900A35EFF0D3941F50028001C340047F005167900A35E0541F25E0FFE433FEE42FFFEE3444FAA9077B01124D3D900A38EEF0A3EFF0900A35E075F002E5
:40AA0000A42400FFE5F03444FAA9077B01A3E0FEA3E0FFFDAC06124D4C900A38E0FEA3E0FF22900A35EFF0A3EDF0D3940750028001C340047F005167900A35E0D3941F50F9
:40AA4000028001C340047F005167900A36E0540775F020A4FF900A35E0541F2480F582E43444F583EFF02290FFFF124731EFF09046EA7401F0900001024731900A31EEF000
:40AA8000A3EFF0B1A7900A31E0FEA3E0FFB1C57F05B1AE9044C07402F0229049D67402F09049C87481F09049CA7437F09049DB7403F0A3E4F09044C97480F07D077F0F51CD
:40AAC000227CAA7DF47F0F31BC900CED7410F0E4900CCAF0900CC5F0900CC6F022900CEEE07008519A900CEE7401F0B1DF9044C17480F022C0E0C0F0C083C082C085C084E1
:40AB0000C086758600C093759300C0D075D000C000C001C002C003C004C005C006C0079049D7E0900A6EF0900CEDE054407002A176900A6EE0FF54017002A146900CEDE07C
:40AB400024BA7002813424FD600B14700281DF24056002A142EF54DF900A6EF0540AFD7C0064087076900CEDE064457061900CC9E0D394004026900CC2E0FBA3E0FAA3E07F
:40AB8000F91244779049D8F09049D77404F0900CC67401F0900CED7446F0A146900CC7E054026015900CCAE0440AF0900CED7460F09044C97480F0A1469049D6E04410F01B
:40ABC0009049D97410F09049D77404F0A1469049D7E4F0900CED744AF0A146ED640A4C704D900CCAE044A0F0900CC7E054026029900CCAE0FF900CEDE0540860047E018081
:40AC0000027E02EE44084F900CCAF0900CED7460F09044C97480F0A1469049D6E04410F09049D97410F09049D77404F0A1467F005167A146900A6EE05402706A900CC9E08B
:40AC4000FF900CC6E0C39F502B900CC2E0FBA3E0FAA3E0F9900CC6E0FFE92FF9E43AFA1244779049D8F09049D77404F0900CC6E004F0A146900CC7E054026015900CCAE023
:40AC8000440AF0900CED7460F09044C97480F0A1469049D6E04410F09049D97410F09049D77404F0A146900CC7E054026015900CCAE0449AF0900CED7460F09044C97480A9
:40ACC000F0A1469049D6E04410F09049D97410F09049D77404F0900CCAE04490F080679049D8E0FF900CCBE0FBA3E0FAA3E0F9900CC5E0FEE92EF9E43AFAEF124490900CD8
:40AD0000C5E004F0900CC8E0FF900CC5E0C39F50089049D77410F0802D900CC7E054026015900CCAE04409F0900CED7460F09044C97480F080109049D6E04410F0A3E4F032
:40AD400080047F005167900A6EE054206036900CCAE0FF900CEDE0540860047E0180027E02EF4E900CCAF09049D6E054EFF0900CED7410F0800E900CEDE054107006900C78
:40AD8000ED7410F0D007D006D005D004D003D002D001D000D0D0D093D086D084D085D082D083D0F0D0E0329044C87402F022EFC43354E0904481F022124CC0906595E044DC
:40ADC00010F0024CA87B027A447902AD07AC06024D4C124CC090659AE04410F0024CA8124CC09043A5E04404F09043B5E04404F0024CA8E490092DF0900922F0900930F09D
:40AE000090091EF0900927F090092FF090091FF09060287403F09060087480F022C0E0C0F0C083C082C085C084C086758600C093759300C0D075D000C000C001C002C00309
:40AE4000C004C005C006C007B1F3D007D006D005D004D003D002D001D000D0D0D093D086D084D085D082D083D0F0D0E0327F09D1D9124CC0906008E0547FF0906012E05412
:40AE8000FBF09043A5E054FEF09043B5E054FEF09051F8E04480F0E04440F0124CA89044CA7480F0A37401F09044CA7420F09044C87404F07408F0F1A79044D97410F0E4E3
:40AEC000900922F0900930F090091EF0900927F090092FF0900B0FF022900A3BEFF0C394095004E0FF80027F01900A3CEFF0900A3CE0FF2406F582E4340BF583E0F46030D0
:40AF000074222FF582E4340BF583E0FF125FC5900A3CE02406F582E4340BF583E0FFF169900A3CE02406F582E4340BF58374FFF0900A3CE02410F582E4340BF583E0FFF4D6
:40AF40006012F169900A3CE02410F582E4340BF58374FFF0900A3CE004F0E0C394095008900A3BE06409608622900A3DEFF0C394805033124CC0900A3EEFF0900CD2E0FF08
:40AF8000900A3DE0FE75F008A42400F582E5F03478F583EFF0900CD2EEF0A3E004F0900A3EE0FF124CA82290458FE054407E007806CEC313CE13D8F9FF22E4FF900922E0ED
:40AFC0006004E0FFE4F02274122FF582E43409F583E0FF22900A6BEFF0ED600302B08EE0FD2406F582E4340BF583E075F008A42400FEE5F03478900A6CF0A3CEF0ED25E0E8
:40B0000024F4F582E4340AF583E0FEA3E024E0FDEE34FFFC900A6CE0FEA3E0AA06F97B01124D4C900A6BE0FD2406F582E4340BF583E075F008A42404FEE5F03478900A6C75
:40B04000F0A3CEF0ED75F003A424D9F582E4340AF583E0FBA3E0FAA3E0F92420FFE43AFEE43BFDE433FCEFEEE4AD07AC06900A6CE0FEA3E0AA06F97B01124D4C900A6BE0D3
:40B080002419F582E4340BF5837401F0211A900A6BE02406F582E4340BF583E075F008A42400FEE5F03478900A6CF0A3CEF0900A6CE0FEA3E0AA06F97B017D027C00124DAF
:40B0C0004C900A6BE0FD2406F582E4340BF583E075F008A42404FEE5F03478900A6CF0A3CEF0ED75F003A424D9F582E4340AF583E0FBA3E0FAA3E0F9241EFFE43AFEE43BA0
:40B10000FDE433FCEFEEE4AD07AC06900A6CE0FEA3E0AA06F97B01124D4C900A6BE0FF2406F582E4340BF583E0FE74222FF582E4340BF583E075F010A42419F582E5F03416
:40B1400070F583EEF022EFD394004017EF9409501275F010EFA424FEF582E5F0345FF5837408F022905111E0548060047F0180027F0022C0E0C0F0C083C082C085C084C072
:40B1800086758600C093759300C0D075D000C000C001C002C003C004C005C006C007906028E0900A09F0E0FF541070024151A37401F0EF54806020900A09E0540F640160FA
:40B1C00005A3E4F0802E71C6900931E054806024900A0AE4F0801D900A09E05440600451748011900A09E05420600471408005900A0AE4F0900A0AE06057906028E0900A30
:40B2000009F0E05480704A900934E0FF90092CE04F900A09F0E0FF906029F0E0FEEF6E7030900931E0900A0AF0906028E05480900A09F0E0700F900931E0906028F0E054CF
:40B240000F900A0AF0900931E0FF900A0AE0B507D0D007D006D005D004D003D002D001D000D0D0D093D086D084D085D082D083D0F0D0E03290092DE024FC600A24FE6008D3
:40B280002404700680056130912922E4FD90091FE0FF900933E02FF0900932E03400F0D3900917E09400900916E09400404BED94085046900918E0FBA3E0FAA3E0F912444D
:40B2C00077FFE42DF582E43460F583EFF0900918E0FBA3E0FAA3E02401F9E43AFA900918EBF0A3EAF0A3E9F00D900917E024FFF0900916E034FFF080A690091FE06408604E
:40B3000006EDD39400401590092CE06480F0900931740FF090092D7402F0800A9009317402F090092DF0900934EDF090091FF022E490092DF07F0171819009317403F02239
:40B3400090092DE024FC600A24FE60082404700E800D81B87F0371819009317403F02290091FE0FF900933E02FF0900932E03400F0E490092DF07F0171819009317403F072
:40B380002290091BE0FBA3E0FAA3E04A4B603690091BE0FBA3E0FAA3E0F9EF124490900932E0FEA3E0FF90091BE0FBA3E0FAA3E02401F9E43AFAEE8FF01244E090091BE429
:40B3C000F0A3F0A3F022906028E0900A0BF0E0906028F0E0900A0BF0E0FF54806006900931EFF0227F027181906000E0546024E0601224E060172440701D12C0FA900A0BFD
:40B40000EFF08018914B900A0BEFF0800F1296BA900A0BEFF08005E4900A0BF0900A0BE070069009317403F022900927E0600CE04480906008F0E4900927F0E490092DF0AE
:40B440007F0171819009317403F022E4900A15F0906000E0540324FE600D047024906004E0900A14F0801F906004E0547F75F00BA4243FF582E43409F583E0900A14F080F9
:40B4800005E4900A14F0900A14E0FFD394045022900920E0FCA3E02FF582E43CF583E49314700A129DB0900A15EFF08005E4900A15F0900A15E0FF22E4FF906029E0540F5C
:40B4C00024FEFEFD900933E02DF0900932E03400F0D3900917E09400900916E09400404DEED394004047E42FF582E43460F583E0FD900918E0FBA3E0FAA3E0F9ED12449065
:40B50000900918E0FBA3E0FAA3E02401F9E43AFA900918EBF0A3EAF0A3E9F00F1E900917E024FFF0900916E034FFF080A4AF06900934EEF090092CE06480F0900931740BFC
:40B54000F02290092D7402F090092C7480F0900931740FF0E490091FF0900934F07F012290092D7406F0900931F090092C7480F0E4900934F07F0122E4900A14F090600470
:40B58000E0547FFFD394004079EF94095074EF75F00BA42437F582E43409F583E04401F0EF75F00BA42438F582E43409F583E4F0EF75F00BA42436F582E43409F583E04412
:40B5C00002F0EF75F00BA42439F582E43409F583E05480601475F010EFA424FEF582E5F0345FF583748DF0801275F010EFA424FEF582E5F0345FF5837489F0B160900A1490
:40B60000EFF0900A14E0FF22E4900A14F0906004E0547FFFD394005002C1F5EF94094002C1F5EF75F00BA42437F582E43409F583E054FEF0EF75F00BA42438F582E43409DA
:40B64000F583E4F075F010EFA424FCF582E5F0345FF583E0547FF0EF75F00BA42436F582E43409F583E054FDF0EF75F00BA42439F582E43409F583E05480603AEF75F00BB1
:40B68000A42436F582E43409F583E0B4011475F010EFA424FEF582E5F0345FF583740CF0804C75F010EFA424FEF582E5F0345FF583740DF08038EF75F00BA42436F582E4B4
:40B6C0003409F583E0B4011475F010EFA424FEF582E5F0345FF5837408F0801275F010EFA424FEF582E5F0345FF5837409F0B160900A14EFF0900A14E0FF22E4900932F093
:40B70000A3F090091BE0FBA3E0FAA3E04A4B602590091BE0FBA3E0FAA3E0F9E412449090091BE0FBA3E0FAA3E02401F9E43AFAE4F5F01244E0229044C97480F09049CAE091
:40B74000900CD7F09049DBE0900CD8F09049DCE0900CD9F09049DCE0FE9049DBE0FDEEED2401FFE43E900A36F0A3EFF09049D6E054FEF0900A36E0FEA3E0FFE4FCFD124DB0
:40B7800000124CC0900A35EFF09043A5E054FBF09043B5E054FBF0900A35E0FF124CA89049D6E04402F0900CD7E0FF9049CAF0EFF0900CD8E09049DBF0900CD9E09049DC40
:40B7C000F09049D6E054EFF09044D97480F0900CED7410F022900A49EBF0A3EAF0A3E9F0AC077D02900A49E0FBA3E0FAA3E04A4B700302B884900CEDE0B4100F9049D9E02C
:40B8000054087003FD801A7D018016900CEDE0B4600FE4FD9044D97480F0900CCAE054F7F0ED7060900CED7449F0E4900CC5F0900A4CE0900CC8F0900A49E0F9A3E0FAA3F1
:40B84000E0900CCBC9F0A3EAF0A3E9F0900A4DE0FF900CC7F0900CCAE054FEF0AE04EE25E044019049D8F0EF5401600CA37412F09049D77404F080069049D97401F0904451
:40B88000C17480F0AF05229044C97480F0900CCAE0FFE4F09044C17480F02290657BE054FEF0124CC0906597E054EFF0024CA8124CC0906497E04403F0E054FCF0024CA8BD
:40B8C000124CC090659BE04410F0124CA890657BE04402F02290657BE054FDF0124CC090659BE054EFF0024CA8124CC090659BE04403F0E054FCF0024CA89046FA7440F031
:40B900009046F6E04401F022900CD2747FF0A304F07F7FEF601614FE75F008EFA42400F582E5F03478F583EEF01F80E775F008EFA42400F582E5F03478F583E4F0227E01A6
:40B94000EFC39418501A75F010EFA42414F582E5F03470F583E0FFED5407FDEF4DF0E41EAF0622904210E0548060047F0180027F002280FE32E4900A24F0900A24E0FFD3DF
:40B98000941F5020EF75F002A42400FFE5F03444FAA9077B017CB97D72124D4C900A24E004F080D622900A21EBF0A3EAF0A3E9F07B0C7A017903124D59E4FCFDFE900A21A0
:40B9C000E0FBA3E0FAA3E0F91246A4900A21E0FBA3E0FAA3E0F9C003C002C001124684C004C005C006C0077B0C7A017904124D59E4FCFDFE7808124671A804A905AA06ABA0
:40BA000007D007D006D005D004EF4BFFEE4AFEED49FDEC48FCD001D002D0031246A4900A21E0FBA3E0FAA3E0F9C003C002C001124684C004C005C006C0077B007A4679ECFE
:40BA4000124D59E4FCFDFE7810124671A804A905AA06AB07D007D006D005D004EF4BFFEE4AFEED49FDEC48FCD001D002D0031246A4900A21E0FBA3E0FAA3E0F9C003C00278
:40BA8000C001124684C004C005C006C0077B0C7A017902124D59E4FCFDFE7818124671A804A905AA06AB07D007D006D005D004EF4BFFEE4AFEED49FDEC48FCD001D002D013
:40BAC000031246A47B0C7A017901124D59E4FCFDFE900A21E0FBA3E0FAA3E02404F9E43AFA1246A4900A21E0FBA3E0FAA3E02404F9E43AFAC003C002C001124684C004C0F8
:40BB000005C006C0077B0C7A017900124D59E4FCFDFE7808124671A804A905AA06AB07D007D006D005D004EF4BFFEE4AFEED49FDEC48FCD001D002D0031246A4900A21E02B
:40BB4000FBA3E0FAA3E02404F9E43AFAC003C002C001124684C004C005C006C0077B0C7A017905124D59E4FCFDFE7810124671A804A905AA06AB07D007D006D005D004EFF4
:40BB80004BFFEE4AFEED49FDEC48FCD001D002D0031246A4900A21E0FBA3E0FAA3E02404F9E43AFAC003C002C001124684C004C005C006C0077B0C7A017906124D59E4FC10
:40BBC000FDFE7818124671A804A905AA06AB07D007D006D005D004EF4BFFEE4AFEED49FDEC48FCD001D002D0030246A4900A14EBF0A3EAF0A3E9F0E4900A18F0900A14E015
:40BC0000FBA3E0FAA3E04A4B700281E8900A14E0A3E0A3E0F97422124490900A14E0FBA3E0FAA3E02401F9E43AFA74031244907B017A0A791931A5900A177402F0900A1744
:40BC4000E0FFC39422400281E8A3E02419F582E4340AF583E0FEC4540F905A6893FE900A14E0FBA3E0FAA3E02FF9E43AFAEE1244907E00EF2401FDEE33FC900A14E0FBA393
:40BC8000E0FAA3E02DF9EA3CFAE4124490900A18E02419F582E4340AF583E0540F905A6893FDEF2402FFEE33FE900A14E0FBA3E0FAA3E02FF9EA3EFAED124490900A17E0A8
:40BCC0002403FFE433FE900A14E0FBA3E0FAA3E02FF9EA3EFAE4124490900A18E004F0900A17E02404F0813D22904F00E05401F0904F02E054FCF0904F00E04404F0904F82
:40BD00000BE054CFF0E04430F0E054F0F0E0440FF0904F01E04401F07F317E00B1507F317E00B15D7F08904F03EFF022900CFAE0700891E9900CFA7401F09043A3E04401C2
:40BD4000F09043B3E04401F0904F00E04401F0227B027A4F7904AD07AC06024D4C7B027A4F7906AD07AC06024D4C900A35EEF0A3EFF0B189900A35E0FEA3E0FFB19A7F0630
:40BD8000B1909044C07401F0229044C87401F022EFC43354E0904480F0227B027A447900AD07AC06024D4C32C0E0C083C082C085C084C086758600C093759300C0D075D07E
:40BDC00000C00790600B7402F090601EE0FF90094BE054036401600790094EE06480F090094C7401F0D007D0D0D093D086D084D085D082D083D0E032C0E0C083C082C08598
:40BE0000C084C086758600C093759300C0D075D000C00790600B7404F090602EE0FF900956E0540364016007900959E06480F09009577401F0D007D0D0D093D086D084D0E5
:40BE400085D082D083D0E03232C0E0C0F0C083C082C085C084C086758600C093759300C0D075D000C000C001C002C003C004C005C006C007900A647401F090609FE0900A2D
:40BE800062F0900A62E0FF7002E16854017002E158900A64E0FF75F010A42471F582E5F03460F583E0FE75F010EFA42472F582E5F03460F583E05E900A63F0E020E002E1F5
:40BEC00041A3E0FF75F00BA42439F582E43409F583E05480606B900A64E0FE75F010A42470F582E5F03460F583E054FEF0EE25E024F4F582E4340AF583E0FCA3E0D394207A
:40BF0000EC94004007E4FD12AFD48010900A64E02419F582E4340BF5837401F0900A64E0FF75F00BA4243AF582E43409F583E0FE75F010EFA424FEF582E5F0345FF583EEF6
:40BF4000F0900A63E0FFA3E075F010A42472F582E5F03460F583EFF0900A64E004F0900A62E0FFC313F0C182D007D006D005D004D003D002D001D000D0D0D093D086D0848D
:40BF8000D085D082D083D0F0D0E032C0E0C0F0C083C082C085C084C086758600C093759300C0D075D000C000C001C002C003C004C005C006C007900A6A7401F012CC4FEF75
:40BFC000547F900A69F012CC56EF5403900A68F0900A68E0700302C086900A69E0FF700302C06854016070A3E0FF75F010A42472F582E5F03460F583E0FE540170597419BC
:40C000002FF582E4340BF583E0704C900A6AE075F010A42475F582E5F03460F583E4F0EFC43354E024FEFE900A6AE0FF75F010A42474F582E5F03460F583EEF07D0112AF1E
:40C04000D4900A6AE075F010A42470F582E5F03460F583E04401F0900A6AE004F0900A69E0FFC313F002BFD9900A68E0FFC313F0700302BFD0900A6A7408F0900A68E05483
:40C0800001A3F002BFD0D007D006D005D004D003D002D001D000D0D0D093D086D084D085D082D083D0F0D0E032C0E0C0F0C083C082C085C084C086758600C093759300C0BC
:40C0C000D075D000C000C001C002C003C004C005C006C00712AFA7D007D006D005D004D003D002D001D000D0D0D093D086D084D085D082D083D0F0D0E032E4900A0CF090B8
:40C100006000E0900A0EF0A3E4F0A3F0A3F0900916F0A3F0900A0EE05480648060026172906001E0700241A324F87002612524FE7002614724046002A10E906003E0B401AB
:40C1400037F1BE900A12EEF0A3EFF0F5828E83A3E493F9740193FA740293900918C9F0A3EAF0A3E9F0900916E4F0A37412F0129D6E900A0CEFF0A10E906003E064027072BC
:40C18000906002E0FFB114900A12EEF0A3EFF04E7002A10E900A12E0FEA3E0F5828E83A3E493F9740193FA740293900918C9F0A3EAF0A3E9F0900918E0FBA3E0FAA3E024A8
:40C1C00003F9E43AFA124477FE900918E0FBA3E0FAA3E02402F9E43AFA124477FDEEEDFF900916EEF0A3EFF0129D6E900A0CEFF0A10E906003E0640360024199FF900A0F7B
:40C2000074FFF0A37458F0A37453F0906002E0D39F402B900A0FE0FBA3E0FAA3E0F9124477601B124477FEFD7C00E92DF9EC3AFA900A0FEBF0A3EAF0A3E9F00F80CD906032
:40C2400002E0FF602190579AE493FEEFB506177B017A0C791A12BBEC900A0F7401F0A3740CF0A3741AF0900A0FE0FBA3E0FAA3E0F91244777002A10E124477FF900916E44B
:40C28000F0A3EFF0900918EBF0A3EAF0A3E9F0129D6E900A0CEFF0A10E12B44B900A0CEFF0A10E900A0EE05403604724FE6002A10E900916E4F0A37402F0906004E0547F05
:40C2C00075F00BA42437F582E43409F583E0900CF1F0E4A3F07B017A0C79F190091804F0A3740CF0A374F1F0129D6E900A0CEFF0A10E900916E4F0A37402F090092FE090BA
:40C300000CF1F0E4A3F07B017A0C79F190091804F0A3740CF0A374F1F0129D6E900A0CEFF0A10EA10E900916E4F0A304F07A097930900918F0A37409F0A37430F0129D6E32
:40C34000900A0CEFF0A10E900916E4F0A304F0906004E02412F9E43409FA9009187401F0A3EAF0A3E9F0129D6E900A0CEFF0A10EA10E906001E0147002813624FE7002811F
:40C38000A824FA601C24FE607124066002A10E906002E0900927F012B560900A0CEFF0A10E906002E0900A0DF0D39400400DE014FFB114900A12EEF0A3EFF0900A0DE0FFC9
:40C3C000D39400400A900A12E07002A3E07005EF6002A10E900930E0FF900A0DE0FE6F600F900930EEF09009227401F0FF12C8A912B560900A0CEFF0A10EB16CEF7002A1C8
:40C400000E906004E0FE90091EF074122EF582E43409F583E0FF74232EF582E43409F583E06F60089009227401F0B1DE12B560900A0CEFF0A10E900A0EE05403601A14606F
:40C4400032146002A10E906002E06002A10E12B608900A0CEFF0A10E906002E064016002A10E90092FE054FDF012B560900A0CEFF0A10E906004E0FFC394044002A10E745F
:40C48000282FF582E43409F583C083C082E0FF906002E0F4FEEF5ED082D083F012B560900A0CEFF080688066900A0EE05403601614602C147058906002E0705212B578905D
:40C4C0000A0CEFF08048906002E06401704090092FE04402F012B560900A0CEFF0802F906004E0FFC39404502574282FF582E43409F583C083C082E0FF906002E0F4FEEFCA
:40C500005ED082D083F012B560900A0CEFF0900A0CE0FF22900A1CEFF090092EE025E025E02465F582E4345AF583E493740193FA740293AE02FF2408FFE43EFE8F82F58380
:40C54000E493FD900A1CE0FCC39D4005E4FEFF801A8F828E8375F004EC1246FFA3E493740193FA740293AC02AE04FF22E4900A14F0906004E0900A15F0900930E014FFB1BF
:40C58000148F828E83A3E493FB740193FA7402932404F9E43AFA124477FF900A15E0FED39F4006EED39404502F74122EF582E43409F583E0FF74232EF582E43409F583EF9C
:40C5C000F0906002E0FF74122EF582E43409F583EFF0900A147401F0900A14E0FF22900930E0D394005002E1BDE014FFB114EF2404FFE43EFE8F82F583E493900A14F08FFA
:40C60000828E83A3E493740193FA740293AE02FDAC0690091EE0900A15F0E4FB900A14E0FFEBC39F4002E1BD8D828C83E493FF900A15E0FE6F6002E1B38D828C830493FFDA
:40C6400074122EF582E43409F583E06F6002E1B38D828C83740293547FFA7403935403F9EA75F00BA42438F582E43409F583E4F08D828C83740293FFEA75F00BA42439F5AF
:40C6800082E43409F583EFF08D828C83740393FFEA75F00BA42435F582E43409F583EFF08D828C83740493FE740593FFEA75F00BA4243DF582E43409F583EEF0A3EFF08D85
:40C6C000828C837402935480602DE9B401047F0780027F0DEA75F00BA4243AF582E43409F583EFF0EA75F00BA42436F582E43409F5837401F0802AE9B401047F0580027F20
:40C7000009EA75F00BA4243AF582E43409F583EFF0EA75F00BA42436F582E43409F583E4F075F010EAA424FEF582E5F0345FF5837401F075F010EAA42470F582E5F0346011
:40C74000F583E054FEF0EA24FFFFE434FFFEEF25E0FFEE33906014EFF0E04401F0906014E030E4F98D828C837402935480602090608FC083C082E0FFEA14FE7401A806087C
:40C780008002C333D8FCF45FD082D083F0801D90608FC083C082E0FFEA14FE7401A806088002C333D8FC4FD082D083F0906014E054FEF0ED2407FDE43CFC0BC11C22900974
:40C7C0002EE025E025E02465F582E4345AF583E493740193FA740293AE02FF22E4FF7E01EEC39409400302C87F75F010EEA42470F582E5F03460F583740CF075F010EEA43E
:40C800002471F582E5F03460F583741DF0EE75F00BA4243AF582E43409F583E0604BEE75F00BA42439F582E43409F583E05480601475F010EEA424FEF582E5F0345FF58378
:40C84000740CF0803675F010EEA424FEF582E5F0345FF5837408F0EE14FD7401A805088002C333D8FC4FFF801275F010EEA424FEF582E5F0345FF5837480F00E02C7E090A6
:40C88000608C7455F09060BC7420F0A3E4F090608E7406F0A3EFF090609CE04480F0E0547FF090600A74FFF022E4900A14F0900A14E0FEC39409507AEE75F00BA42435F5F8
:40C8C00082E43409F583E4F0EE75F00BA42437F582E43409F583E4F0EE75F00BA42438F582E43409F583E4F0EE75F00BA4243DF582E43409F583E4F0A3F0EE75F00BA424C6
:40C900003FF582E43409F583E4F0EE75F00BA42436F582E43409F583E4F0EE75F00BA4243AF582E43409F583E4F0900A14E004F001AEEF602FE4900A15F0900A15E0FFC3CD
:40C940009404502074122FF582E43409F583E4F074232FF582E43409F583E4F0900A15E004F080D6900930E0D39400500261E5E014FF12C514900A16EEF0A3EFF0900A164D
:40C98000E0FCA3E0FDF5828C83A3E493FB740193FA740293F92407F9E43AFA1244775440600990092FE04401F0800790092FE054FEF0ED2404FFE43CFE900A16F0A3EFF0D4
:40C9C000F5828E83E493900A14F0A37401F0900A15E0C3940940026172A3E0FEA3E0F5828E83A3E493740193FA740293FF900A18EAF0A3EFF0E4FF900A14E0FEEFC39E40D1
:40CA000002616A900A18E0FCA3E0F5828C83740293547FFD900A15E0FE6D7001E460026159900A18E0A3E0F5828C83740493FC740593FDEE75F00BA4243DF582E43409F5B3
:40CA400083E0FAA3E0C39DEA9C5029900A18E0FCA3E0F5828C83740493FC740593FD900A15E075F00BA4243DF582E43409F583ECF0A3EDF0900A18E0FCA3E0FDF5828C83CC
:40CA8000E4932412F582E43409F583E0FE8D828C83740193FDEE6D60026159900A18E0A3E0FDF5828C83740293FE900A15E0FB75F00BA42439F582E43409F583EEF08D82AA
:40CAC0008C83740393FEEB75F00BA42435F582E43409F583EEF0900A18E0FCA3E0F5828C837403935403FE900A18E0A3E0F5828C8374029354806031EEB401047D0780022D
:40CB00007D0D900A15E0FC75F00BA4243AF582E43409F583EDF0EC75F00BA42436F582E43409F5837401F08041EEB401047E0580027E09900A15E0FD75F00BA4243AF58249
:40CB4000E43409F583EEF0ED75F00BA42436F582E43409F583E4F08011900A19E02407F0900A18E03400F00F21F7900A15E004F021CE900A16E0FEA3E0F5828E83A3E493BE
:40CB8000740193FA740293FF900A18EAF0A3EFF0E4900A15F0900A14E0FFA3E0C39F5038900A18E0FEA3E0F5828E83E493FD740293547F75F00BA4243FF582E43409F5836E
:40CBC000EDF0900A19E02407F0900A18E03400F0900A15E004F080BD71E6900920EEF0A3EFF012C7DC22900930E014FF12C514AD07AC06ED4C60488D828C83A3E493FB7458
:40CC00000193FA7402932404F9E43AFA1244772402FFE433FEEF7802C333CE33CED8F92DFDEE3CFCAF058D82F583A3E493740193FA740293FF900A1AEAF0A3EFF08007E4F4
:40CC4000900A1AF0A3F0900A1AE0FEA3E0FF22906565E0FF223290656AE0FF22900A39EBF0A3EAF0A3E9F0A3EDF0E4A3F0900A3CE0FFA3E0C39F503E904722E05401600303
:40CC8000D38001C340097F017E00124C3C80E9904720E0FF900A39E0FBA3E0FAA3E0F9900A3DE0FEE92EF9E43AFAEF124490900A3DE004F080B7900A3DE0FF22900A3EEB67
:40CCC000F0A3EAF0A3E9F0900A437407F0904722E05402604E90472074B6F074D5F07402F0904722E054027032904720EFF0E4FFFED3900A42E09F900A41E09E402B900A62
:40CD00003EE0FBA3E0FAA3E02FF9EA3EFA124477904720F00FEF70010E80D6900A437409F08006900A437404F0900A43E0FF22900A3EECF0A3EDF0AC077D07904722E0547E
:40CD400002603B90472074B6F074D8F07405F0904722E054027023904720ECF0900A3EE0904720F0900A3EE0A3E0904720F0EBF0900A41E0904720F080067D0980027D047E
:40CD8000AF05227F07904722E05402600E90472074B6F074E0F0740DF080027F0422000000000000000000000000000000000000000000000000000000000000000000008D
:40CDC0000000000000000000000000000000000000000000000000000000000000000000000000000000000000000000000000000000000000000000000000000000000033
:40CE000000000000000000000000000000000000000000000000000000000000000000000000000000000000000000000000000000000000000000000000000000000000F2
:40CE400000000000000000000000000000000000000000000000000000000000000000000000000000000000000000000000000000000000000000000000000000000000B2
:40CE80000000000000000000000000000000000000000000000000000000000000000000000000000000000000000000000000000000000000000000000000000000000072
:40CEC0000000000000000000000000000000000000000000000000000000000000000000000000000000000000000000000000000000000000000000000000000000000032
:40CF000000000000000000000000000000000000000000000000000000000000000000000000000000000000000000000000000000000000000000000000000000000000F1
:40CF400000000000000000000000000000000000000000000000000000000000000000000000000000000000000000000000000000000000000000000000000000000000B1
:40CF80000000000000000000000000000000000000000000000000000000000000000000000000000000000000000000000000000000000000000000000000000000000071
:40CFC0000000000000000000000000000000000000000000000000000000000000000000000000000000000000000000000000000000000000000000000000000000000031
:40D0000000000000000000000000000000000000000000000000000000000000000000000000000000000000000000000000000000000000000000000000000000000000F0
:40D0400000000000000000000000000000000000000000000000000000000000000000000000000000000000000000000000000000000000000000000000000000000000B0
:40D080000000000000000000000000000000000000000000000000000000000000000000000000000000000000000000000000000000000000000000000000000000000070
:40D0C0000000000000000000000000000000000000000000000000000000000000000000000000000000000000000000000000000000000000000000000000000000000030
:40D1000000000000000000000000000000000000000000000000000000000000000000000000000000000000000000000000000000000000000000000000000000000000EF
:40D1400000000000000000000000000000000000000000000000000000000000000000000000000000000000000000000000000000000000000000000000000000000000AF
:40D18000000000000000000000000000000000000000000000000000000000000000000000000000000000000000000000000000000000000000000000000000000000006F
:40D1C000000000000000000000000000000000000000000000000000000000000000000000000000000000000000000000000000000000000000000000000000000000002F
:40D2000000000000000000000000000000000000000000000000000000000000000000000000000000000000000000000000000000000000000000000000000000000000EE
:40D2400000000000000000000000000000000000000000000000000000000000000000000000000000000000000000000000000000000000000000000000000000000000AE
:40D28000000000000000000000000000000000000000000000000000000000000000000000000000000000000000000000000000000000000000000000000000000000006E
:40D2C000000000000000000000000000000000000000000000000000000000000000000000000000000000000000000000000000000000000000000000000000000000002E
:40D3000000000000000000000000000000000000000000000000000000000000000000000000000000000000000000000000000000000000000000000000000000000000ED
:40D3400000000000000000000000000000000000000000000000000000000000000000000000000000000000000000000000000000000000000000000000000000000000AD
:40D38000000000000000000000000000000000000000000000000000000000000000000000000000000000000000000000000000000000000000000000000000000000006D
:40D3C000000000000000000000000000000000000000000000000000000000000000000000000000000000000000000000000000000000000000000000000000000000002D
:40D4000000000000000000000000000000000000000000000000000000000000000000000000000000000000000000000000000000000000000000000000000000000000EC
:40D4400000000000000000000000000000000000000000000000000000000000000000000000000000000000000000000000000000000000000000000000000000000000AC
:40D48000000000000000000000000000000000000000000000000000000000000000000000000000000000000000000000000000000000000000000000000000000000006C
:40D4C000000000000000000000000000000000000000000000000000000000000000000000000000000000000000000000000000000000000000000000000000000000002C
:40D5000000000000000000000000000000000000000000000000000000000000000000000000000000000000000000000000000000000000000000000000000000000000EB
:40D5400000000000000000000000000000000000000000000000000000000000000000000000000000000000000000000000000000000000000000000000000000000000AB
:40D58000000000000000000000000000000000000000000000000000000000000000000000000000000000000000000000000000000000000000000000000000000000006B
:40D5C000000000000000000000000000000000000000000000000000000000000000000000000000000000000000000000000000000000000000000000000000000000002B
:40D6000000000000000000000000000000000000000000000000000000000000000000000000000000000000000000000000000000000000000000000000000000000000EA
:40D6400000000000000000000000000000000000000000000000000000000000000000000000000000000000000000000000000000000000000000000000000000000000AA
:40D68000000000000000000000000000000000000000000000000000000000000000000000000000000000000000000000000000000000000000000000000000000000006A
:40D6C000000000000000000000000000000000000000000000000000000000000000000000000000000000000000000000000000000000000000000000000000000000002A
:40D7000000000000000000000000000000000000000000000000000000000000000000000000000000000000000000000000000000000000000000000000000000000000E9
:40D7400000000000000000000000000000000000000000000000000000000000000000000000000000000000000000000000000000000000000000000000000000000000A9
:40D780000000000000000000000000000000000000000000000000000000000000000000000000000000000000000000000000000000000000000000000000000000000069
:40D7C0000000000000000000000000000000000000000000000000000000000000000000000000000000000000000000000000000000000000000000000000000000000029
:40D8000000000000000000000000000000000000000000000000000000000000000000000000000000000000000000000000000000000000000000000000000000000000E8
:40D8400000000000000000000000000000000000000000000000000000000000000000000000000000000000000000000000000000000000000000000000000000000000A8
:40D880000000000000000000000000000000000000000000000000000000000000000000000000000000000000000000000000000000000000000000000000000000000068
:40D8C0000000000000000000000000000000000000000000000000000000000000000000000000000000000000000000000000000000000000000000000000000000000028
:40D9000000000000000000000000000000000000000000000000000000000000000000000000000000000000000000000000000000000000000000000000000000000000E7
:40D9400000000000000000000000000000000000000000000000000000000000000000000000000000000000000000000000000000000000000000000000000000000000A7
:40D980000000000000000000000000000000000000000000000000000000000000000000000000000000000000000000000000000000000000000000000000000000000067
:40D9C0000000000000000000000000000000000000000000000000000000000000000000000000000000000000000000000000000000000000000000000000000000000027
:40DA000000000000000000000000000000000000000000000000000000000000000000000000000000000000000000000000000000000000000000000000000000000000E6
:40DA400000000000000000000000000000000000000000000000000000000000000000000000000000000000000000000000000000000000000000000000000000000000A6
:40DA80000000000000000000000000000000000000000000000000000000000000000000000000000000000000000000000000000000000000000000000000000000000066
:40DAC0000000000000000000000000000000000000000000000000000000000000000000000000000000000000000000000000000000000000000000000000000000000026
:40DB000000000000000000000000000000000000000000000000000000000000000000000000000000000000000000000000000000000000000000000000000000000000E5
:40DB400000000000000000000000000000000000000000000000000000000000000000000000000000000000000000000000000000000000000000000000000000000000A5
:40DB80000000000000000000000000000000000000000000000000000000000000000000000000000000000000000000000000000000000000000000000000000000000065
:40DBC0000000000000000000000000000000000000000000000000000000000000000000000000000000000000000000000000000000000000000000000000000000000025
:40DC000000000000000000000000000000000000000000000000000000000000000000000000000000000000000000000000000000000000000000000000000000000000E4
:40DC400000000000000000000000000000000000000000000000000000000000000000000000000000000000000000000000000000000000000000000000000000000000A4
:40DC80000000000000000000000000000000000000000000000000000000000000000000000000000000000000000000000000000000000000000000000000000000000064
:40DCC0000000000000000000000000000000000000000000000000000000000000000000000000000000000000000000000000000000000000000000000000000000000024
:40DD000000000000000000000000000000000000000000000000000000000000000000000000000000000000000000000000000000000000000000000000000000000000E3
:40DD400000000000000000000000000000000000000000000000000000000000000000000000000000000000000000000000000000000000000000000000000000000000A3
:40DD80000000000000000000000000000000000000000000000000000000000000000000000000000000000000000000000000000000000000000000000000000000000063
:40DDC0000000000000000000000000000000000000000000000000000000000000000000000000000000000000000000000000000000000000000000000000000000000023
:40DE000000000000000000000000000000000000000000000000000000000000000000000000000000000000000000000000000000000000000000000000000000000000E2
:40DE400000000000000000000000000000000000000000000000000000000000000000000000000000000000000000000000000000000000000000000000000000000000A2
:40DE80000000000000000000000000000000000000000000000000000000000000000000000000000000000000000000000000000000000000000000000000000000000062
:40DEC0000000000000000000000000000000000000000000000000000000000000000000000000000000000000000000000000000000000000000000000000000000000022
:40DF000000000000000000000000000000000000000000000000000000000000000000000000000000000000000000000000000000000000000000000000000000000000E1
:40DF400000000000000000000000000000000000000000000000000000000000000000000000000000000000000000000000000000000000000000000000000000000000A1
:40DF80000000000000000000000000000000000000000000000000000000000000000000000000000000000000000000000000000000000000000000000000000000000061
:40DFC0000000000000000000000000000000000000000000000000000000000000000000000000000000000000000000000000000000000000000000000000000000000021
:40E0000000000000000000000000000000000000000000000000000000000000000000000000000000000000000000000000000000000000000000000000000000000000E0
:40E0400000000000000000000000000000000000000000000000000000000000000000000000000000000000000000000000000000000000000000000000000000000000A0
:40E080000000000000000000000000000000000000000000000000000000000000000000000000000000000000000000000000000000000000000000000000000000000060
:40E0C0000000000000000000000000000000000000000000000000000000000000000000000000000000000000000000000000000000000000000000000000000000000020
:40E1000000000000000000000000000000000000000000000000000000000000000000000000000000000000000000000000000000000000000000000000000000000000DF
:40E14000000000000000000000000000000000000000000000000000000000000000000000000000000000000000000000000000000000000000000000000000000000009F
:40E18000000000000000000000000000000000000000000000000000000000000000000000000000000000000000000000000000000000000000000000000000000000005F
:40E1C000000000000000000000000000000000000000000000000000000000000000000000000000000000000000000000000000000000000000000000000000000000001F
:40E2000000000000000000000000000000000000000000000000000000000000000000000000000000000000000000000000000000000000000000000000000000000000DE
:40E24000000000000000000000000000000000000000000000000000000000000000000000000000000000000000000000000000000000000000000000000000000000009E
:40E28000000000000000000000000000000000000000000000000000000000000000000000000000000000000000000000000000000000000000000000000000000000005E
:40E2C000000000000000000000000000000000000000000000000000000000000000000000000000000000000000000000000000000000000000000000000000000000001E
:40E3000000000000000000000000000000000000000000000000000000000000000000000000000000000000000000000000000000000000000000000000000000000000DD
:40E34000000000000000000000000000000000000000000000000000000000000000000000000000000000000000000000000000000000000000000000000000000000009D
:40E38000000000000000000000000000000000000000000000000000000000000000000000000000000000000000000000000000000000000000000000000000000000005D
:40E3C000000000000000000000000000000000000000000000000000000000000000000000000000000000000000000000000000000000000000000000000000000000001D
:40E4000000000000000000000000000000000000000000000000000000000000000000000000000000000000000000000000000000000000000000000000000000000000DC
:40E44000000000000000000000000000000000000000000000000000000000000000000000000000000000000000000000000000000000000000000000000000000000009C
:40E48000000000000000000000000000000000000000000000000000000000000000000000000000000000000000000000000000000000000000000000000000000000005C
:40E4C000000000000000000000000000000000000000000000000000000000000000000000000000000000000000000000000000000000000000000000000000000000001C
:40E5000000000000000000000000000000000000000000000000000000000000000000000000000000000000000000000000000000000000000000000000000000000000DB
:40E54000000000000000000000000000000000000000000000000000000000000000000000000000000000000000000000000000000000000000000000000000000000009B
:40E58000000000000000000000000000000000000000000000000000000000000000000000000000000000000000000000000000000000000000000000000000000000005B
:40E5C000000000000000000000000000000000000000000000000000000000000000000000000000000000000000000000000000000000000000000000000000000000001B
:40E6000000000000000000000000000000000000000000000000000000000000000000000000000000000000000000000000000000000000000000000000000000000000DA
:40E64000000000000000000000000000000000000000000000000000000000000000000000000000000000000000000000000000000000000000000000000000000000009A
:40E68000000000000000000000000000000000000000000000000000000000000000000000000000000000000000000000000000000000000000000000000000000000005A
:40E6C000000000000000000000000000000000000000000000000000000000000000000000000000000000000000000000000000000000000000000000000000000000001A
:40E7000000000000000000000000000000000000000000000000000000000000000000000000000000000000000000000000000000000000000000000000000000000000D9
:40E740000000000000000000000000000000000000000000000000000000000000000000000000000000000000000000000000000000000000000000000000000000000099
:40E780000000000000000000000000000000000000000000000000000000000000000000000000000000000000000000000000000000000000000000000000000000000059
:40E7C0000000000000000000000000000000000000000000000000000000000000000000000000000000000000000000000000000000000000000000000000000000000019
:40E8000000000000000000000000000000000000000000000000000000000000000000000000000000000000000000000000000000000000000000000000000000000000D8
:40E840000000000000000000000000000000000000000000000000000000000000000000000000000000000000000000000000000000000000000000000000000000000098
:40E880000000000000000000000000000000000000000000000000000000000000000000000000000000000000000000000000000000000000000000000000000000000058
:40E8C0000000000000000000000000000000000000000000000000000000000000000000000000000000000000000000000000000000000000000000000000000000000018
:40E9000000000000000000000000000000000000000000000000000000000000000000000000000000000000000000000000000000000000000000000000000000000000D7
:40E940000000000000000000000000000000000000000000000000000000000000000000000000000000000000000000000000000000000000000000000000000000000097
:40E980000000000000000000000000000000000000000000000000000000000000000000000000000000000000000000000000000000000000000000000000000000000057
:40E9C0000000000000000000000000000000000000000000000000000000000000000000000000000000000000000000000000000000000000000000000000000000000017
:40EA000000000000000000000000000000000000000000000000000000000000000000000000000000000000000000000000000000000000000000000000000000000000D6
:40EA40000000000000000000000000000000000000000000000000000000000000000000000000000000000000000000000000000000000000000000000000000000000096
:40EA80000000000000000000000000000000000000000000000000000000000000000000000000000000000000000000000000000000000000000000000000000000000056
:40EAC0000000000000000000000000000000000000000000000000000000000000000000000000000000000000000000000000000000000000000000000000000000000016
:40EB000000000000000000000000000000000000000000000000000000000000000000000000000000000000000000000000000000000000000000000000000000000000D5
:40EB40000000000000000000000000000000000000000000000000000000000000000000000000000000000000000000000000000000000000000000000000000000000095
:40EB80000000000000000000000000000000000000000000000000000000000000000000000000000000000000000000000000000000000000000000000000000000000055
:40EBC0000000000000000000000000000000000000000000000000000000000000000000000000000000000000000000000000000000000000000000000000000000000015
:40EC000000000000000000000000000000000000000000000000000000000000000000000000000000000000000000000000000000000000000000000000000000000000D4
:40EC40000000000000000000000000000000000000000000000000000000000000000000000000000000000000000000000000000000000000000000000000000000000094
:40EC80000000000000000000000000000000000000000000000000000000000000000000000000000000000000000000000000000000000000000000000000000000000054
:40ECC0000000000000000000000000000000000000000000000000000000000000000000000000000000000000000000000000000000000000000000000000000000000014
:40ED000000000000000000000000000000000000000000000000000000000000000000000000000000000000000000000000000000000000000000000000000000000000D3
:40ED40000000000000000000000000000000000000000000000000000000000000000000000000000000000000000000000000000000000000000000000000000000000093
:40ED80000000000000000000000000000000000000000000000000000000000000000000000000000000000000000000000000000000000000000000000000000000000053
:40EDC0000000000000000000000000000000000000000000000000000000000000000000000000000000000000000000000000000000000000000000000000000000000013
:40EE000000000000000000000000000000000000000000000000000000000000000000000000000000000000000000000000000000000000000000000000000000000000D2
:40EE40000000000000000000000000000000000000000000000000000000000000000000000000000000000000000000000000000000000000000000000000000000000092
:40EE80000000000000000000000000000000000000000000000000000000000000000000000000000000000000000000000000000000000000000000000000000000000052
:40EEC0000000000000000000000000000000000000000000000000000000000000000000000000000000000000000000000000000000000000000000000000000000000012
:40EF000000000000000000000000000000000000000000000000000000000000000000000000000000000000000000000000000000000000000000000000000000000000D1
:40EF40000000000000000000000000000000000000000000000000000000000000000000000000000000000000000000000000000000000000000000000000000000000091
:40EF80000000000000000000000000000000000000000000000000000000000000000000000000000000000000000000000000000000000000000000000000000000000051
:40EFC0000000000000000000000000000000000000000000000000000000000000000000000000000000000000000000000000000000000000000000000000000000000011
:40F0000000000000000000000000000000000000000000000000000000000000000000000000000000000000000000000000000000000000000000000000000000000000D0
:40F040000000000000000000000000000000000000000000000000000000000000000000000000000000000000000000000000000000000000000000000000000000000090
:40F080000000000000000000000000000000000000000000000000000000000000000000000000000000000000000000000000000000000000000000000000000000000050
:40F0C0000000000000000000000000000000000000000000000000000000000000000000000000000000000000000000000000000000000000000000000000000000000010
:40F1000000000000000000000000000000000000000000000000000000000000000000000000000000000000000000000000000000000000000000000000000000000000CF
:40F14000000000000000000000000000000000000000000000000000000000000000000000000000000000000000000000000000000000000000000000000000000000008F
:40F18000000000000000000000000000000000000000000000000000000000000000000000000000000000000000000000000000000000000000000000000000000000004F
:40F1C000000000000000000000000000000000000000000000000000000000000000000000000000000000000000000000000000000000000000000000000000000000000F
:40F2000000000000000000000000000000000000000000000000000000000000000000000000000000000000000000000000000000000000000000000000000000000000CE
:40F24000000000000000000000000000000000000000000000000000000000000000000000000000000000000000000000000000000000000000000000000000000000008E
:40F28000000000000000000000000000000000000000000000000000000000000000000000000000000000000000000000000000000000000000000000000000000000004E
:40F2C000000000000000000000000000000000000000000000000000000000000000000000000000000000000000000000000000000000000000000000000000000000000E
:40F3000000000000000000000000000000000000000000000000000000000000000000000000000000000000000000000000000000000000000000000000000000000000CD
:40F34000000000000000000000000000000000000000000000000000000000000000000000000000000000000000000000000000000000000000000000000000000000008D
:40F38000000000000000000000000000000000000000000000000000000000000000000000000000000000000000000000000000000000000000000000000000000000004D
:40F3C000000000000000000000000000000000000000000000000000000000000000000000000000000000000000000000000000000000000000000000000000000000000D
:40F4000000000000000000000000000000000000000000000000000000000000000000000000000000000000000000000000000000000000000000000000000000000000CC
:40F44000000000000000000000000000000000000000000000000000000000000000000000000000000000000000000000000000000000000000000000000000000000008C
:40F48000000000000000000000000000000000000000000000000000000000000000000000000000000000000000000000000000000000000000000000000000000000004C
:40F4C000000000000000000000000000000000000000000000000000000000000000000000000000000000000000000000000000000000000000000000000000000000000C
:40F5000000000000000000000000000000000000000000000000000000000000000000000000000000000000000000000000000000000000000000000000000000000000CB
:40F54000000000000000000000000000000000000000000000000000000000000000000000000000000000000000000000000000000000000000000000000000000000008B
:40F58000000000000000000000000000000000000000000000000000000000000000000000000000000000000000000000000000000000000000000000000000000000004B
:40F5C000000000000000000000000000000000000000000000000000000000000000000000000000000000000000000000000000000000000000000000000000000000000B
:40F6000000000000000000000000000000000000000000000000000000000000000000000000000000000000000000000000000000000000000000000000000000000000CA
:40F64000000000000000000000000000000000000000000000000000000000000000000000000000000000000000000000000000000000000000000000000000000000008A
:40F68000000000000000000000000000000000000000000000000000000000000000000000000000000000000000000000000000000000000000000000000000000000004A
:40F6C000000000000000000000000000000000000000000000000000000000000000000000000000000000000000000000000000000000000000000000000000000000000A
:40F7000000000000000000000000000000000000000000000000000000000000000000000000000000000000000000000000000000000000000000000000000000000000C9
:40F740000000000000000000000000000000000000000000000000000000000000000000000000000000000000000000000000000000000000000000000000000000000089
:40F780000000000000000000000000000000000000000000000000000000000000000000000000000000000000000000000000000000000000000000000000000000000049
:40F7C0000000000000000000000000000000000000000000000000000000000000000000000000000000000000000000000000000000000000000000000000000000000009
:40F8000000000000000000000000000000000000000000000000000000000000000000000000000000000000000000000000000000000000000000000000000000000000C8
:40F840000000000000000000000000000000000000000000000000000000000000000000000000000000000000000000000000000000000000000000000000000000000088
:40F880000000000000000000000000000000000000000000000000000000000000000000000000000000000000000000000000000000000000000000000000000000000048
:40F8C0000000000000000000000000000000000000000000000000000000000000000000000000000000000000000000000000000000000000000000000000000000000008
:40F9000000000000000000000000000000000000000000000000000000000000000000000000000000000000000000000000000000000000000000000000000000000000C7
:40F940000000000000000000000000000000000000000000000000000000000000000000000000000000000000000000000000000000000000000000000000000000000087
:40F980000000000000000000000000000000000000000000000000000000000000000000000000000000000000000000000000000000000000000000000000000000000047
:40F9C0000000000000000000000000000000000000000000000000000000000000000000000000000000000000000000000000000000000000000000000000000000000007
:40FA000000000000000000000000000000000000000000000000000000000000000000000000000000000000000000000000000000000000000000000000000000000000C6
:40FA40000000000000000000000000000000000000000000000000000000000000000000000000000000000000000000000000000000000000000000000000000000000086
:40FA80000000000000000000000000000000000000000000000000000000000000000000000000000000000000000000000000000000000000000000000000000000000046
:40FAC0000000000000000000000000000000000000000000000000000000000000000000000000000000000000000000000000000000000000000000000000000000000006
:40FB000000000000000000000000000000000000000000000000000000000000000000000000000000000000000000000000000000000000000000000000000000000000C5
:40FB40000000000000000000000000000000000000000000000000000000000000000000000000000000000000000000000000000000000000000000000000000000000085
:40FB80000000000000000000000000000000000000000000000000000000000000000000000000000000000000000000000000000000000000000000000000000000000045
:40FBC0000000000000000000000000000000000000000000000000000000000000000000000000000000000000000000000000000000000000000000000000000000000005
:40FC000000000000000000000000000000000000000000000000000000000000000000000000000000000000000000000000000000000000000000000000000000000000C4
:40FC40000000000000000000000000000000000000000000000000000000000000000000000000000000000000000000000000000000000000000000000000000000000084
:40FC80000000000000000000000000000000000000000000000000000000000000000000000000000000000000000000000000000000000000000000000000000000000044
:40FCC0000000000000000000000000000000000000000000000000000000000000000000000000000000000000000000000000000000000000000000000000000000000004
:40FD000000000000000000000000000000000000000000000000000000000000000000000000000000000000000000000000000000000000000000000000000000000000C3
:40FD40000000000000000000000000000000000000000000000000000000000000000000000000000000000000000000000000000000000000000000000000000000000083
:40FD80000000000000000000000000000000000000000000000000000000000000000000000000000000000000000000000000000000000000000000000000000000000043
:40FDC0000000000000000000000000000000000000000000000000000000000000000000000000000000000000000000000000000000000000000000000000000000000003
:40FE000000000000000000000000000000000000000000000000000000000000000000000000000000000000000000000000000000000000000000000000000000000000C2
:40FE40000000000000000000000000000000000000000000000000000000000000000000000000000000000000000000000000000000000000000000000000000000000082
:40FE80000000000000000000000000000000000000000000000000000000000000000000000000000000000000000000000000000000000000000000000000000000000042
:40FEC0000000000000000000000000000000000000000000000000000000000000000000000000000000000000000000000000000000000000000000000000000000000002
:40FF000000000000000000000000000000000000000000000000000000000000000000000000000000000000000000000000000000000000000000000000000000000000C1
:40FF40000000000000000000000000000000000000000000000000000000000000000000000000000000000000000000000000000000000000000000000000000000000081
:40FF80000000000000000000000000000000000000000000000000000000000000000000000000000000000000000000000000000000000000000000000000000000000041
:40FFC0008C00004AA3000000400000BEC0000000000000000000000000000000000000000000000000000000000000000000000000000000000000000000000000000000CA
:0200000480007A
:4000000000000000000000000000000000000000000000000000000000000000000000000000000000000000000000000000000000000000000000000000000000000000C0
:400040000000000000000000000000000000000000000000000000000000000000000000000000000000000000000000000000000000000000000000000000000000000080
:400080000000000000000000000000000000000000000000000000000000000000000000000000000000000000000000000000000000000000000000000000000000000040
:4000C0000000000000000000000000000000000000000000000000000000000000000000000000000000000000000000000000000000000000000000000000000000000000
:4001000000000000000000000000000000000000000000000000000000000000000000000000000000000000000000000000000000000000000000000000000000000000BF
:40014000000000000000000000000000000000000000000000000000000000000000000000000000000000000000000000000000000000000000000000000000000000007F
:40018000000000000000000000000000000000000000000000000000000000000000000000000000000000000000000000000000000000000000000000000000000000003F
:4001C00000000000000000000000000000000000000000000000000000000000000000000000000000000000000000000000000000000000000000000000000000000000FF
:4002000000000000000000000000000000000000000000000000000000000000000000000000000000000000000000000000000000000000000000000000000000000000BE
:40024000000000000000000000000000000000000000000000000000000000000000000000000000000000000000000000000000000000000000000000000000000000007E
:40028000000000000000000000000000000000000000000000000000000000000000000000000000000000000000000000000000000000000000000000000000000000003E
:4002C00000000000000000000000000000000000000000000000000000000000000000000000000000000000000000000000000000000000000000000000000000000000FE
:4003000000000000000000000000000000000000000000000000000000000000000000000000000000000000000000000000000000000000000000000000000000000000BD
:40034000000000000000000000000000000000000000000000000000000000000000000000000000000000000000000000000000000000000000000000000000000000007D
:40038000000000000000000000000000000000000000000000000000000000000000000000000000000000000000000000000000000000000000000000000000000000003D
:4003C00000000000000000000000000000000000000000000000000000000000000000000000000000000000000000000000000000000000000000000000000000000000FD
:4004000000000000000000000000000000000000000000000000000000000000000000000000000000000000000000000000000000000000000000000000000000000000BC
:40044000000000000000000000000000000000000000000000000000000000000000000000000000000000000000000000000000000000000000000000000000000000007C
:40048000000000000000000000000000000000000000000000000000000000000000000000000000000000000000000000000000000000000000000000000000000000003C
:4004C00000000000000000000000000000000000000000000000000000000000000000000000000000000000000000000000000000000000000000000000000000000000FC
:4005000000000000000000000000000000000000000000000000000000000000000000000000000000000000000000000000000000000000000000000000000000000000BB
:40054000000000000000000000000000000000000000000000000000000000000000000000000000000000000000000000000000000000000000000000000000000000007B
:40058000000000000000000000000000000000000000000000000000000000000000000000000000000000000000000000000000000000000000000000000000000000003B
:4005C00000000000000000000000000000000000000000000000000000000000000000000000000000000000000000000000000000000000000000000000000000000000FB
:4006000000000000000000000000000000000000000000000000000000000000000000000000000000000000000000000000000000000000000000000000000000000000BA
:40064000000000000000000000000000000000000000000000000000000000000000000000000000000000000000000000000000000000000000000000000000000000007A
:40068000000000000000000000000000000000000000000000000000000000000000000000000000000000000000000000000000000000000000000000000000000000003A
:4006C00000000000000000000000000000000000000000000000000000000000000000000000000000000000000000000000000000000000000000000000000000000000FA
:4007000000000000000000000000000000000000000000000000000000000000000000000000000000000000000000000000000000000000000000000000000000000000B9
:400740000000000000000000000000000000000000000000000000000000000000000000000000000000000000000000000000000000000000000000000000000000000079
:400780000000000000000000000000000000000000000000000000000000000000000000000000000000000000000000000000000000000000000000000000000000000039
:4007C00000000000000000000000000000000000000000000000000000000000000000000000000000000000000000000000000000000000000000000000000000000000F9
:400800000000000000000000000000000000000000000000000000000000000000000000829900000000000046C5000000000000004000008000000080C000000000000092
:40084000060C00020000000008040000400000000000000000000200AE0000C0000000000020000000000000000087000000000800000204000000200200010100000000CF
:400880000000000200000000002A001500000000000000100000010000000000000000030330000C00000000000000000000000000000000000000000000000000000000A4
:4008C000000008000404000499900001000000000000000000000000000000000000000000000000000000000000000000000002000000800000010800000440008A00451C
:400900000000020400200810000000000A100520000000000000000100000000003003C00C0C0003000000000000000000000000000000000000000000000000000000002B
:400940000100000004040004999000010000000000000000000000000000000000000000000000000000000000000000000000000000000800000004000000000008000428
:400980000000000000020001000000000001000200000000000000000000000000000000000C00030000C00000000040000000000000000000000000000000000000000022
:4009C00000000A000404000498900811000000000000000000000000000000000000000000000000000000000000000000000004000000000000000000000000000000009C
:400A00000000000200000008000A02050000000100000000000001000000000000000003020C01000000000000000000000000000000000000000000000000000000000087
:400A4000000002000404000994900801000000000000000000000000000000000000000000000000000000000000000004000008000000010000000001000204040000100E
:400A80000000010200000220002A001500000100000000000000000000000000040000030330000C000000000000000000000000000000000000000000000000000000008B
:400AC00000000200040400099190080100000000000000000000000000000000000000000000000000000000000000000000000100000000000002040100020000020001AC
:400B00000000000000000002000001000000000400000000000000000000000000000003000003040000000000000040000000000000000000000000000000000000000064
:400B40000000000004040004910000010000000000000000000000000000000000000000000000000000000000000000545754575457545754575457545754575457545729
:400B800054575457545754575457545756575557545754575457545775575E57030008A820A880A8FFBF5455000055550000000000000000000000000000000000000000F9
:400BC000000008000404000400900001000000000000000000000000000000000000000000000000000000000000000080004000200010000800040002000100000200014E
:400C0000000800040020001000000000AA2A551500000000000000000000000003030C0C3030C000FF3F5415000000002305000000CEB0000BFFFFFF0000000004000101A1
:400C40000000100004040404002100010000C0004001800030004010100040A800000000000000000000000000000000020201010808040420201010808040400280014078
:400C80000820041020081004800240010000000000000000000000000000000003030C0C3030C0C0FFFF545500000000000000000000000000000000000000000000000054
:400CC000000008000404000400200001000000000000000000000000000000000000000000000000000000000000000080124011201810140810041002120111021001100B
:400D00000818041420101010801040100010001000100010001000100010001003030C0C3020C000FF2F5515000000100000000000000000000000000000000000000000F5
:400D40000000022404040004001000010000000000000000000000000000000000000000000000000000000000000000000000000000000000000000000000000000000030
:400D80000000000000000000000000000000000000000000000000000000000000000000000000000008000000000004000000000000000000000000000000000000000027
:400DC0000000000000040000000000010000000000000000000000000000000000000000000000000000000000000000000100400001011002010020000100040001000270
:400E0000000002FE0001000800000200000000FE00FF0300020000010001008000FF0000030000000000000000000000000000000000000000000000000000000000000021
:400E4000000008000404000411900001000000000000000000000000000000000000000000000000000000000000000000040300030108000002020000100300000F000083
:400E8000030F080000010100030008000000000000000300000F00000408000000000F1F0000000000000000000000000000000000000000000000000000000000000000BF
:400EC0007F000400040400041190000100000000000000000000000000000000000000000000000000000000000000000000000000000000000000000000000000000000C1
:400F0000000100000100000000010000000000000000000000000000000001000001000001000000000000002001000000000000000000000000000000000000000000008A
:400F400000000800040400048890001100000000000000000000000000000000000000000000000000000000000000000000020810040300010002014008030004000302BB
:400F800000000000FF0000000000FD030000FC00200803000800030803008001FF03000800030004000000000000000400000000000000000000000000000000000000005F
:400FC00001000000040400041110000100000000000000000000000000000000000000000000000000000000000000008002400100080004002000100280014002020101FA
:401000000800040020201010800040000000000008080404200010000080004003030C0C3030C0C0FFFF5455000000000000000000000000000000000000000000000000D7
:40104000000008000404000400900001000000000000000000000000000000000000000000000000000000000000000080124011081804142010101080124011021001105A
:401080000818041400100010001000100010001020101010001000100210011003030C0C3020C000FF2F55150000001000000000000000000000000000000000000000002F
:4010C000000008000404000400900001000000000000000000000000000000000000000000000000000000000000000000000007030000000000100000001F00020100000F
:4011000000000003000303000700080300030304080704000003000401020000000000001F0700002000000000000000000000000000000000000000000000000000000027
:40114000030004000404000411900001000000000000000000000000000000000000000000000000000000000000000000000012000800000000000000000000000000019F
:4011800000000001001200040000000000000000000001000004001200000010001001060008000100000000000000402604030005C0E0000AFFFFFF022000050400070086
:4011C00001000000040404041011000100004001400150014001701040100000000000000000000000000000000000000000000000000000000000000000000000003F3F5A
:4012000008000000007F000000000000000000000000001FF43D00000000000000000000007F00000000030000000000030100000000000000000201030100001701000032
:40124000000000001001070107000000000000000000000000000000000000000000000000000000000000000000000000000000000000000000002000000000040000002A
:40128000100002000000000000000000000000000000000000000000000000000000000000000000000000000000000000000000000000000000080008000100000000000B
:4012C000000000000000000000000000000000000000000000000000040000000000802000002000000000000000000000000000000000000000000000000000000000002A
:4013000000000000000000000000000000000000000000000000000000000000000000000000000000000000000000000000020000000000000000000000000000000000AB
:401340000000000000080000000020000000000000000000000000000000010210080000000000000000000000002102000020000000800000000000000000000000000067
:40138000000000000000000000000000000004000E00000000000000000000000000000000000000020000000000030008000000020000000000000000000000000000000C
:4013C00000000000000000000000000010000000000000000000010000002000000000000000000000000000000000000000000000000000000000000000000000000000BC
:4014000000000000000000000000000000000000000000000000000000000000000000000000000000000000000000000000000000000000000000000000000000000000AC
:401440000000000000000000000000000000000000000000000000000000000000080000000001000000000000002102000020000000900000000000000020000000000070
:401480000000000000000000000000000200060000000000000000000000000000000000000000000000000000000000000000000000000000000000000000000000000024
:4014C00000000000000000000000000000008000000020000000000000000000000800000000010000000000000001020000000000001000400000000000000000040000EC
:4015000000000000000000000000000000000000000000000000000000000000000000000000000000000000000000000000000000000000000000000100000000000000AA
:401540000000000000000000000000000000000040000000000200000000000000000000000000000000000000000000000000000000000000000000000000000000000029
:401580000000000000000000000000000000000000000000000000000000000000000000000000000000000200000000000001000000080000000000000000000000000020
:4015C00000000000000000000000000000020000000019000000000000000000000000000000000000000000000000000000000000000000000000000000000000000000D0
:40160000000000000000000000000000010008000000000000000000000000000000000000000200030000000000000000000000000000000000000000000000000000009C
:40164000000000000000000000000000002801000000000042000800000000008100200000000008002000000000000800202000080148006220000000200001810014005D
:401680002002280400000102300200040000000040210004000000000062000200000000100000001000004010008000800000000000000000000000200020010000000029
:4016C0000000000000000000000000008000004000000004000010010408100000402800000000001300010880000000000000003000080900000808108000010010000003
:4017000000000100000000000000000007000B002D00000000003F00EF00C100E000300000003C0001000000000000000000D00000002000000011005000A000000000003C
:4017400000000000000000000000000010000020000286100008000210080200000018000000208800000020000800088000008000000810400090200040800808100002A3
:40178000101009200400268084002200000000000000000000000000000000000000000000000000000000000088210000600000A00040080000000000000000000000009F
:4017C00000000000000000000000000080100008684000000020D000100201000400018A0040000040880228000000100010100200008108000020020040C0000500000003
:40180000100310000000000000000000F600E500A600000000003F00E700FF00000000000000F000FC0000000000000006000000010000004000050000000900000000009E
:4018400000000000000000000000000008A1000000000041000050000000AA00020400000000001405A050000055AA00001D00000055200000000000000088002028000014
:401880000000200280020004008A20000000000000000000000000000000000000000000000000000000000000000000008000000000400006050000000000554000000472
:4018C0000000A80200000000000000008000000000000000000040002000000000402800050A50000300000800550000000000001075000000800000000000080101040420
:401900000000000000000000000000009F00FC006500000000005000A200FB00000000000000000018000000000000001000000040009000000080000000A00000000000A2
:401940000000000000000000000000004C008800400002000020028000400A0048400029000000400001000000000800022A00000000004000400028000000000002800015
:401980000000044000802402000000000000003000000000000000000000000000000000000000001001028000000000000000000080000010029000002880008010801090
:4019C000000000000000000030001000001008020008009000000100000444010000208A0002000010080208250200520C0010029100050800004000000100000800020855
:401A00000000000000000000000000000F004B008F00000000000E0059000F000000000000000C0010000000000060000000000000000100040008000000000000000000BE
:401A40000000000000000000000000005500000000550000000055000000AA000000000000000000500005000000AA00000800480000005600000000000000000008000010
:401A800000000056000A004000AA000000000000000000000000000000000000000000000000000000000000008000000020000000008000020128000000000000800014FD
:401AC0000000000000000000000000000000000002800010020080000000000000400000000000000000000000000000000000001000000000000000000000000000000082
:401B0000004000000000000000000000FF00FF000000000000000000F200FB0000000000000010001400000000000000000000000000A0004000080000000000000000006E
:401B400000000000000000000000000094000080000000000000000030000000400000020129140000009A009400008000140040002882004000000000000000002882000B
:401B800080101040000040400000000000000018000000002000010200000000100000000000000000009A00002000000000540000500000000040000000000000000000DC
:401BC00000000000000000000000000000401000044000440000000220000000000000002042008000280000A4020000000000009100040201000000002000000000204023
:401C00000010000000000000000000000F00000098000000000001000F0000000600080000002F003E00000000000000000008000000B200000008000000000000000000A0
:401C40000000000000000000000000000000000010000020000000000000000000000000000000000000002000000000000000000000000000000000000000000000000014
:401C8000000000000000000000000000000000000000000000000000000000000000000000000000000000000000000000000000020004000000000080000400000000009A
:401CC0000000000000000000000000000200010220000100000004A0400002008000000000000000801004000000020001282000020000100000000040000000002881007E
:401D000000000011018400002000010000000000000000000000041000000000000000000000000001402800800000100108104000400001009402000000000000000000AF
:401D4000000000000060020000000000000000000000000000000000400000000020292100120000010810012402001000008000000002001000000100004800008000108A
:401D8000000000000000000000000000C9008E000800000000008000AF00AB000000000000003F000F00000000000C0000000A0002001400200000008000040000000000CC
:401DC00000000000000000000000000000000000000000000000000000000000000000000000000000000000000000000000000000000020000000000000000000000000C3
:401E000000000000000000000000000000000000000000000000000000000000000000000000000000000000000000000000000000000000000000000000000000000000A2
:401E40000000000000000000000000000000000000000000000000000000000000000000000000000000000000000000000000000000000000000000000000000000000062
:401E8000000000000000000000000000000000000000000000000000000000000000000000000000000000000000000000000900020008000000000000000000000000000F
:401EC00000000000000000000000000000000000000000000000000200000000000004000000000000500000000001400028140004809001000002000000004000A8000010
:401F000000000011000100000420000000000000000000000000000000000280000000000000000004520000108000080000000200080000088500005020000000008A006A
:401F40004000400400000840200002000000040000118000000000000000000000000001A0940080010010080000081500000001488010000000000000000008010000040D
:401F8000000204400000000000000000000001000200000000008100AE0061000000000000007F004800000000003500000009000200080010000000000000000000000029
:401FC000000000000000000000000000201FDF00DF000000000F0F000F0200004400000C08000C00C00000006000806F0B4040000000000018000058E000E0000000000087
:0200000490006A
:040000000800C0052F
:0200000490105A
:04000000BC90ACAF55
:0200000490303A
:020000000CAB47
:0200000490501A
:0C00000000011E09306903011E6C3D1454
:0200000490402A
:4000000000000000000000000000000000000000000000000000000000000000000000000000000000000000000000000000000000000000000000000000000000000000C0
:00000001FF
