:10410000024ADD008F828E83E0540100000070F8C7
:104110002278FFE4F6D8FD024B6B024462E864802B
:10412000F8E933E83360110460F0ED33EC337009E3
:10413000E8FCE9FDEAFEEBFF220460DED3EB9FEA38
:104140009EE99DE8C2E78CF0C2F795F0400CE8CC00
:10415000F8E9CDF9EACEFAEBCFFB12442D85D0F089
:104160005804700320D5B3E80470075002B2D5029A
:10417000446C92D5EC0460F7E4CCC0E0C398F860DE
:104180003B94186008400DD0E0FB024444E4FBFA85
:10419000C9FC8028E830E406E4C9FBE4CAFCE83046
:1041A000E305E4C9CACBFCE854076010F8C3E9137F
:1041B000F9EA13FAEB13FBEC13FCD8F130F52FC33B
:1041C000E49CFCEF9BFFEE9AFEED99FDD0E0FBEF47
:1041D0004E4D4C701222DB03024469EC2CFCEF3391
:1041E000FFEE33FEED33FDED30E7EB024444EF2B01
:1041F000FFEE3AFEED39FDD0E0FB50130BBB0003A0
:1042000002446CED13FDEE13FEEF13FFEC13FC0202
:104210004444EC4D6011E8497017ED33EC33046011
:104220000DE4FCFFFEFD22E933E8330470F802449C
:104230006212442D58046009E4CC248150062850B1
:104240000902446C284003024469C0E0EB4A704410
:10425000B98006D0E0FB024458EF4E701CBD8008C8
:10426000EBFFEAFEE9FD80EBE98DF0A4FEE5F0024C
:1042700042FBE9CDF9EAFEEBFFEF89F0A4FCE5F0A3
:10428000CE89F0A42EFFE435F0CD89F0A42DFEE414
:1042900035F08067EF4E7005BD80D780C3EF8BF09F
:1042A000A4ACF0EE8BF0A42CFCE435F0F8EF8AF02F
:1042B000A42CE5F038FCE433CB8DF0A42CFCE5F025
:1042C0003BF8EE8AF0A42CFCE5F038F8E433CF8913
:1042D000F0A42CFCE5F038CF3400CE89F0A42FFFF9
:1042E000E5F03EFEE433C98DF0A42EFEE5F039CDB5
:1042F0008AF0A42FFFE5F03EFEE43DFD33D0E0FB65
:1043000050070BBB000F02446CEC2CFCEF33FFEEAC
:1043100033FEED33FD02444402446CEC5D04600561
:10432000E85904700302446212442D580460F6EC0C
:104330004860F2EC7004FDFEFF22C860DB2481C8F7
:104340005009C398600250060244699850CAF58229
:10435000E9294B4A7005AB8202445875F0007C1A7B
:104360007880C3EF9BEE9AED99400DC3EF9BFFEE73
:104370009AFEED99FDE842F0DC23ACF0D0E0FFD0EE
:10438000E0FED0E0FDAB8220E7101BEB60BAEC2C26
:10439000FCEF33FFEE33FEED33FD024444E803F857
:1043A00030E705C0F075F000EF2FFFEE33FEED3380
:1043B000FD40B830E7C280AA75F020800E75F0107D
:1043C000800575F0087D007E007F003392D530D5E2
:1043D00003124629EC334010EF33FFEE33FEED338A
:1043E000FDEC33FCD5F0ED22E5F0247EA2D513CC14
:1043F00092E7CDCEFF22EDD2E7CD33EC3392D52438
:10440000814006E4FFFEFDFC22FCE4CFCECDCC24AF
:10441000E0501174FF80EDC3CC13CCCD13CDCE137F
:10442000CECF13CF0470F030D5DE024629E9D2E7B3
:10443000C933E833F892D5EDD2E7CD33EC33FC50F5
:1044400002B2D522EC30E7100FBF000C0EBE000800
:104450000DBD00040BEB6014A2D5EB13FCED92E74D
:10446000FD2274FFFCFDFEFF22E480F8A2D574FF5C
:1044700013FC7D80E480EFBB010689828A83E02201
:104480005002E722BBFE02E32289828A83E4932260
:10449000BB010689828A83F0225002F722BBFE010B
:1044A000F322EF8DF0A4A8F0CF8CF0A428CE8DF0ED
:1044B000A42EFE22C5F0F8A3E028F0C5F0F8E582AE
:1044C000158270021583E038F022A3F8E0C5F025CC
:1044D000F0F0E582158270021583E0C838F0E8221A
:1044E000BB010A89828A83F0E5F0A3F0225006F727
:1044F00009A7F01922BBFE06F3E5F009F31922E83B
:104500008FF0A4CC8BF0A42CFCE98EF0A42CFC8AB8
:10451000F0EDA42CFCEA8EF0A4CDA8F08BF0A42D35
:10452000CC3825F0FDE98FF0A42CCD35F0FCEB8ED6
:10453000F0A4FEA9F0EB8FF0A4CFC5F02ECD39FE8C
:10454000E43CFCEAA42DCE35F0FDE43CFC2275F001
:1045500008758200EF2FFFEE33FECD33CDCC33CC88
:10456000C58233C5829BED9AEC99E58298400CF5A3
:1045700082EE9BFEED9AFDEC99FC0FD5F0D6E4CED1
:10458000FBE4CDFAE4CCF9A88222B800C1B9005905
:10459000BA002DEC8BF084CFCECDFCE5F0CBF978D2
:1045A00018EF2FFFEE33FEED33FDEC33FCEB33FB66
:1045B00010D703994004EB99FB0FD8E5E4F9FA22F0
:1045C0007818EF2FFFEE33FEED33FDEC33FCC933EB
:1045D000C910D7059BE99A4007EC9BFCE99AF90FB3
:1045E000D8E0E4C9FAE4CCFB2275F010EF2FFFEE1F
:1045F00033FEED33FDCC33CCC833C810D7079BEC6A
:104600009AE899400AED9BFDEC9AFCE899F80FD5E1
:10461000F0DAE4CDFBE4CCFAE4C8F922CFF4CFCE53
:10462000F4CECDF4CDCCF4CC22C3E49FFFE49EFEC7
:10463000E49DFDE49CFC22EB9FF5F0EA9E42F0E94C
:104640009D42F0EC6480C864809845F022EB9FF5B1
:10465000F0EA9E42F0E99D42F0E89C45F022E860D5
:104660000FECC313FCED13FDEE13FEEF13FFD8F1B7
:1046700022E8600FEFC333FFEE33FEED33FDEC3382
:10468000FCD8F122BB010789828A830247D55005F5
:10469000E9F80247C9BBFE05E9F80247E189828AC9
:1046A000830247EDBB010789828A830246F35005E6
:1046B000E9F80247FDBBFE05E9F80248092274014A
:1046C000FF3395E0FEFDFCA3A3A3E0CF2FF0E5822E
:1046D000158270021583E0CE3EF0E58215827002ED
:1046E0001583E0CD3DF0E582158270021583E0CCA4
:1046F0003CF022ECF0A3EDF0A3EEF0A3EFF022A447
:104700002582F582E5F03583F58322D083D082F8C7
:10471000E4937012740193700DA3A393F874019342
:10472000F5828883E4737402936860EFA3A3A38087
:10473000DFD083D082E4937012740193700DA3A331
:1047400093F8740193F5828883E4737402936C7018
:10475000127403936D700C7404936E700674059359
:104760006F60DDA3A3A3A3A3A380CAE5092582F5F7
:1047700082E5083583F583B508048582092210AFE8
:1047800006858209F50822858209F508D2AF22E55F
:10479000092582F582E5083583F58322EC8EF0A4A5
:1047A000CCC5F0CCCDF8EFA4CEC5F02DFDE43CFC9B
:1047B000E8A42EC8C5F03DFDE43CFCEFA4FFE5F005
:1047C00028FEE43DFDE43CFC22E6FC08E6FD08E6AC
:1047D000FE08E6FF22E0FCA3E0FDA3E0FEA3E0FF6D
:1047E00022E2FC08E2FD08E2FE08E2FF22E493FC7C
:1047F000740193FD740293FE740393FF22ECF60898
:10480000EDF608EEF608EFF622ECF208EDF208EE0F
:10481000F208EFF222410A02554109A63241099CF1
:104820000041099B004109FD01410A081241099D0F
:10483000004109F9004109A432410A000041099EE2
:1048400000410A07014209A000004109A3004109F3
:10485000FC004109FB00440A0300000000410A017A
:10486000004109FA024109FE004109A5004109FF82
:10487000004109F80041099F004109A2004109983F
:1048800000410CE800410CE700410CEC00410CEB4E
:1048900000410CEA0060390BBC480707070778B5F0
:1048A000B60755CE865695FD7D3D1D0D0585C5E5A2
:1048B000F5E007078D0730684284A4830124C30410
:1048C0000274A344C282E364D44303812314639437
:1048D000B4C4440CA300001388410C9800410CC1DF
:1048E00000420CB63DF4420CB80000410CBA004244
:1048F0000CBB0BB8420CBD0000420CBF0000440BC7
:104900006900000000440B6D00000000410B3800FE
:10491000410B4500440B5B00000000440B5F0000AE
:104920000000410B6300410B6400410B6500410B2B
:104930006600440AAD713D0A07440ABE713D0A078C
:10494000410A9700440A9C00000000410ABD004152
:104950000AA1C4440A9800000000440AC2017D78FC
:1049600040410A9600410A7F00420AA2002A420AF8
:104970007D002A440AC700000000410ACF00410A16
:10498000C600420A800000440A6F00000000410A8D
:104990007300440A7400000000440A78000000001C
:1049A000410A7C00440C4F00000000440C4500000C
:1049B0000000410C4D00410C4E00440C530000001F
:1049C00000440C3C00000000440C4000000000418A
:1049D0000C440041090300440C8000000000440C1A
:1049E0007C00000000410C7B00440C8400000000AF
:1049F000410C7200420C732710440C77000D4A588A
:104A0000410C6F32410C6D00410C7000410C6E0086
:104A1000410C6815440C6900000000410C71004114
:104A20000C5700410C5800410C5900410C5A0041F0
:104A30000C5B00410C5C00410C5D00410C5E0041D0
:104A40000C6100410C6200410C6300440C640000E6
:104A50000000410B0F00410B2B0C490AD000000451
:104A6000040000000000410CEE00410CF300410C7A
:104A7000F4FF410CF5FF410CF6FF410CF7FF410C30
:104A8000F8FF410CF9FF410CD380410CD27F440C5C
:104A9000CE000000FF440CAD023366C4440CA800F5
:104AA00000903C410CAC25440CB2481E0000410C67
:104AB000FA00460CD4008102370300410CFBFF4191
:104AC0000CFCFF430CDA000000410CFD00420C130B
:104AD0000180420C15FF7F420C110100007593000C
:104AE00078007583467582E8E04401F00090480044
:104AF00074C0F07581099076BCE4F0A3F0A3F0A334
:104B0000F0907010F0907019F0907020F090760096
:104B10007410F0907604E4F0A3F0A3F0A3F0907882
:104B2000007800087400F0A37408F0E8B804027478
:104B3000FFA3F0A37422F0A374BCF0A37476F0A3D7
:104B4000E4F0A3E81475F008A4F0A3B804D59070BD
:104B5000107401F0907014F07E707F181241049070
:104B60007010F0EA900CB1F002411175081F750940
:104B7000FD12BE2A12A8E912BDBD024BB8025DEFBC
:104B8000E493A3F8E493A34003F68001F208DFF472
:104B90008029E493A3F85407240CC8C333C4540FEA
:104BA0004420C8834004F456800146F6DFE4800BBD
:104BB0000102040810204080904815E47E019360B3
:104BC000BCA3FF543F30E509541FFEE493A36001EA
:104BD0000ECF54C025E060A840B8E493A3FAE49354
:104BE000A3F8E493A3C8C582C8CAC583CAF0A3C802
:104BF000C582C8CAC583CADFE9DEE780BEC2D5E880
:104C000030E70FB2D5E4C39BFBE49AFAE499F9E4E8
:104C100098F8EC30E717B2D5124C3312458AE4C34A
:104C20009BFBE49AFAE499F9E498F8800312458A28
:104C300030D50DE4C39FFFE49EFEE49DFDE49CFCA3
:104C400022758600EF4E6027EF60010E759300908D
:104C50000A29E0F595A3E0F585A3E0F5848B938A16
:104C6000838982E0A30586F0A31586DFF6DEF4E4EF
:104C7000F593F59522028C31EEFA900CACE0F88FAA
:104C8000F0A4FFAEF0E88AF0A42EFEE5F03400FDBB
:104C9000EF24C9FF78FFEE38FEED38FDE438FC5014
:104CA00003024D0022758600EF4E601BEF60010E7F
:104CB0008C838D828B958A858984E493A30586F005
:104CC000A31586DFF5DEF3E4F59522EC4D6011EDDA
:104CD00060010C8B938A838982E4F0A3DDFCDCFA0B
:104CE00075930022EF54016004D2AF8002C2AFEF8F
:104CF0005402FF9044F4E054FD4FF022029F013231
:104D0000EC4D4E700D78FCEF24E950032840FD2255
:104D100000007BF178DA0000EF28FF78FFEE38FE24
:104D2000ED38FDEC38FC50E7EF2BFFEE38FEED38A8
:104D3000FDEC38FC40F222050203049044F4E0F854
:104D40004402F0E85402FF10AF012274014FFF2229
:104D50008B938A838982EFF0A3EEF0A3EDF0A3ECAE
:104D6000F075930022452020005020200053202081
:104D700000432020008B938A838982E0FFA3E0FE1A
:104D8000759300228B938A838982EDF0A3ECF075F2
:104D90009300228B938A838982E0759300FF228B94
:104DA000938A838982EDF075930022EC30E7031239
:104DB00046292204001001A0000000080010000095
:104DC00000180000100000000000010400000000B6
:104DD0000018000018001551140000000008000819
:104DE000000040008800000000001500A4000181C0
:104DF0002822000000000000000000000000000069
:104E0000000000000000000000000000000040481A
:104E1000022000000000020200221000000000003A
:104E20000000000000000000000000000000000082
:104E30000000001200000000000000000000000060
:104E40000000000000000000000000000000000062
:104E50000000000000000000000000000000000052
:104E60000000000000000000000000000000000042
:104E7000000000C5006000120000000000A200EA6F
:104E800000FF00000000000000F800F80000000033
:104E90000000000000000000000000000000000012
:104EA0000000000000000000000000000000000002
:104EB00000000000000000000000000000000000F2
:104EC0000000000000000000000002000000800060
:104ED00000000000000000000000000000000000D2
:104EE00000000000000000000000000000000000C2
:104EF00000000000000000000000000000000000B2
:104F000000000000000000000000000000000000A1
:104F10000000000000000000000000000000000091
:104F20000000000000008000000000000000000001
:104F300040000000000080000000000000000000B1
:104F40000000000040000000000000000000000021
:104F500000000200000000000000800000100000BF
:104F600000020800000000000000800000000000B7
:104F700000000000000000200040000000000000D1
:104F800000000000000000000000000000000080A1
:104F900000200000008000000000000000C00000B1
:104FA00000400000000000000000000000000000C1
:104FB00000000000000000000000000000000000F1
:104FC00000000000000000000000000000000000E1
:104FD0000000000000000000400000000000000091
:104FE00000000000000000000000000000000000C1
:104FF00000000000000000000000000000000000B1
:105000000000000000020000000008000000000096
:105010000000000000000000000000000000000090
:105020000000000000000000000000000000000080
:1050300000000000600000000000400000000000D0
:1050400000000000000000000010800000000000D0
:1050500020000200000000004000000000000000EE
:105060000000000000000000000000000000000040
:105070000000000000000000000000200000000010
:1050800000000000000000C0000000000000000060
:10509000000000000010000000A000000000000060
:1050A0000000000000000000000000000000000000
:1050B00000000000000000000000000000000000F0
:1050C00000000000000000000000000000000000E0
:1050D00000000000101000000000000000000000B0
:1050E00000000000000000000000000000000000C0
:1050F00000000000000000000000000000000000B0
:10510000000000000000400000000000000000005F
:10511000000000000000000000000000000000008F
:10512000000000000004000000000000000000007B
:10513000000000000000010000000000002400004A
:10514000000001000000020020300100000000000B
:1051500020200200000000004000000000002004A9
:10516000040000000000000000000000000000003B
:10517000000000000000000000000010000000001F
:1051800000000000000000200000000000000020DF
:10519000000000000000002000000000001000409F
:1051A00000200000000000000000000000000000DF
:1051B00000000000000000000000000000000000EF
:1051C00000000010000000000000000000000000CF
:1051D00000000000000000000000000000000000CF
:1051E00000000000000000000000000000000000BF
:1051F000001000000000000000000000000000009F
:10520000000000001000000000200000000400006A
:10521000000000000000000000000000000000008E
:10522000000000000000000000000000000000007E
:1052300000000020000000900004000000000000BA
:10524000000004000400020000200180000000347F
:105250002020060000000010400020800000000018
:1052600000000000200040000000000000000000DE
:10527000000000000000001000000000000000001E
:10528000002000000000006000400000000000005E
:1052900000000000005000400020000000000080DE
:1052A00000000000000000000000000000000000FE
:1052B000000000000000000000000080000000006E
:1052C000200040000000000000000000000000007E
:1052D00000000000000000000000000000000000CE
:1052E0000000000000000000000000090000002095
:1052F00000000101000000000000000000000000AC
:105300000000000000002000002001000020040038
:105310000000002000000204000000000000000067
:10532000000000000000000000000000000000007D
:105330000000000000000000000C00000000000061
:105340000000000804000200000800000000001037
:1053500020000200000000004008000000000000E3
:10536000000031000000000000000200000000000A
:105370000000000000E0000000000000000000004D
:1053800000E00010000000E0006000C0000000002D
:1053900000000000001000000010001000000000DD
:1053A00000000000000000000000000000000000FD
:1053B00000000000000000000000000000000000ED
:1053C00000000000000010000400000800000100C0
:1053D00000000100000000000000000000000000CC
:1053E0000000001000040000200800000000000081
:1053F000800000000000200000000000000000000D
:10540000000000000000000000000000000000009C
:10541000000000000000000000000000000000008C
:10542000000000000000000000000000000000007C
:10543000000000000000000000000000000000006C
:10544000000000000000000000000000000000005C
:10545000000000000000000000000000000000004C
:10546000000000000000000000000000000000003C
:10547000000000000000006000700000000000F06C
:1054800000200010000000000000000000000000EC
:10549000000000000000000000000000000000000C
:1054A00000000000000000000000000000000000FC
:1054B00000000001000000000000000100000000EA
:1054C00000010001000000100001000100000008C0
:1054D00000000001000000080001000100000001C0
:1054E0000008230254B376080008230354BB761047
:1054F0000008230454C376200008230554CB7628E3
:105500000008230654D376300005230754DB7020AF
:105510000005230854DB70300005230954DB70506C
:105520000005230A54DB7060000523FE54DB707015
:105530000015220C0CE349C8004022FE0CE3513058
:105540000180220E0CE30A000080220F0CE30C8085
:10555000020022100CE30E00010022110CE34400B3
:10556000008022120CE34600008022FE0CE34D0076
:10557000008023144DB30100008023154E330180B9
:10558000008023164EB34900008023174F33498013
:10559000008023184FB348000080231950334880FF
:1055A0000080231A50B343000080231B51334380F3
:1055B0000080231C51B342000080231D52334280DF
:1055C0000080231E52B341000080231F53334180CB
:1055D0000080232053B34000008023FE54334080DA
:1055E000000723220828520000072323083052080E
:1055F0000007232408385210000623250840526073
:1056000000072326084852780008232708504578C9
:10561000000C232808604F000020232911EC64703F
:10562000002023FE120C65700008232B085851003F
:105630000080232C086C00000080232D08EC0080E3
:105640000080232E096C02000080232F09EC0280C9
:10565000008023300A6C0400008023310AEC0480AF
:10566000008023320B6C0600008023330BEC068095
:10567000008023340C6C0800008023350CEC08807B
:10568000008023360D6C0C00008023370DEC1400D5
:10569000008023380E6C1480008023390EEC160035
:1056A0000080233A0F6C16800080233B0FEC18001B
:1056B0000080233C106C18800080233D10EC1A0001
:1056C0000080233E116C1A800010233F122C5010D2
:1056D00000102340123C500000802341124C4D80AA
:1056E0000080234212CC4C0000802343134C4C809A
:1056F0000080234413CC470000802345144C47808E
:105700000080234614CC468000802347154C45007A
:105710000080234815CC458000802349164C1B008F
:105720000080234A16CC1B800080234B174C1500A9
:105730000080234C17CC15800080234D184C190095
:105740000080234E18CC19800080234F194C17007D
:105750000080235019CC1780008023511A4C090077
:10576000008023521ACC0980008023531B4C070071
:10577000008023541BCC0780008023551C4C0B80D9
:10578000008023561CCC0500008023571D4C05804B
:10579000008023581DCC0D00008023591E4C0D8025
:1057A0000080235A1ECC0300008023FE1F4C038080
:1057B00000010000000200000004000000050000DD
:1057C000000600001201000200000008C016DC05FF
:1057D00003000F0E80010902B700040100C0020996
:1057E00004000000FF00000C09040100000101009A
:1057F000090A2401000134000202030C24020103FF
:105800000600020300000009240302010100010058
:105810000C24020301010002030000000924030418
:10582000030600030009040200000102000A090443
:105830000201010102000A072401020201000B24F7
:105840000201020210010077010905822D80010189
:105850000000072501800100000904030000010287
:10586000000B09040301010102000B0724010301DD
:1058700001000B2402010202100100770109050357
:105880002D800101000007250180010000040309AB
:10589000040C03410045003900520042001A035035
:1058A00000650061006200650072007200790020EE
:1058B0000053004400520022035000650061006262
:1058C00000650072007200790020005200650063DC
:1058D00000650069007600650024035000650061E2
:1058E00000620065007200720079002000540072AE
:1058F0000061006E0073006D00690074001E0350AB
:10590000006500610062006500720072007900208D
:105910000052006100640069006F001603440047F4
:105920000038005300410051002D0049003200436F
:10593000001A037700770077002E006F0062006482
:1059400000650076002E00610074001E034D007596
:10595000006C00740075007300200043006F006E3F
:1059600000740072006F006C0020034D0075006C25
:10597000007400750073002000490051002000539E
:10598000006F0075006E00640024034D0075006C0C
:10599000007400750073002000490051002000527F
:1059A0000065006300650069007600650026034D10
:1059B0000075006C007400750073002000490051F0
:1059C0000020005400720061006E0073006D0069D9
:1059D00000740026034D0075006C007400750073A0
:1059E000002000530044005200200043006F006E6E
:1059F00000740072006F006C0020034D0075006C95
:105A00000074007500730020005300440052002C05
:105A1000004C004C0043002E001203500072006F37
:105A20000066006900630069006F00260377007755
:105A30000077002E006D0075006C00740075007317
:105A4000002D007300640072002E0063006F006D73
:105A50000000120350004500300046004B004F008C
:105A60002D0030000201822D0180010301032D0170
:105A70008001FF01010101FF57D602FF5A640000B7
:105A8000000000000000000000000000000000FF17
:105A90005A7201FF57C40000000001FF5A7601FF4F
:105AA0005A923031323334353637383941424344F3
:105AB000454600E4900A30F0A3F0A3F0A3F0A3F071
:105AC0007F64FEFDFC7176D2AF9044F474FDF0F17A
:105AD000B0F19712C0E47EA07FBE12C122128BAB40
:105AE000E4FFFEFDFC900A361246F37FC01278A94F
:105AF000900A2EEFF0700812BA27F19712BB77F1D7
:105B0000E2900A2FEFF0900A2EE0700CA3E06008FC
:105B10007BFF7A4D796571FD900A2FE060087BFF6D
:105B20007A4D796971FD900A2EE070087BFF7A4DFD
:105B3000796D71FD7F02F1CE7F807E9F7DD57C00E7
:105B4000900A981246F3E4900AA0F0900A98E0FCBC
:105B5000A3E0FDA3E0FEA3E0FF127F6EEF70ECE494
:105B60007FDC7E05FDFC7176B1E9EF54FEFF9160AC
:105B7000E47F05FEFDFC90FFFC12476B1246F385A7
:105B80000883850982E0A3E0A3E0FEA3E0D39400AC
:105B9000EE9480403D900CB2E0FCA3E0FDA3E0FE5B
:105BA000A3E0FF124D00850883850982C083C0826F
:105BB000E0FCA3E0FDA3E0FEA3E02400FFEE3480C0
:105BC000FEED34FFFDEC34FFFCD082D0831246F3AF
:105BD00080AD900CA8E0FCA3E0FDA3E0FEA3E0FFF5
:105BE000850883850982E0F8A3E0F9A3E0FAA3E041
:105BF000FB1244FF124D0090000402476B900A35DF
:105C0000EBF0A3EAF0A3E9F0E4900A39F0A3F090F6
:105C10000B0FE0600312612BB1E9EF5401440AFF5E
:105C20009160900A35E0FBA3E0FAA3E0F912703D21
:105C3000F191EF5408FF900A38E06F60F3EFF0A3A2
:105C400074FFF5F01244CA45F070E5900A3904F08B
:105C5000A374E0F07B007A00790012703D80D122BD
:105C6000906577EFF022900CA374FF1246C0E4FB1E
:105C7000FAF9F8C312464D7010900C9AF07F887EA6
:105C800013FDFC900CA31246F3900C9FE07002A34E
:105C9000E0601D900CA0E024FFF0900C9FE034FF2A
:105CA000F0E07002A3E07008B1E9EF547FFF91606B
:105CB000900C9EE0600414F08023900C9AE0FF901A
:105CC0000CA1E06F6017900C9D7401F0A374C8F0F4
:105CD000E47F887E13FDFC900CA31246F3900C9891
:105CE000E0147002A170147002A1BD24026002A130
:105CF000E8F191EF30E407900C99E004F022900C69
:105D000099E0FFC394554028EFD394735022900C30
:105D1000987401F0A37414F0900CA1E0900C9AF028
:105D2000A3F0A37404F0B1E9EF54DF4440FF8160B5
:105D3000E4900C99F0900C9DE07008900CA2E0703B
:105D400002A1E8B1E9EF4480FF9160900CA2E0600D
:105D50000C900C9F7403F0A374E8F08009900C9FE2
:105D6000E4F0A3740AF0E4900CA2F0900C9DF022F1
:105D7000900C99E014F0E0706F900C9CE06030B1F2
:105D8000E9EF4420FF9160900C9BE0FF30E3089026
:105D90000C997408F08006900C997403F0EF25E0DC
:105DA000900C9BF0A3E014F0900C987402F022B1D8
:105DB000E9EF549FFF9160E4900C98F022900C99C9
:105DC000E014F0E07022900C9CE06008900C997454
:105DD00003F08006900C99740AF0B1E9EF54DFFFEC
:105DE0009160900C987401F022906577E0FF22E4B6
:105DF000900A26F0A3F0A3F0A3F0A3F0A3F0A3F081
:105E0000A3740AF051B3126A6012717F900A02E023
:105E1000FFB4430C900A27E06F6002EFF012A35921
:105E2000F191EF5408FF900A24F0A3E06F60D7A32C
:105E3000E0FF04F0EFB407004002E119905E43F880
:105E4000282873025E58025E5C025E9D025EC802F4
:105E50005ECD025EDA025EEF916680AA900A02E0F1
:105E6000FF644360A1900A27E06F602DB1E9EF5411
:105E7000FEFF9160B1E9EF4402FF9160B1E9900A41
:105E80002BEFF04408F04410FFF09160E4900CEC2C
:105E9000F0900A02E0900A27F0F12AC106129096CB
:105EA0009009A6E0FF900998E06F600DEFF0E075B3
:105EB000F064A4FFAEF012C108900A07E06401602C
:105EC00002C10612A10EC1061288BCC1069009FFCC
:105ED000E06002C1061290E3C106129FA612BE182E
:105EE000EF7002C1067BFF7A4D797171FDC106909A
:105EF0000A02E064436016900A98E0FCA3E0FDA368
:105F0000E0FEA3E0FF127F6E9009FFEFF0F191EF4A
:105F100030E202C106F1D4C106126198E4900A266B
:105F2000F0900A24E0A3F0C10622900CEAE024FEDF
:105F3000602524F8603014604A240B7053900CECF8
:105F4000E0604D900CEBE07047900CEA7402F0B109
:105F5000E9EF54FDFF8160B1E9EF54F7FF916090E4
:105F60000CEA740AF022900CECE07024900CEBE048
:105F7000701EB1E9EF54FE4408FF9160900CEA7482
:105F80000BF022B1E9EF4402FF9160E4900CEAF0DB
:105F900022906463E0FF22900CEEE0700912AD5590
:105FA000900CEE7401F012BA139044C17480F02288
:105FB000E4900A39F0A3F0FBFA7D017F01126F80B3
:105FC00012677C12BC11E47F01FEFDFC61769065D6
:105FD00076EFF0229046FA7440F09046F6E04401E5
:105FE000F02212BBA0126DF5126D507DF07F4012B1
:105FF00061F3900A35EFF012BBEC12BBC3900CF5C5
:10600000E0FF112B900CF4E0FF112B900CF7E0FF58
:10601000112B900CF6E0FF112B900CF8E0FF112BE8
:1060200012BC00F1DC900A35E0FF227E01EFC39440
:1060300018502875F010EFA42410F582E5F03470A4
:10604000F583E054FEF075F010EFA42410F582E51E
:10605000F03470F583E054DFF0E41EAF0622900ABE
:106060003BEFF0C394095004E0FF80027F01900AE7
:106070003CEFF0900A3CE0FF2406F582E4340BF597
:1060800083E0F4602F74222FF582E4340BF583E073
:10609000FF112B900A3CE02406F582E4340BF583D3
:1060A000E0FF11ED900A3CE02406F582E4340BF5A4
:1060B0008374FFF0900A3CE02410F582E4340BF581
:1060C00083E0FFF4601211ED900A3CE02410F582A9
:1060D000E4340BF58374FFF0900A3CE004F0E0C375
:1060E00094095008900A3BE06409608722900A3DB9
:1060F000EFF0C394805033124D3B900A3EEFF09086
:106100000CD2E0FF900A3DE0FE75F008A42400F5F3
:1061100082E5F03478F583EFF0900CD2EEF0A3E056
:1061200004F0900A3EE0FF124CE4227F09115E1257
:106130004D3B906008E0547FF0906012E054FBF01B
:106140009043A5E054FEF09043B5E054FEF090512A
:10615000F8E04480F0E04440F0124CE49044CA740B
:1061600080F0A37401F09044CA7420F09044C87485
:1061700004F07408F012C4B69044D97410F0E4909E
:106180000922F0900930F090091EF0900927F09054
:10619000092FF0900B0FF022F1BEEF6011900B0F62
:1061A000E0701B7D02FF12AAB2126B2D8011900BC2
:1061B0000FE0600AE4900CECF0125FEB312B227DD3
:1061C000C07F4031F37D807F4531F37DFF7F4131DA
:1061D000F37DFF7F4231F3B16A517012BBD7124D8C
:1061E0003B906597E04410F0124CE490657BE044EE
:1061F00001F022900A36EFF0A3EDF0E4900A3AF0B5
:10620000A3F0A3F0900A3AE0FFC39402505FEF14AA
:10621000602F0470EF900A36E0900A38F0900A3749
:10622000E0900A39F07B017A0A7938900A607402AA
:10623000F0E4A3F07F46127EB9900A3AE004F080C1
:10624000C3127CCAEF30E708900A3AE014F0800AE3
:10625000EF30E106900A3AE004F0900A3B74FFF553
:10626000F01244B445F0709C7F012280977F002299
:10627000E4900A2EF0900A2EE0FFC39403400261DE
:1062800017EF6402703FE02407F582E43409F583D8
:10629000E0FF900907E0FBE4900A3DF07D01FC91EE
:1062A000E3900A2EE02407F582E43409F583E0FF49
:1062B0007B017A097903E9EAE4AD01AC027B477A14
:1062C00064D1B3804A900A2EE0FE2407F582E434BC
:1062D00009F583E0FF74082EF582E43409F583E0C4
:1062E000FB900A3D7404F07D017C0091E3900A2E3E
:1062F000E02407F582E43409F583E0FF7B017A09A5
:10630000790BE9EAE4AD01AC027B477A64D1B39042
:106310000A2EE004F04175900CF7E0FFF149900C73
:10632000F7E0FF900907E0FDF12BE4900A2EF090D2
:106330000A2EE0FFC394034002814FEF04A3F0C391
:106340009403402EE4F0900A2EE0240FF582E4340A
:1063500009F583E0FF900A2FE0240FF582E4340969
:10636000F583E0FB900A3D7405F07D807C0191E3AC
:106370008029900A2EE0240FF582E43409F583E0A9
:10638000FF900A2FE0240FF582E43409F583E0FB47
:10639000900A3D7401F07D80FC91E3900A2EE0FBB1
:1063A00075F080A42483F582E5F03404F583EB25B1
:1063B00083F583FEE582EEE4AD82AC06C005740F82
:1063C0002BF582E43409F583E0FF7B017A09790B30
:1063D000E9EAE4AB01D005D1B3900A2EE02400F540
:1063E00082E43400F583E0FF900A2FE02400F58278
:1063F000E43400F583E0FB900A3D7402F07D807C7C
:106400000191E3900A2EE0F975F080A42483F582CF
:10641000E5F03404F583E92583F583FEE582EEE4B7
:10642000AB82AA06C002C003740029F582E43400DE
:10643000F583E0FF7B017A097903E9EAE4AD01AC79
:1064400002D003D002D1B3900A2EE004F0612F9065
:106450000CF6E0FFF149900CF6E0FF90090FE0FD2B
:10646000F12B900CF8E0FFF149900CF8E0FF900060
:1064700000E0FDF12B900CF8E0FF7D019198900C6D
:10648000F6E0FF7D0112BDF3900CF6E0FF7D019177
:1064900098900CF7E0FF7D017E01EFC39418504007
:1064A000ED601575F010EFA42410F582E5F034705E
:1064B000F583E04420F0801375F010EFA42410F56C
:1064C00082E5F03470F583E054DFF075F010EFA44E
:1064D0002410F582E5F03470F583E04401F0E4FE29
:1064E000AF0622900A3AECF0A3EDF0A3EBF0900A8D
:1064F00039EFF0900A3E7401F0EFC394805065903C
:106500000A3AE054F0A3705C900A39E075F008A4F0
:106510002400FFE5F03478FE900A3FF0A3EFF0AAE4
:1065200006F97B01900A3AE0FCA3E0FD124D86904B
:106530000A3CE0FF900A39E0FE75F008A42402F559
:1065400082E5F03478F583EFF0900A3DE0FF75F0D6
:1065500008EEA42403F582E5F03478F583EFF0E447
:10656000900A3EF0900A3EE0FF22E4900A2EF0905E
:106570000A2EE0FFC394035070EFB4021C2404F50C
:1065800082E43409F583E0FF900904E0FBE4900A1B
:106590003DF07D01FC91E38028900A2EE0FE24046A
:1065A000F582E43409F583E0FF74052EF582E434C6
:1065B00009F583E0FB900A3D7404F07D017C0091B5
:1065C000E3900A2EE02404F582E43409F583E0FF29
:1065D0007B017A09790AE9EAE4AB017D4B7C65D15C
:1065E000B3900A2EE004F08086900CF5E0FFF149AC
:1065F000900CF5E0FF900904E0FDF12BE4900A2EE9
:10660000F0900A2EE0FFC394034002C18EEF04A372
:10661000F0C394034002E4F0900A2EE0240CF582CB
:10662000E43409F583E0FF900A2FE0240CF582E4BE
:106630003409F583E0FB900A3D7402F07D807C0113
:1066400091E3900A2EE0F975F080A42403F582E529
:10665000F03400F583E92583F583FEE582EEE4ABB3
:1066600082AA06C002C003740C29F582E43409F53D
:1066700083E0FF7B017A09790AE9EAE4AD01AC0223
:10668000D003D002D1B3900A2EE004F0C101900CE7
:10669000F4E0FFF149900CF4E0FF90090CE0FDF10B
:1066A0002B900CF4E0FF7D019198900CF5E0FF7DBC
:1066B000018198900A3AECF0A3EDF0A3EAF0A3EB85
:1066C000F0900A39EFF0900A3E7401F0EFC3948025
:1066D0005053900A39E075F008A42404FFE5F03423
:1066E00078FE900A3FF0A3EFF0AA06F97B01900A2A
:1066F0003AE0FCA3E0FD124D86900A39E075F008FF
:10670000A42406FFE5F03478FE900A3FF0A3EFF0F2
:10671000AA06F97B01900A3CE0FCA3E0FD124D863D
:10672000E4900A3EF0900A3EE0FF227E01EFC3941F
:1067300018501375F010EFA42419F582E5F03470A9
:10674000F583EDF0E41EAF06227E01EFC3941850EE
:106750002875F010EFA42414F582E5F03470F58369
:10676000E04404F075F010EFA42410F582E5F03455
:1067700070F583E04401F0E41EAF0622900A35EF85
:10678000F07FF47E3DF1CD126D12900A36EFF0E00D
:10679000FBFFE4900A3DF07D01FC91E3900A36E0B6
:1067A000FF7B227A427D677C64D1B3900A35E0FF9B
:1067B000A3E0FDF12B900A35E0FF7D018198905117
:1067C00011E0548060047F0180027F0022AD07AC9D
:1067D00006EC906579F0EF906578F022124D3B90D1
:1067E0006497E04403F0E054FCF0024CE490FFFCBA
:1067F00012476B1246F390FFF612476B7B01900035
:106800000612478FA982AA83850883850982EBF047
:10681000A3EAF0A3E9F07B0190000A12478FA98256
:10682000AA8390000312478FEBF0A3EAF0A3E9F0EC
:1068300090000312478FE0FBA3E0FAA3E02403F9E2
:10684000E43AFA124477FF850883850982E0FBA3C6
:10685000E0FAA3E0F9EF12449090000312478FE0B2
:10686000FBA3E0FAA3E02402F9E43AFA124477FF2A
:10687000850883850982E0FBA3E0FAA3E02401F9FF
:10688000E43AFAEF12449090000312478FE0FBA322
:10689000E0FAA3E02401F9E43AFA124477FF85080C
:1068A00083850982E0FBA3E0FAA3E02402F9E43A3D
:1068B000FAEF12449090000312478FE0FBA3E0FA36
:1068C000A3E0F9124477FF850883850982E0FBA3E2
:1068D000E0FAA3E02403F9E43AFAEF1244909000BE
:1068E0000612478FE0FCA3E0FDA3E0FEA3E0FF90CB
:1068F000000E02476B900A2FEBF0A3EAF0A3E9F039
:10690000900A2EEFF024FFFFE434FFFEEFC4F854AA
:106910000FC868FFEEC454F048900A34EFF02488A2
:10692000FFE43460FAA907900A367401F0A3EAF094
:10693000A3E9F0900CE8E030E008900A357491F09B
:106940008006900A3574D1F0900A32E0FCA3E0FD95
:10695000ECFF900A2EE0FE75F00BA42438F582E5DA
:10696000F03409F583E04FFF900A34E0FB240CF586
:1069700082E43460F583EFF0ED740D2BF582E4349E
:1069800060F583EDF074222EF582E4340BF583E09C
:10699000FF12602B900A2EE02406F582E4340BF5FA
:1069A00083E0FBFF900A32E0FCA3E0FD900A35E0B3
:1069B000900A3DF01264E3900A2EE02406F582E48A
:1069C000340BF583E0FFC007900A2FE0FBA3E0FA49
:1069D000A3E0F9FFAE02EAE4AD07AC06C005900AF9
:1069E00036E0FBA3E0FAA3E0F9FFEAE4AB07D00549
:1069F000D0071266B3900A2EE02422F582E4340B0D
:106A0000F583E0FF126749900A2EE0FE2422F5820A
:106A1000E4340BF583E0FF74062EF582E4340BF5C5
:106A200083E0FD12672B900A2EE02422F582E434E5
:106A30000BF583E0FF7D01126498900A2EE075F05B
:106A40000BA42436F582E5F03409F583E4F0900ACE
:106A500034E02480F582E43460F583E04401F022E0
:106A60007F0312AE57EF6012900CE9E0701C7F03B9
:106A700051C9900CE97401F08010900CE9E0600AB3
:106A80007F0312AFD5E4900CE9F012AE4AEF600438
:106A90007F0351C97F037106EFB401147117900A87
:106AA000327401F0A37480F07F0371577F0351C9E2
:106AB0007F027106EFB4011091FC900A327401F06C
:106AC000A37480F07F0211F522EFD394004036EFDB
:106AD00094095031EF75F00BA42436F582E43409A3
:106AE000F583E4F0EF75F00BA4243AF582E4340961
:106AF000F583E0FE75F010EFA424FEF582E5F03496
:106B00005FF583EEF022EF75F00BA42436F582E4F6
:106B10003409F583E0FF22D1627E007C017D801282
:106B200044A274832FF974043EFA7B0122900B086F
:106B3000E0B4FF0691FC7F02915C900B09E0B4FF8A
:106B40000671177F03915CE4900CE9F07117E490F3
:106B50000A32F0A3F07F03900A2FEBF0A3EAF0A330
:106B6000E9F0900A2EEFF024FFFFE434FFFEEFC4BB
:106B7000F8540FC868FFEEC454F048EF2488FFE4CF
:106B80003460FAA907900A357401F0A3EAF0A3E98A
:106B9000F0900CE8E030E108900A347492F080063E
:106BA000900A3474D2F0900A2EE02422F582E43464
:106BB0000BF583E0FF12602B900A2EE02406F5828D
:106BC000E4340BF583E0FBFF900A32E0FCA3E0FD28
:106BD000A3E0900A3DF01264E3900A2EE02406F54B
:106BE00082E4340BF583E0FFC007900A35E0FBA395
:106BF000E0FAA3E0F9FFAE02EAE4AD07AC06C00597
:106C0000900A2FE0FBA3E0FAA3E0F9FFEAE4AB0768
:106C1000D005D0071266B3900A2EE02422F582E454
:106C2000340BF583E0FF126749900A2EE0FE242220
:106C3000F582E4340BF583E0FF74062EF582E4342C
:106C40000BF583E0FD12672B900A2EE02422F582DB
:106C5000E4340BF583E0FF7D01026498900A2EEF87
:106C6000F0E4A3F0A3F0A3F0A3F0EF24FD60300460
:106C70007058900A2FE0FAA3E0FBA3E0FFA3E09096
:106C80000A37CFF0A3EFF07D017F2012BD74900A88
:106C90002EE02422F582E4340BF583EFF0802B9074
:106CA0000A2FE0FAA3E0FBA3E0FFA3E0900A37CFAE
:106CB000F0A3EFF07D017F2012BD2B900A2EE0247F
:106CC00022F582E4340BF583EFF0900A2EE0FFD337
:106CD00094004027EF94095022B112900A2EE0242C
:106CE00006F582E4340BF583EFF0B112900A2EE042
:106CF0002410F582E4340BF583EFF022D1627E009C
:106D00007C017D801244A274032FF974003EFA7B4B
:106D10000122900A3774FFF0124D3B900CD3E0D360
:106D200094184023900CD2E0FE900A37F0900CD3D8
:106D3000E014F075F008EEA42400F582E5F0347854
:106D4000F583E0900CD2F0124CE4900A37E0FF2279
:106D5000E4900A3AF0A3F0FBFA7D017F01F138E4F8
:106D6000900A3AF0A3F0FBFA7D017F0112BC20E407
:106D7000900A3AF0A3F0FBFA7D017F0112BCE2E435
:106D8000900A35F0900A35E0C394035019B112907F
:106D90000A35E02407F582E43409F583EFF0900A20
:106DA00035E004F080DEE4900A35F0900A35E0C367
:106DB00094035019B112900A35E0240FF582E4349F
:106DC00009F583EFF0900A35E004F080DEE4900AE4
:106DD00035F0900A35E0C394035019B112900A358A
:106DE000E02400F582E43400F583EFF0900A35E00A
:106DF00004F080DE22E4900A3AF0A3F0FBFA7D0171
:106E00007F01D1B0E4900A3AF0A3F0FBFA7D017F54
:106E100001D168E4900A35F0900A35E0C39403503C
:106E200019B112900A35E02404F582E43409F5839F
:106E3000EFF0900A35E004F080DEE4900A35F0903F
:106E40000A35E0C394035019B112900A35E0240CBE
:106E5000F582E43409F583EFF0900A35E004F08020
:106E6000DE22906465E0FF22900A38EAF0A3EBF09E
:106E7000AE05900CF47403F0AD07AF06AB07E490D9
:106E80000A3FF0A3F0A3F07F0312BC69900CF4E07A
:106E9000FF900A38E0FCA3E0FDA3E0FAA3E0FBF1D9
:106EA000C5900CF4E0FF7D01D1F8900CF4E0FF22D6
:106EB000900A38EAF0A3EBF0AE05900CF57404F0FC
:106EC000AD07AF06AB07900A3FF0E4A3F0A3F07F55
:106ED0000412BC69900CF5E0FF900A38E0FCA3E0D6
:106EE000FDA3E0FAA3E0FBF1C5900CF5E0FF7D0106
:106EF000D1F8900CF5E0FF22AC077B01ECC39418AD
:106F0000503375F010ECA42410F582E5F03470F5E0
:106F100083E054F1FAED540725E0FFE433AE02EFCD
:106F20004AFF75F010ECA42410F582E5F03470F5FA
:106F300083EFF0E41BAF0322900A38EAF0A3EBF0F2
:106F4000AE05900CF67405F0AD07AF06AB07900ADE
:106F50003FF0E4A3F0A3F07F0512BC69900CF6E0CB
:106F6000FF900A38E0FCA3E0FDA3E0FAA3E0FBF108
:106F7000C5900CF6E0FF7D01D1F8900CF6E0FF2201
:106F8000900A37EAF0A3EBF0AE05E4900CF9F0AD0F
:106F900007AF06AB07900A3FF0A3F0A3F0FF12BCC7
:106FA00069900CF9E0FF900A37E0FCA3E0FDA3E054
:106FB000FAA3E0FBF1C5900CF9E0FFE4FDD1F890F5
:106FC0000CF9E0FF22900A3DECF0A3EDF0A3EAF00B
:106FD000A3EBF0900A3CEFF0900A417401F0EFC38C
:106FE00094185053900A3CE075F008A42404FFE57F
:106FF000F03476FE900A42F0A3EFF0AA06F97B0186
:10700000900A3DE0FCA3E0FD124D86900A3CE0753D
:10701000F008A42406FFE5F03476FE900A42F0A3BF
:10702000EFF0AA06F97B01900A3FE0FCA3E0FD1215
:107030004D86E4900A41F0900A41E0FF22EA494B74
:107040006015E4900BB4F0900BB7F0900BB9EBF037
:10705000A3EAF0A3E9F022900BB7E014700201FF5D
:107060001470022130147002216224036002217E18
:10707000900BB9E0FBA3E0FAA3E0F9900BB4E0FFBA
:10708000E92FF9E43AFA1244777004900BB4F090C7
:107090000BB9E0FBA3E0FAA3E0F9900BB4E0FF0426
:1070A000F0E92FF9E43AFA124477FFC39461400AF9
:1070B000EFD3947A500474E02FFFEFC3942240067C
:1070C000EFD3945A4008900BB57407F0800F749A70
:1070D0002FF582E4340BF583E0900BB5F0900BB5FF
:1070E000E0FF5407A3F070037406F0EFB4071090AC
:1070F0000BB87402F0E4900BB6F0A37403F0229086
:107100000BB5E0FF30E708900BB87403F0800690F1
:107110000BB87401F0EF25E0900BB5F0A3E014F08C
:10712000125DE9EF54FEFF125C60900BB77402F041
:10713000900BB8E07025900BB77403F0900BB6E09D
:107140007008900BB87402F08005E4900BB8F01250
:107150005DE9EF4401FF125C608007900BB8E0141A
:10716000F022900BB8E07010900BB6E07003A3F023
:1071700022900BB77401F022900BB8E014F022902B
:107180006461E0FD7C0020E002615B906464E0FEED
:10719000E42DFDEC3EFCFEAF05ED2410FFEE34AA1D
:1071A000900A2EF0A3EFF0900CB8E0FEA3E0FF9061
:1071B0000A2EE0FCA3E0FDC39FFFEC9EA3F0A3EF2B
:1071C000F0EC1243BD7B177AB779D17839124212AD
:1071D0001243F6900A32EEF0A3EFF0900A30E0FC92
:1071E000A3E0FDEC1243BDE4FBFAF9783F12421232
:1071F0001243F6900A2EE0FDA3E0900CB8CDF0A368
:10720000EDF0900A33E02FFF900A32E03EFE900C42
:10721000B7E02FF0900CB6E03EF0D3A3E094E890F6
:107220000CB6E0943F4007743FF0A374E8F0C390BD
:107230000CB7E0940C900CB6E0943A5007743AF016
:10724000A3740CF0900CBBE07002A3E070026150DC
:10725000900CBAE0602FE4900CB6F0A3F0900CBA5A
:10726000E014F060026150125DE9EF54FEFF125C21
:1072700060900CB6743DF0A374F4F07D017F0C7E39
:1072800000715C6150900CBCE024FFF0900CBBE0FE
:1072900034FFF0900A30E0FEA3E0FFC3EE64809478
:1072A00080500FC3900CBEE09FF0900CBDE09EF0AC
:1072B0008014900A30E0FEA3E0FF900CBEE02FF0B7
:1072C000900CBDE03EF0900CBDE0C313FEA3E013B4
:1072D000FF900CBDEEF0A3EFF0C39402EE940050CB
:1072E00018A3E07002A3E0602D900CC0E024FFF032
:1072F000900CBFE034FFF0801DD3900CBEE09407EB
:10730000900CBDE09400400E900CC0E004F07006BC
:10731000900CBFE004F0D3900CC0E09432900CBF0E
:10732000E09400402BE4900CBDF0A3F0A3F0A3F098
:10733000900CBA74C8F0A3740BF0A374B8F0125D8B
:10734000E9EF4401FF125C607D017F0D7E00715CFE
:10735000900CB6E0FEA3E0FF1267CD22900A34EE57
:10736000F0A3EFF0A3EDF09188900A38EFF0919040
:10737000900A39EEF0A3EFF0900A34E0FCA3E0FDB0
:107380006F7002EC6E700281879043A2E05401900E
:107390000A37F0A3E0703AA3E0FEA3E0FF4E6004DA
:1073A000ED4C702DEF4E70117B027A407980124DBA
:1073B00086904082E054BFF022904082E04440F04A
:1073C0007B027A407980900A34E0FCA3E0FD024D14
:1073D00086900A37E06053904001E4F0904010043A
:1073E000F0904014E4F0904008E0547FF090408228
:1073F000E05408600A900A34E07002A3E0702B7B2E
:10740000027A407902900A39E0FCA3E0FD124D8631
:107410009040017407F0904001E0540170F89043EF
:10742000A2E054FEF0904001E4F09043A2E0540149
:10743000602F7B027A407902900A34E0FCA3E0FDE1
:10744000124D86900A36E060047F0280027F00EFD2
:107450004401904001F0904001E05401602980F621
:10746000227B027A407980900A34E0FCA3E0FD128E
:107470004D869043A2C083C082E0FF900A37E0FEB1
:10748000EF4ED082D083F022904082E05407FF225A
:107490007B027A407980024D77900A321246F3E4FB
:1074A000FFFEFDFC900A461246F3900A32E0FCA370
:1074B000E0FDA3E0FEA3E0FF1267EDE41243B8E4B1
:1074C000FBFAF9784A12431B900A361246F3900AE7
:1074D00036E0FCA3E0FDA3E0FEA3E0FF1243F6903C
:1074E0000A3A1246F37F007E247D747C49900A3666
:1074F000E0F8A3E0F9A3E0FAA3E0FB124212124382
:10750000F67B407A42790F7800124BFDAC00AD015A
:10751000AE02AF03900A421246F37F407E427D0FD7
:107520007C00900A3AE0F8A3E0F9A3E0FAA3E0FBBC
:107530001244FF900A42E0F8A3E0F9A3E0FAA3E0C6
:107540002FFFEA3EFEE93DFDE83CFC900A3E124674
:10755000F3900A3EE0FCA3E0FDA3E0FEA3E0FF22DF
:10756000900A4EEFF0A3EDF0900B38E0B408004025
:107570000302786290757BF828287302759302766F
:10758000F802771F0277530277840277AC027810F3
:1075900002783F900A54E0FCA3E0FDA3E0FEA3E0E4
:1075A000FFE41243B8C004C005C006C007900A50EB
:1075B000E0FCA3E0FDA3E0FEA3E0FFE41243B8D0AB
:1075C00003D002D001D00012431BE4FBFAF9784348
:1075D0001242121243F6900B2C1246F3900A4FE01F
:1075E000FF7E007C007D8012479C900B2CE0F8A36E
:1075F000E0F9A3E0FAA3E02FFFEA3EFEE93DFDE853
:107600003CFCE42FFFEE34FEFEED34FFFDEC34FFD6
:10761000FC900B2C1246F3900A54E0FCA3E0FDA36F
:10762000E0FEA3E0FFE41243B8C004C005C006C0FA
:1076300007900A50E0FCA3E0FDA3E0FEA3E0FFE416
:107640001243B8D003D002D001D00012431BE4FB98
:10765000FAF978431242121243F6900B301246F3B5
:10766000900B30E0FCA3E0FDA3E0FEA3E0FF900A56
:1076700054E0F8A3E0F9A3E0FAA3E0FB1244FFC052
:1076800004C005C006C007E47F80FEFDFC900A50E0
:10769000E0F8A3E0F9A3E0FAA3E0FB1244FFD00373
:1076A000D002D001D000C3EF9BFFEE9AFEED99FD12
:1076B000EC98FC900B301246F3900A54E0FCA3E0E7
:1076C000FDA3E0FEA3E0FF900B341246F3900B34D1
:1076D000E0FCA3E0FDA3E0FEA3E0E4FFEEE4FDFC9C
:1076E000780812465EAD07900A4EE0FF1278689067
:1076F0000B38E004F0027862900A4EE004FFC00705
:10770000900B34E0FCA3E0FDA3E0FEA3E0FFE4ADBA
:1077100007D007127868900B38E004F00278629086
:107720000A4EE02402FFC007900B2CE0FCA3E0FD12
:10773000A3E0FEA3E0E4FFFEED5403FDE4FC7810BB
:1077400012465EAD07D007127868900B38E004F05F
:10775000027862900A4EE02403FFC007900B2CE0F1
:10776000FCA3E0FDA3E0FEA3E0E4FFEEE4FDFC7873
:107770000812465EAD07D007127868900B38E00417
:10778000F0027862900A4EE02404FFC007900B2CB0
:10779000E0FCA3E0FDA3E0FEA3E0FFE4AD07D0071B
:1077A000127868900B38E004F0027862900A4EE09C
:1077B0002405FFC007900B30E0FCA3E0FDA3E0FE32
:1077C000A3E0E4FFFEED540FFDE4FC781012465EEA
:1077D000C004C005C006C007A3E0FCA3E0FDA3E011
:1077E000FEA3E0E4FFFEED540FFDE4FC780C12462E
:1077F0005ED003D002D001D000EF4BFFEE4AED493E
:10780000EC48AD07D0071168900B38E004F08052C7
:10781000900A4EE02406FFC007900B30E0FCA3E086
:10782000FDA3E0FEA3E0E4FFEEE4FDFC78081246D1
:107830005EAD07D0071168900B38E004F08023900C
:107840000A4EE02407FFC007900B30E0FCA3E0FDE8
:10785000A3E0FEA3E0FFE4AD07D0071168E4900BBE
:1078600038F0900B38E0FF22900A5A7401F0E4A33C
:10787000F0900A58EFF0A3EDF07B017A0A79589066
:107880000A607402F0E4A3F07F60D1B9900A5BEF64
:10789000F091CAEF30E1FAF168EF64026005E4901C
:1078A0000A5AF0900A5AE0FF22900A35EFF0E4906D
:1078B0000A3AF0FF7ED77DA37C701267ED900AB183
:1078C0001246F3900A35E0FD7FB71168900A3AEF4F
:1078D000F070022175E4FFFEFDFC900A36E0F8A38B
:1078E000E0F9A3E0FAA3E0FBC312464D6014900A4E
:1078F00036E0FCA3E0FDA3E0FEA3E0FF900AC21285
:1079000046F37D807F101168900A3AEFF07D807F0A
:10791000111168900A3AEFF07D807F121168900A89
:107920003AEFF07D0C7F101168900A3AEFF07D0C71
:107930007F111168900A3AEFF07D0C7F1211689068
:107940000A3AEFF0E4FDFFB1C5E4FF71947F0171E5
:1079500094E4FD7F0191E8E4FD7F0291E8E4FD7F7E
:107960000171AFE4FD7F0271AFE4FD7F0171E7E4D7
:10797000FD7F0271E7900A3AE0FF7E0022900A4EF6
:10798000EFF0900B45E0B408004002618E907994CE
:10799000F82828730279AC027A18027A3D027A83B9
:1079A000027AB2027AD8027B3C027B6BE47F80FED3
:1079B000FDFC900A4FE0F8A3E0F9A3E0FAA3E0FB96
:1079C0001244FFE42FFFEE34FEFEED34FFFDEC34F5
:1079D000FFFC900B391246F3E4FFFEFDFC900B3DDB
:1079E0001246F3E47F01FEFDFC900B411246F3903A
:1079F0000B41E0FCA3E0FDA3E0FEA3E0E4FFEEE426
:107A0000FDFC780812465EAD07900A4EE0FF116853
:107A1000900B45E004F0618E900A4EE004FFC00731
:107A2000900B41E0FCA3E0FDA3E0FEA3E0FFE4AD8A
:107A300007D0071168900B45E004F0618E900A4E64
:107A4000E02402FFC007900B39E0FCA3E0FDA3E0B7
:107A5000FEA3E0E4FFFEED5403FDE4FC78101246C3
:107A60005EA804A905AA06AB07900A53E0FFE4EB61
:107A70004FFFEAE9E8AD07D0071168900B45E00435
:107A8000F0618E900A4EE02403FFC007900B39E0AE
:107A9000FCA3E0FDA3E0FEA3E0E4FFEEE4FDFC7840
:107AA0000812465EAD07D0071168900B45E004F060
:107AB000618E900A4EE02404FFC007900B39E0FC71
:107AC000A3E0FDA3E0FEA3E0FFE4AD07D00711684B
:107AD000900B45E004F0618E900A4EE02405FFC053
:107AE00007900B3DE0FCA3E0FDA3E0FEA3E0E4FF74
:107AF000FEED540FFDE4FC781012465EC004C00594
:107B0000C006C007A3E0FCA3E0FDA3E0FEA3E0E401
:107B1000FFFEED540FFDE4FC780C12465ED003D05E
:107B200002D001D000EF4BFFEE4AED49EC48AD0723
:107B3000D0071168900B45E004F08052900A4EE0A7
:107B40002406FFC007900B3DE0FCA3E0FDA3E0FE90
:107B5000A3E0E4FFEEE4FDFC780812465EAD07D03A
:107B6000071168900B45E004F08023900A4EE02452
:107B700007FFC007900B3DE0FCA3E0FDA3E0FEA3E0
:107B8000E0FFE4AD07D0071168E4900B45F0900BDF
:107B900045E0FF22900A3BEFF070067D207FB101A7
:107BA00068900A3BE0B401067D807FB111682290A5
:107BB0000A3CEDF0900A3BEFF02410FF7B017A0ABB
:107BC000793D9142900A3CE0B40107A3E0547FF074
:107BD0008007900A3DE04440F0900A3BE02410FF0B
:107BE000900A3DE0FD0168900A3BEFF0A3EDF07BC9
:107BF000017A0A793D7F039142EF7045900A3CE09B
:107C0000B4011BA3E0FF900A3BE0FE7401A8060844
:107C10008002C333D8FCF45F900A3DF0801A900ACA
:107C20003DE0FF900A3BE0FE7401A806088002C315
:107C300033D8FC4F900A3DF0900A3DE0FD7F0311E0
:107C40006822900A3FEFF0A3EBF0A3EAF0A3E9F07B
:107C5000E4A3F0A3F07B01A304F0A3740AF0A374DF
:107C60003FF091CA900A44EFF064806057A3E0FBB4
:107C7000A3E0FAA3E0F9900A607401F0E4A3F07FB6
:107C800060D1B9900A44EFF091CAEF30E1FA900A5E
:107C900044E07030900A40E0FBA3E0FAA3E0F990E2
:107CA0000A4C7401F0E4A3F07F6012BAC6900A4453
:107CB000EFF091CAEF30E0FA900A44E06006900AD3
:107CC000437401F0900A43E0FF229044C97480F0AD
:107CD000900CCAE0FF900CEDE054406004EF4404C7
:107CE000FF9044C17480F022900A3CEDF0900A3B72
:107CF000EFF0E4900A3EF0EFC394004011900A3B8D
:107D0000E0D394035008900A3E7418F08016900A4D
:107D10003BE0FFC39400400CEFD394035006900A5D
:107D20003E7419F0900A3EE0FF7B017A0A793D919A
:107D300042900A3BE0FFC39400403AEFD3940350D3
:107D400034900A3DE0FF900A3BE025E0FE7403A872
:107D500006088002C333D8FCF45F900A3DF0E0FFD0
:107D6000900A3CE0FDA806088002C333D8FC4F907F
:107D70000A3DF08044900A3BE0FFC39400403AEF94
:107D8000D394035034900A3DE0FF900A3BE024FC7A
:107D900025E0FE7403A806088002C333D8FCF45F14
:107DA000900A3DF0E0FF900A3CE0FDA80608800242
:107DB000C333D8FC4F900A3DF0900A3EE0FF900A92
:107DC0003DE0FD0168900A3CEDF0900A3BEFF09039
:107DD0000A3E7403F0EF2410FF7B017A0A793D918B
:107DE00042EF706F900A3CE014601D14602F146025
:107DF0004124037050900A3DE0FFA3E0F4FEEF5EE3
:107E0000900A3DF0E0F0803D900A3DE0FFA3E0F4F1
:107E1000FEEF5E900A3DF0E04401F08028900A3DBC
:107E2000E0FFA3E0F4FEEF5E900A3DF0E04402F0D4
:107E30008013900A3DE0FFA3E0F4FEEF5E900A3D60
:107E4000F0E04403F0900A3BE02410FF900A3DE08C
:107E5000FD116822E4900A2FF0A3F0A3F0A3F090A4
:107E60000A2FEFF0E4900A33F0900A33E0C394084D
:107E700050417B017A0A792F900A607401F0E4A3E3
:107E8000F07F40D1B9900A31EFF091CAEF30E1FABA
:107E9000F168900A32EFF0B40108900A307401F0F2
:107EA0008011E47F05FEFDFC125B76900A33E0044E
:107EB000F080B6900A30E0FF22900A5DEBF0A3EA72
:107EC000F0A3E9F0AC077D02900A5DE0FBA3E0FAC5
:107ED000A3E04A4B7002E165900CEDE0B4100F9006
:107EE00049D9E054087003FD801A7D018016900C7A
:107EF000EDE0B4600FE4FD9044D97480F0900CCABA
:107F0000E054F7F0ED705E900CED7445F0E4900CE9
:107F1000C6F0900A60E0900CC9F0900A5DE0F9A309
:107F2000E0FAA3E0900CC2C9F0A3EAF0A3E9F09054
:107F30000A61E0FF900CC7F0900CCAE054FDF0AE6F
:107F400004EE25E09049D8F0EF5401600CA37412C0
:107F5000F09049D77404F080069049D97401F090EC
:107F600044C17480F0AF0522900CC6E0FF22900A55
:107F7000351246F37F407E787D7D7C01900A391270
:107F800046F3900B66E01470030280F01470030255
:107F900086AA1470030287001470030287371470D6
:107FA000030287732405600302878D9009A5E024EE
:107FB000FE601D14604124037056900A35E0FCA356
:107FC000E0FDA3E0FEA3E0FF900B6D1246F38040BE
:107FD000900A35E0FCA3E0FDA3E0FEA3E02464FFEB
:107FE000E43EFEE43DFDE43CFC900B6D1246F39054
:107FF00009A57403F08019900A35E0FCA3E0FDA305
:10800000E0FEA3E0FF900B6D1246F3E49009A5F0AB
:10801000900CECE06002019C900A03E0FCA3E0FD00
:10802000A3E0FEA3E0FF900B6DE0F8A3E0F9A3E06E
:10803000FAA3E02FFFEA3EFEE93DFDE83CFC900B91
:108040005BE0F8A3E0F9A3E0FAA3E0FBC312464D1E
:108050007002E18D900A03E0FCA3E0FDA3E0FEA323
:10806000E0FF900B6DE0F8A3E0F9A3E0FAA3E02FA6
:10807000FFEA3EFEE93DFDE83CFC900B691246F349
:10808000900B69E0FCA3E0FDA3E0FEA3E0FF900BF2
:108090005B1246F3900B66E004F0E18D900B6DE00F
:1080A000FCA3E0FDA3E0FEA3E0FF900B5BE0F8A3E0
:1080B000E0F9A3E0FAA3E0FBC312464D7002E18DA4
:1080C000900B6DE0FCA3E0FDA3E0FEA3E0FF900BAE
:1080D000691246F3900B6DE0FCA3E0FDA3E0FEA364
:1080E000E0FF900B5B1246F3900B66E004F0E18D2D
:1080F000900A96E0900B67F0900A7FE0900B68F092
:10810000E0FC1243C2E4FBFA79C8784212431B90A8
:108110000A411246F3900A41E0F8A3E0F9A3E0FA1D
:10812000A3E0FBC000C001C002C003900B67E0FCED
:108130001243C2D003D002D001D000124121900AD4
:10814000411246F3900B69E0FCA3E0FDA3E0FEA31F
:10815000E0FFE41243B87B007A2479747849124333
:108160001B900A3D1246F3900A41E0FCA3E0FDA3F8
:10817000E0FEA3E0FF900A3DE0F8A3E0F9A3E0FAF7
:10818000A3E0FB124212E4FBFA798078C01242129B
:10819000900A3D1246F3900A3DE0FCA3E0FDA3E007
:1081A000FEA3E0FF1243F6900A491246F3E4FFFEF5
:1081B000FDFC900A49E0F8A3E0F9A3E0FAA3E0FB94
:1081C000C31246375051E47B04FAF9F8900A49E0AB
:1081D000FCA3E0FDA3E0FEA3E0FF124BFDAC00AD6D
:1081E00001AE02AF03E4FBFAF9F8C312463770029E
:1081F0004182900A49E0FCA3E0FDA3E0FEA3E0FF7A
:10820000E40BF8EF2BFFEA3EFEE93DFDE83CFC9075
:108210000A491246F380AFE4FFFEFDFC900A49E0F4
:10822000F8A3E0F9A3E0FAA3E0FBD31246374052EB
:10823000E47B04FAF9F8900A49E0FCA3E0FDA3E02E
:10824000FEA3E0FF124BFDAC00AD01AE02AF03E4B4
:10825000FBFAF9F8C31246376028900A49E0FCA3FC
:10826000E0FDA3E0FEA3E0FF74FFEF24FFFFEE3488
:10827000FFFEED34FFFDEC34FFFC900A491246F39B
:1082800080AE900B69E0FCA3E0FDA3E0FEA3E0FF5D
:10829000E47B04FAF9F81244FF900B691246F3905C
:1082A0000B69E0F8A3E0F9A3E0FAA3E0FB900A4928
:1082B000E0FCA3E0FDA3E0FEA3E0FFEB2FFFEA3E1E
:1082C000FEE93DFDE83CFC900B691246F3E4900B9F
:1082D00063F0900A4DF07F06FEFDFC900B5FE0F826
:1082E000A3E0F9A3E0FAA3E0FBC312464D500261FC
:1082F000AFE4FFFEFDFC900B69E0F8A3E0F9A3E01A
:10830000FAA3E0FBD312464D500261AF900B5FE041
:10831000F8A3E0F9A3E0FAA3E0FB7F007EE97DA4E7
:108320007C3512458A900B69E0F8A3E0F9A3E0FAE6
:10833000A3E0FBD312464D5076900B69E0FCA3E01E
:10834000FDA3E0FEA3E0FF900B5FE0F8A3E0F9A33C
:10835000E0FAA3E0FB1244FF900B461246F37F00C5
:108360007E467DC37C23900B46E0F8A3E0F9A3E0B2
:10837000FAA3E0FBC312464D4035900A39E0F8A35A
:10838000E0F9A3E0FAA3E0FB900B46E0FCA3E0FDDC
:10839000A3E0FEA3E0FF12458A900B4EEFF0C394DA
:1083A0000F400CE0D3945A5006900A4D7401F0909F
:1083B0000A4DE06020900B5FE0FCA3E0FDA3E0FE2F
:1083C000A3E0FF900B571246F3900B637401F090FB
:1083D0000AA0F0A1B1900B69E0F8A3E0F9A3E0FADC
:1083E000A3E0FB7F807E177DB47C2C12458A900B26
:1083F000571246F3E47F06FEFDFC900B57E0F8A30E
:10840000E0F9A3E0FAA3E0FBC312464D500CE47F71
:1084100006FEFDFC900B571246F3E47F087E07FD35
:10842000FC900B57E0F8A3E0F9A3E0FAA3E0FBD33C
:1084300012464D400DE47F087E07FDFC900B57125D
:1084400046F3900B57E0FCA3E0FDA3E0FEA3E0544D
:1084500001FFE4FEFDFCEF6026900B57E0FCA3E07B
:10846000FDA3E0FEA3E0FF74FFEF24FFFFEE34FF67
:10847000FEED34FFFDEC34FFFC900B571246F3E4A5
:108480007F06FEFDFC900B57E0F8A3E0F9A3E0FAAD
:10849000A3E0FBC312464D500CE47F06FEFDFC90AA
:1084A0000B571246F3900B69E0FCA3E0FDA3E0FE3E
:1084B000A3E0FF900B57E0F8A3E0F9A3E0FAA3E0F4
:1084C000FB1244FF900B461246F37F007EE97DA429
:1084D0007C35900B46E0F8A3E0F9A3E0FAA3E0FBBB
:1084E000D312464D501B7F007E467DC37C23900BEC
:1084F00046E0F8A3E0A3E0A3E0C312464D4002A18A
:10850000A8900B69E0F8A3E0F9A3E0FAA3E0FB7FF1
:10851000007EE97DA47C3512458A900B571246F304
:10852000900B57E0FCA3E0FDA3E0FEA3E05401FFA5
:10853000E4FEFDFCEF6026900B57E0FCA3E0FDA3FA
:10854000E0FEA3E0FF74FFEF24FFFFEE34FFFEED3B
:1085500034FFFDEC34FFFC900B571246F3E47F062A
:10856000FEFDFC900B57E0F8A3E0F9A3E0FAA3E0CE
:10857000FBC312464D500CE47F06FEFDFC900B57EA
:108580001246F3900B69E0FCA3E0FDA3E0FEA3E03C
:10859000FF900B57E0F8A3E0F9A3E0FAA3E0FB1289
:1085A00044FF900B461246F3E4900B63F0900AA050
:1085B000F0900A39E0F8A3E0F9A3E0FAA3E0FB9019
:1085C0000B46E0FCA3E0FDA3E0FEA3E0FF12458A1A
:1085D000900B4EEFF0900A39E0F8A3E0F9A3E0FA2F
:1085E000A3E0FB900B46E0FCA3E0FDA3E0FEA3E0CC
:1085F000FF12458AAC00AD01AE02AF03900B4A12E8
:1086000046F3900B4AE0FCA3E0FDA3E0FEA3E0FFED
:10861000E41243B8900A451246F3900A45E0FCA3E1
:10862000E0FDA3E0FEA3E0FF7BF07AFF797F7849CD
:10863000124212900A451246F3900A45E0FCA3E06C
:10864000FDA3E0FEA3E0FFC004C005C006C0079084
:108650000A39E0FCA3E0FDA3E0FEA3E0FFE412433F
:10866000B8A804A905AA06AB07D007D006D005D044
:108670000412431B900A451246F3900A45E0FCA3FE
:10868000E0FDA3E0FEA3E0FF1243F6900B4F12467D
:10869000F37FFF7EFF7D0F7C00900B531246F3E4C7
:1086A000900B65F0A3E004F0E18D900B63E0701196
:1086B000A3E0700D7D807F10127868900B647401C8
:1086C000F0900B4FE0FCA3E0FDA3E0FEA3E0FF90E1
:1086D0000A501246F3900B53E0FCA3E0FDA3E0FE2A
:1086E000A3E0FF900A541246F3900B4EE0FD7F1A70
:1086F000127560EF6002E18D900B66E004F0E18D91
:10870000900B63E06008900B66E004F0807F900BB4
:1087100057E0FCA3E0FDA3E0FEA3E0FF900A4F12A8
:1087200046F3E4900A53F07F2A12797DEF705E9051
:108730000B66E004F08056900AA0E070157DA07FE3
:10874000B1127868900AA07401F0900B657406F07D
:108750008005E4900B65F0900B57E0FCA3E0FDA3CF
:10876000E0FEA3E0FF900B5F1246F3900B667405EA
:10877000F0801A900B65E0600414F080107D4F7F4C
:1087800010127868E4900B64F0900B66F0900B6622
:10879000E0FF22900A321246F3900A367401F0E4A8
:1087A000FFFEFDFC900A6FE0F8A3E0F9A3E0FAA356
:1087B000E0FBC312464D7017900A32E0FCA3E0FDC7
:1087C000A3E0FEA3E0FF900A6F1246F37F00229021
:1087D0000A6FE0FCA3E0FDA3E0FEA3E0FFFBAA0616
:1087E000A905A804900A32E0FCA3E0FDA3E0FEA3E3
:1087F000E0C39BFFEE9AFEED99FDEC98FC124DABA9
:10880000900A371246F37F807E847D1E7C00900A9A
:1088100037E0F8A3E0F9A3E0FAA3E0FBC312464D6A
:108820004007E4900A36F08079E47BE87A03F9F8AF
:10883000900A32E0FCA3E0FDA3E0FEA3E0FF1245B6
:108840008AE47B107A27F9F81244FFE47BE87A0384
:10885000F9F812458A900A3B1246F3900A3BE0A3CE
:10886000E0A3E0FEA3E0C394F4EE9401500DE47F96
:10887000F47E01FDFC900A3B1246F3900A3BE0FCBB
:10888000A3E0FDA3E0FEA3E0FF900A37E0F8A3E039
:10889000F9A3E0FAA3E0FBD312464D4005E4900AA9
:1088A00036F0900A32E0FCA3E0FDA3E0FEA3E0FF77
:1088B000900A6F1246F3900A36E0FF22900A73E0A6
:1088C00014700221E914700241422402600261AA7C
:1088D000900AADE0FCA3E0FDA3E0FEA3E0FF900A58
:1088E00074E0F8A3E0F9A3E0FAA3E0FBC312464D5D
:1088F000700221E2124D3BAB07900AADE0FCA3E011
:10890000FDA3E0FEA3E0FF900A741246F3AF03124A
:108910004CE4900C4DE014603904704D900A74E002
:10892000FCA3E0FDA3E0FEA3E0FF127499900A2EE1
:108930001246F3900A2EE0FCA3E0FDA3E0FEA3E0C4
:10894000FFE47B04FAF9F812458A900A2E1246F3E6
:108950008017900A74E0FCA3E0FDA3E0FEA3E0FF13
:108960001267ED900A2E1246F3E47F64FEFDFC9040
:108970000A2EE0F8A3E0F9A3E0FAA3E0FBD3124645
:108980004D405F900A2EE0FCA3E0FDA3E0FEA3E0D3
:10899000FF900A98E0F8A3E0F9A3E0FAA3E0FB1245
:1089A000464D603E900A2EE0FCA3E0FDA3E0FEA34E
:1089B000E0FF900A981246F3900A98E0FCA3E0FDCD
:1089C000A3E0FEA3E0FF900C691246F3900A98E042
:1089D000FCA3E0FDA3E0FEA3E0FF128793900AA0B2
:1089E000EFF0900A73E004F022900ACFE0FF900AC3
:1089F0007CE06F6047900ACFE014601614601F148B
:108A000060282403702E900A807401F0A37490F003
:108A10008022900A807402F0A37458F08016900AA5
:108A2000807403F0A37420F0800A900A807403F02D
:108A3000A374E8F0900ACFE0900A7CF0900A73E00B
:108A400004F0900A98E0FCA3E0FDA3E0FEA3E0FFA1
:108A5000900A78E0F8A3E0F9A3E0FAA3E0FBC312E0
:108A6000464D700261A5900A98E0FCA3E0FDA3E0EA
:108A7000FEA3E0FF900AC71246F3900A02E024BD6D
:108A80007002614B24F77002610E24F760432414D6
:108A900060026191900AC7E0FCA3E0FDA3E0FEA3A1
:108AA000E02454FFEE342EFEE43DFDE43CFCC00720
:108AB000900AC6E0FFFB3395E0FAF9F8D007C3EF60
:108AC0009BFFEE9AFEED99FDEC98FCA31246F36134
:108AD00091900AC7E0FCA3E0FDA3E0FEA3E024E040
:108AE000FFEE342EFEE43DFDE43CFCC007900AC6D8
:108AF000E0FFFB3395E0FAF9F8D007C3EF9BFFEEF8
:108B00009AFEED99FDEC98FCA31246F36191900A50
:108B1000C7E0FCA3E0FDA3E0FEA3E024E0FFEE3409
:108B20002EFEE43DFDE43CFCC007900AC6E0FFFBDE
:108B30003395E0FAF9F8D007C3EF9BFFEE9AFEED0C
:108B400099FDEC98FCA31246F38046900AC7E0FC1E
:108B5000A3E0FDA3E0FEA3E024E0FFEE342EFEE45C
:108B60003DFDE43CFCC006C007900A80E0FEA3E0A7
:108B7000FFFBAA06EA3395E0F9F8D007D006C3EF69
:108B80009BFFEE9AFEED99FDEC98FC900AA9124627
:108B9000F3900A98E0FCA3E0FDA3E0FEA3E0FF90C1
:108BA0000A781246F3E4900A73F022E4900A35F052
:108BB000A3F0124C75E47F64FEFDFC125B767B0033
:108BC0007A808B828A83E0900A96F08B828A83A3D4
:108BD000E0900A7FF08B828A83A3A3A3E0900A35FA
:108BE000F0EB2404F582E43AF583E0900A36F09045
:108BF0000A35E0B40112900A96E0FF3395E0FE7C5E
:108C0000FF7DFF1244A2EFF0900A36E0B40112900B
:108C10000A7FE0FF3395E0FE7CFF7DFF1244A2EF68
:108C2000F0AE02AF038F828E83A3A3E0900CE8F036
:108C3000229163124D3B9043A0E04408F09043B072
:108C4000E04408F090470174C8F09043ACE0441051
:108C5000F09043BCE04410F0904700E0542060F8EE
:108C6000024CE49179900A37EFF0700791C5900AB1
:108C700037EFF0900A37E0FF22B122B161EF70398F
:108C8000F156900A38EFF06407702A904722E054BA
:108C90000270087F01FE124C7880F0904722E05469
:108CA000026009E0FF1313543FFF80027FFFEF7063
:108CB00004900A38F0B1178006900A387404F090D6
:108CC0000A38E0FF22B122900A3874FFF0B161EF58
:108CD00070397F01D134EF6407702C7B017A0C79F5
:108CE000DD7D0212CE78EFB40215E4900A38F090E0
:108CF0004722E0540270107F01FE124C7880F09001
:108D00004722E0540260D4B1178006900A387404F8
:108D1000F0900A38E0FF22124D3BE4900CFDF00287
:108D20004CE4124D3B9043A0E04408F09043B0E087
:108D30004408F0024CE4900A2F74FFF0B122B161B4
:108D4000EF70127F01D134EFB40706900A2F740739
:108D5000F0B1178006900A2F7404F0900A2FE0FFFC
:108D600022900A3D7404F0124D3B900CFDE0700718
:108D700004F0E4900A3DF0124CE4900A3DE0FF223A
:108D8000900A38EBF0A3EAF0A3E9F0A3EDF0B122EA
:108D9000900A3BE0C394804002C128B161EF6002B9
:108DA000C120900A3C74FFF0900A38E0FBA3E0FA7F
:108DB000A3E0F9900A41E4F0A37410F07F4012CED2
:108DC000D8EF64077068904722E0540260F890473B
:108DD00022E054026009E0FF1313543FFF80027F3A
:108DE000FFEF7004900A3CF0900A3CE0702A900A71
:108DF0003BE0FD7C00900CDDE0FBA3E0900A41F03D
:108E00007F40F171EFB40708900A3C7407F0801EB0
:108E1000900A3C74FFF08016900A3C74FFF0800EBC
:108E2000900A3C7404F08006900A3C7401F0900AA9
:108E30003CE0FF227E07904722E05402601F9047EB
:108E40002074B6F074E1F0740EF0904722E0540202
:108E50007007904720EFF080067E0980027E04AF05
:108E60000622B122904722E054026023E0540260BF
:108E700009E0FF1313543FFF80027FFFEF7006905D
:108E80000A38F08006900A3874FFF0B11780069017
:108E90000A387407F0900A38E0FF22900A2FEBF0AE
:108EA000A3EAF0A3E9F0904722E054026002E14017
:108EB000E0FF1313543F6002E138E05401602C904E
:108EC0004720E0900A32F0904722E054016003D33B
:108ED0008001C340097F017E00124C7880E99047F1
:108EE00020E0900A33F0E4A3F08006900A3474077F
:108EF000F0900A34E0704F900A32E0B40116A3E01B
:108F0000FF900A2FE0FBA3E0FAA3E0F9E48FF01250
:108F100044E0801D900A33E0FFC3E49FFFE4940027
:108F2000F9900A2FE0FBA3E0FAA3E0C98FF0124406
:108F3000E0E4900A34F0800E900A347407F0800662
:108F4000900A347410F0900A34E064076002B1179C
:108F5000900A34E0FF227F07904722E05402600E1F
:108F600090472074B6F074E0F0740DF080027F0436
:108F700022900A3EECF0A3EDF0AC077D079047226B
:108F8000E05402603B90472074B6F074D8F074054A
:108F9000F0904722E054027023904720ECF0900AB2
:108FA0003EE0904720F0900A3EE0A3E0904720F09A
:108FB000EBF0900A41E0904720F080067D098002A6
:108FC0007D04AF0522E4900A33F0900A36F0A3F056
:108FD000900A347480F0A3E4F0D162900A33EFF089
:108FE000E06407700302908E900A367405F0900AD0
:108FF00036E0FFC39410501474882FF582E4340CCB
:10900000F583E4F0900A36E004F080E2900A96E0FE
:10901000C364809480501AE0FF3395E0FE7CFF7DAE
:10902000FF1244A2900C88EFF0900C8B7401F0803A
:109030000D900A96E0900C88F0E4900C8BF0900A6A
:109040007FE0C364809480501AE0FF3395E0FE7C9B
:10905000FF7DFF1244A2900C89EFF0900C8C7401FC
:10906000F0800D900A7FE0900C89F0E4900C8CF079
:10907000900CE8E0900C8AF07B017A0C7988E4FD92
:10908000128D80E49009FEF09009A57402F0900A18
:1090900033E0FF7E0022E4900A30F0A3F0A3F090CA
:1090A0000A2E7480F0A3E4F0900A96E0900A31F062
:1090B000900A7FE0900A32F09009FEE0B40323901A
:1090C0000ABDE0900A31F0900AA1E0900A32F090D7
:1090D0000A31E0900A96F0900A32E0900A7FF0128E
:1090E0008FC522900A98E0FCA3E0FDA3E0FEA3E078
:1090F000FF900CDFE0F8A3E0F9A3E0FAA3E0FBC3E4
:1091000012464D7002C191900A98E0FCA3E0FDA3C5
:10911000E0FEA3E0FF900CDF1246F3900CDFE0FCD2
:10912000A3E0FDA3E0FEA3E0FF124731914801FC5C
:10913000A055914F01FE525C915702000463915F6C
:109140000201B66A00009165E4900CE8F080169088
:109150000CE87401F0800E900CE87402F080069028
:109160000CE87403F07FC07E3B7D477C03900CDFEE
:10917000E0F8A3E0F9A3E0FAA3E0FBD312464D40E8
:1091800008900CA1740CF0611A7FC07E057DD97C1B
:1091900001900CDFE0F8A3E0F9A3E0FAA3E0FBD331
:1091A00012464D4008900CA1740BF0611A7F807E2E
:1091B000BA7D8C7C01900CDFE0F8A3E0F9A3E0FA23
:1091C000A3E0FBD312464D4008900CA1740AF06155
:1091D0001A7F807EB17D4F7C01900CDFE0F8A3E028
:1091E000F9A3E0FAA3E0FBD312464D4008900CA18E
:1091F0007409F0611A7FC07EEA7D217C01900CDF4A
:10920000E0F8A3E0F9A3E0FAA3E0FBD312464D4057
:1092100008900CA17408F0611A7F007E247DF47C14
:1092200000900CDFE0F8A3E0F9A3E0FAA3E0FBD3A1
:1092300012464D4008900CA17407F0611A7F007E21
:109240001B7DB77C00900CDFE0F8A3E0F9A3E0FA07
:10925000A3E0FBD312464D4008900CA17406F061C8
:109260001A7F407E547D897C00900CDFE0F8A3E0FB
:10927000F9A3E0FAA3E0FBD312464D4008900CA1FD
:109280007405F0611A7F807E8D7D5B7C00900CDF21
:10929000E0F8A3E0F9A3E0FAA3E0FBD312464D40C7
:1092A00008900CA17404F080717F407E4B7D4C7C53
:1092B00000900CDFE0F8A3E0F9A3E0FAA3E0FBD311
:1092C00012464D4008900CA17403F0804D7FC07E83
:1092D000C67D2D7C00900CDFE0F8A3E0F9A3E0FA56
:1092E000A3E0FBD312464D4008900CA17402F0801D
:1092F000297F607EE37D167C00900CDFE0F8A3E020
:10930000F9A3E0FAA3E0FBD312464D4008900CA16C
:109310007401F08005E4900CA1F07F007E367D6E34
:109320007C01900CDFE0F8A3E0F9A3E0FAA3E0FBF6
:10933000D312464D4007E4FF125FCE61CE7FC07E60
:10934000E17DE47C00900CDFE0F8A3E0F9A3E0FA13
:10935000A3E0FBD312464D40077F01125FCE806E23
:109360007F407E547D897C00900CDFE0F8A3E0F91B
:10937000A3E0FAA3E0FBD312464D40077F02125F41
:10938000CE804B7FC07E307D467C00900CDFE0F8C5
:10939000A3E0F9A3E0FAA3E0FBD312464D40077F18
:1093A00003125FCE80287F807EB97D2A7C00900CDE
:1093B000DFE0F8A3E0F9A3E0FAA3E0FBD312464D07
:1093C00040077F04125FCE80057F05125FCE900CB0
:1093D000EB7401F07F207E297D1B7C00900CDFE088
:1093E000F8A3E0F9A3E0FAA3E0FBC312464D402442
:1093F0007F907EAB7D1E7C00900CDFE0F8A3E0A3A5
:10940000E0A3E0D312464D500BE49009F7F0900C26
:10941000EBF0C1647FC07E197D357C00900CDFE0ED
:10942000F8A3E0F9A3E0FAA3E0FBC312464D4026FF
:109430007F107E307D3D7C00900CDFE0F8A3E0A340
:10944000E0A3E0D312464D500D9009F77401F0E40B
:10945000900CEBF0C1647F247E087D517C00900C61
:10946000DFE0F8A3E0F9A3E0FAA3E0FBC312464D66
:1094700040267F7C7E9A7D527C00900CDFE0F8A332
:10948000E0A3E0A3E0D312464D500D9009F774021B
:10949000F0E4900CEBF0C1647FA07E817D6A7C00DB
:1094A000900CDFE0F8A3E0F9A3E0FAA3E0FBC3121D
:1094B000464D40267FB07E8A7D6F7C00900CDFE0B9
:1094C000F8A3E0A3E0A3E0D312464D500D9009F7B6
:1094D0007403F0E4900CEBF0C1647F007ECF7D99C3
:1094E0007C00900CDFE0F8A3E0F9A3E0FAA3E0FB36
:1094F000C312464D40267F807E077D9B7C00900CEA
:10950000DFE0F8A3E0A3E0A3E0D312464D500D90B6
:1095100009F77404F0E4900CEBF0C1647F007E6402
:109520007D137C01900CDFE0F8A3E0F9A3E0FAA33F
:10953000E0FBC312464D40267F907E407D157C01A6
:10954000900CDFE0F8A3E0A3E0A3E0D312464D5077
:109550000D9009F77406F0E4900CEBF0C1647F60A5
:109560007E517DD57C00900CDFE0F8A3E0F9A3E00C
:10957000FAA3E0FBC312464D40267FC07E1D7DDB73
:109580007C00900CDFE0F8A3E0A3E0A3E0D3124658
:109590004D500D9009F77405F0E4900CEBF0C164A8
:1095A0007F207E217D407C01900CDFE0F8A3E0F974
:1095B000A3E0FAA3E0FBC312464D40267F207E7451
:1095C0007D477C01900CDFE0F8A3E0A3E0A3E0D3AB
:1095D00012464D500D9009F77407F0E4900CEBF033
:1095E000C1647F707E7C7D7B7C01900CDFE0F8A302
:1095F000E0F9A3E0FAA3E0FBC312464D40267F400A
:109600007E787D7D7C01900CDFE0F8A3E0A3E0A3F1
:10961000E0D312464D500D9009F77408F0E4900C19
:10962000EBF080407FE07EF07DAA7C01900CDFE0D3
:10963000F8A3E0F9A3E0FAA3E0FBC312464D4024EF
:109640007FB07E567DC57C01900CDFE0F8A3E0A3DF
:10965000E0A3E0D312464D500B9009F77409F0E4F3
:10966000900CEBF07FE07EF07DAA7C01900CDFE0B7
:10967000F8A3E0F9A3E0FAA3E0FBC312464D4011C2
:10968000900A01E0600B9009F77409F0E4900CEB8C
:10969000F07F002290FFFC12476B1246F390FFF61A
:1096A00012476B7B0190000612478FA982AA83851F
:1096B0000883850982EBF0A3EAF0A3E9F07B01902F
:1096C000000A12478FA982AA8390000312478FEBEA
:1096D000F0A3EAF0A3E9F090000312478FE0FBA3A8
:1096E000E0FAA3E02403F9E43AFA124477FF85088C
:1096F00083850982E0FBA3E0FAA3E0F9EF1244902E
:1097000090000312478FE0FBA3E0FAA3E02402F9E4
:10971000E43AFA124477FF850883850982E0FBA3C7
:10972000E0FAA3E02401F9E43AFAEF124490900041
:109730000312478FE0FBA3E0FAA3E02401F9E43A27
:10974000FA124477FF850883850982E0FBA3E0FADB
:10975000A3E02402F9E43AFAEF12449090000312D5
:10976000478FE0FBA3E0FAA3E0F9124477FF8508F6
:1097700083850982E0FBA3E0FAA3E02403F9E43A3D
:10978000FAEF12449090000612478FE0FCA3E0FD30
:10979000A3E0FEA3E0FF90000E02476BE4FF900CF5
:1097A000ECE060037410FF90099CE0FE30E004EFF1
:1097B0004420FFEE30E104EF4402FF22E4900A0C63
:1097C000F0906000E0900A0DF0906001E0900A0EC9
:1097D000F0900A0DE0548064806003029AE5A3E0F3
:1097E00012470B9817009841029A10069958209A30
:1097F0003033987F3A98A33C98D43D98FD3F991D0B
:10980000509931519A57949A9F959997A499B6A5D2
:1098100099D9BF00009AE5900C497497F0A374049D
:10982000F09009187401F0A3740CF0A37449F0903F
:109830000916E4F0A37402F0D169900A0CEFF0412C
:10984000E512979C900C49EFF0E0FCA3E0FDA3E04B
:10985000FEA3E0FFEEEDEC4408FC900C491246F349
:109860009009187401F0A3740CF0A37449F09009E6
:1098700016E4F0A304F0D169900A0CEFF041E57A08
:109880000A79AD9009187401F0A3740AF0A374ADBD
:10989000F0900916E4F0A37404F0D169900A0CEF7B
:1098A000F041E57F707E3D7D0A7C071267ED900CEC
:1098B000491246F39009187401F0A3740CF0A374D4
:1098C00049F0900916E4F0A37404F0D169900A0CF1
:1098D000EFF041E57A0A79B19009187401F0A374A8
:1098E0000AF0A374B1F0900916E4F0A37404F0D167
:1098F00069900A0CEFF0E4900C4DF041E5900918E6
:109900007401F0A3740AF0A374B7F0900916E4F0A0
:10991000A37406F0D169900A0CEFF041E590600263
:10992000E030E008900CEC7401F08005E4900CEC61
:10993000F012979C900C49EFF09009187401F0A375
:10994000740CF0A37449F0900916E4F0A304F0D16C
:1099500069900A0CEFF041E5906003E064876002D3
:1099600041E57B027A607904124D77EF64014E6025
:109970000241E5900C49F07B0190091804F0A374B2
:109980000CF0A37449F0900916E4F0A304F0D16937
:10999000900A0CEFF041E59009187401F0A37409E6
:1099A000F0A3749CF0900916E4F0A304F0D1699040
:1099B0000A0CEFF041E57A0979A29009187401F0D8
:1099C000A37409F0A374A2F0900916E4F0A304F0C4
:1099D000D169900A0CEFF041E5900C84E0FCA3E023
:1099E000FDA3E0FEA3E0FF129694900C531246F301
:1099F0009009187401F0A3740CF0A37453F090094B
:109A000016E4F0A37404F0D169900A0CEFF041E57C
:109A10009009187401F0A3740AF0A3740FF0900970
:109A200016E4F0A37404F0D169900A0CEFF041E55C
:109A3000900A96E0900C44F09009187401F0A37419
:109A40000CF0A37444F0900916E4F0A304F0D1697B
:109A5000900A0CEFF041E5900A96E0FF3395E0FEA6
:109A6000FDFC900C451246F3900C45E0FCA3E0FD94
:109A7000A3E0FEA3E0FF129694900C4F1246F390E1
:109A800009187401F0A3740CF0A3744FF090091638
:109A9000E4F0A37402F0D169900A0CEFF0804690D4
:109AA0000A7FE0FF3395E0FEFDFC900C451246F383
:109AB000900C45E0FCA3E0FDA3E0FEA3E0FF1296BE
:109AC00094900C4F1246F39009187401F0A3740C93
:109AD000F0A3744FF0900916E4F0A37402F0D1697A
:109AE000900A0CEFF0900A0DE054806002C12DA3A3
:109AF000E012470B9B3A309B5A329B7E339BF435E6
:109B00009BB93A9C93709D13719CB2729D32739D68
:109B100051759D70769D8F779CD17A9DAE7B9DEC23
:109B20007D9DCD7F9CF0909E0B9C9C17A09C36A9A0
:109B30009C55F39C74F700009E2D9009187401F059
:109B4000A3740AF0A3748CF0900916E4F0A37406D1
:109B5000F0D133900A0CEFF0C12D7A0A79AD90095B
:109B6000187401F0A3740AF0A374ADF0900916E420
:109B7000F0A37404F0D133900A0CEFF0C12D7A0AEF
:109B800079BD9009187401F0A3740AF0A374BDF0B4
:109B9000900916E4F0A304F0D133900A0CEFF09092
:109BA0000ABDE0FF3395E0FEFDFC900C401246F349
:109BB0009009FEE04401F0C12D7A0A79A1900918BC
:109BC0007401F0A3740AF0A374A1F0900916E4F0F4
:109BD000A304F0D133900A0CEFF0900AA1E0FF3318
:109BE00095E0FEFDFC900C3C1246F39009FEE0442B
:109BF00002F0C12D7A0A79C69009187401F0A37495
:109C00000AF0A374C6F0900916E4F0A304F0D1336F
:109C1000900A0CEFF0C12D9009187401F0A3740C98
:109C2000F0A3744DF0900916E4F0A304F0D1339042
:109C30000A0CEFF0C12D9009187401F0A3740AF01A
:109C4000A37401F0900916E4F0A304F0D133900A54
:109C50000CEFF0C12D9009187401F0A37409F0A362
:109C600074FAF0900916E4F0A304F0D133900A0CD2
:109C7000EFF0C12D9009187401F0A37409F0A374DA
:109C8000F8F0900916E4F0A304F0D133900A0CEF39
:109C9000F0C12D9009187401F0A3740AF0A37402A6
:109CA000F0900916E4F0A304F0D133900A0CEFF021
:109CB000C12D9009187401F0A37409F0A3749FF0EA
:109CC000900916E4F0A304F0D133900A0CEFF0C130
:109CD0002D9009187401F0A37409F0A374A6F090F4
:109CE0000916E4F0A304F0D133900A0CEFF0C12D73
:109CF0007A0A79CF9009187401F0A3740AF0A3745A
:109D0000CFF0900916E4F0A304F0D133900A0CEFE1
:109D1000F0C12D9009187401F0A37409F0A374FD2B
:109D2000F0900916E4F0A304F0D133900A0CEFF0A0
:109D3000C12D9009187401F0A37409F0A3749EF06A
:109D4000900916E4F0A304F0D133900A0CEFF0C1AF
:109D50002D9009187401F0A37409F0A3749DF0907C
:109D60000916E4F0A304F0D133900A0CEFF0C12DF2
:109D70009009187401F0A37409F0A374F9F0900924
:109D800016E4F0A304F0D133900A0CEFF0C12D904B
:109D900009187401F0A37409F0A374A4F0900916D3
:109DA000E4F0A304F0D133900A0CEFF0807F900927
:109DB000187401F0A3740AF0A37408F0900916E473
:109DC000F0A304F0D133900A0CEFF08060900918F2
:109DD0007401F0A3740AF0A37400F0900916E4F083
:109DE000A304F0D133900A0CEFF08041900918746D
:109DF00001F0A3740AF0A37407F0900916E4F0A32D
:109E000004F0D133900A0CEFF080227A0979A09007
:109E100009187401F0A37409F0A374A0F090091656
:109E2000E4F0A37402F0D133900A0CEFF0900A0C26
:109E3000E0FF2290092D7404F090092C7480F0D179
:109E4000A8906007E0FE906006E0FDEEEDFFD39085
:109E50000917E09F900916E09E4005EEF0A3EFF091
:109E6000900931740BF07F0122900916E07002A373
:109E7000E07004D1E3802E90092D7402F0E4900983
:109E80002CF0D1A8906007E0FE906006E0FDEEEDBA
:109E9000FFD3900917E09F900916E09E4005EEF071
:109EA000A3EFF0F1017F0122E4900932F0A3F090DA
:109EB000091BE0FBA3E0FAA3E04A4B602590091BD5
:109EC000E0FBA3E0FAA3E0F9E412449090091BE060
:109ED000FBA3E0FAA3E02401F9E43AFAE4F5F01276
:109EE00044E02290092D7402F090092C7480F090C7
:109EF0000931740FF0E490091FF0900934F07F01EC
:109F000022E4FD90091FE0FF900933E02FF0900953
:109F100032E03400F0D3900917E09400900916E085
:109F20009400404BED94085046900918E0FBA3E0E4
:109F3000FAA3E0F9124477FFE42DF582E43460F5EA
:109F400083EFF0900918E0FBA3E0FAA3E02401F905
:109F5000E43AFA900918EBF0A3EAF0A3E9F00D90C7
:109F60000917E024FFF0900916E034FFF080A69076
:109F7000091FE064086006EDD39400401590092C99
:109F8000E06480F0900931740FF090092D7402F0B4
:109F9000800A9009317402F090092DF0900934ED97
:109FA000F090091FF022E4900A2EF0FFFEFDFC90D5
:109FB0000C77E0F8A3E0F9A3E0FAA3E0FBC31246B4
:109FC0004D600302A097900C73E07002A3E0600361
:109FD00002A088900C72E014604614700302A06521
:109FE0002402600302A0BD128D36900A2EEFF024E9
:109FF000FC601824F4600E2409600302A0BD900CDC
:10A0000072E004F022E4900C72F0227B017A0C7969
:10A0100075128E9B900A2EEFF0E4900C72F02222C3
:10A020007B017A0C7975128E9B900A2EEFF024F941
:10A03000602524F760282410600201BD900C75E0B3
:10A04000FEA3E0FFEE3395E0FDFC900C801246F39A
:10A05000900C72E004F022900C727401F022E490F3
:10A060000C72F02222900C80E0FCA3E0FDA3E0FE45
:10A07000A3E0FFA31246F3900C737427F0A37410AF
:10A08000F0E4900C72F02222900C74E024FFF09027
:10A090000C73E034FFF022900C77E0FCA3E0FDA30A
:10A0A000E0FEA3E0FF74FFEF24FFFFEE34FFFEEDC0
:10A0B00034FFFDEC34FFFC900C771246F322C0E035
:10A0C000C083C082C085C084C086758600C0937579
:10A0D000930090099BE4F0D093D086D084D085D0B3
:10A0E00082D083D0E032C0E0C083C082C085C0840B
:10A0F000C086758600C093759300900C6DE4F0D017
:10A1000093D086D084D085D082D083D0E032E490C2
:10A110000A2EF09009A0E0FFA3E0FE9009A0E0FD68
:10A12000A3E0FCEE603C6C7039EF6D7035900C6212
:10A13000E0FDEE6D602CEEF09009FBE0C394505012
:10A14000219009A3E024A7F582E43409F583EFF018
:10A150009009A3E00475F05084E5F0F09009FBE06D
:10A1600004F0900C57E0B40B004002615390A174CE
:10A17000F828287302A19502A1BE02A1E502A20E51
:10A1800002A23702A26002A28902A2B202A3530273
:10A19000A35302A2F49009FDE0FF900C58E06F6019
:10A1A00015900C5F7471F0A3EFF0900C58F0900CC8
:10A1B00057740AF06153900C57E004F06153900912
:10A1C0009EE0FF900C5EE06F6013A37473F0A3EF4A
:10A1D000F0900C5EF0900C57740AF06153900C579D
:10A1E000E004F0615390099DE0FF900C5AE06F602D
:10A1F00015900C5F7475F0A3EFF0900C5AF0900C72
:10A2000057740AF06153900C57E004F061539009C1
:10A21000A4E0FF900C5CE06F6015900C5F7477F029
:10A22000A3EFF0900C5CF0900C57740AF06153901F
:10A230000C57E004F06153900A00E0FF900C5DE0E1
:10A240006F6015900C5F747FF0A3EFF0900C5DF0E1
:10A25000900C57740AF06153900C57E004F061536E
:10A26000900A08E0FF900C59E06F6015900C5F7445
:10A270007BF0A3EFF0900C59F0900C57740AF0614A
:10A2800053900C57E004F061539009F9E0FF900CF3
:10A290005BE06F6015900C5F7476F0A3EFF0900CAC
:10A2A0005BF0900C57740AF06153900C57E004F087
:10A2B00061539009FBE0D394004032900C5F749C92
:10A2C000F09009FCE024A7F582E43409F583E090DE
:10A2D0000C60F09009FCE00475F05084E5F0F0901B
:10A2E00009FBE014F0900C57740AF08066E4900CBF
:10A2F00057F0805F900C61E0146030047055900C52
:10A300005FE0FF127E54900A2EEFF0B4010E900C25
:10A3100061E004F0900C57740AF08037E4900C5719
:10A32000F0900C61F0900A07F08028900C60E0FF3C
:10A33000127E54900A2EEFF0B4010BE4900C61F001
:10A34000900C57F0800DE4900C57F0900C61F09059
:10A350000A07F0900C57E0FF22E4900A30F0900CCE
:10A3600063E0B40B004002C10490A370F828287386
:10A3700002A39102A41302A46E02A4B102A4F002EB
:10A38000A50A02A55D02A56E02A60402A60402A506
:10A39000AF900C69E0FCA3E0FDA3E0FEA3E0FF901A
:10A3A0000C64E0F8A3E0F9A3E0FAA3E0FBC31246D3
:10A3B0004D6047900C69E0FCA3E0FDA3E0FEA3E044
:10A3C000FF127F6E900C71EFF06002C104900C6977
:10A3D000E0FCA3E0FDA3E0FEA3E0FF900C641246C6
:10A3E000F3900CEBE06002C104900A02E064436069
:10A3F00002C104900C63E004F022900CEBE06002D8
:10A40000C104900A02E064436002C104900C63E05E
:10A4100004F022124D3B900A2FEFF0125F91900A48
:10A420002EEFF0A3E0FF124CE4900A2EE0FF30E0A4
:10A43000089009997401F08005E4900999F0EF30D3
:10A44000E10890099A7401F08005E490099AF0906F
:10A450000999E0600690099AE0700D90099C7401DA
:10A46000F0900C63E004F022E4900C63F022125DA3
:10A47000E9EF54EFFF125C60900A80E0FEA3E0FF7A
:10A48000EE3395E0FDFC900C69E0F8A3E0F9A3E061
:10A49000FAA3E02FFFEA3EFEE93DFDE83CFC127F17
:10A4A0006E900C71EFF06002C104900C63E004F058
:10A4B00022125DE9900A30EFF090099FE0B4011B91
:10A4C000900A30E054F7F054FDF090099B7401F0CD
:10A4D000FFD105900C637405F0800D900A30E054B4
:10A4E000F7F0900C637404F0900A30E0FF025C60B7
:10A4F000125DE9EF54FDFF125C6090099B7401F05E
:10A50000FFD105900C63E004F022124D3B900A2F1E
:10A51000EFF0125F91900A2EEFF0A3E0FF124CE4EF
:10A52000900A2EE0FF30E0089009997401F0800550
:10A53000E4900999F0EF30E10890099A7401F080F5
:10A5400005E490099AF0900999E07002C10490091D
:10A550009AE07002C104900C63E004F022125DE9FD
:10A56000EF4402FF125C60900C63E004F02290095B
:10A570009BE07034900C69E0FCA3E0FDA3E0FEA337
:10A58000E0FF127F6E900C71EFF07078125DE99031
:10A590000A30EFF04408F04410FFF0125C60E490E1
:10A5A000099CF0900C63F022900C63740AF0221264
:10A5B0004D3B900A2FEFF0125F91900A2EEFF0A31F
:10A5C000E0FF124CE4900A2EE0FF30E00890099979
:10A5D0007401F08005E4900999F0EF30E1089009EA
:10A5E0009A7401F08005E490099AF0900999E0606E
:10A5F0000690099AE07007900C637404F022900CA6
:10A60000637407F022906477EFF02280FE227B00D3
:10A610007A4079807D0C7C00124D84904082741ABF
:10A62000F07B007A4079847D027C00124D8490405A
:10A63000867418F07B007A4079887D6B7C0E124D11
:10A640008490408A7418F07B007A40798C7DBF7CBE
:10A650005D124D8490408E7419F07B007A407990A1
:10A6600074FFFDFC124D849040927418F0904300EA
:10A670007406F09042007452F07B0C7A01790F124C
:10A680004D939046A1EFF07B007A4279127D137CC6
:10A6900033124D849042107401F0E0FFE47FC87ED5
:10A6A00032FDFC900A241246F3900A24E0A3E0A3B2
:10A6B000E0FEA3E0D39400EE9400403A904210E014
:10A6C00054806032E47FE07E01FDFC124D00900A70
:10A6D00024E0FCA3E0FDA3E0FEA3E0FF74FFEF2471
:10A6E000FFFFEE34FFFEED34FFFDEC34FFFC900A7B
:10A6F000241246F380B3900A24E0A3E0A3E0FEA373
:10A70000E04E70047F01D10B904210E04440F07B9A
:10A71000007A4279227D147C0C124D8490400074A2
:10A7200001F07B007A4279207D517C12124D84E445
:10A73000900A28F07F19FEFDFC900A241246F3903F
:10A740000A24E0A3E0A3E0FEA3E0D39400EE94008B
:10A75000404AA3E0FF64036043904225E05401FEB9
:10A76000EF25E04E5403900A28F0E47FE07E01FDDF
:10A77000FC124D00900A24E0FCA3E0FDA3E0FEA340
:10A78000E0FF74FFEF24FFFFEE34FFFEED34FFFD2A
:10A79000EC34FFFC900A241246F380A3900A24E0D4
:10A7A000A3E0A3E0FEA3E04E70047F03D10B7B0087
:10A7B0007A4079047D007C01124D84904004740736
:10A7C000F0904006E4F09040087448F0904004E4B3
:10A7D000F0904009F09040017402F09043A2E044F0
:10A7E0001FF022E4FFFEFDFC900CE31246F390768E
:10A7F000007410F09070107401F0907019E4F07B08
:10A80000027A78F97DD07C02124D8690780274012C
:10A81000F0A374A3F07B027A787904C003C002C06D
:10A82000017BFF7A5479E0E9EAE4AD01AC02D001A2
:10A83000D002D003124D867B027A7879067D087C9F
:10A8400078124D867B027A7679047D107C00124D59
:10A85000867B027A767906E4FDFC124D869070299B
:10A86000740BF0907039740DF09070597413F0906F
:10A8700070697421F0907079742AF09070147401EA
:10A88000F0907018E0540170F8907028E054017056
:10A89000F8907038E0540170F8907058E0540170EE
:10A8A000F8907068E0540170F8907078E05401708E
:10A8B000F87B087A087920900A297401F0A3745172
:10A8C000F0A37410F07F067E00024C417B0C7A01ED
:10A8D00079CF124D93EF540790586EF0EFC4540F98
:10A8E000A3F09058767444F0227B007A4679E812FF
:10A8F0004D93EF4405FD7B007A4679E8124D9F1297
:10A90000A7E37B007A7679007D047C00124CCB7C37
:10A91000577DB07B007A7679087F047E00124CA5C3
:10A920007C577DB47B007A7679107F047E00124CD0
:10A93000A57B007A7679187D047C00124CCB7C577D
:10A940007DB87B007A7679207F047E00124CA57C4E
:10A95000577DBC7B007A7679287F047E00124CA557
:10A960007C577DC07B007A7679307F047E00124C64
:10A97000A57B007A7679387D047C00124CCB7B0174
:10A980007A0279D87F047E047D007CC9124D507B09
:10A99000017A1679587F847E847D007C04124D50A4
:10A9A0007B017A507903124D93EF4402FD7B017ACB
:10A9B000507903124D9F7B017A507913124D93EF1A
:10A9C0004402FD7B017A507913124D9F9043A0E021
:10A9D0004440F09043C2E04410F07B087A1F79CCE9
:10A9E000900A29E4F0A37451F0A37402F07F087E6A
:10A9F00000124C417B087A1F79D4900A29E4F0A315
:10AA00007451F0A374C2F07F087E00124C417B08A1
:10AA10007A1F79DC900A29E4F0A37451F0A374F052
:10AA2000F07F0A7E00124C417B087A1F79E8900A79
:10AA300029E4F0A37451F0A37410F07F0A7E001291
:10AA40004C417B087A1F79F4900A29E4F0A37451F1
:10AA5000F0A37420F07F0A7E00124C419044F474FD
:10AA600001F0904322E04408F09046ECE0C39405E6
:10AA70005006904689743AF090480074F1F012A69E
:10AA80000E90480074B1F011CC7B007A4379A0C0DD
:10AA900003C002900A29EBF0A3EAF0A374B0F0D04F
:10AAA00002D0037F0E7E00124C419043B0E054FD73
:10AAB000F022900A2EEFF0A3EDF0900B0FE070085B
:10AAC000716B900B0F7401F0900A2EE0FFA3E0FD74
:10AAD000900A30EDF090092EEFF0E490092DF090FF
:10AAE0000922F0900930F090091EF0900927F090AB
:10AAF000092FF090091FF09044C27480F0A37401F4
:10AB0000F09044C27420F09044C07404F07408F0D3
:10AB100090609E7406F09044C27440F090609C7403
:10AB200050F07EC37F43B136B1A9B1C3900A30E083
:10AB300014600C047012906009E054FEF0801090D4
:10AB40006009E04401F08007906009E04401F09062
:10AB500060287403F09060087480F0E47F01FEFDCB
:10AB6000FC124D009060127404F022124D3B900ACA
:10AB700030EFF09043A5E04401F09043B5E044018C
:10AB8000F090609D7401F090600904F0906010E016
:10AB9000547FF0E4FFFE124C78904394E054F9F0B7
:10ABA000906012E054DFF0904394E04401F07F01A4
:10ABB0007E00124C787F287E00124C789051F8E08D
:10ABC000547FF0E054BFF0904394E04402F07F02E1
:10ABD0007E00124C78904394E04404F0906084E44A
:10ABE000F0A3F0FFFEC3EF9409EE94005021740629
:10ABF0002FF582740B3EF58374FFF074102FF582ED
:10AC0000740B3EF58374FFF00FEF70010E80D69049
:10AC10000A30E0FF124CE47D057F1791DD7CAD7DAD
:10AC2000FA7F1791777D057F1891DD7CAF7DF37FEB
:10AC30001891777D057F1591DD7CC27D007F159190
:10AC4000777D057F0291DD7CC17D607F0291777DFC
:10AC5000057F0391DD7CC17DB07F039177E4FD7FAB
:10AC60001691DD7CC27D017F1691777D057F0C9169
:10AC7000DD7CC47D667F0C900A36ECF0A3EDF0908D
:10AC80000A35EFF0D3941F50028001C340047F00C7
:10AC9000B122900A35E0541F25E0FFE433FEE42F93
:10ACA000FFEE3444FAA9077B01124D77900A38EE83
:10ACB000F0A3EFF0900A35E075F002A42400FFE560
:10ACC000F03444FAA9077B01A3E0FEA3E0FFFDAC4A
:10ACD00006124D86900A38E0FEA3E0FF22900A3566
:10ACE000EFF0A3EDF0D3940750028001C340047F3E
:10ACF00000B122900A35E0D3941F50028001C34076
:10AD0000047F00B122900A36E0540775F020A4FFBA
:10AD1000900A35E0541F2480F582E43444F583EF33
:10AD2000F02290FFFF12476BEFF09046EA7401F0BB
:10AD300090000102476B900A31EEF0A3EFF0B1985A
:10AD4000900A31E0FEA3E0FFB1B67F05B19F9044C9
:10AD5000C07402F0229049D67402F09049C8748100
:10AD6000F09049CA7437F09049DB7403F0A3E4F023
:10AD70009044C97480F07D077F0F91DD7CCB7DC24C
:10AD80007F0F9177900CED7410F0E4900CCAF09066
:10AD90000CC5F0900CC6F0229044C87402F022EF6B
:10ADA000C43354E0904481F022124D3B906595E00D
:10ADB0004410F0024CE47B027A447902AD07AC0601
:10ADC000024D86124D3B90659AE04410F0024CE42F
:10ADD000E490092DF0900922F0900930F090091EBE
:10ADE000F0900927F090092FF090091FF09060284B
:10ADF0007403F09060087480F022C0E0C0F0C0835B
:10AE0000C082C085C084C086758600C093759300DB
:10AE1000C0D075D000C000C001C002C003C004C0D3
:10AE200005C006C007B1D0D007D006D005D004D0E9
:10AE300003D002D001D000D0D0D093D086D084D01F
:10AE400085D082D083D0F0D0E032E4FF900922E0B8
:10AE50006004E0FFE4F02274122FF582E43409F577
:10AE600083E0FF22900A6BEFF0ED6002E11DE0FD50
:10AE70002406F582E4340BF583E075F008A4240081
:10AE8000FEE5F03478900A6CF0A3CEF0ED25E024D6
:10AE9000F4F582E4340AF583E0FEA3E024E0FDEE5D
:10AEA00034FFFC900A6CE0FEA3E0AA06F97B0112D5
:10AEB0004D86900A6BE0FD2406F582E4340BF583A1
:10AEC000E075F008A42404FEE5F03478900A6CF0F4
:10AED000A3CEF0ED75F003A424D9F582E4340AF58D
:10AEE00083E0FBA3E0FAA3E0F92420FFE43AFEE4C8
:10AEF0003BFDE433FCEFEEE4AD07AC06900A6CE0FA
:10AF0000FEA3E0AA06F97B01124D86900A6BE024AD
:10AF100019F582E4340BF5837401F0E1A9900A6B12
:10AF2000E02406F582E4340BF583E075F008A424F0
:10AF300000FEE5F03478900A6CF0A3CEF0900A6C35
:10AF4000E0FEA3E0AA06F97B017D027C00124D869B
:10AF5000900A6BE0FD2406F582E4340BF583E0757E
:10AF6000F008A42404FEE5F03478900A6CF0A3CE37
:10AF7000F0ED75F003A424D9F582E4340AF583E0FA
:10AF8000FBA3E0FAA3E0F9241EFFE43AFEE43BFD54
:10AF9000E433FCEFEEE4AD07AC06900A6CE0FEA3F0
:10AFA000E0AA06F97B01124D86900A6BE0FF2406A9
:10AFB000F582E4340BF583E0FE74222FF582E4344D
:10AFC0000BF583E075F010A42419F582E5F03470D8
:10AFD000F583EEF022EFD394004017EF940950125E
:10AFE00075F010EFA424FEF582E5F0345FF583746C
:10AFF00008F022C0E0C0F0C083C082C085C084C019
:10B0000086758600C093759300C0D075D000C000CF
:10B01000C001C002C003C004C005C006C0079060E4
:10B0200028E0900A09F0E0FF5410700201D1A374E7
:10B0300001F0EF54806020900A09E0540F64016031
:10B0400005A3E4F0802E31A3900931E05480602400
:10B05000900A0AE4F0801D900A09E054406004114F
:10B06000F48011900A09E054206004311C8005909E
:10B070000A0AE4F0900A0AE06057906028E0900A1B
:10B0800009F0E05480704A900934E0FF90092CE008
:10B090004F900A09F0E0FF906029F0E0FEEF6E703B
:10B0A00030900931E0900A0AF0906028E0548090D6
:10B0B0000A09F0E0700F900931E0906028F0E05448
:10B0C0000F900A0AF0900931E0FF900A0AE0B507F4
:10B0D000D0D007D006D005D004D003D002D001D004
:10B0E00000D0D0D093D086D084D085D082D083D0E9
:10B0F000F0D0E03290092DE024FC600B24FE6009C2
:10B1000024047007024CFC8003D19C22E490092D9A
:10B11000F07F01315E9009317403F02290092DE037
:10B1200024FC600A24FE60092404700F800E02B91A
:10B13000897F03315E9009317403F02290091FE08A
:10B14000FF900933E02FF0900932E03400F0E490F2
:10B15000092DF07F01315E9009317403F0229009CE
:10B160001BE0FBA3E0FAA3E04A4B603690091BE02A
:10B17000FBA3E0FAA3E0F9EF124490900932E0FE5D
:10B18000A3E0FF90091BE0FBA3E0FAA3E02401F990
:10B19000E43AFAEE8FF01244E090091BE4F0A3F0D9
:10B1A000A3F022906028E0900A0BF0E0906028F075
:10B1B000E0900A0BF0E0FF54806006900931EFF058
:10B1C000227F02315E906000E0546024E060112430
:10B1D000E060162440701C5105900A0BEFF08018B7
:10B1E000D12F900A0BEFF0800F1297BC900A0BEF53
:10B1F000F08005E4900A0BF0900A0BE070069009CD
:10B20000317403F022E4900A0CF0906000E0900AA0
:10B210000EF0A3E4F0A3F0A3F0900916F0A3F090D1
:10B220000A0EE0548064806002817C906001E070CE
:10B230000261AD24F87002812F24FE700281512436
:10B24000046002C111906003E0B40137F188900AF4
:10B2500012EEF0A3EFF0F5828E83A3E493F974016C
:10B2600093FA740293900918C9F0A3EAF0A3E9F0E5
:10B27000900916E4F0A37412F0129E69900A0CEF84
:10B28000F0C111906003E064027072906002E0FF10
:10B29000D1BE900A12EEF0A3EFF04E7002C11190F1
:10B2A0000A12E0FEA3E0F5828E83A3E493F9740111
:10B2B00093FA740293900918C9F0A3EAF0A3E9F095
:10B2C000900918E0FBA3E0FAA3E02403F9E43AFABA
:10B2D000124477FE900918E0FBA3E0FAA3E02402F1
:10B2E000F9E43AFA124477FDEEEDFF900916EEF01C
:10B2F000A3EFF0129E69900A0CEFF0C11190600369
:10B30000E06403600261A4FF900A0F74FFF0A3746D
:10B3100058F0A3748DF0906002E0D39F402B900A08
:10B320000FE0FBA3E0FAA3E0F9124477601B12449C
:10B3300077FEFD7C00E92DF9EC3AFA900A0FEBF06C
:10B34000A3EAF0A3E9F00F80CD906002E0FF602156
:10B350009057D4E493FEEFB506177B017A0C791A67
:10B3600012C4C9900A0F7401F0A3740CF0A3741AEC
:10B37000F0900A0FE0FBA3E0FAA3E0F91244777023
:10B3800002C111124477FF900916E4F0A3EFF09088
:10B390000918EBF0A3EAF0A3E9F0129E69900A0CF9
:10B3A000EFF0C111D12F900A0CEFF0C111900A0EED
:10B3B000E05403604724FE6002C111900916E4F0D6
:10B3C000A37402F0906004E0547F75F00BA424375E
:10B3D000F582E43409F583E0900CF1F0E4A3F07B0E
:10B3E000017A0C79F190091804F0A3740CF0A3749D
:10B3F000F1F0129E69900A0CEFF0C111900916E469
:10B40000F0A37402F090092FE0900CF1F0E4A3F0A7
:10B410007B017A0C79F190091804F0A3740CF0A365
:10B4200074F1F0129E69900A0CEFF0C111C11190F5
:10B430000916E4F0A304F07A097930900918F0A312
:10B440007409F0A37430F0129E69900A0CEFF0C1F9
:10B4500011900916E4F0A304F0906004E02412F9BE
:10B46000E43409FA9009187401F0A3EAF0A3E9F0B2
:10B47000129E69900A0CEFF0C111C111906001E0B9
:10B48000147002A13D24FE7002A1AD24FA601B24B9
:10B49000FE606F24066002C111906002E0900927EF
:10B4A000F0D117900A0CEFF0C111906002E0900A01
:10B4B0000DF0D39400400DE014FFD1BE900A12EEBF
:10B4C000F0A3EFF0900A0DE0FFD39400400A900A39
:10B4D00012E07002A3E07005EF6002C11190093024
:10B4E000E0FF900A0DE0FE6F600F900930EEF090E3
:10B4F00009227401F0FF12C692D117900A0CEFF0E6
:10B50000C111F116EF7002C111906004E0FE9009C4
:10B510001EF074122EF582E43409F583E0FF7423E3
:10B520002EF582E43409F583E06F600890092274F7
:10B5300001F0F1A6D117900A0CEFF0C111900A0E9C
:10B54000E05403601A146031146002C1119060026B
:10B55000E06002C11112CACE900A0CEFF0C1119046
:10B560006002E064016002C11190092FE054FDF017
:10B57000D117900A0CEFF0C111906004E0FFC39462
:10B58000044002C11174282FF582E43409F583C008
:10B5900083C082E0FF906002E0F4FEEF5ED082D0D4
:10B5A00083F0D117900A0CEFF080668064900A0E49
:10B5B000E05403601614602B147056906002E07023
:10B5C0005012CA3D900A0CEFF08046906002E06491
:10B5D00001703E90092FE04402F0D117900A0CEF61
:10B5E000F0802E906004E0FFC39404502474282F50
:10B5F000F582E43409F583C083C082E0FF906002E5
:10B60000E0F4FEEF5ED082D083F0D117900A0CEF09
:10B61000F0900A0CE0FF2290092D7406F090093199
:10B62000F090092C7480F0E4900934F07F0122E45A
:10B63000900A15F0906000E0540324FE600D047041
:10B6400024906004E0900A14F0801F906004E0549D
:10B650007F75F00BA4243FF582E43409F583E09074
:10B660000A14F08005E4900A14F0900A14E0FFD365
:10B6700094045022900920E0FCA3E02FF582E43CE2
:10B68000F583E49314700A12CF4B900A15EFF08003
:10B6900005E4900A15F0900A15E0FF22900927E0D2
:10B6A000600CE04480906008F0E4900927F0E4909A
:10B6B000092DF07F01315E9009317403F022900A68
:10B6C0001CEFF090092EE025E025E0249FF582E4B0
:10B6D000345AF583E493740193FA740293AE02FF33
:10B6E0002408FFE43EFE8F82F583E493FD900A1C5C
:10B6F000E0FCC39D4005E4FEFF801A8F828E8375B7
:10B70000F004EC1246FFA3E493740193FA740293DD
:10B71000AC02AE04FF22E4900A14F0906004E090C2
:10B720000A15F0900930E014FFD1BE8F828E83A3FA
:10B73000E493FB740193FA7402932404F9E43AFA53
:10B74000124477FF900A15E0FED39F4006EED39493
:10B7500004502F74122EF582E43409F583E0FF744F
:10B76000232EF582E43409F583EFF0906002E0FFC8
:10B7700074122EF582E43409F583EFF0900A147404
:10B7800001F0900A14E0FF2290092EE025E025E068
:10B79000249FF582E4345AF583E493740193FA7498
:10B7A0000293AE02FF22900930E0D39400500302CE
:10B7B000B988E014FFD1BEEF2404FFE43EFE8F827F
:10B7C000F583E493900A14F08F828E83A3E493743C
:10B7D0000193FA740293AE02FDAC0690091EE0904C
:10B7E0000A15F0E4FB900A14E0FFEBC39F4003024C
:10B7F000B9888D828C83E493FF900A15E0FE6F6018
:10B8000002217D8D828C830493FF74122EF582E4D5
:10B810003409F583E06F6002217D8D828C83740290
:10B8200093547FFA7403935403F9EA75F00BA4243C
:10B8300038F582E43409F583E4F08D828C83740258
:10B8400093FFEA75F00BA42439F582E43409F583FB
:10B85000EFF08D828C83740393FFEA75F00BA424C0
:10B8600035F582E43409F583EFF08D828C8374041E
:10B8700093FE740593FFEA75F00BA4243DF582E472
:10B880003409F583EEF0A3EFF08D828C837402937C
:10B890005480602DE9B401047F0780027F0DEA75B2
:10B8A000F00BA4243AF582E43409F583EFF0EA754D
:10B8B000F00BA42436F582E43409F5837401F0809A
:10B8C0002AE9B401047F0580027F09EA75F00BA420
:10B8D000243AF582E43409F583EFF0EA75F00BA41D
:10B8E0002436F582E43409F583E4F075F010EAA417
:10B8F00024FEF582E5F0345FF5837401F075F010F5
:10B90000EAA42470F582E5F03460F583E054FEF09B
:10B91000EA24FFFFE434FFFEEF25E0FFEE33906002
:10B9200014EFF0E04401F0906014E030E4F98D820F
:10B930008C837402935480602090608FC083C08297
:10B94000E0FFEA14FE7401A806088002C333D8FCA5
:10B95000F45FD082D083F0801D90608FC083C0825E
:10B96000E0FFEA14FE7401A806088002C333D8FC85
:10B970004FD082D083F0906014E054FEF0ED2407A5
:10B98000FDE43CFC0B02B7E522E4FF906029E054A3
:10B990000F24FEFEFD900933E02DF0900932E034D3
:10B9A00000F0D3900917E09400900916E09400404D
:10B9B0004DEED394004047E42FF582E43460F583E4
:10B9C000E0FD900918E0FBA3E0FAA3E0F9ED1244D2
:10B9D00090900918E0FBA3E0FAA3E02401F9E43A0F
:10B9E000FA900918EBF0A3EAF0A3E9F00F1E900912
:10B9F00017E024FFF0900916E034FFF080A4AF06B2
:10BA0000900934EEF090092CE06480F090093174D4
:10BA10000BF022124D3B9043A5E04404F09043B557
:10BA2000E04404F0024CE49044C97480F09049CAA8
:10BA3000E0900CD7F09049DBE0900CD8F09049DC16
:10BA4000E0900CD9F09049DCE0FE9049DBE0FDEE9F
:10BA5000ED2401FFE43E900A36F0A3EFF09049D6C2
:10BA6000E054FEF0900A36E0FEA3E0FFE4FCFD1295
:10BA70004D00124D3B900A35EFF09043A5E054FB8A
:10BA8000F09043B5E054FBF0900A35E0FF124CE42F
:10BA90009049D6E04402F0900CD7E0FF9049CAF0FC
:10BAA000EFF0900CD8E09049DBF0900CD9E0904991
:10BAB000DCF09049D6E054EFF09044D97480F090D7
:10BAC0000CED7410F022900A49EBF0A3EAF0A3E920
:10BAD000F0AC077D02900A49E0FBA3E0FAA3E04A3C
:10BAE0004B70026174900CEDE0B4100F9049D9E0F6
:10BAF00054087003FD801A7D018016900CEDE0B4AF
:10BB0000600FE4FD9044D97480F0900CCAE054F7C3
:10BB1000F0ED7060900CED7449F0E4900CC5F0907D
:10BB20000A4CE0900CC8F0900A49E0F9A3E0FAA3AF
:10BB3000E0900CCBC9F0A3EAF0A3E9F0900A4DE045
:10BB4000FF900CC7F0900CCAE054FEF0AE04EE2556
:10BB5000E044019049D8F0EF5401600CA37412F056
:10BB60009049D77404F080069049D97401F090444C
:10BB7000C17480F0AF05229044C97480F0900CCA63
:10BB8000E0FFE4F09044C17480F022124D3B9064D9
:10BB900099E04420F0124CE490657BE04404F022EC
:10BBA000900CF3E0700871B0900CF37401F080DB3E
:10BBB000906587E054F8F0E0F090658BE054F8F081
:10BBC000E0F02290657BE054FEF0124D3B906597CB
:10BBD000E054EFF0024CE4124D3B90659BE04410C2
:10BBE000F0124CE490657BE04402F02290657BE02B
:10BBF00054FDF0124D3B90659BE054EFF0024CE495
:10BC0000124D3B90659BE04403F0E054FCF0024C85
:10BC1000E49064947420F0906493F0906492F02225
:10BC2000900A38EAF0A3EBF0AE05900CF77406F03A
:10BC3000AD07AF06AB07900A3FF0E4A3F0A3F07F97
:10BC4000069169900CF7E0FF900A38E0FCA3E0FD54
:10BC5000A3E0FAA3E0FB126FC5900CF7E0FF7D01B3
:10BC6000126EF8900CF7E0FF22AC077A01ECC39457
:10BC700018506CEB540175F080A4FFED547F4FFF1A
:10BC800075F008ECA42400F582E5F03476F583EF36
:10BC9000F0900A40E0540F75F010A4FF900A3FE0C6
:10BCA000540F4FFF75F008ECA42401F582E5F03441
:10BCB00076F583EFF0900A41E0540FFF75F008EC41
:10BCC000A42402F582E5F03476F583EFF075F008F0
:10BCD000ECA42403F582E5F03476F583E4F01AAFA2
:10BCE0000222900A38EAF0A3EBF0AE05900CF8744B
:10BCF00007F0AD07AF06AB07E4900A3FF0A3F0A34F
:10BD0000F07F079169900CF8E0FF900A38E0FCA3FF
:10BD1000E0FDA3E0FAA3E0FB126FC5900CF8E0FF92
:10BD20007D01126EF8900CF8E0FF22900A35EAF0DF
:10BD3000A3EBF0AE05900CFB7402F0AD07AF06ABC1
:10BD400007900A3FF0E4A3F0A3F07F029169900C02
:10BD5000FBE0FF900A35E0FCA3E0FDA3E0FAA3E0DE
:10BD6000FB126FC5900CFBE0FF7D02126EF8900C89
:10BD7000FBE0FF22900A35EAF0A3EBF0AE05900C51
:10BD8000FC7401F0AD07AF06AB07900A3FF0E4A3E7
:10BD9000F0A3F07F019169900CFCE0FF900A35E080
:10BDA000FCA3E0FDA3E0FAA3E0FB126FC5900CFC3E
:10BDB000E0FF7D02126EF8900CFCE0FF22900CD2A6
:10BDC000747FF0A304F07F7FEF601614FE75F00817
:10BDD000EFA42400F582E5F03478F583EEF01F80BF
:10BDE000E775F008EFA42400F582E5F03478F583D8
:10BDF000E4F0227E01EFC39418501A75F010EFA4FE
:10BE00002414F582E5F03470F583E0FFED5407FD6E
:10BE1000EF4DF0E41EAF0622904210E05480600423
:10BE20007F0180027F002280FE32E4900A24F0909D
:10BE30000A24E0FFD3941F5020EF75F002A42400E1
:10BE4000FFE5F03444FAA9077B017CBE7D27124D43
:10BE500086900A24E004F080D622900A21EBF0A319
:10BE6000EAF0A3E9F07B0C7A017903124D93E4FC2C
:10BE7000FDFE900A21E0FBA3E0FAA3E0F91246A43C
:10BE8000900A21E0FBA3E0FAA3E0F9C003C002C0DE
:10BE900001124684C004C005C006C0077B0C7A01AD
:10BEA0007904124D93E4FCFDFE7808124671A80453
:10BEB000A905AA06AB07D007D006D005D004EF4BE2
:10BEC000FFEE4AFEED49FDEC48FCD001D002D00364
:10BED0001246A4900A21E0FBA3E0FAA3E0F9C00314
:10BEE000C002C001124684C004C005C006C0077B62
:10BEF000007A4679EC124D93E4FCFDFE7810124670
:10BF000071A804A905AA06AB07D007D006D005D0B2
:10BF100004EF4BFFEE4AFEED49FDEC48FCD001D0AA
:10BF200002D0031246A4900A21E0FBA3E0FAA3E0AA
:10BF3000F9C003C002C001124684C004C005C00697
:10BF4000C0077B0C7A017902124D93E4FCFDFE7868
:10BF500018124671A804A905AA06AB07D007D00697
:10BF6000D005D004EF4BFFEE4AFEED49FDEC48FC56
:10BF7000D001D002D0031246A47B0C7A01790112C1
:10BF80004D93E4FCFDFE900A21E0FBA3E0FAA3E060
:10BF90002404F9E43AFA1246A4900A21E0FBA3E053
:10BFA000FAA3E02404F9E43AFAC003C002C0011283
:10BFB0004684C004C005C006C0077B0C7A01790026
:10BFC000124D93E4FCFDFE7808124671A804A90501
:10BFD000AA06AB07D007D006D005D004EF4BFFEE82
:10BFE0004AFEED49FDEC48FCD001D002D0031246D8
:10BFF000A4900A21E0FBA3E0FAA3E02404F9E43AC8
:10C00000FAC003C002C001124684C004C005C006C5
:10C01000C0077B0C7A017905124D93E4FCFDFE7894
:10C0200010124671A804A905AA06AB07D007D006CE
:10C03000D005D004EF4BFFEE4AFEED49FDEC48FC85
:10C04000D001D002D0031246A4900A21E0FBA3E065
:10C05000FAA3E02404F9E43AFAC003C002C00112D2
:10C060004684C004C005C006C0077B0C7A0179066F
:10C07000124D93E4FCFDFE7818124671A804A90540
:10C08000AA06AB07D007D006D005D004EF4BFFEED1
:10C090004AFEED49FDEC48FCD001D002D003024637
:10C0A000A4904F00E05401F0904F02E054FCF09057
:10C0B0004F00E04404F0904F0BE054CFF0E04430E8
:10C0C000F0E054F0F0E0440FF0904F01E04401F054
:10C0D0007F317E0031087F317E0031157F08904F1F
:10C0E00003EFF022900CFAE0700811A1900CFA74A2
:10C0F00001F09043A3E04401F09043B3E04401F029
:10C10000904F00E04401F0227B027A4F7904AD07A2
:10C11000AC06024D867B027A4F7906AD07AC06026B
:10C120004D86900A35EEF0A3EFF03141900A35E0EC
:10C13000FEA3E0FF31527F0631489044C07401F005
:10C14000229044C87401F022EFC43354E09044803C
:10C15000F0227B027A447900AD07AC06024D8632AC
:10C16000C0E0C083C082C085C084C086758600C020
:10C1700093759300C0D075D000C00790600B740217
:10C18000F090601EE0FF90094BE0540364016007EB
:10C1900090094EE06480F090094C7401F0D007D013
:10C1A000D0D093D086D084D085D082D083D0E032D6
:10C1B000C0E0C083C082C085C084C086758600C0D0
:10C1C00093759300C0D075D000C00790600B7404C5
:10C1D000F090602EE0FF900956E054036401600780
:10C1E000900959E06480F09009577401F0D007D0AD
:10C1F000D0D093D086D084D085D082D083D0E03286
:10C2000032C0E0C0F0C083C082C085C084C08675E3
:10C210008600C093759300C0D075D000C000C001E7
:10C22000C002C003C004C005C006C007900A647401
:10C2300001F090609FE0900A62F0900A62E0FF7067
:10C24000026120540170026110900A64E0FF75F0F1
:10C2500010A42471F582E5F03460F583E0FE75F0FA
:10C2600010EFA42472F582E5F03460F583E05E906F
:10C270000A63F0E020E00241F9A3E0FF75F00BA4AF
:10C280002439F582E43409F583E05480606B900A28
:10C2900064E0FE75F010A42470F582E5F03460F5DA
:10C2A00083E054FEF0EE25E024F4F582E4340AF550
:10C2B00083E0FCA3E0D39420EC94004007E4FD125B
:10C2C000AE648010900A64E02419F582E4340BF522
:10C2D000837401F0900A64E0FF75F00BA4243AF532
:10C2E00082E43409F583E0FE75F010EFA424FEF536
:10C2F00082E5F0345FF583EEF0900A63E0FFA3E09F
:10C3000075F010A42472F582E5F03460F583EFF047
:10C31000900A64E004F0900A62E0FFC313F0413A2F
:10C32000D007D006D005D004D003D002D001D00071
:10C33000D0D0D093D086D084D085D082D083D0F096
:10C34000D0E032C0E0C0F0C083C082C085C084C0ED
:10C3500086758600C093759300C0D075D000C0006C
:10C36000C001C002C003C004C005C006C007900AD7
:10C370006A7401F0915AEF547F900A69F09160EF6E
:10C380005403900A68F0900A68E070028137900ABE
:10C3900069E0FF7002811B54016070A3E0FF75F03B
:10C3A00010A42472F582E5F03460F583E0FE5401B8
:10C3B000705974192FF582E4340BF583E0704C90BA
:10C3C0000A6AE075F010A42475F582E5F03460F592
:10C3D00083E4F0EFC43354E024FEFE900A6AE0FFE9
:10C3E00075F010A42474F582E5F03460F583EEF066
:10C3F0007D0112AE64900A6AE075F010A42470F515
:10C4000082E5F03460F583E04401F0900A6AE004CC
:10C41000F0900A69E0FFC313F0618E900A68E0FFB4
:10C42000C313F070026186900A6A7408F0900A687B
:10C43000E05401A3F06186D007D006D005D004D027
:10C4400003D002D001D000D0D0D093D086D084D0F9
:10C4500085D082D083D0F0D0E032906565E0FF22B5
:10C4600090656AE0FF22C0E0C0F0C083C082C08552
:10C47000C084C086758600C093759300C0D075D007
:10C4800000C000C001C002C003C004C005C006C097
:10C490000791B6D007D006D005D004D003D002D083
:10C4A00001D000D0D0D093D086D084D085D082D097
:10C4B00083D0F0D0E03290458FE054407E00780683
:10C4C000CEC313CE13D8F9FF22900A14EBF0A3EADF
:10C4D000F0A3E9F0E4900A18F0900A14E0FBA3E05E
:10C4E000FAA3E04A4B7002A1C6900A14E0A3E0A3AD
:10C4F000E0F97422124490900A14E0FBA3E0FAA33E
:10C50000E02401F9E43AFA74031244907B017A0AB8
:10C51000791912BE5A900A177402F0900A17E0FFB8
:10C52000C394224002A1C6A3E02419F582E4340A90
:10C53000F583E0FEC4540F905AA293FE900A14E0D3
:10C54000FBA3E0FAA3E02FF9E43AFAEE1244907E5E
:10C5500000EF2401FDEE33FC900A14E0FBA3E0FAA7
:10C56000A3E02DF9EA3CFAE4124490900A18E02482
:10C5700019F582E4340AF583E0540F905AA293FD32
:10C58000EF2402FFEE33FE900A14E0FBA3E0FAA3CF
:10C59000E02FF9EA3EFAED124490900A17E02403E6
:10C5A000FFE433FE900A14E0FBA3E0FAA3E02FF9C6
:10C5B000EA3EFAE4124490900A18E004F0900A1758
:10C5C000E02404F0A11B22E4FF7E01EEC3940940A5
:10C5D00002C16875F010EEA42470F582E5F03460B5
:10C5E000F583740CF075F010EEA42471F582E5F07B
:10C5F0003460F583741DF0EE75F00BA4243AF582D7
:10C60000E43409F583E0604BEE75F00BA42439F5B2
:10C6100082E43409F583E05480601475F010EEA4D0
:10C6200024FEF582E5F0345FF583740CF0803675F6
:10C63000F010EEA424FEF582E5F0345FF583740873
:10C64000F0EE14FD7401A805088002C333D8FC4F36
:10C65000FF801275F010EEA424FEF582E5F0345F41
:10C66000F5837480F00EA1CB90608C7455F09060CF
:10C67000BC7420F0A3E4F090608E7406F0A3EFF099
:10C6800090609CE04480F0E0547FF090600A74FF7A
:10C69000F022E4900A14F0900A14E0FEC3940950CA
:10C6A0007AEE75F00BA42435F582E43409F583E4C1
:10C6B000F0EE75F00BA42437F582E43409F583E439
:10C6C000F0EE75F00BA42438F582E43409F583E428
:10C6D000F0EE75F00BA4243DF582E43409F583E413
:10C6E000F0A3F0EE75F00BA4243FF582E43409F5D5
:10C6F00083E4F0EE75F00BA42436F582E43409F5FA
:10C7000083E4F0EE75F00BA4243AF582E43409F5E5
:10C7100083E4F0900A14E004F0C197EF602FE490F6
:10C720000A15F0900A15E0FFC39404502074122FEC
:10C73000F582E43409F583E4F074232FF582E434C0
:10C7400009F583E4F0900A15E004F080D6900930F2
:10C75000E0D39400500302C9D3E014FF12B6BE9098
:10C760000A16EEF0A3EFF0900A16E0FCA3E0FDF548
:10C77000828C83A3E493FB740193FA740293F924EB
:10C7800007F9E43AFA1244775440600990092FE01F
:10C790004401F0800790092FE054FEF0ED2404FFDF
:10C7A000E43CFE900A16F0A3EFF0F5828E83E4934A
:10C7B000900A14F0A37401F0900A15E0C3940940A4
:10C7C0000302C960A3E0FEA3E0F5828E83A3E49395
:10C7D000740193FA740293FF900A18EAF0A3EFF041
:10C7E000E4FF900A14E0FEEFC39E400302C9579095
:10C7F0000A18E0FCA3E0F5828C83740293547FFD59
:10C80000900A15E0FE6D7001E460022145900A185F
:10C81000E0A3E0F5828C83740493FC740593FDEE31
:10C8200075F00BA4243DF582E43409F583E0FAA306
:10C83000E0C39DEA9C5029900A18E0FCA3E0F58231
:10C840008C83740493FC740593FD900A15E075F0D5
:10C850000BA4243DF582E43409F583ECF0A3EDF05C
:10C86000900A18E0FCA3E0FDF5828C83E493241287
:10C87000F582E43409F583E0FE8D828C83740193A4
:10C88000FDEE6D60022145900A18E0A3E0FDF582FF
:10C890008C83740293FE900A15E0FB75F00BA424C0
:10C8A00039F582E43409F583EEF08D828C837403CC
:10C8B00093FEEB75F00BA42435F582E43409F5837F
:10C8C000EEF0900A18E0FCA3E0F5828C83740393E9
:10C8D0005403FE900A18E0A3E0F5828C837402935F
:10C8E00054806031EEB401047D0780027D0D900A12
:10C8F00015E0FC75F00BA4243AF582E43409F583C5
:10C90000EDF0EC75F00BA42436F582E43409F583E0
:10C910007401F08042EEB401047E0580027E09902D
:10C920000A15E0FD75F00BA4243AF582E43409F50C
:10C9300083EEF0ED75F00BA42436F582E43409F5AE
:10C9400083E4F08012900A19E02407F0900A18E0BE
:10C950003400F00F02C7E2900A15E004F002C7B8F5
:10C96000900A16E0FEA3E0F5828E83A3E49374019F
:10C9700093FA740293FF900A18EAF0A3EFF0E490A0
:10C980000A15F0900A14E0FFA3E0C39F5038900A04
:10C9900018E0FEA3E0F5828E83E493FD74029354C5
:10C9A0007F75F00BA4243FF582E43409F583EDF0A4
:10C9B000900A19E02407F0900A18E03400F0900A79
:10C9C00015E004F080BD31D4900920EEF0A3EFF023
:10C9D00012C5C722900930E014FF12B6BEAD07ACF5
:10C9E00006ED4C60488D828C83A3E493FB74019325
:10C9F000FA7402932404F9E43AFA1244772402FF09
:10CA0000E433FEEF7802C333CE33CED8F92DFDEEFA
:10CA10003CFCAF058D82F583A3E493740193FA7413
:10CA20000293FF900A1AEAF0A3EFF08007E4900A5D
:10CA30001AF0A3F0900A1AE0FEA3E0FF22E4900AA5
:10CA400014F0906004E0547FFFD39400407AEF9498
:10CA5000095075EF75F00BA42437F582E43409F51D
:10CA600083E04401F0EF75F00BA42438F582E43440
:10CA700009F583E4F0EF75F00BA42436F582E43475
:10CA800009F583E04402F0EF75F00BA42439F58238
:10CA9000E43409F583E05480601475F010EFA424A9
:10CAA000FEF582E5F0345FF583748DF0801275F049
:10CAB00010EFA424FEF582E5F0345FF5837489F06D
:10CAC00012B617900A14EFF0900A14E0FF22E490D7
:10CAD0000A14F0906004E0547FFFD3940050026188
:10CAE000BCEF9409400261BCEF75F00BA42437F54C
:10CAF00082E43409F583E054FEF0EF75F00BA424D2
:10CB000038F582E43409F583E4F075F010EFA424DD
:10CB1000FCF582E5F0345FF583E0547FF0EF75F0CB
:10CB20000BA42436F582E43409F583E054FDF0EFDC
:10CB300075F00BA42439F582E43409F583E05480C0
:10CB4000603AEF75F00BA42436F582E43409F583DE
:10CB5000E0B4011475F010EFA424FEF582E5F03482
:10CB60005FF583740CF0804C75F010EFA424FEF593
:10CB700082E5F0345FF583740DF08038EF75F00BCB
:10CB8000A42436F582E43409F583E0B4011475F089
:10CB900010EFA424FEF582E5F0345FF5837408F00D
:10CBA000801275F010EFA424FEF582E5F0345FF5F5
:10CBB000837409F012B617900A14EFF0900A14E08B
:10CBC000FF22C0E0C0F0C083C082C085C084C086A0
:10CBD000758600C093759300C0D075D000C000C0AA
:10CBE00001C002C003C004C005C006C0079049D7F9
:10CBF000E0900A6EF0900CEDE054407002C1469057
:10CC00000A6EE0FF54017002C116900CEDE024BAE8
:10CC10007002A10324FD600B147002A1AE24056014
:10CC200002C111EF54DF900A6EF0540AFD7C0064DB
:10CC3000087076900CEDE064457061900CC9E0D30B
:10CC400094004026900CC2E0FBA3E0FAA3E0F912A6
:10CC500044779049D8F09049D77404F0900CC6748A
:10CC600001F0900CED7446F0C116900CC7E0540230
:10CC70006015900CCAE0440AF0900CED7460F090DE
:10CC800044C97480F0C1169049D6E04410F0904930
:10CC9000D97410F09049D77404F0C1169049D7E4C4
:10CCA000F0900CED744AF0C116ED640A4C704D9092
:10CCB0000CCAE044A0F0900CC7E054026029900C2C
:10CCC000CAE0FF900CEDE0540860047E0180027E13
:10CCD00002EE44084F900CCAF0900CED7460F09096
:10CCE00044C97480F0C1169049D6E04410F09049D0
:10CCF000D97410F09049D77404F0C1167F0012ADBA
:10CD000022C116900A6EE05402706A900CC9E0FFCE
:10CD1000900CC6E0C39F502B900CC2E0FBA3E0FA3E
:10CD2000A3E0F9900CC6E0FFE92FF9E43AFA1244C7
:10CD3000779049D8F09049D77404F0900CC6E0047D
:10CD4000F0C116900CC7E054026015900CCAE04484
:10CD50000AF0900CED7460F09044C97480F0C11634
:10CD60009049D6E04410F09049D97410F09049D71A
:10CD70007404F0C116900CC7E054026015900CCA00
:10CD8000E0449AF0900CED7460F09044C97480F027
:10CD9000C1169049D6E04410F09049D97410F09033
:10CDA00049D77404F0900CCAE04490F08068904930
:10CDB000D8E0FF900CCBE0FBA3E0FAA3E0F9900CE5
:10CDC000C5E0FEE92EF9E43AFAEF124490900CC562
:10CDD000E004F0900CC8E0FF900CC5E0C39F500841
:10CDE0009049D77410F0802E900CC7E05402601563
:10CDF000900CCAE04409F0900CED7460F09044C9C6
:10CE00007480F080119049D6E04410F0A3E4F080E3
:10CE1000057F0012AD22900A6EE054206036900C1F
:10CE2000CAE0FF900CEDE0540860047E0180027EB1
:10CE300002EF4E900CCAF09049D6E054EFF0900CFF
:10CE4000ED7410F0800E900CEDE054107006900C14
:10CE5000ED7410F0D007D006D005D004D003D00276
:10CE6000D001D000D0D0D093D086D084D085D082CD
:10CE7000D083D0F0D0E03232900A39EBF0A3EAF060
:10CE8000A3E9F0A3EDF0E4A3F0900A3CE0FFA3E0F7
:10CE9000C39F503E904722E054016003D38001C3FA
:10CEA00040097F017E00124C7880E9904720E0FF26
:10CEB000900A39E0FBA3E0FAA3E0F9900A3DE0FE16
:10CEC000E92EF9E43AFAEF124490900A3DE004F0BA
:10CED00080B7900A3DE0FF22900A3EEBF0A3EAF013
:10CEE000A3E9F0900A437407F0904722E0540260EF
:10CEF0004E90472074B6F074D5F07402F09047223B
:10CF0000E054027032904720EFF0E4FFFED3900A25
:10CF100042E09F900A41E09E402B900A3EE0FBA336
:10CF2000E0FAA3E02FF9EA3EFA124477904720F0A6
:10CF30000FEF70010E80D6900A437409F0800690BE
:10CF40000A437404F0900A43E0FF22E4900A16F0CA
:10CF5000906000E0FE5403900A17F0906003E090A8
:10CF60000A18F0906004E0547F900A19F0EE5480A3
:10CF7000700302D0EA900A17E064027048906001E2
:10CF8000E0247F600302D1A0900A18E064016003EE
:10CF900002D1A0900916F0A37403F0900A19E0756D
:10CFA000F003A424F6F9740B35F0FA900918740113
:10CFB000F0A3EAF0A3E9F0129E69900A16EFF002DE
:10CFC000D1A002D1A0900A17E06401600302D1A0B1
:10CFD000906001E0247E607214700302D0791470B6
:10CFE0000302D0A82485700302D0D7247E600302F8
:10CFF000D1A0900A18E0B40122900916E4F0A3042D
:10D00000F07A0B79F5900918F0A3740BF0A374F57E
:10D01000F0129E69900A16EFF021A0900A18E064C1
:10D0200002600221A0900916F0A37402F07B017A3D
:10D030000C791790091814F0A3740CF0A37417F06E
:10D04000129E69900A16EFF021A0900A18E064027F
:10D05000600221A0900916F0A37402F07B017A0C03
:10D06000791390091814F0A3740CF0A37413F01240
:10D070009E69900A16EFF021A0900A18E064026001
:10D080000221A0900916F0A37402F07B017A0C79BA
:10D090001590091814F0A3740CF0A37415F0129EE7
:10D0A00069900A16EFF021A0900A18E0640260026D
:10D0B00021A0900916F0A37402F07B017A0C79117B
:10D0C00090091814F0A3740CF0A37411F0129E6967
:10D0D000900A16EFF021A0E4900916F0A3F0129E3A
:10D0E00033900A16EFF021A021A0900A17E0640205
:10D0F000704B906001E014600221A0900A18E06477
:10D1000001600221A0900916F0A37403F0900A199F
:10D11000E075F003A424F6F9740B35F0FA900918C1
:10D120007401F0A3EAF0A3E9F0900A19E0900C1959
:10D13000F0129E33900A16EFF080658063900A1714
:10D14000E06401705B906001E0147054900A18E094
:10D15000B40122900916E4F0A304F07A0B79F5905B
:10D160000918F0A3740BF0A374F5F0129E33900A23
:10D1700016EFF0802B900A18E0B40224900916E410
:10D18000F0A37402F07B017A0C791790091814F05F
:10D19000A3740CF0A37417F0129E33900A16EFF0EC
:06D1A000900A16E0FF22D8
:00000001FF
