:400000000204AE008F828E83E0540100000070F82278FFE4F6D8FD020513BB010689828A83E0225002E722BBFE02E32289828A83E49322BB010689828A83F0225002F722EC
:40004000BBFE01F322C5F0F8A3E028F0C5F0F8E582158270021583E038F022BB010A89828A83E0F5F0A3E022500687F009E71922BBFE07E3F5F009E3192289828A83E4930C
:40008000F5F074019322BB010A89828A83F0E5F0A3F0225006F709A7F01922BBFE06F3E5F009F31922EF2BFFEE3AFEED39FDEC38FC22C3EF9BFFEE9AFEED99FDEC98FC2258
:4000C000E88FF0A4CC8BF0A42CFCE98EF0A42CFC8AF0EDA42CFCEA8EF0A4CDA8F08BF0A42DCC3825F0FDE98FF0A42CCD35F0FCEB8EF0A4FEA9F0EB8FF0A4CFC5F02ECD3919
:40010000FEE43CFCEAA42DCE35F0FDE43CFC2275F008758200EF2FFFEE33FECD33CDCC33CCC58233C5829BED9AEC99E58298400CF582EE9BFEED9AFDEC99FC0FD5F0D6E440
:40014000CEFBE4CDFAE4CCF9A88222B800C1B90059BA002DEC8BF084CFCECDFCE5F0CBF97818EF2FFFEE33FEED33FDEC33FCEB33FB10D703994004EB99FB0FD8E5E4F9FAB4
:40018000227818EF2FFFEE33FEED33FDEC33FCC933C910D7059BE99A4007EC9BFCE99AF90FD8E0E4C9FAE4CCFB2275F010EF2FFFEE33FEED33FDCC33CCC833C810D7079BE4
:4001C000EC9AE899400AED9BFDEC9AFCE899F80FD5F0DAE4CDFBE4CCFAE4C8F922EF4BFFEE4AFEED49FDEC48FC22C3E49FFFE49EFEE49DFDE49CFC22EB9FF5F0EA9E42F065
:40020000E99D42F0E89C45F022E8600FECC313FCED13FDEE13FEEF13FFD8F122E8600FEFC333FFEE33FEED33FDEC33FCD8F122BB010789828A830202695005E9F802046CC1
:40024000BBFE05E9F802047889828A83020275BB010789828A830202915005E9F8020484BBFE05E9F802049022E0FCA3E0FDA3E0FEA3E0FF22E493FC740193FD740293FE49
:40028000740393FF22E0F8A3E0F9A3E0FAA3E0FB22ECF0A3EDF0A3EEF0A3EFF022A42582F582E5F03583F58322E0FBA3E0FAA3E0F922EBF0A3EAF0A3E9F022E493FB740165
:4002C00093FA740293F922BB010789828A830202A95005E9F802049CBBFE05E9F80204A589828A830202BBD083D082F8E4937012740193700DA3A393F8740193F582888356
:40030000E4737402936860EFA3A3A380DFE5092582F582E5083583F583B508048582092210AF06858209F50822858209F508D2AF22EC8EF0A4CCC5F0CCCDF8EFA4CEC5F068
:400340002DFDE43CFCE8A42EC8C5F03DFDE43CFCEFA4FFE5F028FEE43DFDE43CFC22EF4E6012EF60010EEDBB010B89828A83F0A3DFFCDEFA2289F05007F709DFFCA9F0221A
:40038000BBFEFCF309DFFCA9F022E709F608DFFA8046E709F208DFFA803E88828C83E709F0A3DFFA8032E309F608DFFA806EE309F208DFFA806688828C83E309F0A3DFFAFA
:4003C000805A89828A83E0A3F608DFFA804E89828A83E0A3F208DFFA804280D280FA80C680D4805580F28029801080A680EA809A80A880DA80E280CA802988848C85898224
:400400008A83E493A30586F0A30586DFF5DEF3800B89828A83E493A3F608DFF9ECFAA9F0EDFB2288848C8589828A83E0A30586F0A30586DFF6DEF480E389828A83E493A38E
:40044000F208DFF980D688F0EF60010E4E60CD88F0ED2402B4040050C3F582EB2402B4040050B923234582239003DA73E6FC08E6FD08E6FE08E6FF22E2FC08E2FD08E2FEDF
:4004800008E2FF22ECF608EDF608EEF608EFF622ECF208EDF208EEF208EFF222E6FB08E6FA08E6F922E2FB08E2FA08E2F92275930078007583467582E8E04401F000904691
:4004C000ECE0F99046FAE0FA9003E0F0B903225420B40012B8001AEA901FFFF07401901FFEF09046F6F0901FFEE06005901FFFE0FA90480074C0F07581591218019000006A
:4005000078007920E4F0A3D8FCD9FAEA9003E0F002001175081F7509FD1225A112148C02055D020B10E493A3F8E493A34003F68001F208DFF48029E493A3F85407240CC849
:40054000C333C4540F4420C8834004F456800146F6DFE4800B01020408102040809005A2E47E019360BCA3FF543F30E509541FFEE493A360010ECF54C025E060A840B8E4B5
:4005800093A3FAE493A3F8E493A3C8C582C8CAC583CAF0A3C8C582C8CAC583CADFE9DEE780BE4103E5004103E6004203F209D04203F409D14103FD004403DC016E36004458
:4005C00003D700005DC04103DB184403E12EE000004103FE004303ED0000004103FF004104000000EC4D6011ED60010C8B938A838982E4F0A3DDFCDCFA759300220221CF1E
:40060000EC4D4E700D78FCEF24E950032840FD2200007BF178DA0000EF28FF78FFEE38FEED38FDEC38FC50E7EF2BFFEE38FEED38FDEC38FC40F22205020304758600EF4E6B
:400640006027EF60010E759300900005E0F595A3E0F585A3E0F5848B938A838982E0A30586F0A31586DFF6DEF4E4F593F59522ACEAADA08E838F82E493F9601CA3E493F564
:40068000EAA3E493F5A0A3E49360F1FAA3E493F8A3E493F2DAF6D9E48DA08CEA22323200EEFA9003DBE0F88FF0A4FFAEF0E88AF0A42EFEE5F03400FDEF24C9FF78FFEE38CA
:4006C000FEED38FDE438FC500302060022758600EF4E601BEF60010E8C838D828B958A858984E493A30586F0A31586DFF5DEF3E4F59522EF54016004D2AF8002C2AFEF5473
:4007000002FF9044F4E054FD4FF0229044F4E0F84402F0E85402FF10AF012274014FFF228B938A838982E0FFA3E0FE759300228B938A838982EDF0A3ECF075930022900375
:40074000E0E0FA8E838F827400758101738B938A838982E0759300FF228B938A838982EDF0759300221201000200000008B4041DB701300203800109022900010100C002EB
:400780000904000002030000030921110100012224000705010340000107058203400001040309040C03410045003900520042002C034300790070007200650073007300F0
:4007C0002000530065006D00690063006F006E0064007500630074006F0072002203500053006F0043003300200042006F006F0074006C006F006100640065007200000A98
:40080000033000300030003100240005010900A1000900A1000900150025FF7508954091020900150025FF750895408102C0C00000240005010900A1000900A1000900151C
:400840000025FF7508954091020900150025FF750895408102C0C00000004101028E0102D200410102D50102CF00FF085900FF08610000000001FF083101FF078901FF08AD
:400880006900000103004003000082030040030301FF077702FF088101FF087D00FF088F01FF07650000000001FF089001FF08A00001010001000000400000080800080093
:4008C000C000006F0B00400000000040600060000000170045017E02004F010A4B00520509400C20102011207C400064017D01010501EE010109019C80010B039C80AA40FE
:40090000B401010C05B880BE41D804DB04DF01010D0618011A80588068028802D608011701EE0A0119029C80EE0A011B01B080014004320433803640CC700141039608A6B6
:4009400040A78001420A12805B0296089B02A640A780AB02C410D640EE80014303A640A780AE8401450464048804D801E401014603A102B502EC0801470408080F40A1021F
:40098000C20C014803AE40AF80EE50014C070F406102A102AC08AF40C204D802014D02B340EA04015101003A004F00000C005100001000513000400100001000011400086D
:4009C000000140000A00014C0002000150000020C7000040006930091E033C010144E342830143009481424400C0E0C0F0C083C082C085C084C086758600C093759300C05F
:400A0000D075D000C000C001C002C003C004C005C006C0079003E6E014604814607414700241C12403600241E19003EA1202A99003E5E0FF04F0E92FF9E43AFA12001A90EB
:400A400003E7F0E0FE5407A3F0EE70179003E5F09003E97402F09003E8E4F09003E67403F0807E9003E7E0FF30E7089003E97403F080069003E97401F0EF25E09003E7F0C4
:400A8000A3E014F0710AEF54FEFF71049003E67402F09003E9E070219003E67403F09003E8E07006A37402F080059003E9E4F0710AEF4401FF710480089003E9E014F08099
:400AC000209003E9E070149003E8E070069003E6F0800E9003E67401F080069003E9E014F0D007D006D005D004D003D002D001D000D0D0D093D086D084D085D082D083D057
:400B0000F0D0E03290647DEFF02290647DE0FF227BFF7A0979DD9003EA1202B29046FAE054C0644060251222C9EF30E01E122316EF600E7BFF7A0979E49003EA1202B2809D
:400B40000AE4FF91CBEF7003FF71E07E097FE971847160D2AF9044F474FDF0914480FE229003FDE0700871A69003FD7401F09043A3E04401F09043B3E04401F0904F00E0CD
:400B80004401F022900000EEF0A3EFF01222E6900000E0FEA3E0FF1222CF7F071222DC9044C07404F022904F00E05401F0904F02E054FCF0904F01E04401F0904F0BE05415
:400BC000CFF0E04430F0E054F0F0E0440FF07FF01223097FF01222EDE4FF904F03EFF0228F21E521B402079046FAE4F0804EAF2191CBEF7042F522E522C394015031AF223E
:400C00007E007C017D00120331C374D09FFF74FF9EFE74109DFDE49CFCE522B521047B0180027B00900004EBF0D152052280C89046FA7480F080059046FAE4F09046F6E0C4
:400C40004401F022752106E4FF91CBEF7002F521E4F54DF54CF54BF54A9003F4E0FEA3E0F5828E831202758F518E508D4F8C4EE4FFFE7D10FC12179C9003F2E0FCA3E0F570
:400C8000828C83E493FEC3EF9EFFF404FFB506129003F4E0FEA3E0F5828E83120275EF4E70057F001223259046FAE054C064406004E52160099046FAE4F0FF121BBBE4FFEE
:400CC000121BBB9046FA7480F0813C8F46AD467F03121822EF2401FFE43EFEE43DFDE43CFCE4FB7A01F9F81200C0C004C005C006C007AD467F04121822D003D002D001D05D
:400D0000001200A58F4E8E4D8D4C8C4BC201E4F54FAD467F03121822EF2401FFE43EFEE43DFDE43CFCE4FB7A01F9F81200C08F4A8E498D488C47AF4EAE4DAD4CAC4BAB4A29
:400D4000AA49A948A847C31201F85032854A82854983E493F5506005F46002D201E550254FF54FAF4AAE49AD48AC47E47B01FAF9F81200A58F4A8E498D488C4780B8AD461A
:400D80007F03121822EF2401FFE43EFEE43DFDE43CFCE4FB7A01F9F81200C078031202098F4A8E498D488C47E47FC07EFFFDFCAB4EAA4DA94CA84BC31201F87007FF7E2098
:400DC000FDFC800DAF4EAE4DAD4CAC4B78031202098F4E8E4D8D4C8C4BAF4EAE4DAD4CAC4BAB4AAA49A948A847C31201F85039E4254AFFE43549FEE5483408FDE43547A95D
:400E000007AA06AB0512074DEF254FF54FAF4AAE49AD48AC47E47B01FAF9F81200A58F4A8E498D488C4780B1E54FF404F54FAD467F01121822A804A905AA06AB07AF4FE40E
:400E4000FCFDFEC31201F870032001037F06227F0022900000120291900000120269E42FFFE43EFEED34F0FDEC34FFFC900005120291E4FBFA7901F8900005120269120187
:400E80004B900109EFF0900005120269EFEEE4FDFCFB7A01F9F812014B90010AEEF0A3EFF0900000120269EFFBE4FAF9F89000001202691200B290010C120291E4FBC3EA7D
:400EC0009401502590010C120269EF2BFFEE3A8F82F583E493FF74092BF58274003AF583EFF00BEB70010A80D5900000120269EFE4FE74092FF582EE3400F583E0FD90009C
:400F000004E0FCED6C601F74092FF582EE3400F583ECF0900109E0FFA3E0FCA3E0FD7B017A007909F12722900110EFF0D3943F40067E007F1080047E017F00900111EEF0BB
:400F4000A3EFF0900111E0FFA3E0900265CFF0A3EFF0900110E0FF900260ECF0A3EDF0A31202B290025FEFF0E4900267F0EFD3943F500E90025FE0940140069002677401D2
:400F8000F090025FE0FFD3947F40069002677401F0EFC39440400CEFD3944140069002677401F0EFD3943F501E900260E0FEA3E0FFE4FCFDFB7A01F9F8C31201F8502F9064
:400FC00002677401F08027D3900261E09480900260E0940040069002677401F0900265E07004A3E0641060069002677401F09002621202A9E94A4B700590026704F090028F
:4010000067E0600201CF3193EF600201C9900260E0FCA3E0FDA31202A9900265E0FFA3E090026ECFF0A3EFF090025FE0FF51B9900267EFF06407600201C5904722E054029C
:4010400070087F01FE1206A080F0904722E054026009E0FF1313543FFF80027FFFEF7006900267F0800690026774FFF0900267E0705390025FE0FFA3E0FCA3E0FD9003F005
:40108000E0FBA3E090026CF0510F900267EFF064077032904722E0540270087F01FE1206A080F0904722E054026009E0FF1313543FFF80027FFFEF7006900267F0800690BF
:4010C000026774FFF011D580069002677404F0900267E0FF2212070BE4900400F00206F331B23193EF703931C6900260EFF06407702A904722E0540270087F01FE1206A0ED
:4011000080F0904722E054026009E0FF1313543FFF80027FFFEF7004900260F011D580069002607404F0900260E0FF2211E090025FEFF07007314290025FEFF090025FE0C6
:40114000FF2231B290026074FFF03193EF70387F0131E1EF6407702B7B017A0379F07D025163EFB40215E4900260F0904722E0540270107F01FE1206A080F0904722E0549D
:401180000260D511D580069002607404F0900260E0FF229002687404F012070B900400E0700704F0E4900268F01206F3900268E0FF2212070B9043A0E04408F09043B0E0F0
:4011C0004408F00206F37F07904722E05402600E90472074B6F074E0F0740DF080027F04227E07904722E05402601F90472074B6F074E1F0740EF0904722E0540270079077
:401200004720EFF080067E0980027E04AF0622900269ECF0A3EDF0AC077D07904722E05402603B90472074B6F074D8F07405F0904722E054027023904720ECF0900269E002
:40124000904720F0900269E0A3E0904720F0EBF090026CE0904720F080067D0980027D04AF05229002611202B2900264EDF0E4A3F0900264E0FFA3E0C39F5037904722E0A0
:4012800054016003D38001C340097F017E001206A080E9904720E0FF9002611202A9900265E029F9E43AFAEF120033900265E004F080BE900265E0FF22900268EFF0A3ECC3
:4012C000F0A3EDF0A31202B29002707407F0904722E05402700261C590472074B6F074D5F07402F0904722E05402600261BD900268E0904720F0E4900271F0A3F090026E57
:40130000E0FEA3E0FF900271E0FCA3E0FDC39FEC9E501F90026B1202A9E92DF9EA3CFA12001A904720F0900271E475F00112004580CB90026EE064017002A3E0600261CBE0
:40134000900268E0FFD3943F400261CB7E007C207D00120331E42FFFE43EFEED3408FDE43CFCC004A905AA06AB07A3E0FEA3E0FF7C007D20120331D0001200A5900273125B
:401380000291E4900271F0A3F0900271E0FEA3E0FFC39420EE94005032E4FCFDA31202851200A5A907AA06AB0512074D904720EFF0900271E475F00112004580CC90027044
:4013C0007409F080069002707404F0900270E0FF227B007A4079807DBF7C5D12072F9040827419F09043007406F07B007A4279127D177C3312072F9042107405F0E0FFE49B
:401400007FC87E32FDFC900000120291900000120269D3EF9400EE94004029904210E054806021E47FE07E01FDFC12060090000012026974FFFBFAF9F81200A59000001290
:40144000029180C89042007452F07B0C7A01790F12074D9046A1EFF07B007A407904E4FDFC12072F9040047407F0904006E4F09040087448F0904004E4F0904009F090403E
:40148000017402F09043A2E04401F0227B007A4679E812074DEF4405FD7B007A4679E8120759E4F523E523C39408502CE52375F005A424A8F582E43409AF82F5218F22F58E
:4014C000831202BB8F82852183740393FC740493FD1205E4052380CD7E087FD212066F7B017A50790312074DEF4402FD7B017A5079031207597B017A50791312074DEF448B
:4015000002FD7B017A5079131207599043A0E04440F09043C2E04410F07C087DB07B007A5179C27F087E001206CD7C087DB87B007A5179F07F0A7E001206CD7C087DC27B3A
:40154000007A5179127F087E001206CD7C087DCA7B007A5179227F087E001206CD9044F47401F0904322E04408F09046ECE0C394055006904689743AF090480074F1F07168
:40158000D190480074B1F0B1AA7B007A4379A0C00179B09000051202B2D0017F0E7E0012063B9043B0E054FDF0227B0C7A0179CF12074DEF540790586EF0EFC4540FA3F09E
:4015C0009058767444F0228B4E8A4F89508C518D5274FFF553F554855157855258E552455170086354FF6353FFC173C3E5589552FFE5579551FEAB4EE5502FF9E54F3EFA70
:4016000012001A755500F556E4FDEDC39408503DE5565401FFE5545401FBE4EB6F6015E553C313FEE55413FFEE6484F553EF6408F554800BE553C313F553E55413F554E570
:4016400055C313F555E55613F5560D80BDE552155270021551E552455170906354FF6353FF855355855456E554FCE555FFECF553EFF554AE53AF54228B478A48894974011D
:40168000120033AB472549F9E43548FAEF120033E54BAB47E5492402F9E43548FAE54B120033E54AFFAB47E5492403F9E43548FAEF120033AB47AA48A949E54B2404FDE4B2
:4016C000354AFCB1C78E4C8F4DEFAB47E54B2404FDE4354AFCE5492DF9E5483CFAEF120033E54CFFAB47E54B2405FDE4354AFCE5492DF9E5483CFAEF120033AB47E54B24B9
:4017000006FFE4354AFEE5492FF9E5483EFA7417120033E54B2407FDE4354AFC75530075540075554A755696AB47AA48A9498C518D52E55675F00AA485F058F5599002630B
:40174000E4F0A37440F07F021228017F02F18BEF7019E55945586013E47F01FEFDFC122339E55915597002155880E07F02F18BEF70057557108011AB53AA54A955E5518598
:4017800052F0120086E4F557AF5722EF75F00BA42431F582E43403F583E0FF228F498E488D478C46E4F552D3E5519400E5509400404CAF51AE50AD4FAC4E74FFFBFAF9F8D6
:4017C0001200A58F518E508D4F8C4EE549254DFFE548354CFEE547354BFDE546354AFCEF2551FFEE3550FEED354FFDEC354EA907AA06AB0512074DEF2552F55280A9AF5225
:40180000229046FAE054C064807016F521F0AD217F021122EF4E6009AD217F02112212073E2290025FEDF0AB079002647402F0E4FFFEFDFCA3120291EB1202E718640118B6
:40184000900218B40318D80418FC0519260619740719500819980919BC0A19E60B1A100C00001A3A90025FE0FF7E007C017D001203311201EAEF24C0FFEE34FFFEED3410D6
:40188000FDE43CFCA31202919002647401F0414590025FE0FF7E007C017D00120331C374C39FFF74FF9EFE74109DFDE49CFCA3120291414590025FE0FF7E007C017D0012EF
:4018C0000331C374C79FFF74FF9EFE74109DFDE49CFCA3120291414590025FE0FF7E007C017D00120331C374CB9FFF74FF9EFE74109DFDE49CFCA3120291414590025FE02B
:40190000FF7E007C017D00120331C374D09FFF74FF9EFE74109DFDE49CFCA31202919002647401F0414590025FE0FF7E007C017D00120331C374D19FFF74FF9EFE74109D0F
:40194000FDE49CFCA31202919002647401F0414590025FE0FF7E007C017D00120331C374D69FFF74FF9EFE74109DFDE49CFCA3120291414590025FE0FF7E007C017D0012BB
:401980000331C374D29FFF74FF9EFE74109DFDE49CFCA3120291414590025FE0FF7E007C017D00120331C374D49FFF74FF9EFE74109DFDE49CFCA3120291414590025FE056
:4019C000FF7E007C017D00120331C374D89FFF74FF9EFE74109DFDE49CFCA31202919002647404F0805F90025FE0FF7E007C017D00120331C374DC9FFF74FF9EFE74109DE0
:401A0000FDE49CFCA31202919002647401F0803590025FE0FF7E007C017D00120331C374E09FFF74FF9EFE74109DFDE49CFCA31202919002647404F0800BE4FFFEFDFC904E
:401A40000260120291900264E0B40119900260120269A907AA06AB0512074DE4FCFDFE900265120291900264E06402705C900260120269EF2401FFE43EFEE43DFDE43CA9CE
:401A800007AA06AB0512074DE4FCFDFE900265120291900265120285C000C001C002C003900260120269A907AA06AB0512074DE4FCFDFE780812021CD003D002D001D00096
:401AC0001201DD900265120291900264E06404600261B5900260120269EF2403FFE43EFEE43DFDE43CA907AA06AB0512074DE4FCFDFE900265120291900265120285C00085
:401B0000C001C002C003900260120269EF2402FFE43EFEE43DFDE43CA907AA06AB0512074DE4FCFDFE780812021CD003D002D001D0001201DD9002651202919002651202A0
:401B400085C000C001C002C003900260120269EF2401FFE43EFEE43DFDE43CA907AA06AB0512074DE4FCFDFE781012021CD003D002D001D0001201DD90026512029190028D
:401B800065120285C000C001C002C003900260120269A907AA06AB0512074DE4FCFDFE781812021CD003D002D001D0001201DD900265120291900265020269900000EFF0FC
:401BC000E4F541F54275430AC200F544F54512112CEF60057F001223251227B5D2AF9044F474FDF0E4F53D754B00754C00754D39900000E0FF70067EFF7FFF80008F4E7B3F
:401C0000017A0079017D2C7C0112239D8F40900000E060021543E5436004E54070C9E54060030221BFC3E53A9407E53994004008900001E064016005753D0481C39000042A
:401C4000E0FE900003E0FDEEF541EDF542E5422407FFE43541FED3EF953AEE95395008EF942CEE94014005753D03805774062542F58274003541F583E0FE74052542F5828E
:401C800074003541F583E0FDEEF53EEDF53F74072542F58274003541F583E064176005753D04801F7B017A007901E5422404FDE43541FC1215C7EF653F7003EE653E6003D9
:401CC000753D08E4F53BF53CE53D60030221AE900005E0F538753D04900002E01202E71CFE311D2B321DB1341F52351F60371FAC381DB1391FEE3A21953B000021AB200079
:401D0000030221AEE542454160030221AEFF120CCBEF70047F0180027F00900005EFF0753B00753C01E4F53D0221AE2000030221AEE5426401454160030221AEE538C394B7
:401D40000140030221AE9003F4E0FEA3E0F5828E83120275E4FBFA7901F812014B8F24E538B5241E9003F4E0FEA3E0F5828E83120275E4FB7A01F9F812014B7522008F23FA
:401D80008014E538D395244007E4F522F5238006752201752300E523900005F0E522A3F0A374FFF0E4A3F0F53B753C04F53D0221AE900002E06434703C2000030221AEE5BB
:401DC000426403454160030221AEE538C39440400FE538D3947F50087544007545108006754401754520AE44AF457D007B017A01792D12035E2000030221AEC3E54294039D
:401E0000E541940050030221AEE54224FDFFE54134FFFE742D2545F974013544A801FC7D017B017A007908120446E54224FDFFE54134FFFEEF2545F545EE3544F544E53850
:401E4000C39440401BE538D3947F5014122236754100754210900259E4F0A37480F0800F7541017542209002597401F0A3E4F0E54565427004E54465416002E147900007C3
:401E8000E0FE900006E0FDEEF544EDF545D390025AE09545900259E0954440047F0080027F0A8F3DE53D60030221AEE538D3943F506FE5387F00FEEF2545FFE5443E900209
:401EC0005BF0A3EFF09003F4E0FEA3E0F5828E83120275E4FB7A01F9F812014B90025DEEF0A3EFF09003F4E0FEA3E0F5828E83120275EFE4EF600A90025DE475F0011200B4
:401F00004590025DE0FEA3E0FFC390025CE09F90025BE09E500B753D0AE4F544F5450221AE7B017A01792D900265E541F0A3E542F0AD45AC44AF38120F57EF60047F0A8032
:401F4000027F008F3D8003753D03E4F544F5450221AE2000030221AEE4F544F5450221BF2000030221AEE5452542FFE5443541FED3EF942CEE9401502DE4F53DAE41AF42EE
:401F8000742D2545F974013544A801FC7D017B017A007905120446E5422545F545E5413544F5440221AE753D030221AEE5424541703678257C00FD7BFF7A0979D5FE7F0809
:401FC000120446D200753B00753C08E4F544F545AE3BAF3C78057C007D01FB7A007925120446E4F53D0221AE753D040221AE2000030221AEE5426403454160030221AE90FF
:402000000007E0FE900006E0FDEEF52FEDF530E538C394404057E538D3947F50505136AE2FAF307C007D101203318F368E358D348C33C3E5309480E52F940050047F0080B5
:40204000027F0A8F3DE53D600221AE85364D85354C85344B85334AE4755110F550F54FF54EFF7E80FDFC12179C8F378069AE2FAF307C017D00120331C004C005C006C007A0
:40208000AF38E4FCFDFEFBFA7901F81200C0D003D002D001D0001200A58F368E358D348C33C3E52F940150047F0080027F0A8F3DE53D600221AE85364D85354C85344B8520
:4020C000334AE4F551755001F54FF54EFFFE7D10FC12179C8F37E538D3943F5072AF387E007C207D00120331E42FFFE43EFEED3408FDE43CFCC004A905AA06AB07AE2FAFBE
:40210000307C007D20120331D0001200A58F368E358D348C33E4F52DF52EC3E52E9420E52D9400502AE4E52E2536FFE52D3535FEE43534FDE43533A907AA06AB0512074DD7
:40214000EF2537F537052EE52E7002052D80CB852F31853032E538702AAE31AF32FCFD7BFFFAF9F8C31201F87019FD7F05121822C3E5379FF537E4FD7F06121822C3E537B3
:402180009FF537E537F404900005F0E4F53DF53B753C018019E4FF120CCBEF70069046FA7480F01205FD120C3C8003753D057B017A007901853B4A853C4BAF3D12167890FB
:4021C0000000E07003021BE4300003021BE42212070B906008E0547FF0906012E054FBF09043A5E054FEF09043B5E054FEF09051F8E04480F0E04440F01206F39044CA7433
:4022000080F0A37401F09044CA7420F09044C87401F004F051669044D97410F0E4900323F090032BF090031FF0900325F090032AF09003FFF02212070B9043A0E04408F0B1
:402240009043B0E04408F090470174C8F09043ACE04410F09043BCE04410F0904700E0542060F80206F390458FE054407E007806CEC313CE13D8F9FF22C0E0C0F0C083C049
:4022800082C085C084C086758600C093759300C0D075D000C000C001C002C003C004C005C006C0075166D007D006D005D004D003D002D001D000D0D0D093D086D084D08531
:4022C000D082D083D0F0D0E03290646DE0FF227B027A447904AD07AC06020731EFC43354E0904482F0229044C87404F0229043A3E04401F07B027A4F7906EFFD7C00120764
:40230000319043A3E054FEF0227B027A4F7904EFFD7C00020731904210E0548060047F0180027F002290FFFF12030DEFF09046EA7401F090000102030D90FFFC12030D129A
:402340000291850883850982120269D3EF9400EE9480402E9003E1120269120600850883850982C083C082120269E42FFFEE3480FEED34FFFDEC34FFFCD082D08312029108
:4023800080C09003D71202698508838509821202851200C012060090000402030D8B468A4789488C498D4AE54E75F00AA485F050F551D3E54A9440E54994004006754900A1
:4023C000754A409003FEE0602D916FEF7018E55145506012E47F01FEFDFC7139E55115517002155080E3916FEF601791AF9175E49003FEF0800C91AFEF6007916FEF6002CD
:402400009175E54E75F00AA485F050F5517F0112178BEF64016018E55145506012E47F01FEFDFC7139E55115517002155080DE7F0112178BEFB40125AB46AA47A9489002D0
:4024400063E549F0A3E54AF07F0191BCAB4BAA4CA94DEE8FF0120086E4F54F800FAB4BAA4CA94DE4F5F0120086754F10AF4F2290032BE0FF227F01EFD394004031EF9409E5
:40248000502CEF75F00BA42431F582E43403F583E4F0EF75F00BA42435F582E43403F583E0FE75F010EF905FFE12029DEEF022E4FF900323E06004E0FFE4F02290025FEF92
:4024C000F0A31202B29002601202A9E94A4B7002A15690025FE0FFD39400407AEF94095075B166D3900264E09F900263E09E400990025FE0FFB1668008900263E0FEA3E0CB
:40250000FF900263EEF0A3EFF0E4A3F0A3F0900263E0FEA3E0FFA3E0FCA3E0FDC39FEC9E502B90025FE075F01090607812029DE0FF9002601202A9E92DF9EA3CFAEF120065
:4025400033900265E475F00112004580C190025FE0FF91778007E4900263F0A3F0900263E0FEA3E0FF22E4FDFCEFD39400402AEF9409502575F010EF905FFC12029DE0544B
:402580000FFD75F010EF905FFD12029DE0FBEDFCEBFD24FEFD74FF3CFCAE04AF052280FE32E4900000F0900000E0FFD3941F5020EF75F002A42400FFE5F03444FAA9077B08
:4025C000017C257D9E120731900000E004F080D622900263ECF0A3EDF0900262EFF0541F25E0FFE433FEE42FFFEE3444FAA9077B01120722900265EEF0A3EFF0900262E044
:4026000075F002A42400FFE5F03444FAA9077B01A3E0FEA3E0FFFDAC06120731900265E0FEA3E0FF2212070B900261EFF09043A5E04401F09043B5E04401F090609D740162
:40264000F090600904F0906010E0547FF0E4FFFE1206A0904394E054F9F0906012E054DFF0904394E04401F07F017E001206A07F287E001206A09051F8E0547FF0E054BF3A
:40268000F0904394E04402F07F027E001206A0904394E04404F0906084E4F0A3F0900261E0FF1206F37D077F17D1F97C377DAC7F17B1D17D077F18D1F97C297D277F18B171
:4026C000D17D077F15D1F97C067D9E7F15B1D17D07E4FFD1F97C377D0CE4FFB1D17D077F01D1F97C377D5C7F01B1D17D077F0CD1F97C227D797F0CA1D1AC07ED540775F07C
:4027000020A4FFEC541F2480F582E43444F583EFF02290025FEFF0A3EDF09003FFE07008D1259003FF7401F090025FE0FFA3E0FDE4FE7E019003F87401F0A3DEFC7E019033
:402740000329EFF0E4900328F0900323F090032BF090031FF0900325F090032AF0900320F09044C27480F0A37401F09044C27420F09044C07401F004F0ED14600C04701255
:40278000906009E054FEF08010906009E04401F08007906009E04401F09060287403F09060087480F0E47F01FEFDFC1206009060127404F022D2AF9044F474FDF07D02E464
:4027C000FFF1129003FE7401F022E4FF7F019003F87401F0A3DFFCE4900328F0900323F090032BF090031FF0900325F090032AF0900320F09060287403F09060087480F016
:40280000229002601202B290025FEFF0D3940050022126E0FF940940022126EF75F00BA42436F582E43403F583E0FEA3E0FFC3E49FFF74029EFED3900264E09F900263E0AE
:402840009E402490025FE075F00BA42436F582E43403F583E0FEA3E0FFC3E49F900264F074029E900263F0900263E0FCA3E0FDECFF90025FE0FE75F00BA42433F582E43483
:4028800003F583E04FFF75F010EE905FFC12029DEFF0ED90025FE075F010905FFD12029DEDF09002601202A9E94A4B6046E4900265F0A3F0900263E0FEA3E0FFA3E0FCA33C
:4028C000E0FDC39FEC9E502B9002601202A9E92DF9EA3CFA12001AFF90025FE075F01090607812029DEFF0900265E475F00112004580C190025FE0FF75F00BA42431F582C4
:40290000E43403F583E4F0EF75F00BA42435F582E43403F583E0FF90025FE075F010905FFE12029DEFF022C0E0C0F0C083C082C085C084C086758600C093759300C0D07507
:40294000D000C000C001C002C003C004C005C006C007906028E0900277F0E0FF541070024106A37401F0EF54806020900277E0540F64016005A3E4F0802FD1E490032CE0A3
:4029800054806025900278E4F0801E900277E05440600451298012900277E0542060051230108005900278E4F0900278E06057906028E0900277F0E05480704A90032FE03C
:4029C000FF900327E04F900277F0E0FF906029F0E0FEEF6E703090032CE0900278F0906028E05480900277F0E0700F90032CE0906028F0E0540F900278F090032CE0FF9064
:402A00000278E0B507D0D007D006D005D004D003D002D001D000D0D0D093D086D084D085D082D083D0F0D0E032900328E024FC600A24FE6008240470078006E1B31236E932
:402A400022E4FD900320E0FF90032DE48FF0120045D3900318E09400900317E09400403AED940850359003191202A912001AFFE42DF582E43460F583EFF09003191202A95B
:402A8000E92401F9E43AFA9003191202B20D90031774FFF5F012004580B7900320E064086006EDD394004015900327E06480F090032C740FF09003287402F0800A90032CD0
:402AC0007402F0900328F090032FEDF0900320F0221202B2900317E07002A3E070051230C4802F9003287402F0E4900327F01235F0906007E0FE906006E0FDEEEDFFD39027
:402B00000318E09F900317E09E4005EEF0A3EFF051417F0122E490027AF0906000E090027CF07B007A007900A31202B2E4900317F0A3F090027CE0548064806002A12E90FD
:402B40006001E07002817D24F8700281EF24FE7002A10B24046002C1C6906003E0B4012B123E6D900280EEF0A3EFF0F5828E83A31202BB9003191202B2900317E4F0A37472
:402B800012F051D490027AEFF0C1C6906003E064027060906002E0FF123428900280EEF0A3EFF04E7002C1C6900280E0FEA3E0F5828E83A31202BB9003191202B2900319F0
:402BC0001202A9E92403F9E43AFA12001AFE9003191202A9E92402F9E43AFA12001AFDEEEDFF900317EEF0A3EFF051D490027AEFF0C1C6906003E064037079FF7BFF7A0783
:402C000079A090027D1202B2906002E0D39F401F90027D1202A912001A601412001AFE7C0029F9EC3AFA90027D1202B20F80D9906002E0FF6016900775E493FEEFB5060CF4
:402C40007BFF7A0779FF90027D1202B290027D1202A912001A7002C1C612001AFF900317E4F0A3EFF09003191202B251D490027AEFF0C1C6F14590027AEFF0C1C690027C31
:402C8000E05403603F24FE6002C1C6900317E4F0A37402F0906004E0547F75F00BA42432F582E43403F583E09003FBF0E4A3F07B017A0379FB9003191202B251D490027AAC
:402CC000EFF0C1C6900317E4F0A37402F090032AE09003FBF0E4A3F07B017A0379FB9003191202B251D490027AEFF0C1C6C1C6900317E4F0A304F0FB7A03792B9003191269
:402D000002B251D490027AEFF0C1C6900317E4F0A304F0906004E02416F9E43403FA7B0190031951D190027AEFF0C1C6C1C6906001E0147002A1F224FE7002C16224FA60B5
:402D40001B24FE607024066002C1C6906002E0900325F0D1CC90027AEFF0C1C6906002E090027BF0D39400400EE014FF123428900280EEF0A3EFF090027BE0FFD3940040C0
:402D80000A900280E07002A3E07005EF6002C1C690032BE0FF90027BE0FE6F600F90032BEEF09003237401F0FF1238E2D1CC90027AEFF0C1C612367DEF7002C1C6906004DD
:402DC000E0FE90031FF074162EF582E43403F583E0FF74242EF582E43403F583E06F60099003237401F0123C6AD1CC90027AEFF0C1C690027CE05403601A1460311460026E
:402E0000C1C6906002E06002C1C6123F0D90027AEFF0C1C6906002E064016002C1C690032AE054FDF0D1CC90027AEFF0C1C6906004E0FFC394014002C1C674262FF582E45B
:402E40003403F583C083C082E0FF906002E0F4FEEF5ED082D083F0D1CC90027AEFF08066806490027CE05403601614602B147056906002E07050123E8690027AEFF08046FA
:402E8000906002E06401703E90032AE04402F0D1CC90027AEFF0802E906004E0FFC39401502474262FF582E43403F583C083C082E0FF906002E0F4FEEF5ED082D083F0D1D7
:402EC000CC90027AEFF090027AE0FF229003287406F090032CF09003277480F0E490032FF07F0122906028E0900279F0E0906028F0E0900279F0E0FF5480600690032CEFE7
:402F0000F0227F02F1D3906000E0546024E0601124E060162440701B7115900279EFF08017F145900279EFF0800EF1C3900279EFF08005E4900279F0900279E0700690032D
:402F40002C7403F022E4900283F0906000E0540324FE600D047024906004E0900282F0801F906004E0547F75F00BA4243AF582E43403F583E0900282F08005E4900282F07A
:402F8000900282E0FFD394015023900321E0FCA3E02FF582E43CF583E49324FD700A123118900283EFF08005E4900283F0900283E0FF22E4900328F07F01F1D390032C7407
:402FC00003F022E4FF906000E054806005A3E0FE80002290031C1202A9E94A4B603190031C1202A9EF12003390032DE0FEA3E0FF90031C1202A9E92401F9E43AFAEE8FF07A
:403000001200867B007A00790090031C1202B222900328E024FC600A24FE60082404700F800E802B7F03122FD390032C7403F022900320E0FF90032DE48FF0120045E49006
:403040000328F07F01122FD390032C7403F022E4FF906029E0540F24FEFEFD90032DE48DF0120045D3900318E09400900317E09400403CEED394004036E42FF582E434602C
:40308000F583E0FD9003191202A9ED1200339003191202A9E92401F9E43AFA9003191202B20F1E90031774FFF5F012004580B5AF0690032FEEF0900327E06480F090032CE9
:4030C000740BF0229003287402F09003277480F090032C740FF0E4900320F090032FF07F01229003287404F09003277480F0B1F0906007E0FE906006E0FDEEEDFFD3900329
:4031000018E09F900317E09E4005EEF0A3EFF090032C740BF07F0122E4900284F0906004E0900285F0906000E05480700221FDA3E014604F14606414700221CD24FD60024D
:4031400041D3906003E0B421189175900317E07002A3E0700241D3122AD4900284EFF041D3906003E06422600241D3B11E900317E07002A3E0700241D3122AD4900284EF9F
:40318000F041D351D9900317E07002A3E0700241D3122AD4900284EFF041D3900285E0FFC39401400241D3906002E0600241D3900317F0A304F074F72FF9E43403FA7B0182
:4031C000900319122AD1900284EFF041D3900285E0FFC39401400241D3900317E4F0A304F074F82FF9E43403FA7B019003191202B2122AD4900284EFF041D341D39060019F
:40320000E024F6602214700241AC2402600241D351D9900317E07002A3E0700241D311E2900284EFF041D3900285E0FFC39401400241D3906002E0600241D3A3E0FE74F700
:403240002FF582E43403F583EEF074F62FF582E43403F583E0FE74F72FF582E43403F583E0C39E5011900285E024F6F582E43403F583E4F0802C900285E0FF24F6F582E46A
:403280003403F583E0D39401401874F72FF582E43403F583E0FE74F62FF582E43403F583EEF0122ECC900284EFF08027900285E0FFC39401501D906002E0FE94015014741C
:4032C000F82FF582E43403F583EEF0122ECC900284EFF0900284E0FF22E4900317F0A3F090032BE014FF9128900286EEF0A3EFF0906003E090028BF0906004E090028CF0F2
:403300002402FFE433FEEF7802C333CE33CED8F9FF900287E02FFF900286E03EFEF0A3EFF0F5828E83A31202BBAF01900286EAF0A3EFF090028CE0FFC394014002812774B7
:40334000162FF582E43403F583E075F004A4FFAEF0900287E02FF0900286E03EF0E0FEA3E0F5828E83A31202BBAF01900286EAF0A3EFF090028BE0FFC3940150028127EF7A
:40338000D3940340028127EF24FFFFE434FFFEEF7802C333CE33CED8F9FF900287E02FFF900286E03EFEF0A3EFF0906002E0FD90028BF08F828E83E493C39D406A90028631
:4033C000E0FEA3E0F5828E83A31202BB9002881202B290028BE075F008A4FF9002881202A9E92FF9EA35F0FA9002881202B29002881202A9E92402F9E43AFA1202C790034F
:40340000191202B29002881202A912005BFF900317E5F0F0A3EFF0E92405F9E43AFA1202C790031C1202B22290028DEFF0900329E025E025E024ADF582E43408F58312024C
:40344000BBAE02AF01EF2408FFE43EFE8F82F583E493FD90028DE0FCC39D4005E4FEFF80138F828E8375F004EC12029DA31202BBAE02AF012290032BE014FF912890028648
:40348000EEF0A3EFF0906004E0900288F02402FFE433FEEF7802C333CE33CED8F9FF900287E02FFF900286E03EFEF0A3EFF0F5828E83A31202BBAF01900286EAF0A3EFF0AB
:4034C000A3E02416F582E43403F583E075F004A4FFAEF0900287E02FF0900286E03EF0E0FEA3E0F5828E83A31202BBAE02AF01900286EEF0A3EFF02410FFE43EFE9002869F
:40350000F0A3EFF0F5828E83A31202BB12001AFF900317E4F0A3EFF09003190202B290032BE014FF9128900286EEF0A3EFF0906004E090028BF02402FFE433FEEF7802C369
:4035400033CE33CED8F9FF900287E02FFF900286E03EFEF0A3EFF0F5828E83A31202BBAF01900286EAF0A3EFF090028BE02416F582E43403F583E075F004A4FFAEF0900231
:4035800087E02FF0900286E03EF0E0FEA3E0F5828E83A31202BBAE02AF01900286EEF0A3EFF0240CFFE43EFE900286F0A3EFF0F5828E83A31202BB9002881202B29002885F
:4035C0001202A9E92401F9E43AFA12001AFE9002881202A912001AFDEEEDFF900317EEF0A3EFF0E92402F9E43AFA9003190202B2E490032DF0A3F090031C1202A9E94A4B4E
:40360000601D90031C1202A9E412003390031C1202A9E92401F9E43AFAE4F5F01200862290032BE014FF9128AD07AC06ED4C603D8D828C83A31202BBE92404F9E43AFA1200
:40364000001A2402FFE433FEEF7802C333CE33CED8F92DFDEE3CFCAF058D82F583A31202BBAF0190028AEAF0A3EFF08007E490028AF0A3F090028AE0FEA3E0FF22E49002B4
:4036800082F0906004E0900283F090032BE014FF91288F828E83A31202BBE92404F9E43AFA12001AFF900283E0FED39F4006EED39401502F74162EF582E43403F583E0FF53
:4036C00074242EF582E43403F583EFF0906002E0FF74162EF582E43403F583EFF09002827401F0900282E0FF22900325E0600CE04480906008F0E4900325F0E4900328F070
:403700007F01122FD390032C7403F022C0E0C083C082C085C084C086758600C093759300C0D075D000C00790600B7401F090600EE0FF90033BE054036401600790033EE008
:403740006480F090033C7401F0D007D0D0D093D086D084D085D082D083D0E032C0E0C083C082C085C084C086758600C093759300C0D075D000C00790600B7402F090601E8C
:40378000E0FF900346E0540364016007900349E06480F09003477401F0D007D0D0D093D086D084D085D082D083D0E032C0E0C0F0C083C082C085C084C086758600C09375B8
:4037C0009300C0D075D000C000C001C002C003C004C005C006C0071227CAD007D006D005D004D003D002D001D000D0D0D093D086D084D085D082D083D0F0D0E0327D01EDF2
:40380000C39409400201DB75F010ED90607012029D740CF0ED75F00BA42435F582E43403F583E06031ED75F00BA42434F582E43403F583E05480600F75F010ED905FFE126B
:40384000029D740CF0801C75F010ED905FFE12029D7408F0800D75F010ED905FFE12029D7480F0ED75F00BA42436F582E43403F583E0A3E0FF75F010ED90607612029DEF91
:40388000F0ED75F00BA42436F582E43403F583E0FF75F010ED90607712029DEFF0ED75F00BA42436F582E43403F583E0A3E0FF75F010ED90607412029DEFF0ED75F00BA45D
:4038C0002436F582E43403F583E0FF75F010ED90607512029DEFF00D0237FF90600A74FFF022E4900284F0A3F0900282F0900282E0FEC39409507AEE75F00BA42430F58200
:40390000E43403F583E4F0EE75F00BA42432F582E43403F583E4F0EE75F00BA42433F582E43403F583E4F0EE75F00BA42438F582E43403F583E4F0A3F0EE75F00BA4243A84
:40394000F582E43403F583E4F0EE75F00BA42431F582E43403F583E4F0EE75F00BA42435F582E43403F583E4F0900282E004F001EDEF602FE4900283F0900283E0FFC39473
:4039800001502074162FF582E43403F583E4F074242FF582E43403F583E4F0900283E004F080D690032BE0D3940050028169E014FF123428900286EEF0A3EFF0900286E009
:4039C000FCA3E0FDF5828C83A31202BBE92407F9E43AFA12001A5440600990032AE04401F0800790032AE054FEF0ED2404FFE43CFE900286F0A3EFF0F5828E83E493900280
:403A000082F0A37401F0900283E0C39409400261A5900286E0FEA3E0F5828E83A31202BBAF01900288EAF0A3EFF0E4FF900282E0FEEFC39E4002619D900288E0FCA3E0F503
:403A4000828C83740293547FFD900283E0FE6D7001E46002618C900288E0A3E0F5828C83740493FC740593FDEE75F00BA42438F582E43403F583E0FAA3E0C39DEA9C5029A1
:403A8000900288E0FCA3E0F5828C83740493FC740593FD900283E075F00BA42438F582E43403F583ECF0A3EDF0900288E0FCA3E0FDF5828C83E4932416F582E43403F58375
:403AC000E0FE8D828C83740193FDEE6D6002618C900288E0A3E0FDF5828C83740293FE900283E0FB75F00BA42434F582E43403F583EEF08D828C83740393FEEB75F00BA4AB
:403B00002430F582E43403F583EEF0900288E0FCA3E0F5828C837403935403FE900288E0A3E0F5828C8374029354806031EEB401047D0780027D0D900283E0FC75F00BA43E
:403B40002435F582E43403F583EDF0EC75F00BA42431F582E43403F5837401F0802EEEB401047E0580027E09900283E0FD75F00BA42435F582E43403F583EEF0ED75F00BBC
:403B8000A42431F582E43403F583E4F0900289E02407F0900288E03400F00F412C900283E004F04106900286E0FEA3E0F5828E83A31202BBAF01900288EAF0A3EFF0E49041
:403BC0000283F0900282E0FFA3E0C39F5038900288E0FEA3E0F5828E83E493FD740293547F75F00BA4243AF582E43403F583EDF0900289E02407F0900288E03400F090027E
:403C000083E004F080BD123620900321EEF0A3EFF0E4900284F0A3F090028204F0900282E0FFC39409503F900284E0FCA3E0FDEF75F00BA42436F582E43403F583ECF0A3B5
:403C4000EDF0EF75F00BA42438F582E43403F583E0FEA3E0FF900284EE8FF0120045900282E004F080B71237FD2290032BE0D394005002C16CE014FF123428EF2404FFE45E
:403C80003EFE8F82F583E493900282F08F828E83A31202BBAD01AC0290031FE0900283F0E4FB900282E0FFEBC39F4002C16C8D828C83E493FF900283E0FE6F6002C1628DA7
:403CC000828C830493FF74162EF582E43403F583E06F6002C1628D828C83740293547FFA7403935403F9EA75F00BA42433F582E43403F583E4F08D828C83740293FFEA7501
:403D0000F00BA42434F582E43403F583EFF08D828C83740393FFEA75F00BA42430F582E43403F583EFF08D828C83740493FE740593FFEA75F00BA42438F582E43403F583AB
:403D4000EEF0A3EFF08D828C837402935480602DE9B401047F0780027F0DEA75F00BA42435F582E43403F583EFF0EA75F00BA42431F582E43403F5837401F0802AE9B401DB
:403D8000047F0580027F09EA75F00BA42435F582E43403F583EFF0EA75F00BA42431F582E43403F583E4F075F010EA905FFE12029D7401F0EA75F00BA42438F582E43403B2
:403DC000F583E0FF75F010EA905FFC12029DEFF0EA75F00BA42438F582E43403F583E0A3E0FF75F010EA905FFD12029DEFF0EA75F00BA42436F582E43403F583E0A3E0FF2D
:403E000075F010EA90607612029DEFF0EA75F00BA42436F582E43403F583E0FF75F010EA90607712029DEFF0EA75F00BA42436F582E43403F583E0A3E0FF75F010EA906083
:403E40007412029DEFF0EA75F00BA42436F582E43403F583E0FF75F010EA90607512029DEFF0ED2407FDE43CFC0B81A222900329E025E025E024ADF582E43408F58312028E
:403E8000BBAE02AF0122E4900282F0906004E0547FFFD394004070EF9409506BEF75F00BA42432F582E43403F583E04401F0EF75F00BA42433F582E43403F583E4F0EF75C5
:403EC000F00BA42431F582E43403F583E04402F0EF75F00BA42434F582E43403F583E05480600F75F010EF905FFE12029D748DF0800D75F010EF905FFE12029D7489F012A5
:403F00002ECC900282EFF0900282E0FF22E4900282F0906004E0547FFFD394005002E1E2EF94094002E1E2EF75F00BA42432F582E43403F583E054FEF0EF75F00BA4243305
:403F4000F582E43403F583E4F075F010EF905FFC12029DE0547FF0EF75F00BA42431F582E43403F583E054FDF0EF75F00BA42434F582E43403F583E054806030EF75F00B35
:403F8000A42431F582E43403F583E0B4010F75F010EF905FFE12029D740CF0803D75F010EF905FFE12029D740DF0802EEF75F00BA42431F582E43403F583E0B4010F75F09F
:403FC00010EF905FFE12029D7408F0800D75F010EF905FFE12029D7409F0122ECC900282EFF0900282E0FF22000000000000000000000000000000000000000000000000A8
:404000000000000000000000000000000000000000000000000000000000000000000000000000000000000000000000000000000000000000000000000000000000000080
:404040000000000000000000000000000000000000000000000000000000000000000000000000000000000000000000000000000000000000000000000000000000000040
:404080000000000000000000000000000000000000000000000000000000000000000000000000000000000000000000000000000000000000000000000000000000000000
:4040C00000000000000000000000000000000000000000000000000000000000000000000000000000000000000000000000000000000000000000000000000000000000C0
:40410000024AE1008F828E83E0540100000070F82278FFE4F6D8FD024B6F024462E86480F8E933E83360110460F0ED33EC337009E8FCE9FDEAFEEBFF220460DED3EB9FEA28
:404140009EE99DE8C2E78CF0C2F795F0400CE8CCF8E9CDF9EACEFAEBCFFB12442D85D0F05804700320D5B3E80470075002B2D502446C92D5EC0460F7E4CCC0E0C398F860E4
:404180003B94186008400DD0E0FB024444E4FBFAC9FC8028E830E406E4C9FBE4CAFCE830E305E4C9CACBFCE854076010F8C3E913F9EA13FAEB13FBEC13FCD8F130F52FC328
:4041C000E49CFCEF9BFFEE9AFEED99FDD0E0FBEF4E4D4C701222DB03024469EC2CFCEF33FFEE33FEED33FDED30E7EB024444EF2BFFEE3AFEED39FDD0E0FB50130BBB0003DC
:4042000002446CED13FDEE13FEEF13FFEC13FC024444EC4D6011E8497017ED33EC3304600DE4FCFFFEFD22E933E8330470F802446212442D58046009E4CC24815006285086
:404240000902446C284003024469C0E0EB4A7044B98006D0E0FB024458EF4E701CBD8008EBFFEAFEE9FD80EBE98DF0A4FEE5F00242FBE9CDF9EAFEEBFFEF89F0A4FCE5F0AD
:40428000CE89F0A42EFFE435F0CD89F0A42DFEE435F08067EF4E7005BD80D780C3EF8BF0A4ACF0EE8BF0A42CFCE435F0F8EF8AF0A42CE5F038FCE433CB8DF0A42CFCE5F0AD
:4042C0003BF8EE8AF0A42CFCE5F038F8E433CF89F0A42CFCE5F038CF3400CE89F0A42FFFE5F03EFEE433C98DF0A42EFEE5F039CD8AF0A42FFFE5F03EFEE43DFD33D0E0FB8C
:4043000050070BBB000F02446CEC2CFCEF33FFEE33FEED33FD02444402446CEC5D046005E85904700302446212442D580460F6EC4860F2EC7004FDFEFF22C860DB2481C839
:404340005009C398600250060244699850CAF582E9294B4A7005AB8202445875F0007C1A7880C3EF9BEE9AED99400DC3EF9BFFEE9AFEED99FDE842F0DC23ACF0D0E0FFD0EE
:40438000E0FED0E0FDAB8220E7101BEB60BAEC2CFCEF33FFEE33FEED33FD024444E803F830E705C0F075F000EF2FFFEE33FEED33FD40B830E7C280AA75F020800E75F01023
:4043C000800575F0087D007E007F003392D530D503124629EC334010EF33FFEE33FEED33FDEC33FCD5F0ED22E5F0247EA2D513CC92E7CDCEFF22EDD2E7CD33EC3392D52421
:40440000814006E4FFFEFDFC22FCE4CFCECDCC24E0501174FF80EDC3CC13CCCD13CDCE13CECF13CF0470F030D5DE024629E9D2E7C933E833F892D5EDD2E7CD33EC33FC5002
:4044400002B2D522EC30E7100FBF000C0EBE00080DBD00040BEB6014A2D5EB13FCED92E7FD2274FFFCFDFEFF22E480F8A2D574FF13FC7D80E480EFBB010689828A83E02296
:404480005002E722BBFE02E32289828A83E49322BB010689828A83F0225002F722BBFE01F322EF8DF0A4A8F0CF8CF0A428CE8DF0A42EFE22C5F0F8A3E028F0C5F0F8E582B2
:4044C000158270021583E038F022A3F8E0C5F025F0F0E582158270021583E0C838F0E822BB010A89828A83F0E5F0A3F0225006F709A7F01922BBFE06F3E5F009F31922E8B4
:404500008FF0A4CC8BF0A42CFCE98EF0A42CFC8AF0EDA42CFCEA8EF0A4CDA8F08BF0A42DCC3825F0FDE98FF0A42CCD35F0FCEB8EF0A4FEA9F0EB8FF0A4CFC5F02ECD39FE7E
:40454000E43CFCEAA42DCE35F0FDE43CFC2275F008758200EF2FFFEE33FECD33CDCC33CCC58233C5829BED9AEC99E58298400CF582EE9BFEED9AFDEC99FC0FD5F0D6E4CEEC
:40458000FBE4CDFAE4CCF9A88222B800C1B90059BA002DEC8BF084CFCECDFCE5F0CBF97818EF2FFFEE33FEED33FDEC33FCEB33FB10D703994004EB99FB0FD8E5E4F9FA22DC
:4045C0007818EF2FFFEE33FEED33FDEC33FCC933C910D7059BE99A4007EC9BFCE99AF90FD8E0E4C9FAE4CCFB2275F010EF2FFFEE33FEED33FDCC33CCC833C810D7079BEC96
:404600009AE899400AED9BFDEC9AFCE899F80FD5F0DAE4CDFBE4CCFAE4C8F922CFF4CFCEF4CECDF4CDCCF4CC22C3E49FFFE49EFEE49DFDE49CFC22EB9FF5F0EA9E42F0E979
:404640009D42F0EC6480C864809845F022EB9FF5F0EA9E42F0E99D42F0E89C45F022E8600FECC313FCED13FDEE13FEEF13FFD8F122E8600FEFC333FFEE33FEED33FDEC33B1
:40468000FCD8F122BB010789828A830247D55005E9F80247C9BBFE05E9F80247E189828A830247EDBB010789828A830246F35005E9F80247FDBBFE05E9F8024809227401A0
:4046C000FF3395E0FEFDFCA3A3A3E0CF2FF0E582158270021583E0CE3EF0E582158270021583E0CD3DF0E582158270021583E0CC3CF022ECF0A3EDF0A3EEF0A3EFF022A478
:404700002582F582E5F03583F58322D083D082F8E4937012740193700DA3A393F8740193F5828883E4737402936860EFA3A3A380DFD083D082E4937012740193700DA3A3F6
:4047400093F8740193F5828883E4737402936C70127403936D700C7404936E70067405936F60DDA3A3A3A3A3A380CAE5092582F582E5083583F583B508048582092210AF45
:4047800006858209F50822858209F508D2AF22E5092582F582E5083583F58322EC8EF0A4CCC5F0CCCDF8EFA4CEC5F02DFDE43CFCE8A42EC8C5F03DFDE43CFCEFA4FFE5F059
:4047C00028FEE43DFDE43CFC22E6FC08E6FD08E6FE08E6FF22E0FCA3E0FDA3E0FEA3E0FF22E2FC08E2FD08E2FE08E2FF22E493FC740193FD740293FE740393FF22ECF608A2
:40480000EDF608EEF608EFF622ECF208EDF208EEF208EFF222410A03554109A73241099C0041099B004109FE01410A091241099D004109FA004109A532410A010041099E22
:4048400000410A08014209A000004109A4004109FD004109FC00440A0400000000410A02004109FB024109FF004109A600410A00004109F90041099F004109A2004109A30F
:404880000041099800410CE900410CE800410CED00410CEC00410CEB0060390BBD480707070778B5B60755CE865695FD7D3D1D0D0585C5E5F5E007078D0730684284A483AC
:4048C0000124C3040274A344C282E364D443038123146394B4C4440CA400001388410C9900410CC200420CB73DF4420CB90000410CBB00420CBC0BB8420CBE0000420CC0F3
:404900000000440B6A00000000440B6E00000000410B3900410B4600440B5C00000000440B6000000000410B6400410B6500410B6600410B6700440AAE713D0A07440ABF02
:40494000713D0A07410A9800440A9D00000000410ABE00410AA2C4440A9900000000440AC3017D7840410A9700410A8000420AA3002A420A7E002A440AC800000000410AA7
:40498000D000410AC700420A810000440A7000000000410A7400440A7500000000440A7900000000410A7D00440C5000000000440C4600000000410C4E00410C4F00440CBC
:4049C0005400000000440C3D00000000440C4100000000410C450041090300440C8100000000440C7D00000000410C7C00440C8500000000410C7300420C742710440C78A9
:404A0000000D4A58410C7032410C6E00410C7100410C6F00410C6915440C6A00000000410C7200410C5800410C5900410C5A00410C5B00410C5C00410C5D00410C5E004186
:404A40000C5F00410C6200410C6300410C6400440C6500000000410B1000410B2C0C490AD1000004040000000000410CEF00410CF400410CF5FF410CF6FF410CF7FF410C6A
:404A8000F8FF410CF9FF410CFAFF410CD480410CD37F440CCF000000FF440CAE023366C4440CA90000903C410CAD25440CB3481E0000410CFB00460CD500810237030041FF
:404AC0000CFCFF410CFDFF430CDB000000410CFE00420C140180420C16FF7F420C1201000075930078007583467582E8E04401F00090480074C0F07581099076BCE4F0A3E5
:404B0000F0A3F0A3F0907010F0907019F0907020F09076007410F0907604E4F0A3F0A3F0A3F09078007800087400F0A37408F0E8B8040274FFA3F0A37422F0A374BCF0A3FF
:404B40007476F0A3E4F0A3E81475F008A4F0A3B804D59070107401F0907014F07E707F18124104907010F0EA900CB2F002411175081F7509FD12C57312A84A12C506024BB0
:404B8000BC025DF0E493A3F8E493A34003F68001F208DFF48029E493A3F85407240CC8C333C4540F4420C8834004F456800146F6DFE4800B0102040810204080904815E4F4
:404BC0007E019360BCA3FF543F30E509541FFEE493A360010ECF54C025E060A840B8E493A3FAE493A3F8E493A3C8C582C8CAC583CAF0A3C8C582C8CAC583CADFE9DEE7800C
:404C0000BEC2D5E830E70FB2D5E4C39BFBE49AFAE499F9E498F8EC30E717B2D5124C3712458AE4C39BFBE49AFAE499F9E498F8800312458A30D50DE4C39FFFE49EFEE49D79
:404C4000FDE49CFC22758600EF4E6027EF60010E759300900A2AE0F595A3E0F585A3E0F5848B938A838982E0A30586F0A31586DFF6DEF4E4F593F59522028A40EEFA900CCC
:404C8000ADE0F88FF0A4FFAEF0E88AF0A42EFEE5F03400FDEF24C9FF78FFEE38FEED38FDE438FC5003024D0022758600EF4E601BEF60010E8C838D828B958A858984E49321
:404CC000A30586F0A31586DFF5DEF3E4F59522EC4D6011ED60010C8B938A838982E4F0A3DDFCDCFA75930022EF54016004D2AF8002C2AFEF5402FF9044F4E054FD4FF022DF
:404D0000EC4D4E700D78FCEF24E950032840FD2200007BF178DA0000EF28FF78FFEE38FEED38FDEC38FC50E7EF2BFFEE38FEED38FDEC38FC40F222050203049044F4E0F8BC
:404D40004402F0E85402FF10AF012274014FFF228B938A838982EFF0A3EEF0A3EDF0A3ECF075930022452020005020200053202000432020008B938A838982E0FFA3E0FE79
:404D8000759300228B938A838982EDF0A3ECF0759300228B938A838982E0759300FF228B938A838982EDF075930022EC30E7031246292204001001A000000008001000001B
:404DC0000018000010000000000001040000000000180000180015511400000000080008000040008800000000001500A4000181282200000000000000000000000000007F
:404E00000000000000000000000000000000404802200000000002020022100000000000000000000000000000000000000000000000001200000000000000000000000080
:404E4000000000000000000000000000000000000000000000000000000000000000000000000000000000000000000000000000000000C5006000120000000000A200EA6F
:404E800000FF00000000000000F800F80000000000000000000000000000000000000000000000000000000000000000000000000000000000000000000000000000000003
:404EC0000000000000000000000002000000800000000000000000000000000000000000000000000000000000000000000000000000000000000000000000000000000030
:404F00000000000000000000000000000000000000000000000000000000000000000000000000000000800000000000000000004000000000008000000000000000000031
:404F40000000000040000000000000000000000000000200000000000000800000100000000208000000000000008000000000000000000000000020004000000000000075
:404F80000000000000000000000000000000008000200000008000000000000000C000000040000000000000000000000000000000000000000000000000000000000000D1
:404FC0000000000000000000000000000000000000000000000000004000000000000000000000000000000000000000000000000000000000000000000000000000000071
:4050000000000000000200000000080000000000000000000000000000000000000000000000000000000000000000000000000000000000600000000000400000000000C6
:40504000000000000000000000108000000000002000020000000000400000000000000000000000000000000000000000000000000000000000000000000020000000001E
:4050800000000000000000C00000000000000000000000000010000000A0000000000000000000000000000000000000000000000000000000000000000000000000000080
:4050C0000000000000000000000000000000000000000000101000000000000000000000000000000000000000000000000000000000000000000000000000000000000090
:405100000000000000004000000000000000000000000000000000000000000000000000000000000004000000000000000000000000000000000100000000000024000006
:405140000000010000000200203001000000000020200200000000004000000000002004040000000000000000000000000000000000000000000000000000100000000021
:40518000000000000000002000000000000000200000000000000020000000000010004000200000000000000000000000000000000000000000000000000000000000001F
:4051C000000000100000000000000000000000000000000000000000000000000000000000000000000000000000000000000000001000000000000000000000000000008F
:405200000000000010000000002000000004000000000000000000000000000000000000000000000000000000000000000000000000002000000090000400000000000086
:4052400000000400040002000020018000000034202006000000001040002080000000000000000020004000000000000000000000000000000000100000000000000000A9
:40528000002000000000006000400000000000000000000000500040002000000000008000000000000000000000000000000000000000000000000000000080000000007E
:4052C0002000400000000000000000000000000000000000000000000000000000000000000000000000000000000009000000200000010100000000000000000000000023
:405300000000000000002000002001000020040000000020000002040000000000000000000000000000000000000000000000000000000000000000000C000000000000D6
:405340000000000804000200000800000000001020000200000000004008000000000000000031000000000000000200000000000000000000E0000000000000000000008A
:4053800000E00010000000E0006000C000000000000000000010000000100010000000000000000000000000000000000000000000000000000000000000000000000000CD
:4053C00000000000000010000400000800000100000001000000000000000000000000000000001000040000200800000000000080000000000020000000000000000000B3
:40540000000000000000000000000000000000000000000000000000000000000000000000000000000000000000000000000000000000000000000000000000000000006C
:40544000000000000000000000000000000000000000000000000000000000000000000000000000000000000000000000000000000000000000006000700000000000F06C
:4054800000200010000000000000000000000000000000000000000000000000000000000000000000000000000000000000000000000001000000000000000100000000BA
:4054C00000010001000000100001000100000008000000010000000800010001000000010008230254B376080008230354BB76100008230454C376200008230554CB762846
:405500000008230654D376300005230754DB70200005230854DB70300005230954DB70500005230A54DB7060000523FE54DB70700015220C0CE449C8004022FE0CE45130E5
:405540000180220E0CE40A000080220F0CE40C80020022100CE40E00010022110CE44400008022120CE44600008022FE0CE44D00008023144DB30100008023154E33018080
:40558000008023164EB34900008023174F334980008023184FB3480000802319503348800080231A50B343000080231B513343800080231C51B342000080231D52334280C3
:4055C0000080231E52B341000080231F533341800080232053B34000008023FE543340800007232208285200000723230830520800072324083852100006232508405260C5
:4056000000072326084852780008232708504578000C232808604F000020232911EC6470002023FE120C65700008232B085851000080232C086C00000080232D08EC00808C
:405640000080232E096C02000080232F09EC0280008023300A6C0400008023310AEC0480008023320B6C0600008023330BEC0680008023340C6C0800008023350CEC0880AA
:40568000008023360D6C0C00008023370DEC1400008023380E6C1480008023390EEC16000080233A0F6C16800080233B0FEC18000080233C106C18800080233D10EC1A0008
:4056C0000080233E116C1A800010233F122C501000102340123C500000802341124C4D800080234212CC4C0000802343134C4C800080234413CC470000802345144C478046
:405700000080234614CC468000802347154C45000080234815CC458000802349164C1B000080234A16CC1B800080234B174C15000080234C17CC15800080234D184C1900AC
:405740000080234E18CC19800080234F194C17000080235019CC1780008023511A4C0900008023521ACC0980008023531B4C0700008023541BCC0780008023551C4C0B8063
:40578000008023561CCC0500008023571D4C0580008023581DCC0D00008023591E4C0D800080235A1ECC0300008023FE1F4C038000010000000200000004000000050000B2
:4057C000000600001201000200000008C016DC0503000F0E80010902B700040100C0020904000000FF00000C0904010000010100090A2401000134000202030C24020103D3
:40580000060002030000000924030201010001000C240203010100020300000009240304030600030009040200000102000A09040201010102000A072401020201000B2412
:405840000201020210010077010905822D80010100000725018001000009040300000102000B09040301010102000B072401030101000B240201020210010077010905036C
:405880002D800101000007250180010000040309040C03410045003900520042001A0350006500610062006500720072007900200053004400520022035000650061006218
:4058C0000065007200720079002000520065006300650069007600650024035000650061006200650072007200790020005400720061006E0073006D00690074001E0350BF
:40590000006500610062006500720072007900200052006100640069006F0016034400470038005300410051002D004900320043001A037700770077002E006F00620064DD
:4059400000650076002E00610074001E034D0075006C00740075007300200043006F006E00740072006F006C0020034D0075006C00740075007300200049005100200053C3
:40598000006F0075006E00640024034D0075006C007400750073002000490051002000520065006300650069007600650026034D0075006C00740075007300200049005176
:4059C0000020005400720061006E0073006D006900740026034D0075006C007400750073002000530044005200200043006F006E00740072006F006C0020034D0075006C27
:405A00000074007500730020005300440052002C004C004C0043002E001203500072006F0066006900630069006F0026037700770077002E006D0075006C00740075007316
:405A4000002D007300640072002E0063006F006D0000120350004500300046004B004F002D0030000201822D0180010301032D018001FF01010101FF57D602FF5A64000054
:405A8000000000000000000000000000000000FF5A7201FF57C40000000001FF5A7601FF5A923031323334353637383941424344454600E4900A31F0A3F0A3F0A3F0A3F0B7
:405AC0007F64FEFDFC7177D2AF9044F474FDF0126CB3F1CE12C85D7EA07F1E12C86E1289BAE4FFFEFDFC900A371246F37FC0127A69900A2FEFF0700812C25CF1CE12C45B51
:405B0000F1ED900A30EFF0900A2FE0700CA3E060087BFF7A4D796571FE900A30E060087BFF7A4D796971FE900A2FE070087BFF7A4D796D71FE7F02F1E77F807E9F7DD57CA2
:405B400000900A991246F3E4900AA1F0900A99E0FCA3E0FDA3E0FEA3E0FF128068EF70ECE47FDC7E05FDFC7177B1EAEF54FEFF9161E47F05FEFDFC90FFFC12476B1246F358
:405B8000850883850982E0A3E0A3E0FEA3E0D39400EE9480403D900CB3E0FCA3E0FDA3E0FEA3E0FF124D00850883850982C083C082E0FCA3E0FDA3E0FEA3E02400FFEE3421
:405BC00080FEED34FFFDEC34FFFCD082D0831246F380AD900CA9E0FCA3E0FDA3E0FEA3E0FF850883850982E0F8A3E0F9A3E0FAA3E0FB1244FF124D0090000402476B900A29
:405C000036EBF0A3EAF0A3E9F0E4900A3AF0A3F0900B10E0600312B00EB1EAEF5401440AFF9161900A36E0FBA3E0FAA3E0F9126B71F1BAEF5408FF900A39E06F60F3EFF068
:405C4000A374FFF5F01244CA45F070E5900A3A04F0A374E0F07B007A007900126B7180D122906577EFF022900CA474FF1246C0E4FBFAF9F8C312464D7010900C9BF07F88E9
:405C80007E13FDFC900CA41246F3900CA0E07002A3E0601D900CA1E024FFF0900CA0E034FFF0E07002A3E07008B1EAEF547FFF9161900C9FE0600414F08023900C9BE0FFFB
:405CC000900CA2E06F6017900C9E7401F0A374C8F0E47F887E13FDFC900CA41246F3900C99E0147002A171147002A1BE24026002A1E9F1BAEF30E407900C9AE004F022901D
:405D00000C9AE0FFC394554028EFD394735022900C997401F0A37414F0900CA2E0900C9BF0A3F0A37404F0B1EAEF54DF4440FF8161E4900C9AF0900C9EE07008900CA3E01A
:405D40007002A1E9B1EAEF4480FF9161900CA3E0600C900CA07403F0A374E8F08009900CA0E4F0A3740AF0E4900CA3F0900C9EF022900C9AE014F0E0706F900C9DE0603040
:405D8000B1EAEF4420FF9161900C9CE0FF30E308900C9A7408F08006900C9A7403F0EF25E0900C9CF0A3E014F0900C997402F022B1EAEF549FFF9161E4900C99F022900C78
:405DC0009AE014F0E07022900C9DE06008900C9A7403F08006900C9A740AF0B1EAEF54DFFF9161900C997401F022906577E0FF22E4900A27F0A3F0A3F0A3F0A3F0A3F0A37D
:405E0000F0A3740AF051B3126A6712704B900A03E0FFB4430C900A28E06F6002EFF012A2BAF1BAEF5408FF900A25F0A3E06F60D7A3E0FF04F0EFB407004002E142905E44EA
:405E4000F8282873025E59025E5D025E9E025EC9025ECE025EDB025EF0916780AA900A03E0FF644360A1900A28E06F602DB1EAEF54FEFF9161B1EAEF4402FF9161B1EA9074
:405E80000A2CEFF04408F04410FFF09161E4900CEDF0900A03E0900A28F0F153C107128F609009A7E0FF900998E06F600DEFF0E075F064A4FFAEF012C82D900A08E0640100
:405EC0006002C10712A06FC10712743AC107900A00E06002C107128FACC107128D6612C561EF7002C1077BFF7A4D797171FEC107900A03E064436016900A99E0FCA3E0FD5D
:405F0000A3E0FEA3E0FF128068900A00EFF0F1BAEF20E202F1C09009A3E0B4010EE4F07F2C7E01FDFC7177F1C6C1079009A3E064026002C107F07F2C7E01FDFC7177F1C007
:405F4000C1071267CCE4900A27F0900A25E0A3F0C10722900CEBE024FE602524F8603014604A240B7053900CEDE0604D900CECE07047900CEB7402F0B1EAEF54FDFF81611B
:405F8000B1EAEF54F7FF9161900CEB740AF022900CEDE07024900CECE0701EB1EAEF54FE4408FF9161900CEB740BF022B1EAEF4402FF9161E4900CEBF022906463E0FF224A
:405FC0009046FA7440F09046F6E04401F022900CEFE0700912ACB6900CEF7401F012C2489044C17480F022906576EFF02212C484126DF4126E9F7DF07F4012606A900A36FB
:40600000EFF012C4E112C4A7900CF6E0FF1137900CF5E0FF1137900CF8E0FF1137900CF7E0FF1137900CF9E0FF113712C4F512C4BB900A36E0FF227E01EFC39418502875B4
:40604000F010EFA42410F582E5F03470F583E054FEF075F010EFA42410F582E5F03470F583E054DFF0E41EAF0622900A37EFF0A3EDF0E4900A3BF0A3F0A3F0900A3BE0FF9C
:40608000C39402505EEF14602F0470EF900A37E0900A39F0900A38E0900A3AF07B017A0A7939900A617402F0E4A3F07F4612C2FB900A3BE004F080C3F168EF30E708900AEF
:4060C0003BE014F0800AEF30E106900A3BE004F0900A3C74FFF5F01244B445F0709D7F012280987F00227DC07F40116A7D807F45116A7DFF7F41116A7DFF7F42116A9114AC
:40610000311A12C4CC124D3B906597E04410F0124CE890657BE04401F022E4900A2FF0900A2FE0FFC39403400221C1EF6402703FE02407F582E43409F583E0FF900907E0FA
:40614000FBE4900A3EF07D01FC718D900A2FE02407F582E43409F583E0FF7B017A097903E9EAE4AD01AC027B477A64B15D804A900A2FE0FE2407F582E43409F583E0FF7402
:40618000082EF582E43409F583E0FB900A3E7404F07D017C00718D900A2FE02407F582E43409F583E0FF7B017A09790BE9EAE4AD01AC027B477A64B15D900A2FE004F021C1
:4061C0001F900CF8E0FFB1F3900CF8E0FF900907E0FDB1D5E4900A2FF0900A2FE0FFC39403400241F9EF04A3F0C39403402EE4F0900A2FE0240FF582E43409F583E0FF905B
:406200000A30E0240FF582E43409F583E0FB900A3E7405F07D807C01718D8029900A2FE0240FF582E43409F583E0FF900A30E0240FF582E43409F583E0FB900A3E7401F0F4
:406240007D80FC718D900A2FE0FB75F080A42483F582E5F03404F583EB2583F583FEE582EEE4AD82AC06C005740F2BF582E43409F583E0FF7B017A09790BE9EAE4AB01D01C
:4062800005B15D900A2FE02400F582E43400F583E0FF900A30E02400F582E43400F583E0FB900A3E7402F07D807C01718D900A2FE0F975F080A42483F582E5F03404F583E4
:4062C000E92583F583FEE582EEE4AB82AA06C002C003740029F582E43400F583E0FF7B017A097903E9EAE4AD01AC02D003D002B15D900A2FE004F021D9900CF7E0FFB1F38B
:40630000900CF7E0FF90090FE0FDB1D5900CF9E0FFB1F3900CF9E0FF900000E0FDB1D5900CF9E0FF7D017142900CF7E0FF7D0112C53C900CF7E0FF7D017142900CF8E0FFA3
:406340007D017E01EFC394185040ED601575F010EFA42410F582E5F03470F583E04420F0801375F010EFA42410F582E5F03470F583E054DFF075F010EFA42410F582E5F036
:406380003470F583E04401F0E4FEAF0622900A3BECF0A3EDF0A3EBF0900A3AEFF0900A3F7401F0EFC394805065900A3BE054F0A3705C900A3AE075F008A42400FFE5F0347F
:4063C00078FE900A40F0A3EFF0AA06F97B01900A3BE0FCA3E0FD124D86900A3DE0FF900A3AE0FE75F008A42402F582E5F03478F583EFF0900A3EE0FF75F008EEA42403F5E0
:4064000082E5F03478F583EFF0E4900A3FF0900A3FE0FF22E4900A2FF0900A2FE0FFC394035070EFB4021C2404F582E43409F583E0FF900904E0FBE4900A3EF07D01FC7135
:406440008D8028900A2FE0FE2404F582E43409F583E0FF74052EF582E43409F583E0FB900A3E7404F07D017C00718D900A2FE02404F582E43409F583E0FF7B017A09790A1D
:40648000E9EAE4AB017D4B7C65B15D900A2FE004F08086900CF6E0FFB1F3900CF6E0FF900904E0FDB1D5E4900A2FF0900A2FE0FFC394034002A138EF04A3F0C394034002BD
:4064C000E4F0900A2FE0240CF582E43409F583E0FF900A30E0240CF582E43409F583E0FB900A3E7402F07D807C01718D900A2FE0F975F080A42403F582E5F03400F583E952
:406500002583F583FEE582EEE4AB82AA06C002C003740C29F582E43409F583E0FF7B017A09790AE9EAE4AD01AC02D003D002B15D900A2FE004F081AB900CF5E0FFB1F39055
:406540000CF5E0FF90090CE0FDB1D5900CF5E0FF7D017142900CF6E0FF7D016142900A3BECF0A3EDF0A3EAF0A3EBF0900A3AEFF0900A3F7401F0EFC394805053900A3AE0C6
:4065800075F008A42404FFE5F03478FE900A40F0A3EFF0AA06F97B01900A3BE0FCA3E0FD124D86900A3AE075F008A42406FFE5F03478FE900A40F0A3EFF0AA06F97B01902F
:4065C0000A3DE0FCA3E0FD124D86E4900A3FF0900A3FE0FF227E01EFC39418501375F010EFA42419F582E5F03470F583EDF0E41EAF06227E01EFC39418502875F010EFA48C
:406600002414F582E5F03470F583E04404F075F010EFA42410F582E5F03470F583E04401F0E41EAF0622900A30EBF0A3EAF0A3E9F0900A2FEFF024FFFFE434FFFEEFC4F8E8
:40664000540FC868FFEEC454F048EF2488FFE43460FAA907900A367401F0A3EAF0A3E9F0900CE9E030E108900A357492F08006900A3574D2F0900A2FE02423F582E4340B08
:40668000F583E0FF1137900A2FE02407F582E4340BF583E0FBFF900A33E0FCA3E0FDA3E0900A3EF0718D900A2FE02407F582E4340BF583E0FFC007900A36E0FBA3E0FAA3B2
:4066C000E0F9FFAE02EAE4AD07AC06C005900A30E0FBA3E0FAA3E0F9FFEAE4AB07D005D007B15D900A2FE02423F582E4340BF583E0FFB1F3900A2FE0FE2423F582E4340B35
:40670000F583E0FF74072EF582E4340BF583E0FDB1D5900A2FE02423F582E4340BF583E0FF7D016142900A36EFF07FF47E3D127364126E61900A37EFF0E0FBFFE4900A3EF5
:40674000F07D01FC718D900A37E0FF7B227A427D677C64B15D900A36E0FFA3E0FDB1D5900A36E0FF7D0161429044C97480F0900CCBE0FF900CEEE054406004EF4404FF9062
:4067800044C17480F022900B09E0B4FF08126B1D7F0212B1AB900B0AE0B4FF07F1B57F0312B1ABE4900CEAF0F1B5E4900A33F0A3F07F03C126126B337E007C017D80124496
:4067C000A274832FF974043EFA7B012212B773EF6010900B10E0701B7D02FF12AA13F18601E6900B10E0600BE4900CEDF0125FF612B00E2290FFFC12476B1246F390FFF663
:4068000012476B7B0190000612478FA982AA83850883850982EBF0A3EAF0A3E9F07B0190000A12478FA982AA8390000312478FEBF0A3EAF0A3E9F090000312478FE0FBA3B0
:40684000E0FAA3E02403F9E43AFA124477FF850883850982E0FBA3E0FAA3E0F9EF12449090000312478FE0FBA3E0FAA3E02402F9E43AFA124477FF850883850982E0FBA3F7
:40688000E0FAA3E02401F9E43AFAEF12449090000312478FE0FBA3E0FAA3E02401F9E43AFA124477FF850883850982E0FBA3E0FAA3E02402F9E43AFAEF124490900003126C
:4068C000478FE0FBA3E0FAA3E0F9124477FF850883850982E0FBA3E0FAA3E02403F9E43AFAEF12449090000612478FE0FCA3E0FDA3E0FEA3E0FF90000E02476B900A30EB36
:40690000F0A3EAF0A3E9F0900A2FEFF024FFFFE434FFFEEFC4F8540FC868FFEEC454F048900A35EFF02488FFE43460FAA907900A377401F0A3EAF0A3E9F0900CE9E030E0F5
:4069400008900A367491F08006900A3674D1F0900A33E0FCA3E0FDECFF900A2FE0FE75F00BA42438F582E5F03409F583E04FFF900A35E0FB240CF582E43460F583EFF0ED58
:40698000740D2BF582E43460F583EDF074232EF582E4340BF583E0FF126037900A2FE02407F582E4340BF583E0FBFF900A33E0FCA3E0FD900A36E0900A3EF012638D900A8B
:4069C0002FE02407F582E4340BF583E0FFC007900A30E0FBA3E0FAA3E0F9FFAE02EAE4AD07AC06C005900A37E0FBA3E0FAA3E0F9FFEAE4AB07D005D00712655D900A2FE012
:406A00002423F582E4340BF583E0FF1265F3900A2FE0FE2423F582E4340BF583E0FF74072EF582E4340BF583E0FD1265D5900A2FE02423F582E4340BF583E0FF7D0112631D
:406A400042900A2FE075F00BA42436F582E5F03409F583E4F0900A35E02480F582E43460F583E04401F0227F037146EF6012900CEAE0701B7F0351CF900CEA7401F0800F50
:406A8000900CEAE060097F037153E4900CEAF07139EF60047F0351CF7F03710CEFB401161267B5900A337401F0A37480F07F031266267F0351CF7F02710CEFB40110711D26
:406AC000900A337401F0A37480F07F0211FC22EFD394004036EF94095031EF75F00BA42436F582E43409F583E4F0EF75F00BA4243AF582E43409F583E0FE75F010EFA42498
:406B0000FEF582E5F0345FF583EEF022EF75F00BA42436F582E43409F583E0FF2271337E007C017D801244A274032FF974003EFA7B0122906465E0FF22E4FF900922E060DD
:406B400004E0FFE4F02274122FF582E43409F583E0FF22EFD394004017EF9409501275F010EFA424FEF582E5F0345FF5837408F022EA494B6015E4900BB5F0900BB8F090E2
:406B80000BBAEBF0A3EAF0A3E9F022900BB8E01470028133147002816414700281962403600281B2900BBAE0FBA3E0FAA3E0F9900BB5E0FFE92FF9E43AFA12447770049097
:406BC0000BB5F0900BBAE0FBA3E0FAA3E0F9900BB5E0FF04F0E92FF9E43AFA124477FFC39461400AEFD3947A500474E02FFFEFC394224006EFD3945A4008900BB67407F09A
:406C0000800F749B2FF582E4340BF583E0900BB6F0900BB6E0FF5407A3F070037406F0EFB40710900BB97402F0E4900BB7F0A37403F022900BB6E0FF30E708900BB9740379
:406C4000F08006900BB97401F0EF25E0900BB6F0A3E014F0125DEAEF54FEFF125C61900BB87402F0900BB9E07025900BB87403F0900BB7E07008900BB97402F08005E49028
:406C80000BB9F0125DEAEF4401FF125C618007900BB9E014F022900BB9E07010900BB7E07003A3F022900BB87401F022900BB9E014F022E4900A3AF0A3F0FBFA7D017F0174
:406CC00091D0126725B115E47F01FEFDFC025B77900A38EAF0A3EBF0AE05E4900CFAF0AD07AF06AB07900A40F0A3F0A3F0FF12B2DD900CFAE0FF900A38E0FCA3E0FDA3E088
:406D0000FAA3E0FBF1D3900CFAE0FFE4FDB124900CFAE0FF229064947420F0906493F0906492F022AC077B01ECC39418503375F010ECA42410F582E5F03470F583E054F167
:406D4000FAED540725E0FFE433AE02EF4AFF75F010ECA42410F582E5F03470F583EFF0E41BAF0322900A39EAF0A3EBF0AE05900CF57403F0AD07AF06AB07E4900A40F0A339
:406D8000F0A3F07F0312B2DD900CF5E0FF900A39E0FCA3E0FDA3E0FAA3E0FBF1D3900CF5E0FF7D01B124900CF5E0FF22900A39EAF0A3EBF0AE05900CF67404F0AD07AF0639
:406DC000AB07900A40F0E4A3F0A3F07F0412B2DD900CF6E0FF900A39E0FCA3E0FDA3E0FAA3E0FBF1D3900CF6E0FF7D01B124900CF6E0FF22E4900A3BF0A3F0FBFA7D017F05
:406E000001B1ACE4900A3BF0A3F0FBFA7D017F01B164E4900A36F0900A36E0C394035019D161900A36E02404F582E43409F583EFF0900A36E004F080DEE4900A36F0900A60
:406E400036E0C394035019D161900A36E0240CF582E43409F583EFF0900A36E004F080DE22900A3874FFF0124D3B900CD4E0D394184023900CD3E0FE900A38F0900CD4E0B4
:406E800014F075F008EEA42400F582E5F03478F583E0900CD3F0124CE8900A38E0FF22E4900A3BF0A3F0FBFA7D017F01F143E4900A3BF0A3F0FBFA7D017F01F18BE4900A57
:406EC0003BF0A3F0FBFA7D017F0112B356E4900A36F0900A36E0C394035019D161900A36E02407F582E43409F583EFF0900A36E004F080DEE4900A36F0900A36E0C3940303
:406F00005019D161900A36E0240FF582E43409F583EFF0900A36E004F080DEE4900A36F0900A36E0C394035019D161900A36E02400F582E43400F583EFF0900A36E004F03B
:406F400080DE22900A39EAF0A3EBF0AE05900CF77405F0AD07AF06AB07900A40F0E4A3F0A3F07F0512B2DD900CF7E0FF900A39E0FCA3E0FDA3E0FAA3E0FBF1D3900CF7E0D0
:406F8000FF7D01B124900CF7E0FF22900A39EAF0A3EBF0AE05900CF87406F0AD07AF06AB07900A40F0E4A3F0A3F07F0612B2DD900CF8E0FF900A39E0FCA3E0FDA3E0FAA338
:406FC000E0FBF1D3900CF8E0FF7D01B124900CF8E0FF22900A3EECF0A3EDF0A3EAF0A3EBF0900A3DEFF0900A427401F0EFC394185053900A3DE075F008A42404FFE5F03478
:4070000076FE900A43F0A3EFF0AA06F97B01900A3EE0FCA3E0FD124D86900A3DE075F008A42406FFE5F03476FE900A43F0A3EFF0AA06F97B01900A40E0FCA3E0FD124D8652
:40704000E4900A42F0900A42E0FF22906461E0FD7C0020E0024126906464E0FEE42DFDEC3EFCFEAF05ED2410FFEE34AA900A2FF0A3EFF0900CB9E0FEA3E0FF900A2FE0FCCF
:40708000A3E0FDC39FFFEC9EA3F0A3EFF0EC1243BD7B177AB779D178391242121243F6900A33EEF0A3EFF0900A31E0FCA3E0FDEC1243BDE4FBFAF9783F1242121243F690C7
:4070C0000A2FE0FDA3E0900CB9CDF0A3EDF0900A34E02FFF900A33E03EFE900CB8E02FF0900CB7E03EF0D3A3E094E8900CB7E0943F4007743FF0A374E8F0C3900CB8E094B0
:407100000C900CB7E0943A5007743AF0A3740CF0900CBCE07002A3E07002411C900CBBE0602FE4900CB7F0A3F0900CBBE014F06002411C125DEAEF54FEFF125C61900CB709
:40714000743DF0A374F4F07D017F0C7E005127411C900CBDE024FFF0900CBCE034FFF0900A31E0FEA3E0FFC3EE64809480500FC3900CBFE09FF0900CBEE09EF08014900ABA
:4071800031E0FEA3E0FF900CBFE02FF0900CBEE03EF0900CBEE0C313FEA3E013FF900CBEEEF0A3EFF0C39402EE94005018A3E07002A3E0602D900CC1E024FFF0900CC0E04B
:4071C00034FFF0801DD3900CBFE09407900CBEE09400400E900CC1E004F07006900CC0E004F0D3900CC1E09432900CC0E09400402BE4900CBEF0A3F0A3F0A3F0900CBB7470
:40720000C8F0A3740BF0A374B8F0125DEAEF4401FF125C617D017F0D7E005127900CB7E0FEA3E0FF716422900A35EEF0A3EFF0A3EDF07153900A39EFF0715B900A3AEEF01D
:40724000A3EFF0900A35E0FCA3E0FD6F7002EC6E700261529043A2E05401900A38F0A3E0703AA3E0FEA3E0FF4E6004ED4C702DEF4E70117B027A407980124D86904082E0D8
:4072800054BFF022904082E04440F07B027A407980900A35E0FCA3E0FD024D86900A38E06053904001E4F090401004F0904014E4F0904008E0547FF0904082E05408600ACA
:4072C000900A35E07002A3E0702B7B027A407902900A3AE0FCA3E0FD124D869040017407F0904001E0540170F89043A2E054FEF0904001E4F09043A2E05401602F7B027A72
:40730000407902900A35E0FCA3E0FD124D86900A37E060047F0280027F00EF4401904001F0904001E05401602980F6227B027A407980900A35E0FCA3E0FD124D869043A21A
:40734000C083C082E0FF900A38E0FEEF4ED082D083F022904082E05407FF227B027A407980024D77AD07AC06EC906579F0EF906578F022900A331246F3E4FFFEFDFC900AB7
:40738000471246F3900A33E0FCA3E0FDA3E0FEA3E0FF1267F4E41243B8E4FBFAF9784A12431B900A371246F3900A37E0FCA3E0FDA3E0FEA3E0FF1243F6900A3B1246F37F77
:4073C000007E247D747C49900A37E0F8A3E0F9A3E0FAA3E0FB1242121243F67B407A42790F7800124C01AC00AD01AE02AF03900A431246F37F407E427D0F7C00900A3BE06E
:40740000F8A3E0F9A3E0FAA3E0FB1244FF900A43E0F8A3E0F9A3E0FAA3E02FFFEA3EFEE93DFDE83CFC900A3F1246F3900A3FE0FCA3E0FDA3E0FEA3E0FF22900A74E01470D0
:4074400002A166147002A1BF24026002E127900AAEE0FCA3E0FDA3E0FEA3E0FF900A75E0F8A3E0F9A3E0FAA3E0FBC312464D7002A15F124D3BAB07900AAEE0FCA3E0FDA31B
:40748000E0FEA3E0FF900A751246F3AF03124CE8900C4EE014603804704C900A75E0FCA3E0FDA3E0FEA3E0FF7173900A2F1246F3900A2FE0FCA3E0FDA3E0FEA3E0FFE47BF7
:4074C00004FAF9F812458A900A2F1246F38017900A75E0FCA3E0FDA3E0FEA3E0FF1267F4900A2F1246F3E47F64FEFDFC900A2FE0F8A3E0F9A3E0FAA3E0FBD312464D405F35
:40750000900A2FE0FCA3E0FDA3E0FEA3E0FF900A99E0F8A3E0F9A3E0FAA3E0FB12464D603E900A2FE0FCA3E0FDA3E0FEA3E0FF900A991246F3900A99E0FCA3E0FDA3E0FEA8
:40754000A3E0FF900C6A1246F3900A99E0FCA3E0FDA3E0FEA3E0FF128891900AA1EFF0900A74E004F022900AD0E0FF900A7DE06F6047900AD0E014601614601F14602824E0
:4075800003702E900A817401F0A37490F08022900A817402F0A37458F08016900A817403F0A37420F0800A900A817403F0A374E8F0900AD0E0900A7DF0900A74E004F09094
:4075C0000A99E0FCA3E0FDA3E0FEA3E0FF900A79E0F8A3E0F9A3E0FAA3E0FBC312464D7002E122900A99E0FCA3E0FDA3E0FEA3E0FF900AC81246F3900A03E024BD7002C17A
:40760000C824F77002C18B24F7604324146002E10E900AC8E0FCA3E0FDA3E0FEA3E02454FFEE342EFEE43DFDE43CFCC007900AC7E0FFFB3395E0FAF9F8D007C3EF9BFFEEFB
:407640009AFEED99FDEC98FCA31246F3E10E900AC8E0FCA3E0FDA3E0FEA3E024E0FFEE342EFEE43DFDE43CFCC007900AC7E0FFFB3395E0FAF9F8D007C3EF9BFFEE9AFEED1A
:4076800099FDEC98FCA31246F3E10E900AC8E0FCA3E0FDA3E0FEA3E024E0FFEE342EFEE43DFDE43CFCC007900AC7E0FFFB3395E0FAF9F8D007C3EF9BFFEE9AFEED99FDECDD
:4076C00098FCA31246F38046900AC8E0FCA3E0FDA3E0FEA3E024E0FFEE342EFEE43DFDE43CFCC006C007900A81E0FEA3E0FFFBAA06EA3395E0F9F8D007D006C3EF9BFFEED8
:407700009AFEED99FDEC98FC900AAA1246F3900A99E0FCA3E0FDA3E0FEA3E0FF900A791246F3E4900A74F022900A4FEFF0A3EDF0900B39E0B408004003027A20907743F852
:4077400028287302775B0278BE0278E302791502794402796A0279CE0279FD900A55E0FCA3E0FDA3E0FEA3E0FFE41243B8C004C005C006C007900A51E0FCA3E0FDA3E0FECB
:40778000A3E0FFE41243B8D003D002D001D00012431BE4FBFAF978431242121243F6900B2D1246F3900A50E0FF7E007C007D8012479C900B2DE0F8A3E0F9A3E0FAA3E02F4F
:4077C000FFEA3EFEE93DFDE83CFCE42FFFEE34FEFEED34FFFDEC34FFFC900B2D1246F3900A55E0FCA3E0FDA3E0FEA3E0FFE41243B8C004C005C006C007900A51E0FCA3E007
:40780000FDA3E0FEA3E0FFE41243B8D003D002D001D00012431BE4FBFAF978431242121243F6900B311246F3900B31E0FCA3E0FDA3E0FEA3E0FF900A55E0F8A3E0F9A3E05B
:40784000FAA3E0FB1244FFC004C005C006C007E47F80FEFDFC900A51E0F8A3E0F9A3E0FAA3E0FB1244FFD003D002D001D000C3EF9BFFEE9AFEED99FDEC98FC900B3112467D
:40788000F3900A55E0FCA3E0FDA3E0FEA3E0FF900B351246F3900B35E0FCA3E0FDA3E0FEA3E0E4FFEEE4FDFC780812465EAD07900A4FE0FF5126900B39E004F04120900AC2
:4078C0004FE004FFC007900B35E0FCA3E0FDA3E0FEA3E0FFE4AD07D0075126900B39E004F04120900A4FE02402FFC007900B2DE0FCA3E0FDA3E0FEA3E0E4FFFEED5403FD72
:40790000E4FC781012465EAD07D0075126900B39E004F04120900A4FE02403FFC007900B2DE0FCA3E0FDA3E0FEA3E0E4FFEEE4FDFC780812465EAD07D0075126900B39E0A6
:4079400004F04120900A4FE02404FFC007900B2DE0FCA3E0FDA3E0FEA3E0FFE4AD07D0075126900B39E004F04120900A4FE02405FFC007900B31E0FCA3E0FDA3E0FEA3E001
:40798000E4FFFEED540FFDE4FC781012465EC004C005C006C007A3E0FCA3E0FDA3E0FEA3E0E4FFFEED540FFDE4FC780C12465ED003D002D001D000EF4BFFEE4AED49EC48F9
:4079C000AD07D0075126900B39E004F08052900A4FE02406FFC007900B31E0FCA3E0FDA3E0FEA3E0E4FFEEE4FDFC780812465EAD07D0075126900B39E004F08023900A4F0C
:407A0000E02407FFC007900B31E0FCA3E0FDA3E0FEA3E0FFE4AD07D0075126E4900B39F0900B39E0FF22900A5B7401F0E4A3F0900A59EFF0A3EDF07B017A0A7959900A61F7
:407A40007402F0E4A3F07F6012C2FB900A5CEFF0126768EF30E1F9F16BEF64026005E4900A5BF0900A5BE0FF22900A36EFF0E4900A3BF0FF7ED77DA37C701267F4900AB286
:407A80001246F3900A36E0FD7FB75126900A3BEFF070026135E4FFFEFDFC900A37E0F8A3E0F9A3E0FAA3E0FBC312464D6014900A37E0FCA3E0FDA3E0FEA3E0FF900AC312F0
:407AC00046F37D807F105126900A3BEFF07D807F115126900A3BEFF07D807F125126900A3BEFF07D0C7F105126900A3BEFF07D0C7F115126900A3BEFF07D0C7F125126907D
:407B00000A3BEFF0E4FDFFF1D8E4FFB1547F01B154E4FD7F01D102E4FD7F02D102E4FD7F01B16FE4FD7F02B16FE4FD7F01B1A7E4FD7F02B1A7900A3BE0FF7E0022900A4FEF
:407B4000EFF0900B46E0B408004002A14E907B54F8282873027B6C027BD8027BFD027C43027C72027C98027CFC027D2BE47F80FEFDFC900A50E0F8A3E0F9A3E0FAA3E0FBA8
:407B80001244FFE42FFFEE34FEFEED34FFFDEC34FFFC900B3A1246F3E4FFFEFDFC900B3E1246F3E47F01FEFDFC900B421246F3900B42E0FCA3E0FDA3E0FEA3E0E4FFEEE475
:407BC000FDFC780812465EAD07900A4FE0FF5126900B46E004F0A14E900A4FE004FFC007900B42E0FCA3E0FDA3E0FEA3E0FFE4AD07D0075126900B46E004F0A14E900A4F7D
:407C0000E02402FFC007900B3AE0FCA3E0FDA3E0FEA3E0E4FFFEED5403FDE4FC781012465EA804A905AA06AB07900A54E0FFE4EB4FFFEAE9E8AD07D0075126900B46E004DB
:407C4000F0A14E900A4FE02403FFC007900B3AE0FCA3E0FDA3E0FEA3E0E4FFEEE4FDFC780812465EAD07D0075126900B46E004F0A14E900A4FE02404FFC007900B3AE0FC48
:407C8000A3E0FDA3E0FEA3E0FFE4AD07D0075126900B46E004F0A14E900A4FE02405FFC007900B3EE0FCA3E0FDA3E0FEA3E0E4FFFEED540FFDE4FC781012465EC004C005F1
:407CC000C006C007A3E0FCA3E0FDA3E0FEA3E0E4FFFEED540FFDE4FC780C12465ED003D002D001D000EF4BFFEE4AED49EC48AD07D0075126900B46E004F08052900A4FE039
:407D00002406FFC007900B3EE0FCA3E0FDA3E0FEA3E0E4FFEEE4FDFC780812465EAD07D0075126900B46E004F08023900A4FE02407FFC007900B3EE0FCA3E0FDA3E0FEA3C9
:407D4000E0FFE4AD07D0075126E4900B46F0900B46E0FF22900A3CEFF070067D207FB14126900A3CE0B401067D807FB1512622900A3DEDF0900A3CEFF02410FF7B017A0A75
:407D8000793ED1DF900A3DE0B40107A3E0547FF08007900A3EE04440F0900A3CE02410FF900A3EE0FD4126900A3CEFF0A3EDF07B017A0A793E7F03D1DFEF7045900A3DE072
:407DC000B4011BA3E0FF900A3CE0FE7401A806088002C333D8FCF45F900A3EF0801A900A3EE0FF900A3CE0FE7401A806088002C333D8FC4F900A3EF0900A3EE0FD7F0351D0
:407E00002622900A3DEDF0900A3CEFF0E4900A3FF0EFC394004011900A3CE0D394035008900A3F7418F08016900A3CE0FFC39400400CEFD394035006900A3F7419F0900AF3
:407E40003FE0FF7B017A0A793ED1DF900A3CE0FFC39400403AEFD394035034900A3EE0FF900A3CE025E0FE7403A806088002C333D8FCF45F900A3EF0E0FF900A3DE0FDA8DB
:407E800006088002C333D8FC4F900A3EF08044900A3CE0FFC39400403AEFD394035034900A3EE0FF900A3CE024FC25E0FE7403A806088002C333D8FCF45F900A3EF0E0FF27
:407EC000900A3DE0FDA806088002C333D8FC4F900A3EF0900A3FE0FF900A3EE0FD4126900A40EFF0A3EBF0A3EAF0A3E9F0E4A3F0A3F07B01A304F0A3740AF0A37440F0122A
:407F00006768900A45EFF06480605AA3E0FBA3E0FAA3E0F9900A617401F0E4A3F07F6012C2FB900A45EFF0126768EF30E1F9900A45E07031900A41E0FBA3E0FAA3E0F990E3
:407F40000A4D7401F0E4A3F07F6012C3AA900A45EFF0126768EF30E0F9900A45E06006900A447401F0900A44E0FF22900CC7E0FF22E4900A30F0A3F0A3F0A3F0900A30EF1E
:407F8000F0E4900A34F0900A34E0C3940850437B017A0A7930900A617401F0E4A3F07F4012C2FB900A32EFF0126768EF30E1F9F16B900A33EFF0B40108900A317401F08087
:407FC00011E47F05FEFDFC125B77900A34E004F080B4900A31E0FF22900A3DEDF0900A3CEFF0900A3F7403F0EF2410FF7B017A0A793ED1DFEF7070900A3DE014601D1460CE
:408000002F14604124037050900A3EE0FFA3E0F4FEEF5E900A3EF0E0F0803D900A3EE0FFA3E0F4FEEF5E900A3EF0E04401F08028900A3EE0FFA3E0F4FEEF5E900A3EF0E088
:408040004402F08013900A3EE0FFA3E0F4FEEF5E900A3EF0E04403F0900A3CE02410FF900A3EE0FD127A2622900A361246F37F407E787D7D7C01900A3A1246F3900B67E025
:4080800014700221EB147002E1A6147002E1FE1470030288351470030288712405600302888B9009A6E024FE601D14604124037056900A36E0FCA3E0FDA3E0FEA3E0FF9034
:4080C0000B6E1246F38040900A36E0FCA3E0FDA3E0FEA3E02464FFE43EFEE43DFDE43CFC900B6E1246F39009A67403F08019900A36E0FCA3E0FDA3E0FEA3E0FF900B6E120E
:4081000046F3E49009A6F0900CEDE060022195900A04E0FCA3E0FDA3E0FEA3E0FF900B6EE0F8A3E0F9A3E0FAA3E02FFFEA3EFEE93DFDE83CFC900B5CE0F8A3E0F9A3E0FAB9
:40814000A3E0FBC312464D700302888B900A04E0FCA3E0FDA3E0FEA3E0FF900B6EE0F8A3E0F9A3E0FAA3E02FFFEA3EFEE93DFDE83CFC900B6A1246F3900B6AE0FCA3E0FDEF
:40818000A3E0FEA3E0FF900B5C1246F3900B67E004F002888B900B6EE0FCA3E0FDA3E0FEA3E0FF900B5CE0F8A3E0F9A3E0FAA3E0FBC312464D700302888B900B6EE0FCA369
:4081C000E0FDA3E0FEA3E0FF900B6A1246F3900B6EE0FCA3E0FDA3E0FEA3E0FF900B5C1246F3900B67E004F002888B900A97E0900B68F0900A80E0900B69F0E0FC1243C2D5
:40820000E4FBFA79C8784212431B900A421246F3900A42E0F8A3E0F9A3E0FAA3E0FBC000C001C002C003900B68E0FC1243C2D003D002D001D000124121900A421246F3903B
:408240000B6AE0FCA3E0FDA3E0FEA3E0FFE41243B87B007A247974784912431B900A3E1246F3900A42E0FCA3E0FDA3E0FEA3E0FF900A3EE0F8A3E0F9A3E0FAA3E0FB124229
:4082800012E4FBFA798078C0124212900A3E1246F3900A3EE0FCA3E0FDA3E0FEA3E0FF1243F6900A4A1246F3E4FFFEFDFC900A4AE0F8A3E0F9A3E0FAA3E0FBC312463750B9
:4082C00051E47B04FAF9F8900A4AE0FCA3E0FDA3E0FEA3E0FF124C01AC00AD01AE02AF03E4FBFAF9F8C31246377002617D900A4AE0FCA3E0FDA3E0FEA3E0FFE40BF8EF2BD1
:40830000FFEA3EFEE93DFDE83CFC900A4A1246F380AFE4FFFEFDFC900A4AE0F8A3E0F9A3E0FAA3E0FBD31246374052E47B04FAF9F8900A4AE0FCA3E0FDA3E0FEA3E0FF12D3
:408340004C01AC00AD01AE02AF03E4FBFAF9F8C31246376028900A4AE0FCA3E0FDA3E0FEA3E0FF74FFEF24FFFFEE34FFFEED34FFFDEC34FFFC900A4A1246F380AE900B6AD0
:40838000E0FCA3E0FDA3E0FEA3E0FFE47B04FAF9F81244FF900B6A1246F3900B6AE0F8A3E0F9A3E0FAA3E0FB900A4AE0FCA3E0FDA3E0FEA3E0FFEB2FFFEA3EFEE93DFDE88A
:4083C0003CFC900B6A1246F3E4900B64F0900A4EF07F06FEFDFC900B60E0F8A3E0F9A3E0FAA3E0FBC312464D500281AAE4FFFEFDFC900B6AE0F8A3E0F9A3E0FAA3E0FBD39E
:4084000012464D500281AA900B60E0F8A3E0F9A3E0FAA3E0FB7F007EE97DA47C3512458A900B6AE0F8A3E0F9A3E0FAA3E0FBD312464D5076900B6AE0FCA3E0FDA3E0FEA320
:40844000E0FF900B60E0F8A3E0F9A3E0FAA3E0FB1244FF900B471246F37F007E467DC37C23900B47E0F8A3E0F9A3E0FAA3E0FBC312464D4035900A3AE0F8A3E0F9A3E0FA7C
:40848000A3E0FB900B47E0FCA3E0FDA3E0FEA3E0FF12458A900B4FEFF0C3940F400CE0D3945A5006900A4E7401F0900A4EE06020900B60E0FCA3E0FDA3E0FEA3E0FF900B20
:4084C000581246F3900B647401F0900AA1F0C1AC900B6AE0F8A3E0F9A3E0FAA3E0FB7F807E177DB47C2C12458A900B581246F3E47F06FEFDFC900B58E0F8A3E0F9A3E0FAD9
:40850000A3E0FBC312464D500CE47F06FEFDFC900B581246F3E47F087E07FDFC900B58E0F8A3E0F9A3E0FAA3E0FBD312464D400DE47F087E07FDFC900B581246F3900B5851
:40854000E0FCA3E0FDA3E0FEA3E05401FFE4FEFDFCEF6026900B58E0FCA3E0FDA3E0FEA3E0FF74FFEF24FFFFEE34FFFEED34FFFDEC34FFFC900B581246F3E47F06FEFDFC2C
:40858000900B58E0F8A3E0F9A3E0FAA3E0FBC312464D500CE47F06FEFDFC900B581246F3900B6AE0FCA3E0FDA3E0FEA3E0FF900B58E0F8A3E0F9A3E0FAA3E0FB1244FF908C
:4085C0000B471246F37F007EE97DA47C35900B47E0F8A3E0F9A3E0FAA3E0FBD312464D501B7F007E467DC37C23900B47E0F8A3E0A3E0A3E0C312464D4002C1A3900B6AE0BA
:40860000F8A3E0F9A3E0FAA3E0FB7F007EE97DA47C3512458A900B581246F3900B58E0FCA3E0FDA3E0FEA3E05401FFE4FEFDFCEF6026900B58E0FCA3E0FDA3E0FEA3E0FFAB
:4086400074FFEF24FFFFEE34FFFEED34FFFDEC34FFFC900B581246F3E47F06FEFDFC900B58E0F8A3E0F9A3E0FAA3E0FBC312464D500CE47F06FEFDFC900B581246F3900B42
:408680006AE0FCA3E0FDA3E0FEA3E0FF900B58E0F8A3E0F9A3E0FAA3E0FB1244FF900B471246F3E4900B64F0900AA1F0900A3AE0F8A3E0F9A3E0FAA3E0FB900B47E0FCA3AB
:4086C000E0FDA3E0FEA3E0FF12458A900B4FEFF0900A3AE0F8A3E0F9A3E0FAA3E0FB900B47E0FCA3E0FDA3E0FEA3E0FF12458AAC00AD01AE02AF03900B4B1246F3900B4BD8
:40870000E0FCA3E0FDA3E0FEA3E0FFE41243B8900A461246F3900A46E0FCA3E0FDA3E0FEA3E0FF7BF07AFF797F7849124212900A461246F3900A46E0FCA3E0FDA3E0FEA3F1
:40874000E0FFC004C005C006C007900A3AE0FCA3E0FDA3E0FEA3E0FFE41243B8A804A905AA06AB07D007D006D005D00412431B900A461246F3900A46E0FCA3E0FDA3E0FE76
:40878000A3E0FF1243F6900B501246F37FFF7EFF7D0F7C00900B541246F3E4900B66F0A3E004F002888B900B64E07011A3E0700D7D807F10127A26900B657401F0900B502A
:4087C000E0FCA3E0FDA3E0FEA3E0FF900A511246F3900B54E0FCA3E0FDA3E0FEA3E0FF900A551246F3900B4FE0FD7F1A127728EF600302888B900B67E004F002888B900B5E
:4088000064E06008900B67E004F0807F900B58E0FCA3E0FDA3E0FEA3E0FF900A501246F3E4900A54F07F2A127B3DEF705E900B67E004F08056900AA1E070157DA07FB11293
:408840007A26900AA17401F0900B667406F08005E4900B66F0900B58E0FCA3E0FDA3E0FEA3E0FF900B601246F3900B677405F0801A900B66E0600414F080107D4F7F101210
:408880007A26E4900B65F0900B67F0900B67E0FF22900A331246F3900A377401F0E4FFFEFDFC900A70E0F8A3E0F9A3E0FAA3E0FBC312464D7017900A33E0FCA3E0FDA3E033
:4088C000FEA3E0FF900A701246F37F0022900A70E0FCA3E0FDA3E0FEA3E0FFFBAA06A905A804900A33E0FCA3E0FDA3E0FEA3E0C39BFFEE9AFEED99FDEC98FC124DAB900ADD
:40890000381246F37F807E847D1E7C00900A38E0F8A3E0F9A3E0FAA3E0FBC312464D4007E4900A37F08079E47BE87A03F9F8900A33E0FCA3E0FDA3E0FEA3E0FF12458AE488
:408940007B107A27F9F81244FFE47BE87A03F9F812458A900A3C1246F3900A3CE0A3E0A3E0FEA3E0C394F4EE9401500DE47FF47E01FDFC900A3C1246F3900A3CE0FCA3E041
:40898000FDA3E0FEA3E0FF900A38E0F8A3E0F9A3E0FAA3E0FBD312464D4005E4900A37F0900A33E0FCA3E0FDA3E0FEA3E0FF900A701246F3900A37E0FF22E4900A36F0A39A
:4089C000F0124C79E47F64FEFDFC125B777B007A808B828A83E0900A97F08B828A83A3E0900A80F08B828A83A3A3A3E0900A36F0EB2404F582E43AF583E0900A37F0900AD9
:408A000036E0B40112900A97E0FF3395E0FE7CFF7DFF1244A2EFF0900A37E0B40112900A80E0FF3395E0FE7CFF7DFF1244A2EFF0AE02AF038F828E83A3A3E0900CE9F022AF
:408A40005172124D3B9043A0E04408F09043B0E04408F090470174C8F09043ACE04410F09043BCE04410F0904700E0542060F8024CE85188900A38EFF0700751D4900A3860
:408A8000EFF0900A38E0FF2271317170EF7039F145900A39EFF06407702A904722E0540270087F01FE124C7C80F0904722E054026009E0FF1313543FFF80027FFFEF7004FB
:408AC000900A39F071268006900A397404F0900A39E0FF227131900A3974FFF07170EF70397F019144EF6407702C7B017A0C79DE7D0212D094EFB40215E4900A39F0904765
:408B000022E0540270107F01FE124C7C80F0904722E0540260D471268006900A397404F0900A39E0FF22124D3BE4900CFEF0024CE8124D3B9043A0E04408F09043B0E044F8
:408B400008F0024CE8900A3074FFF071317170EF70127F019144EFB40706900A307407F071268006900A307404F0900A30E0FF22900A3E7404F0124D3B900CFEE070070483
:408B8000F0E4900A3EF0124CE8900A3EE0FF22900A39EBF0A3EAF0A3E9F0A3EDF07131900A3CE0C39480400281387170EF60028130900A3D74FFF0900A39E0FBA3E0FAA3BE
:408BC000E0F9900A42E4F0A37410F07F4012D0F4EF64077069904722E0540260F8904722E054026009E0FF1313543FFF80027FFFEF7004900A3DF0900A3DE0702B900A3C05
:408C0000E0FD7C00900CDEE0FBA3E0900A42F07F4012D167EFB40708900A3D7407F0801E900A3D74FFF08016900A3D74FFF0800E900A3D7404F08006900A3D7401F0900A69
:408C40003DE0FF227E07904722E05402601F90472074B6F074E1F0740EF0904722E054027007904720EFF080067E0980027E04AF06227131904722E054026023E05402606D
:408C800009E0FF1313543FFF80027FFFEF7006900A39F08006900A3974FFF071268006900A397407F0900A39E0FF22900A30EBF0A3EAF0A3E9F0904722E054026002A150E1
:408CC000E0FF1313543F6002A148E05401602C904720E0900A33F0904722E054016003D38001C340097F017E00124C7C80E9904720E0900A34F0E4A3F08006900A3574072E
:408D0000F0900A35E0704F900A33E0B40116A3E0FF900A30E0FBA3E0FAA3E0F9E48FF01244E0801D900A34E0FFC3E49FFFE49400F9900A30E0FBA3E0FAA3E0C98FF0124461
:408D4000E0E4900A35F0800E900A357407F08006900A357410F0900A35E0640760027126900A35E0FF22E4900A2FF0FFFEFDFC900C78E0F8A3E0F9A3E0FAA3E0FBC31246EB
:408D80004D6002C14F900C74E07002A3E06002C140900C73E0146041147002C11D24026002C1757145900A2FEFF024FC601724F4600D24096002C175900C73E004F022E4BE
:408DC000900C73F0227B017A0C797691AB900A2FEFF0E4900C73F022227B017A0C797691AB900A2FEFF024F9602524F7602824106002C175900C76E0FEA3E0FFEE3395E068
:408E0000FDFC900C811246F3900C73E004F022900C737401F022E4900C73F02222900C81E0FCA3E0FDA3E0FEA3E0FFA31246F3900C747427F0A37410F0E4900C73F02222CC
:408E4000900C75E024FFF0900C74E034FFF022900C78E0FCA3E0FDA3E0FEA3E0FF74FFEF24FFFFEE34FFFEED34FFFDEC34FFFC900C781246F322E4900A34F0900A37F0A3E4
:408E8000F0900A357480F0A3E4F09172900A34EFF0E064077002E13D900A377405F0900A37E0FFC39410501474892FF582E4340CF583E4F0900A37E004F080E2900A97E02D
:408EC000C364809480501AE0FF3395E0FE7CFF7DFF1244A2900C89EFF0900C8C7401F0800D900A97E0900C89F0E4900C8CF0900A80E0C364809480501AE0FF3395E0FE7C79
:408F0000FF7DFF1244A2900C8AEFF0900C8D7401F0800D900A80E0900C8AF0E4900C8DF0900CE9E0900C8BF07B017A0C7989E4FD718FE49009FFF09009A67402F0900A3451
:408F4000E0FF7E00227F07904722E05402600E90472074B6F074E0F0740DF080027F0422E4900A31F0A3F0A3F0900A2F7480F0A3E4F0900A97E0900A32F0900A80E0900A18
:408F800033F09009FFE0B40322900ABEE0900A32F0900AA2E0900A33F0900A32E0900A97F0900A33E0900A80F0D17622900A99E0FCA3E0FDA3E0FEA3E0FF900CE0E0F8A3FA
:408FC000E0F9A3E0FAA3E0FBC312464D700302955B900A99E0FCA3E0FDA3E0FEA3E0FF900CE01246F3900CE0E0FCA3E0FDA3E0FEA3E0FF124731901201FCA055901901FED6
:40900000525C90210200046390290201B66A0000902FE4900CE9F08016900CE97401F0800E900CE97402F08006900CE97403F07FC07E3B7D477C03900CE0E0F8A3E0F9A35B
:40904000E0FAA3E0FBD312464D4008900CA2740CF021E47FC07E057DD97C01900CE0E0F8A3E0F9A3E0FAA3E0FBD312464D4008900CA2740BF021E47F807EBA7D8C7C019006
:409080000CE0E0F8A3E0F9A3E0FAA3E0FBD312464D4008900CA2740AF021E47F807EB17D4F7C01900CE0E0F8A3E0F9A3E0FAA3E0FBD312464D4008900CA27409F021E47FD3
:4090C000C07EEA7D217C01900CE0E0F8A3E0F9A3E0FAA3E0FBD312464D4008900CA27408F021E47F007E247DF47C00900CE0E0F8A3E0F9A3E0FAA3E0FBD312464D400890CA
:409100000CA27407F021E47F007E1B7DB77C00900CE0E0F8A3E0F9A3E0FAA3E0FBD312464D4008900CA27406F021E47F407E547D897C00900CE0E0F8A3E0F9A3E0FAA3E02E
:40914000FBD312464D4008900CA27405F021E47F807E8D7D5B7C00900CE0E0F8A3E0F9A3E0FAA3E0FBD312464D4008900CA27404F080717F407E4B7D4C7C00900CE0E0F8E7
:40918000A3E0F9A3E0FAA3E0FBD312464D4008900CA27403F0804D7FC07EC67D2D7C00900CE0E0F8A3E0F9A3E0FAA3E0FBD312464D4008900CA27402F080297F607EE37DC8
:4091C000167C00900CE0E0F8A3E0F9A3E0FAA3E0FBD312464D4008900CA27401F08005E4900CA2F07F007E367D6E7C01900CE0E0F8A3E0F9A3E0FAA3E0FBD312464D4007F3
:40920000E4FF125FE741987FC07EE17DE47C00900CE0E0F8A3E0F9A3E0FAA3E0FBD312464D40077F01125FE7806E7F407E547D897C00900CE0E0F8A3E0F9A3E0FAA3E0FB71
:40924000D312464D40077F02125FE7804B7FC07E307D467C00900CE0E0F8A3E0F9A3E0FAA3E0FBD312464D40077F03125FE780287F807EB97D2A7C00900CE0E0F8A3E0F92A
:40928000A3E0FAA3E0FBD312464D40077F04125FE780057F05125FE7900CEC7401F07F207E297D1B7C00900CE0E0F8A3E0F9A3E0FAA3E0FBC312464D40247F907EAB7D1E07
:4092C0007C00900CE0E0F8A3E0A3E0A3E0D312464D500BE49009F8F0900CECF0A12E7FC07E197D357C00900CE0E0F8A3E0F9A3E0FAA3E0FBC312464D40267F107E307D3D02
:409300007C00900CE0E0F8A3E0A3E0A3E0D312464D500D9009F87401F0E4900CECF0A12E7F247E087D517C00900CE0E0F8A3E0F9A3E0FAA3E0FBC312464D40267F7C7E9ABF
:409340007D527C00900CE0E0F8A3E0A3E0A3E0D312464D500D9009F87402F0E4900CECF0A12E7FA07E817D6A7C00900CE0E0F8A3E0F9A3E0FAA3E0FBC312464D40267FB085
:409380007E8A7D6F7C00900CE0E0F8A3E0A3E0A3E0D312464D500D9009F87403F0E4900CECF0A12E7F007ECF7D997C00900CE0E0F8A3E0F9A3E0FAA3E0FBC312464D402671
:4093C0007F807E077D9B7C00900CE0E0F8A3E0A3E0A3E0D312464D500D9009F87404F0E4900CECF0A12E7F007E647D137C01900CE0E0F8A3E0F9A3E0FAA3E0FBC312464DDE
:4094000040267F907E407D157C01900CE0E0F8A3E0A3E0A3E0D312464D500D9009F87406F0E4900CECF0A12E7F607E517DD57C00900CE0E0F8A3E0F9A3E0FAA3E0FBC312F6
:40944000464D40267FC07E1D7DDB7C00900CE0E0F8A3E0A3E0A3E0D312464D500D9009F87405F0E4900CECF0A12E7F207E217D407C01900CE0E0F8A3E0F9A3E0FAA3E0FB2B
:40948000C312464D40267F207E747D477C01900CE0E0F8A3E0A3E0A3E0D312464D500D9009F87407F0E4900CECF0A12E7F707E7C7D7B7C01900CE0E0F8A3E0F9A3E0FAA3E5
:4094C000E0FBC312464D40267F407E787D7D7C01900CE0E0F8A3E0A3E0A3E0D312464D500D9009F87408F0E4900CECF080407FE07EF07DAA7C01900CE0E0F8A3E0F9A3E008
:40950000FAA3E0FBC312464D40247FB07E567DC57C01900CE0E0F8A3E0A3E0A3E0D312464D500B9009F87409F0E4900CECF07FE07EF07DAA7C01900CE0E0F8A3E0F9A3E057
:40954000FAA3E0FBC312464D4011900A02E0600B9009F87409F0E4900CECF07F002290FFFC12476B1246F390FFF612476B7B0190000612478FA982AA83850883850982EB98
:40958000F0A3EAF0A3E9F07B0190000A12478FA982AA8390000312478FEBF0A3EAF0A3E9F090000312478FE0FBA3E0FAA3E02403F9E43AFA124477FF850883850982E0FBC8
:4095C000A3E0FAA3E0F9EF12449090000312478FE0FBA3E0FAA3E02402F9E43AFA124477FF850883850982E0FBA3E0FAA3E02401F9E43AFAEF12449090000312478FE0FBE8
:40960000A3E0FAA3E02401F9E43AFA124477FF850883850982E0FBA3E0FAA3E02402F9E43AFAEF12449090000312478FE0FBA3E0FAA3E0F9124477FF850883850982E0FB0B
:40964000A3E0FAA3E02403F9E43AFAEF12449090000612478FE0FCA3E0FDA3E0FEA3E0FF90000E02476BE4FF900CEDE060037410FF90099CE0FE30E004EF4420FFEE30E104
:4096800004EF4402FF22E4900A0DF0906000E0900A0EF0906001E0900A0FF0900A0EE05480648060030299BAA3E012470B96E100970D0298E506982D20990533974C3A971A
:4096C000723C97A53D97D03F97F250980651992C94997495986CA4988BA598AEBF000099BA900C4A7497F0A37404F09009187401F0A3740CF0A3744AF0900916E4F0A37412
:4097000002F0129D3E900A0DEFF00299BAD166900C4AEFF0E0FCA3E0FDA3E0FEA3E0FFEEEDEC4408FC900C4A1246F39009187401F0A3740CF0A3744AF0900916E4F0A30430
:40974000F0129D3E900A0DEFF00299BA7A0A79AE9009187401F0A3740AF0A374AEF0900916E4F0A37404F0129D3E900A0DEFF00299BA7F707E3D7D0A7C071267F4900C4A4D
:409780001246F39009187401F0A3740CF0A3744AF0900916E4F0A37404F0129D3E900A0DEFF00299BA7A0A79B29009187401F0A3740AF0A374B2F0900916E4F0A37404F071
:4097C000129D3E900A0DEFF0E4900C4EF00299BA9009187401F0A3740AF0A374B8F0900916E4F0A37406F0129D3E900A0DEFF00299BA906002E030E008900CED7401F0804D
:4098000005E4900CEDF0129666900C4AEFF09009187401F0A3740CF0A3744AF0900916E4F0A304F0B13E900A0DEFF021BA906003E06487600221BA7B027A607904124D776A
:40984000EF64014E600221BA900C4AF07B0190091804F0A3740CF0A3744AF0900916E4F0A304F0B13E900A0DEFF021BA9009187401F0A37409F0A3749CF0900916E4F0A355
:4098800004F0B13E900A0DEFF021BA7A0979A29009187401F0A37409F0A374A2F0900916E4F0A304F0B13E900A0DEFF021BA900C85E0FCA3E0FDA3E0FEA3E0FF12955E9078
:4098C0000C541246F39009187401F0A3740CF0A37454F0900916E4F0A37404F0B13E900A0DEFF021BA9009187401F0A3740AF0A37410F0900916E4F0A37404F0B13E900A06
:409900000DEFF021BA900A97E0900C45F09009187401F0A3740CF0A37445F0900916E4F0A304F0B13E900A0DEFF021BA900A97E0FF3395E0FEFDFC900C461246F3900C46E1
:40994000E0FCA3E0FDA3E0FEA3E0FF12955E900C501246F39009187401F0A3740CF0A37450F0900916E4F0A37402F0B13E900A0DEFF08046900A80E0FF3395E0FEFDFC90DD
:409980000C461246F3900C46E0FCA3E0FDA3E0FEA3E0FF12955E900C501246F39009187401F0A3740CF0A37450F0900916E4F0A37402F0B13E900A0DEFF0900A0EE05480B0
:4099C0006002A102A3E012470B9A0F309A2F329A53339AC9359A8E3A9B68709BE8719B87729C07739C26759C45769C64779BA67A9C837B9CC17D9CA27F9BC5909CE09C9AE9
:409A0000ECA09B0BA99B2AF39B49F700009D029009187401F0A3740AF0A3748DF0900916E4F0A37406F0B108900A0DEFF0A1027A0A79AE9009187401F0A3740AF0A374AE55
:409A4000F0900916E4F0A37404F0B108900A0DEFF0A1027A0A79BE9009187401F0A3740AF0A374BEF0900916E4F0A304F0B108900A0DEFF0900ABEE0FF3395E0FEFDFC9020
:409A80000C411246F39009FFE04401F0A1027A0A79A29009187401F0A3740AF0A374A2F0900916E4F0A304F0B108900A0DEFF0900AA2E0FF3395E0FEFDFC900C3D1246F318
:409AC0009009FFE04402F0A1027A0A79C79009187401F0A3740AF0A374C7F0900916E4F0A304F0B108900A0DEFF0A1029009187401F0A3740CF0A3744EF0900916E4F0A3BC
:409B000004F0B108900A0DEFF0A1029009187401F0A3740AF0A37402F0900916E4F0A304F0B108900A0DEFF0A1029009187401F0A37409F0A374FBF0900916E4F0A304F0E1
:409B4000B108900A0DEFF0A1029009187401F0A37409F0A374F9F0900916E4F0A304F0B108900A0DEFF0A1029009187401F0A3740AF0A37403F0900916E4F0A304F0B108DD
:409B8000900A0DEFF0A1029009187401F0A37409F0A3749FF0900916E4F0A304F0B108900A0DEFF0A1029009187401F0A37409F0A374A7F0900916E4F0A304F0B108900A73
:409BC0000DEFF0A1027A0A79D09009187401F0A3740AF0A374D0F0900916E4F0A304F0B108900A0DEFF0A1029009187401F0A37409F0A374FEF0900916E4F0A304F0B10811
:409C0000900A0DEFF0A1029009187401F0A37409F0A3749EF0900916E4F0A304F0B108900A0DEFF0A1029009187401F0A37409F0A3749DF0900916E4F0A304F0B108900AFD
:409C40000DEFF0A1029009187401F0A37409F0A374FAF0900916E4F0A304F0B108900A0DEFF0A1029009187401F0A37409F0A374A5F0900916E4F0A304F0B108900A0DEFF7
:409C8000F0807F9009187401F0A3740AF0A37409F0900916E4F0A304F0B108900A0DEFF080609009187401F0A3740AF0A37401F0900916E4F0A304F0B108900A0DEFF0803D
:409CC000419009187401F0A3740AF0A37408F0900916E4F0A304F0B108900A0DEFF080227A0979A09009187401F0A37409F0A374A0F0900916E4F0A37402F0B108900A0D9D
:409D0000EFF0900A0DE0FF2290092D7404F090092C7480F0F1E3906007E0FE906006E0FDEEEDFFD3900917E09F900916E09E4005EEF0A3EFF0900931740BF07F0122900927
:409D400016E07002A3E07004F1C5802F90092D7402F0E490092CF0F1E3906007E0FE906006E0FDEEEDFFD3900917E09F900916E09E4005EEF0A3EFF012B89E7F0122E490B2
:409D80000A17F0906000E0FE5403900A18F0906003E0900A19F0906004E0547F900A1AF0EE54807002E10C900A18E064027043906001E0247F6002E1BF900A19E064016070
:409DC00002E1BF900916F0A37403F0900A1AE075F003A424F7F9740B35F0FA9009187401F0A3EAF0A3E9F0B13E900A17EFF0E1BFE1BF900A18E064016002E1BF906001E02E
:409E0000247E606C147002C19E147002C1CC24857002C1FA247E6002E1BF900A19E0B40121900916E4F0A304F07A0B79F6900918F0A3740BF0A374F6F0B13E900A17EFF09C
:409E4000E1BF900A19E064026002E1BF900916F0A37402F07B017A0C791890091814F0A3740CF0A37418F0B13E900A17EFF0E1BF900A19E064026002E1BF900916F0A37455
:409E800002F07B017A0C791490091814F0A3740CF0A37414F0B13E900A17EFF0E1BF900A19E064026002E1BF900916F0A37402F07B017A0C791690091814F0A3740CF0A380
:409EC0007416F0B13E900A17EFF0E1BF900A19E064026002E1BF900916F0A37402F07B017A0C791290091814F0A3740CF0A37412F0B13E900A17EFF0E1BFE4900916F0A373
:409F0000F0B108900A17EFF0E1BFE1BF900A18E06402704A906001E0146002E1BF900A19E064016002E1BF900916F0A37403F0900A1AE075F003A424F7F9740B35F0FA908A
:409F400009187401F0A3EAF0A3E9F0900A1AE0900C1AF0B108900A17EFF080638061900A18E064017059906001E0147052900A19E0B40121900916E4F0A304F07A0B79F63D
:409F8000900918F0A3740BF0A374F6F0B108900A17EFF0802A900A19E0B40223900916E4F0A37402F07B017A0C791890091814F0A3740CF0A37418F0B108900A17EFF090B3
:409FC0000A17E0FF2290092D7402F090092C7480F0900931740FF0E490091FF0900934F07F0122E4900932F0A3F090091BE0FBA3E0FAA3E04A4B602590091BE0FBA3E0FA5B
:40A00000A3E0F9E412449090091BE0FBA3E0FAA3E02401F9E43AFAE4F5F01244E022C0E0C083C082C085C084C086758600C09375930090099BE4F0D093D086D084D085D070
:40A0400082D083D0E03232C0E0C083C082C085C084C086758600C093759300900C6EE4F0D093D086D084D085D082D083D0E032E4900A2FF09009A0E0FFA3E0FE9009A0E097
:40A08000FDA3E0FCEE603C6C7039EF6D7035900C63E0FDEE6D602CEEF09009FCE0C3945050219009A4E024A8F582E43409F583EFF09009A4E00475F05084E5F0F09009FCCA
:40A0C000E004F0900C58E0B40B00400241B490A0D5F828287302A0F602A11F02A14602A16F02A19802A1C102A1EA02A21302A2B402A2B402A2559009FEE0FF900C59E06F67
:40A100006015900C607471F0A3EFF0900C59F0900C58740AF041B4900C58E004F041B490099EE0FF900C5FE06F6013A37473F0A3EFF0900C5FF0900C58740AF041B4900CB1
:40A1400058E004F041B490099DE0FF900C5BE06F6015900C607475F0A3EFF0900C5BF0900C58740AF041B4900C58E004F041B49009A5E0FF900C5DE06F6015900C607477DB
:40A18000F0A3EFF0900C5DF0900C58740AF041B4900C58E004F041B4900A01E0FF900C5EE06F6015900C60747FF0A3EFF0900C5EF0900C58740AF041B4900C58E004F0414D
:40A1C000B4900A09E0FF900C5AE06F6015900C60747BF0A3EFF0900C5AF0900C58740AF041B4900C58E004F041B49009FAE0FF900C5CE06F6015900C607476F0A3EFF09002
:40A200000C5CF0900C58740AF041B4900C58E004F041B49009FCE0D394004032900C60749CF09009FDE024A8F582E43409F583E0900C61F09009FDE00475F05084E5F0F0D1
:40A240009009FCE014F0900C58740AF08066E4900C58F0805F900C62E0146030047055900C60E0FF127F71900A2FEFF0B4010E900C62E004F0900C58740AF08037E4900C78
:40A2800058F0900C62F0900A08F08028900C61E0FF127F71900A2FEFF0B4010BE4900C62F0900C58F0800DE4900C58F0900C62F0900A08F0900C58E0FF22E4900A31F09039
:40A2C0000C64E0B40B004002A16590A2D1F828287302A2F202A37402A3CF02A41202A45102A46B02A4BE02A4CF02A56502A56502A510900C6AE0FCA3E0FDA3E0FEA3E0FF59
:40A30000900C65E0F8A3E0F9A3E0FAA3E0FBC312464D6047900C6AE0FCA3E0FDA3E0FEA3E0FF128068900C72EFF06002A165900C6AE0FCA3E0FDA3E0FEA3E0FF900C651292
:40A3400046F3900CECE06002A165900A03E064436002A165900C64E004F022900CECE06002A165900A03E064436002A165900C64E004F022124D3B900A30EFF0125FBA9002
:40A380000A2FEFF0A3E0FF124CE8900A2FE0FF30E0089009997401F08005E4900999F0EF30E10890099A7401F08005E490099AF0900999E0600690099AE0700D90099C74FE
:40A3C00001F0900C64E004F022E4900C64F022125DEAEF54EFFF125C61900A81E0FEA3E0FFEE3395E0FDFC900C6AE0F8A3E0F9A3E0FAA3E02FFFEA3EFEE93DFDE83CFC121A
:40A400008068900C72EFF06002A165900C64E004F022125DEA900A31EFF090099FE0B4011B900A31E054F7F054FDF090099B7401F0FFB166900C647405F0800D900A31E087
:40A4400054F7F0900C647404F0900A31E0FF025C61125DEAEF54FDFF125C6190099B7401F0FFB166900C64E004F022124D3B900A30EFF0125FBA900A2FEFF0A3E0FF124CCE
:40A48000E8900A2FE0FF30E0089009997401F08005E4900999F0EF30E10890099A7401F08005E490099AF0900999E07002A16590099AE07002A165900C64E004F022125D2C
:40A4C000EAEF4402FF125C61900C64E004F02290099BE07034900C6AE0FCA3E0FDA3E0FEA3E0FF128068900C72EFF07078125DEA900A31EFF04408F04410FFF0125C61E458
:40A5000090099CF0900C64F022900C64740AF022124D3B900A30EFF0125FBA900A2FEFF0A3E0FF124CE8900A2FE0FF30E0089009997401F08005E4900999F0EF30E10890FC
:40A54000099A7401F08005E490099AF0900999E0600690099AE07007900C647404F022900C647407F022906477EFF02280FE227B007A4079807D0C7C00124D849040827446
:40A580001AF07B007A4079847D027C00124D849040867418F07B007A4079887D6B7C0E124D8490408A7418F07B007A40798C7DBF7C5D124D8490408E7419F07B007A407993
:40A5C0009074FFFDFC124D849040927418F09043007406F09042007452F07B0C7A01790F124D939046A1EFF07B007A4279127D137C33124D849042107401F0E0FFE47FC8D2
:40A600007E32FDFC900A251246F3900A25E0A3E0A3E0FEA3E0D39400EE9400403A904210E054806032E47FE07E01FDFC124D00900A25E0FCA3E0FDA3E0FEA3E0FF74FFEF1C
:40A6400024FFFFEE34FFFEED34FFFDEC34FFFC900A251246F380B3900A25E0A3E0A3E0FEA3E04E70047F01B16C904210E04440F07B007A4279227D147C0C124D84904000CB
:40A680007401F07B007A4279207D517C12124D84E4900A29F07F19FEFDFC900A251246F3900A25E0A3E0A3E0FEA3E0D39400EE9400404AA3E0FF64036043904225E05401A5
:40A6C000FEEF25E04E5403900A29F0E47FE07E01FDFC124D00900A25E0FCA3E0FDA3E0FEA3E0FF74FFEF24FFFFEE34FFFEED34FFFDEC34FFFC900A251246F380A3900A2511
:40A70000E0A3E0A3E0FEA3E04E70047F03B16C7B007A4079047D007C01124D849040047407F0904006E4F09040087448F0904004E4F0904009F09040017402F09043A2E058
:40A74000441FF022E4FFFEFDFC900CE41246F39076007410F09070107401F0907019E4F07B027A78F97DD07C02124D869078027401F0A374A3F07B027A787904C003C00241
:40A78000C0017BFF7A5479E0E9EAE4AD01AC02D001D002D003124D867B027A7879067D087C78124D867B027A7679047D107C00124D867B027A767906E4FDFC124D869070F7
:40A7C00029740BF0907039740DF09070597413F09070697421F0907079742AF09070147401F0907018E0540170F8907028E0540170F8907038E0540170F8907058E05401FD
:40A8000070F8907068E0540170F8907078E0540170F87B087A087920900A2A7401F0A37451F0A37410F07F067E00024C457B0C7A0179CF124D93EF540790586EF0EFC454F7
:40A840000FA3F09058767444F0227B007A4679E8124D93EF4405FD7B007A4679E8124D9F12A7447B007A7679007D047C00124CCF7C577DB07B007A7679087F047E00124C5B
:40A88000A97C577DB47B007A7679107F047E00124CA97B007A7679187D047C00124CCF7C577DB87B007A7679207F047E00124CA97C577DBC7B007A7679287F047E00124C3E
:40A8C000A97C577DC07B007A7679307F047E00124CA97B007A7679387D047C00124CCF7B017A0279D87F047E047D007CC9124D507B017A1679587F847E847D007C04124D40
:40A90000507B017A507903124D93EF4402FD7B017A507903124D9F7B017A507913124D93EF4402FD7B017A507913124D9F9043A0E04440F09043C2E04410F07B087A1F7946
:40A94000CC900A2AE4F0A37451F0A37402F07F087E00124C457B087A1F79D4900A2AE4F0A37451F0A374C2F07F087E00124C457B087A1F79DC900A2AE4F0A37451F0A37428
:40A98000F0F07F0A7E00124C457B087A1F79E8900A2AE4F0A37451F0A37410F07F0A7E00124C457B087A1F79F4900A2AE4F0A37451F0A37420F07F0A7E00124C459044F4CD
:40A9C0007401F0904322E04408F09046ECE0C394055006904689743AF090480074F1F012A56F90480074B1F0112D7B007A4379A0C003C002900A2AEBF0A3EAF0A374B0F069
:40AA0000D002D0037F0E7E00124C459043B0E054FDF022900A2FEFF0A3EDF0900B10E0700851CC900B107401F0900A2FE0FFA3E0FD900A31EDF090092EEFF0E490092DF095
:40AA4000900922F0900930F090091EF0900927F090092FF090091FF09044C27480F0A37401F09044C27420F09044C07404F07408F090609E7406F09044C27440F090609CF9
:40AA80007450F07EB57F109197F1BDF1D7900A31E014600C047012906009E054FEF08010906009E04401F08007906009E04401F09060287403F09060087480F0E47F01FEC6
:40AAC000FDFC124D009060127404F022124D3B900A31EFF09043A5E04401F09043B5E04401F090609D7401F090600904F0906010E0547FF0E4FFFE124C7C904394E054F933
:40AB0000F0906012E054DFF0904394E04401F07F017E00124C7C7F287E00124C7C9051F8E0547FF0E054BFF0904394E04402F07F027E00124C7C904394E04404F090608425
:40AB4000E4F0A3F0FFFEC3EF9409EE9400502174072FF582740B3EF58374FFF074112FF582740B3EF58374FFF00FEF70010E80D6900A31E0FF124CE87D057F17913E7CC9C4
:40AB80007D4D7F1771D87D057F18913E7CB77D827F1871D87D057F15913E7CC97D4C7F1571D87D057F02913E7CC87DAC7F0271D87D057F03913E7CC87DFC7F0371D8E4FDDD
:40ABC0007F16913E7CB67D327F1671D87D057F0C913E7CB17D5B7F0C900A37ECF0A3EDF0900A36EFF0D3941F50028001C340047F009183900A36E0541F25E0FFE433FEE4D7
:40AC00002FFFEE3444FAA9077B01124D77900A39EEF0A3EFF0900A36E075F002A42400FFE5F03444FAA9077B01A3E0FEA3E0FFFDAC06124D86900A39E0FEA3E0FF22900A7A
:40AC400036EFF0A3EDF0D3940750028001C340047F009183900A36E0D3941F50028001C340047F009183900A37E0540775F020A4FF900A36E0541F2480F582E43444F5837B
:40AC8000EFF02290FFFF12476BEFF09046EA7401F090000102476B900A32EEF0A3EFF0F1AC900A32E0FEA3E0FFF1CA7F05F1B39044C07402F0229049D67402F09049C874DA
:40ACC00081F09049CA7437F09049DB7403F0A3E4F09044C97480F07D077F0F913E7CAC7DF97F0F71D8900CEE7410F0E4900CCBF0900CC6F0900CC7F022C0E0C0F0C083C0E9
:40AD000082C085C084C086758600C093759300C0D075D000C000C001C002C003C004C005C006C0079049D7E0900A6FF0900CEEE054407002E17B900A6FE0FF54017002E196
:40AD40004B900CEEE024BA7002C13924FD600B147002C1E424056002E147EF54DF900A6FF0540AFD7C0064087076900CEEE064457061900CCAE0D394004026900CC3E0FBF5
:40AD8000A3E0FAA3E0F91244779049D8F09049D77404F0900CC77401F0900CEE7446F0E14B900CC8E054026015900CCBE0440AF0900CEE7460F09044C97480F0E14B904984
:40ADC000D6E04410F09049D97410F09049D77404F0E14B9049D7E4F0900CEE744AF0E14BED640A4C704D900CCBE044A0F0900CC8E054026029900CCBE0FF900CEEE0540859
:40AE000060047E0180027E02EE44084F900CCBF0900CEE7460F09044C97480F0E14B9049D6E04410F09049D97410F09049D77404F0E14B7F009183E14B900A6FE0540270A7
:40AE40006A900CCAE0FF900CC7E0C39F502B900CC3E0FBA3E0FAA3E0F9900CC7E0FFE92FF9E43AFA1244779049D8F09049D77404F0900CC7E004F0E14B900CC8E054026082
:40AE800015900CCBE0440AF0900CEE7460F09044C97480F0E14B9049D6E04410F09049D97410F09049D77404F0E14B900CC8E054026015900CCBE0449AF0900CEE7460F04E
:40AEC0009044C97480F0E14B9049D6E04410F09049D97410F09049D77404F0900CCBE04490F080679049D8E0FF900CCCE0FBA3E0FAA3E0F9900CC6E0FEE92EF9E43AFAEF7F
:40AF0000124490900CC6E004F0900CC9E0FF900CC6E0C39F50089049D77410F0802D900CC8E054026015900CCBE04409F0900CEE7460F09044C97480F080109049D6E0441F
:40AF400010F0A3E4F080047F009183900A6FE054206036900CCBE0FF900CEEE0540860047E0180027E02EF4E900CCBF09049D6E054EFF0900CEE7410F0800E900CEEE054BF
:40AF8000107006900CEE7410F0D007D006D005D004D003D002D001D000D0D0D093D086D084D085D082D083D0F0D0E0329044C87402F022EFC43354E0904481F022124D3BE9
:40AFC000906595E04410F0024CE87B027A447902AD07AC06024D86124D3B90659AE04410F0024CE8E490092DF0900922F0900930F090091EF0900927F090092FF090091F34
:40B00000F09060287403F09060087480F0227F09117A124D3B906008E0547FF0906012E054FBF09043A5E054FEF09043B5E054FEF09051F8E04480F0E04440F0124CE8905F
:40B0400044CA7480F0A37401F09044CA7420F09044C87404F07408F031489044D97410F0E4900922F0900930F090091EF0900927F090092FF0900B10F022900A3CEFF0C31E
:40B0800094095004E0FF80027F01900A3DEFF0900A3DE0FF2407F582E4340BF583E0F4603074232FF582E4340BF583E0FF126037900A3DE02407F582E4340BF583E0FF314D
:40B0C0000A900A3DE02407F582E4340BF58374FFF0900A3DE02411F582E4340BF583E0FFF46012310A900A3DE02411F582E4340BF58374FFF0900A3DE004F0E0C3940950D5
:40B1000008900A3CE06409608622900A3EEFF0C394805033124D3B900A3FEFF0900CD3E0FF900A3EE0FE75F008A42400F582E5F03478F583EFF0900CD3EEF0A3E004F0909D
:40B140000A3FE0FF124CE82290458FE054407E007806CEC313CE13D8F9FF22C0E0C0F0C083C082C085C084C086758600C093759300C0D075D000C000C001C002C003C0045B
:40B18000C005C006C0073148D007D006D005D004D003D002D001D000D0D0D093D086D084D085D082D083D0F0D0E032900A2FEFF0E4A3F0A3F0A3F0A3F0EF24FD602F0470F4
:40B1C00056900A30E0FAA3E0FBA3E0FFA3E0900A38CFF0A3EFF07D017F205194900A2FE02423F582E4340BF583EFF0802A900A30E0FAA3E0FBA3E0FFA3E0900A38CFF0A3D7
:40B20000EFF07D017F20514B900A2FE02423F582E4340BF583EFF0900A2FE0FFD394004029EF94095024126E61900A2FE02407F582E4340BF583EFF0126E61900A2FE024C9
:40B2400011F582E4340BF583EFF022900A36EAF0A3EBF0AE05900CFC7402F0AD07AF06AB07900A40F0E4A3F0A3F07F0251DD900CFCE0FF900A36E0FCA3E0FDA3E0FAA3E090
:40B28000FB126FD3900CFCE0FF7D02126D24900CFCE0FF22900A36EAF0A3EBF0AE05900CFD7401F0AD07AF06AB07900A40F0E4A3F0A3F07F0151DD900CFDE0FF900A36E06F
:40B2C000FCA3E0FDA3E0FAA3E0FB126FD3900CFDE0FF7D02126D24900CFDE0FF22AC077A01ECC39418506CEB540175F080A4FFED547F4FFF75F008ECA42400F582E5F03493
:40B3000076F583EFF0900A41E0540F75F010A4FF900A40E0540F4FFF75F008ECA42401F582E5F03476F583EFF0900A42E0540FFF75F008ECA42402F582E5F03476F583EF92
:40B34000F075F008ECA42403F582E5F03476F583E4F01AAF0222900A39EAF0A3EBF0AE05900CF97407F0AD07AF06AB07E4900A40F0A3F0A3F07F0751DD900CF9E0FF900AFB
:40B3800039E0FCA3E0FDA3E0FAA3E0FB126FD3900CF9E0FF7D01126D24900CF9E0FF22900A6CEFF0ED60028158E0FD2407F582E4340BF583E075F008A42400FEE5F03478C3
:40B3C000900A6DF0A3CEF0ED25E024F5F582E4340AF583E0FEA3E024E0FDEE34FFFC900A6DE0FEA3E0AA06F97B01124D86900A6CE0FD2407F582E4340BF583E075F008A4D7
:40B400002404FEE5F03478900A6DF0A3CEF0ED75F003A424DAF582E4340AF583E0FBA3E0FAA3E0F92420FFE43AFEE43BFDE433FCEFEEE4AD07AC06900A6DE0FEA3E0AA0664
:40B44000F97B01124D86900A6CE0241AF582E4340BF5837401F081E4900A6CE02407F582E4340BF583E075F008A42400FEE5F03478900A6DF0A3CEF0900A6DE0FEA3E0AA51
:40B4800006F97B017D027C00124D86900A6CE0FD2407F582E4340BF583E075F008A42404FEE5F03478900A6DF0A3CEF0ED75F003A424DAF582E4340AF583E0FBA3E0FAA31E
:40B4C000E0F9241EFFE43AFEE43BFDE433FCEFEEE4AD07AC06900A6DE0FEA3E0AA06F97B01124D86900A6CE0FF2407F582E4340BF583E0FE74232FF582E4340BF583E07521
:40B50000F010A42419F582E5F03470F583EEF022C0E0C0F0C083C082C085C084C086758600C093759300C0D075D000C000C001C002C003C004C005C006C007900A6B74015D
:40B54000F0D126EF547F900A6AF0D12CEF5403900A69F0900A69E07002C103900A6AE0FF7002A1E75401606FA3E0FF75F010A42472F582E5F03460F583E0FE5401705874E6
:40B580001A2FF582E4340BF583E0704B900A6BE075F010A42475F582E5F03460F583E4F0EFC43354E024FEFE900A6BE0FF75F010A42474F582E5F03460F583EEF07D0171DE
:40B5C0009F900A6BE075F010A42470F582E5F03460F583E04401F0900A6BE004F0900A6AE0FFC313F0A15B900A69E0FFC313F07002A153900A6B7408F0900A69E05401A3D5
:40B60000F0A153D007D006D005D004D003D002D001D000D0D0D093D086D084D085D082D083D0F0D0E032906565E0FF2290656AE0FF22C0E0C0F0C083C082C085C084C086E2
:40B64000758600C093759300C0D075D000C000C001C002C003C004C005C006C007900A657401F090609FE0900A63F0900A63E0FF7002E15054017002E140900A65E0FF7509
:40B68000F010A42471F582E5F03460F583E0FE75F010EFA42472F582E5F03460F583E05E900A64F0E020E002E129A3E0FF75F00BA42439F582E43409F583E05480606A90FC
:40B6C0000A65E0FE75F010A42470F582E5F03460F583E054FEF0EE25E024F5F582E4340AF583E0FCA3E0D39420EC94004006E4FD719F8010900A65E0241AF582E4340BF5E0
:40B70000837401F0900A65E0FF75F00BA4243AF582E43409F583E0FE75F010EFA424FEF582E5F0345FF583EEF0900A64E0FFA3E075F010A42472F582E5F03460F583EFF03E
:40B74000900A65E004F0900A63E0FFC313F0C16BD007D006D005D004D003D002D001D000D0D0D093D086D084D085D082D083D0F0D0E032905111E0548060047F0180027FB8
:40B780000022C0E0C0F0C083C082C085C084C086758600C093759300C0D075D000C000C001C002C003C004C005C006C007906028E0900A0AF0E0FF5410700302B864A37405
:40B7C00001F0EF54806021900A0AE0540F64016005A3E4F0803112B9FC900931E054806026900A0BE4F0801F900A0AE05440600512B8878012900A0AE05420600512B9537D
:40B800008005900A0BE4F0900A0BE06057906028E0900A0AF0E05480704A900934E0FF90092CE04F900A0AF0E0FF906029F0E0FEEF6E7030900931E0900A0BF0906028E0A6
:40B840005480900A0AF0E0700F900931E0906028F0E0540F900A0BF0900931E0FF900A0BE0B507D0D007D006D005D004D003D002D001D000D0D0D093D086D084D085D082CD
:40B88000D083D0F0D0E03290092DE024FC600A24FE6008240470068005214331DA22E4FD90091FE0FF900933E02FF0900932E03400F0D3900917E09400900916E0940040B9
:40B8C0004BED94085046900918E0FBA3E0FAA3E0F9124477FFE42DF582E43460F583EFF0900918E0FBA3E0FAA3E02401F9E43AFA900918EBF0A3EAF0A3E9F00D900917E052
:40B9000024FFF0900916E034FFF080A690091FE064086006EDD39400401590092CE06480F0900931740FF090092D7402F0800A9009317402F090092DF0900934EDF0900974
:40B940001FF022E490092DF07F0131959009317403F02290092DE024FC600A24FE60092404700F800E02C1BE7F0331959009317403F02290091FE0FF900933E02FF090095C
:40B9800032E03400F0E490092DF07F0131959009317403F02290091BE0FBA3E0FAA3E04A4B603690091BE0FBA3E0FAA3E0F9EF124490900932E0FEA3E0FF90091BE0FBA3AA
:40B9C000E0FAA3E02401F9E43AFAEE8FF01244E090091BE4F0A3F0A3F022900927E0600CE04480906008F0E4900927F0E490092DF07F0131959009317403F022906028E0EA
:40BA0000900A0CF0E0906028F0E0900A0CF0E0FF54806006900931EFF0227F023195906000E0546024E0601124E060162440701C515E900A0CEFF08018D1E0900A0CEFF082
:40BA4000800F129686900A0CEFF08005E4900A0CF0900A0CE070069009317403F022E4900A0DF0906000E0900A0FF0A3E4F0A3F0A3F0900916F0A3F0900A0FE05480648042
:40BA8000600281D5906001E07002810624F87002818824FE700281AA24046002C16A906003E0B40137F1BF900A13EEF0A3EFF0F5828E83A3E493F9740193FA74029390093E
:40BAC00018C9F0A3EAF0A3E9F0900916E4F0A37412F0129D3E900A0DEFF0C16A906003E064027072906002E0FFD188900A13EEF0A3EFF04E7002C16A900A13E0FEA3E0F502
:40BB0000828E83A3E493F9740193FA740293900918C9F0A3EAF0A3E9F0900918E0FBA3E0FAA3E02403F9E43AFA124477FE900918E0FBA3E0FAA3E02402F9E43AFA124477D2
:40BB4000FDEEEDFF900916EEF0A3EFF0129D3E900A0DEFF0C16A906003E06403600261FDFF900A1074FFF0A37458F0A3748DF0906002E0D39F402B900A10E0FBA3E0FAA3F4
:40BB8000E0F9124477601B124477FEFD7C00E92DF9EC3AFA900A10EBF0A3EAF0A3E9F00F80CD906002E0FF60219057D4E493FEEFB506177B017A0C791B12C99E900A1074A7
:40BBC00001F0A3740CF0A3741BF0900A10E0FBA3E0FAA3E0F91244777002C16A124477FF900916E4F0A3EFF0900918EBF0A3EAF0A3E9F0129D3E900A0DEFF0C16AD1E09002
:40BC00000A0DEFF0C16A900A0FE05403604724FE6002C16A900916E4F0A37402F0906004E0547F75F00BA42437F582E43409F583E0900CF2F0E4A3F07B017A0C79F2900920
:40BC40001804F0A3740CF0A374F2F0129D3E900A0DEFF0C16A900916E4F0A37402F090092FE0900CF2F0E4A3F07B017A0C79F290091804F0A3740CF0A374F2F0129D3E904A
:40BC80000A0DEFF0C16AC16A900916E4F0A304F07A097930900918F0A37409F0A37430F0129D3E900A0DEFF0C16A900916E4F0A304F0906004E02412F9E43409FA90091883
:40BCC0007401F0A3EAF0A3E9F0129D3E900A0DEFF0C16AC16A906001E0147002A19624FE7002C10624FA601B24FE606F24066002C16A906002E0900927F0D170900A0DEF9A
:40BD0000F0C16A906002E0900A0EF0D39400400DE014FFD188900A13EEF0A3EFF0900A0EE0FFD39400400A900A13E07002A3E07005EF6002C16A900930E0FF900A0EE0FE98
:40BD40006F600F900930EEF09009227401F0FF12CB67D170900A0DEFF0C16AF14DEF7002C16A906004E0FE90091EF074122EF582E43409F583E0FF74232EF582E43409F5B1
:40BD800083E06F60089009227401F0F1DDD170900A0DEFF0C16A900A0FE05403601A146031146002C16A906002E06002C16A12CF9D900A0DEFF0C16A906002E064016002A2
:40BDC000C16A90092FE054FDF0D170900A0DEFF0C16A906004E0FFC394044002C16A74282FF582E43409F583C083C082E0FF906002E0F4FEEF5ED082D083F0D170900A0DD5
:40BE0000EFF080668064900A0FE05403601614602B147056906002E0705012CF0C900A0DEFF08046906002E06401703E90092FE04402F0D170900A0DEFF0802E906004E0B3
:40BE4000FFC39404502474282FF582E43409F583C083C082E0FF906002E0F4FEEF5ED082D083F0D170900A0DEFF0900A0DE0FF2290092D7406F0900931F090092C7480F00D
:40BE8000E4900934F07F0122900A1DEFF090092EE025E025E0249FF582E4345AF583E493740193FA740293AE02FF2408FFE43EFE8F82F583E493FD900A1DE0FCC39D400523
:40BEC000E4FEFF801A8F828E8375F004EC1246FFA3E493740193FA740293AC02AE04FF22E4900A16F0906000E0540324FE600D047024906004E0900A15F0801F906004E09B
:40BF0000547F75F00BA4243FF582E43409F583E0900A15F08005E4900A15F0900A15E0FFD394045022900920E0FCA3E02FF582E43CF583E49314700A129D7E900A16EFF09E
:40BF40008005E4900A16F0900A16E0FF22E4900A15F0906004E0900A16F0900930E014FFD1888F828E83A3E493FB740193FA7402932404F9E43AFA124477FF900A16E0FE26
:40BF8000D39F4006EED39404502F74122EF582E43409F583E0FF74232EF582E43409F583EFF0906002E0FF74122EF582E43409F583EFF0900A157401F0900A15E0FF2290D2
:40BFC000092EE025E025E0249FF582E4345AF583E493740193FA740293AE02FF22900930E0D39400500302C1BDE014FFD188EF2404FFE43EFE8F82F583E493900A15F08F16
:40C00000828E83A3E493740193FA740293AE02FDAC0690091EE0900A16F0E4FB900A15E0FFEBC39F400221BD8D828C83E493FF900A16E0FE6F600221B38D828C830493FF5D
:40C0400074122EF582E43409F583E06F600221B38D828C83740293547FFA7403935403F9EA75F00BA42438F582E43409F583E4F08D828C83740293FFEA75F00BA42439F575
:40C0800082E43409F583EFF08D828C83740393FFEA75F00BA42435F582E43409F583EFF08D828C83740493FE740593FFEA75F00BA4243DF582E43409F583EEF0A3EFF08D8B
:40C0C000828C837402935480602DE9B401047F0780027F0DEA75F00BA4243AF582E43409F583EFF0EA75F00BA42436F582E43409F5837401F0802AE9B401047F0580027F26
:40C1000009EA75F00BA4243AF582E43409F583EFF0EA75F00BA42436F582E43409F583E4F075F010EAA424FEF582E5F0345FF5837401F075F010EAA42470F582E5F0346017
:40C14000F583E054FEF0EA24FFFFE434FFFEEF25E0FFEE33906014EFF0E04401F0906014E030E4F98D828C837402935480602090608FC083C082E0FFEA14FE7401A8060882
:40C180008002C333D8FCF45FD082D083F0801D90608FC083C082E0FFEA14FE7401A806088002C333D8FC4FD082D083F0906014E054FEF0ED2407FDE43CFC0B011C22E4FFF0
:40C1C000906029E0540F24FEFEFD900933E02DF0900932E03400F0D3900917E09400900916E09400404DEED394004047E42FF582E43460F583E0FD900918E0FBA3E0FAA3A8
:40C20000E0F9ED124490900918E0FBA3E0FAA3E02401F9E43AFA900918EBF0A3EAF0A3E9F00F1E900917E024FFF0900916E034FFF080A4AF06900934EEF090092CE064807C
:40C24000F0900931740BF022124D3B9043A5E04404F09043B5E04404F0024CE89044C97480F09049CAE0900CD8F09049DBE0900CD9F09049DCE0900CDAF09049DCE0FE90F4
:40C2800049DBE0FDEEED2401FFE43E900A37F0A3EFF09049D6E054FEF0900A37E0FEA3E0FFE4FCFD124D00124D3B900A36EFF09043A5E054FBF09043B5E054FBF0900A3684
:40C2C000E0FF124CE89049D6E04402F0900CD8E0FF9049CAF0EFF0900CD9E09049DBF0900CDAE09049DCF09049D6E054EFF09044D97480F0900CEE7410F022900A5EEBF055
:40C30000A3EAF0A3E9F0AC077D02900A5EE0FBA3E0FAA3E04A4B700261A7900CEEE0B4100F9049D9E054087003FD801A7D018016900CEEE0B4600FE4FD9044D97480F09018
:40C340000CCBE054F7F0ED705E900CEE7445F0E4900CC7F0900A61E0900CCAF0900A5EE0F9A3E0FAA3E0900CC3C9F0A3EAF0A3E9F0900A62E0FF900CC8F0900CCBE054FDCC
:40C38000F0AE04EE25E09049D8F0EF5401600CA37412F09049D77404F080069049D97401F09044C17480F0AF0522900A4AEBF0A3EAF0A3E9F0AC077D02900A4AE0FBA3E04E
:40C3C000FAA3E04A4B70028158900CEEE0B4100F9049D9E054087003FD801A7D018016900CEEE0B4600FE4FD9044D97480F0900CCBE054F7F0ED7060900CEE7449F0E490AE
:40C400000CC6F0900A4DE0900CC9F0900A4AE0F9A3E0FAA3E0900CCCC9F0A3EAF0A3E9F0900A4EE0FF900CC8F0900CCBE054FEF0AE04EE25E044019049D8F0EF5401600C68
:40C44000A37412F09049D77404F080069049D97401F09044C17480F0AF05229044C97480F0900CCBE0FFE4F09044C17480F022124D3B906499E04420F0124CE890657BE078
:40C480004404F022900CF4E070089194900CF47401F080DB906587E054F8F0E0F090658BE054F8F0E0F02290657BE054FEF0124D3B906597E054EFF0024CE8124D3B906440
:40C4C00097E04403F0E054FCF0024CE8124D3B90659BE04410F0124CE890657BE04402F02290657BE054FDF0124D3B90659BE054EFF0024CE8124D3B90659BE04403F0E0D7
:40C5000054FCF0024CE8900CD3747FF0A304F07F7FEF601614FE75F008EFA42400F582E5F03478F583EEF01F80E775F008EFA42400F582E5F03478F583E4F0227E01EFC374
:40C540009418501A75F010EFA42414F582E5F03470F583E0FFED5407FDEF4DF0E41EAF0622904210E0548060047F0180027F002280FE32E4900A25F0900A25E0FFD3941FD0
:40C580005020EF75F002A42400FFE5F03444FAA9077B017CC57D70124D86900A25E004F080D622900A22EBF0A3EAF0A3E9F07B0C7A017903124D93E4FCFDFE900A22E0FBEB
:40C5C000A3E0FAA3E0F91246A4900A22E0FBA3E0FAA3E0F9C003C002C001124684C004C005C006C0077B0C7A017904124D93E4FCFDFE7808124671A804A905AA06AB07D05D
:40C6000007D006D005D004EF4BFFEE4AFEED49FDEC48FCD001D002D0031246A4900A22E0FBA3E0FAA3E0F9C003C002C001124684C004C005C006C0077B007A4679EC124D69
:40C6400093E4FCFDFE7810124671A804A905AA06AB07D007D006D005D004EF4BFFEE4AFEED49FDEC48FCD001D002D0031246A4900A22E0FBA3E0FAA3E0F9C003C002C001CF
:40C68000124684C004C005C006C0077B0C7A017902124D93E4FCFDFE7818124671A804A905AA06AB07D007D006D005D004EF4BFFEE4AFEED49FDEC48FCD001D002D0031279
:40C6C00046A47B0C7A017901124D93E4FCFDFE900A22E0FBA3E0FAA3E02404F9E43AFA1246A4900A22E0FBA3E0FAA3E02404F9E43AFAC003C002C001124684C004C005C000
:40C7000006C0077B0C7A017900124D93E4FCFDFE7808124671A804A905AA06AB07D007D006D005D004EF4BFFEE4AFEED49FDEC48FCD001D002D0031246A4900A22E0FBA30B
:40C74000E0FAA3E02404F9E43AFAC003C002C001124684C004C005C006C0077B0C7A017905124D93E4FCFDFE7810124671A804A905AA06AB07D007D006D005D004EF4BFF02
:40C78000EE4AFEED49FDEC48FCD001D002D0031246A4900A22E0FBA3E0FAA3E02404F9E43AFAC003C002C001124684C004C005C006C0077B0C7A017906124D93E4FCFDFE18
:40C7C0007818124671A804A905AA06AB07D007D006D005D004EF4BFFEE4AFEED49FDEC48FCD001D002D0030246A4904F00E05401F0904F02E054FCF0904F00E04404F0900E
:40C800004F0BE054CFF0E04430F0E054F0F0E0440FF0904F01E04401F07F317E00112D7F317E00113A7F08904F03EFF0227B027A4F7904AD07AC06024D867B027A4F790629
:40C84000AD07AC06024D869043A3E04401F09043B3E04401F0904F00E04401F022900CFBE0700912C7EA900CFB7401F080D9900A36EEF0A3EFF0118D900A36E0FEA3E0FF3B
:40C88000119E7F0611949044C07401F0229044C87401F022EFC43354E0904480F0227B027A447900AD07AC06024D8632C0E0C083C082C085C084C086758600C09375930076
:40C8C000C0D075D000C00790600B7402F090601EE0FF90094BE054036401600790094EE06480F090094C7401F0D007D0D0D093D086D084D085D082D083D0E032C0E0C0833F
:40C90000C082C085C084C086758600C093759300C0D075D000C00790600B7404F090602EE0FF900956E0540364016007900959E06480F09009577401F0D007D0D0D093D0FD
:40C9400086D084D085D082D083D0E03232C0E0C0F0C083C082C085C084C086758600C093759300C0D075D000C000C001C002C003C004C005C006C00712AFE4D007D006D0C2
:40C9800005D004D003D002D001D000D0D0D093D086D084D085D082D083D0F0D0E032900A15EBF0A3EAF0A3E9F0E4900A19F0900A15E0FBA3E0FAA3E04A4B7002419B900AFE
:40C9C00015E0A3E0A3E0F97422124490900A15E0FBA3E0FAA3E02401F9E43AFA74031244907B017A0A791A12C5A3900A187402F0900A18E0FFC394224002419BA3E0241A9C
:40CA0000F582E4340AF583E0FEC4540F905AA293FE900A15E0FBA3E0FAA3E02FF9E43AFAEE1244907E00EF2401FDEE33FC900A15E0FBA3E0FAA3E02DF9EA3CFAE4124490DF
:40CA4000900A19E0241AF582E4340AF583E0540F905AA293FDEF2402FFEE33FE900A15E0FBA3E0FAA3E02FF9EA3EFAED124490900A18E02403FFE433FE900A15E0FBA3E0C1
:40CA8000FAA3E02FF9EA3EFAE4124490900A19E004F0900A18E02404F021F022E4FF7E01EEC394094002613D75F010EEA42470F582E5F03460F583740CF075F010EEA42463
:40CAC00071F582E5F03460F583741DF0EE75F00BA4243AF582E43409F583E0604BEE75F00BA42439F582E43409F583E05480601475F010EEA424FEF582E5F0345FF5837466
:40CB00000CF0803675F010EEA424FEF582E5F0345FF5837408F0EE14FD7401A805088002C333D8FC4FFF801275F010EEA424FEF582E5F0345FF5837480F00E41A090608C33
:40CB40007455F09060BC7420F0A3E4F090608E7406F0A3EFF090609CE04480F0E0547FF090600A74FFF022E4900A15F0900A15E0FEC39409507AEE75F00BA42435F582E4B9
:40CB80003409F583E4F0EE75F00BA42437F582E43409F583E4F0EE75F00BA42438F582E43409F583E4F0EE75F00BA4243DF582E43409F583E4F0A3F0EE75F00BA4243FF535
:40CBC00082E43409F583E4F0EE75F00BA42436F582E43409F583E4F0EE75F00BA4243AF582E43409F583E4F0900A15E004F0616CEF602FE4900A16F0900A16E0FFC3940486
:40CC0000502074122FF582E43409F583E4F074232FF582E43409F583E4F0900A16E004F080D6900930E0D394005002C1A2E014FF12BE88900A17EEF0A3EFF0900A17E0FCB9
:40CC4000A3E0FDF5828C83A3E493FB740193FA740293F92407F9E43AFA1244775440600990092FE04401F0800790092FE054FEF0ED2404FFE43CFE900A17F0A3EFF0F58275
:40CC80008E83E493900A15F0A37401F0900A16E0C394094002C130A3E0FEA3E0F5828E83A3E493740193FA740293FF900A19EAF0A3EFF0E4FF900A15E0FEEFC39E4002C1A0
:40CCC00028900A19E0FCA3E0F5828C83740293547FFD900A16E0FE6D7001E46002C117900A19E0A3E0F5828C83740493FC740593FDEE75F00BA4243DF582E43409F583E012
:40CD0000FAA3E0C39DEA9C5029900A19E0FCA3E0F5828C83740493FC740593FD900A16E075F00BA4243DF582E43409F583ECF0A3EDF0900A19E0FCA3E0FDF5828C83E493F2
:40CD40002412F582E43409F583E0FE8D828C83740193FDEE6D6002C117900A19E0A3E0FDF5828C83740293FE900A16E0FB75F00BA42439F582E43409F583EEF08D828C832F
:40CD8000740393FEEB75F00BA42435F582E43409F583EEF0900A19E0FCA3E0F5828C837403935403FE900A19E0A3E0F5828C8374029354806031EEB401047D0780027D0DED
:40CDC000900A16E0FC75F00BA4243AF582E43409F583EDF0EC75F00BA42436F582E43409F5837401F08041EEB401047E0580027E09900A16E0FD75F00BA4243AF582E434F7
:40CE000009F583EEF0ED75F00BA42436F582E43409F583E4F08011900A1AE02407F0900A19E03400F00F81B5900A16E004F0818C900A17E0FEA3E0F5828E83A3E49374015E
:40CE400093FA740293FF900A19EAF0A3EFF0E4900A16F0900A15E0FFA3E0C39F5038900A19E0FEA3E0F5828E83E493FD740293547F75F00BA4243FF582E43409F583EDF03F
:40CE8000900A1AE02407F0900A19E03400F0900A16E004F080BDD1A3900920EEF0A3EFF0519C22900930E014FF12BE88AD07AC06ED4C60488D828C83A3E493FB740193FA1F
:40CEC0007402932404F9E43AFA1244772402FFE433FEEF7802C333CE33CED8F92DFDEE3CFCAF058D82F583A3E493740193FA740293FF900A1BEAF0A3EFF08007E4900A1B0A
:40CF0000F0A3F0900A1BE0FEA3E0FF22E4900A15F0906004E0547FFFD39400407AEF94095075EF75F00BA42437F582E43409F583E04401F0EF75F00BA42438F582E4340922
:40CF4000F583E4F0EF75F00BA42436F582E43409F583E04402F0EF75F00BA42439F582E43409F583E05480601475F010EFA424FEF582E5F0345FF583748DF0801275F010D1
:40CF8000EFA424FEF582E5F0345FF5837489F012BE70900A15EFF0900A15E0FF22E4900A15F0906004E0547FFFD39400500302D08DEF9409400302D08DEF75F00BA424372C
:40CFC000F582E43409F583E054FEF0EF75F00BA42438F582E43409F583E4F075F010EFA424FCF582E5F0345FF583E0547FF0EF75F00BA42436F582E43409F583E054FDF00C
:40D00000EF75F00BA42439F582E43409F583E05480603AEF75F00BA42436F582E43409F583E0B4011475F010EFA424FEF582E5F0345FF583740CF0804C75F010EFA424FE35
:40D04000F582E5F0345FF583740DF08038EF75F00BA42436F582E43409F583E0B4011475F010EFA424FEF582E5F0345FF5837408F0801275F010EFA424FEF582E5F0345F92
:40D08000F5837409F012BE70900A15EFF0900A15E0FF2232900A3AEBF0A3EAF0A3E9F0A3EDF0E4A3F0900A3DE0FFA3E0C39F503E904722E054016003D38001C340097F01A2
:40D0C0007E00124C7C80E9904720E0FF900A3AE0FBA3E0FAA3E0F9900A3EE0FEE92EF9E43AFAEF124490900A3EE004F080B7900A3EE0FF22900A3FEBF0A3EAF0A3E9F09045
:40D100000A447407F0904722E05402604E90472074B6F074D5F07402F0904722E054027032904720EFF0E4FFFED3900A43E09F900A42E09E402B900A3FE0FBA3E0FAA3E079
:40D140002FF9EA3EFA124477904720F00FEF70010E80D6900A447409F08006900A447404F0900A44E0FF22900A3FECF0A3EDF0AC077D07904722E05402603B90472074B691
:40D18000F074D8F07405F0904722E054027023904720ECF0900A3FE0904720F0900A3FE0A3E0904720F0EBF0900A42E0904720F080067D0980027D04AF052200000000001F
:40D1C000000000000000000000000000000000000000000000000000000000000000000000000000000000000000000000000000000000000000000000000000000000002F
:40D2000000000000000000000000000000000000000000000000000000000000000000000000000000000000000000000000000000000000000000000000000000000000EE
:40D2400000000000000000000000000000000000000000000000000000000000000000000000000000000000000000000000000000000000000000000000000000000000AE
:40D28000000000000000000000000000000000000000000000000000000000000000000000000000000000000000000000000000000000000000000000000000000000006E
:40D2C000000000000000000000000000000000000000000000000000000000000000000000000000000000000000000000000000000000000000000000000000000000002E
:40D3000000000000000000000000000000000000000000000000000000000000000000000000000000000000000000000000000000000000000000000000000000000000ED
:40D3400000000000000000000000000000000000000000000000000000000000000000000000000000000000000000000000000000000000000000000000000000000000AD
:40D38000000000000000000000000000000000000000000000000000000000000000000000000000000000000000000000000000000000000000000000000000000000006D
:40D3C000000000000000000000000000000000000000000000000000000000000000000000000000000000000000000000000000000000000000000000000000000000002D
:40D4000000000000000000000000000000000000000000000000000000000000000000000000000000000000000000000000000000000000000000000000000000000000EC
:40D4400000000000000000000000000000000000000000000000000000000000000000000000000000000000000000000000000000000000000000000000000000000000AC
:40D48000000000000000000000000000000000000000000000000000000000000000000000000000000000000000000000000000000000000000000000000000000000006C
:40D4C000000000000000000000000000000000000000000000000000000000000000000000000000000000000000000000000000000000000000000000000000000000002C
:40D5000000000000000000000000000000000000000000000000000000000000000000000000000000000000000000000000000000000000000000000000000000000000EB
:40D5400000000000000000000000000000000000000000000000000000000000000000000000000000000000000000000000000000000000000000000000000000000000AB
:40D58000000000000000000000000000000000000000000000000000000000000000000000000000000000000000000000000000000000000000000000000000000000006B
:40D5C000000000000000000000000000000000000000000000000000000000000000000000000000000000000000000000000000000000000000000000000000000000002B
:40D6000000000000000000000000000000000000000000000000000000000000000000000000000000000000000000000000000000000000000000000000000000000000EA
:40D6400000000000000000000000000000000000000000000000000000000000000000000000000000000000000000000000000000000000000000000000000000000000AA
:40D68000000000000000000000000000000000000000000000000000000000000000000000000000000000000000000000000000000000000000000000000000000000006A
:40D6C000000000000000000000000000000000000000000000000000000000000000000000000000000000000000000000000000000000000000000000000000000000002A
:40D7000000000000000000000000000000000000000000000000000000000000000000000000000000000000000000000000000000000000000000000000000000000000E9
:40D7400000000000000000000000000000000000000000000000000000000000000000000000000000000000000000000000000000000000000000000000000000000000A9
:40D780000000000000000000000000000000000000000000000000000000000000000000000000000000000000000000000000000000000000000000000000000000000069
:40D7C0000000000000000000000000000000000000000000000000000000000000000000000000000000000000000000000000000000000000000000000000000000000029
:40D8000000000000000000000000000000000000000000000000000000000000000000000000000000000000000000000000000000000000000000000000000000000000E8
:40D8400000000000000000000000000000000000000000000000000000000000000000000000000000000000000000000000000000000000000000000000000000000000A8
:40D880000000000000000000000000000000000000000000000000000000000000000000000000000000000000000000000000000000000000000000000000000000000068
:40D8C0000000000000000000000000000000000000000000000000000000000000000000000000000000000000000000000000000000000000000000000000000000000028
:40D9000000000000000000000000000000000000000000000000000000000000000000000000000000000000000000000000000000000000000000000000000000000000E7
:40D9400000000000000000000000000000000000000000000000000000000000000000000000000000000000000000000000000000000000000000000000000000000000A7
:40D980000000000000000000000000000000000000000000000000000000000000000000000000000000000000000000000000000000000000000000000000000000000067
:40D9C0000000000000000000000000000000000000000000000000000000000000000000000000000000000000000000000000000000000000000000000000000000000027
:40DA000000000000000000000000000000000000000000000000000000000000000000000000000000000000000000000000000000000000000000000000000000000000E6
:40DA400000000000000000000000000000000000000000000000000000000000000000000000000000000000000000000000000000000000000000000000000000000000A6
:40DA80000000000000000000000000000000000000000000000000000000000000000000000000000000000000000000000000000000000000000000000000000000000066
:40DAC0000000000000000000000000000000000000000000000000000000000000000000000000000000000000000000000000000000000000000000000000000000000026
:40DB000000000000000000000000000000000000000000000000000000000000000000000000000000000000000000000000000000000000000000000000000000000000E5
:40DB400000000000000000000000000000000000000000000000000000000000000000000000000000000000000000000000000000000000000000000000000000000000A5
:40DB80000000000000000000000000000000000000000000000000000000000000000000000000000000000000000000000000000000000000000000000000000000000065
:40DBC0000000000000000000000000000000000000000000000000000000000000000000000000000000000000000000000000000000000000000000000000000000000025
:40DC000000000000000000000000000000000000000000000000000000000000000000000000000000000000000000000000000000000000000000000000000000000000E4
:40DC400000000000000000000000000000000000000000000000000000000000000000000000000000000000000000000000000000000000000000000000000000000000A4
:40DC80000000000000000000000000000000000000000000000000000000000000000000000000000000000000000000000000000000000000000000000000000000000064
:40DCC0000000000000000000000000000000000000000000000000000000000000000000000000000000000000000000000000000000000000000000000000000000000024
:40DD000000000000000000000000000000000000000000000000000000000000000000000000000000000000000000000000000000000000000000000000000000000000E3
:40DD400000000000000000000000000000000000000000000000000000000000000000000000000000000000000000000000000000000000000000000000000000000000A3
:40DD80000000000000000000000000000000000000000000000000000000000000000000000000000000000000000000000000000000000000000000000000000000000063
:40DDC0000000000000000000000000000000000000000000000000000000000000000000000000000000000000000000000000000000000000000000000000000000000023
:40DE000000000000000000000000000000000000000000000000000000000000000000000000000000000000000000000000000000000000000000000000000000000000E2
:40DE400000000000000000000000000000000000000000000000000000000000000000000000000000000000000000000000000000000000000000000000000000000000A2
:40DE80000000000000000000000000000000000000000000000000000000000000000000000000000000000000000000000000000000000000000000000000000000000062
:40DEC0000000000000000000000000000000000000000000000000000000000000000000000000000000000000000000000000000000000000000000000000000000000022
:40DF000000000000000000000000000000000000000000000000000000000000000000000000000000000000000000000000000000000000000000000000000000000000E1
:40DF400000000000000000000000000000000000000000000000000000000000000000000000000000000000000000000000000000000000000000000000000000000000A1
:40DF80000000000000000000000000000000000000000000000000000000000000000000000000000000000000000000000000000000000000000000000000000000000061
:40DFC0000000000000000000000000000000000000000000000000000000000000000000000000000000000000000000000000000000000000000000000000000000000021
:40E0000000000000000000000000000000000000000000000000000000000000000000000000000000000000000000000000000000000000000000000000000000000000E0
:40E0400000000000000000000000000000000000000000000000000000000000000000000000000000000000000000000000000000000000000000000000000000000000A0
:40E080000000000000000000000000000000000000000000000000000000000000000000000000000000000000000000000000000000000000000000000000000000000060
:40E0C0000000000000000000000000000000000000000000000000000000000000000000000000000000000000000000000000000000000000000000000000000000000020
:40E1000000000000000000000000000000000000000000000000000000000000000000000000000000000000000000000000000000000000000000000000000000000000DF
:40E14000000000000000000000000000000000000000000000000000000000000000000000000000000000000000000000000000000000000000000000000000000000009F
:40E18000000000000000000000000000000000000000000000000000000000000000000000000000000000000000000000000000000000000000000000000000000000005F
:40E1C000000000000000000000000000000000000000000000000000000000000000000000000000000000000000000000000000000000000000000000000000000000001F
:40E2000000000000000000000000000000000000000000000000000000000000000000000000000000000000000000000000000000000000000000000000000000000000DE
:40E24000000000000000000000000000000000000000000000000000000000000000000000000000000000000000000000000000000000000000000000000000000000009E
:40E28000000000000000000000000000000000000000000000000000000000000000000000000000000000000000000000000000000000000000000000000000000000005E
:40E2C000000000000000000000000000000000000000000000000000000000000000000000000000000000000000000000000000000000000000000000000000000000001E
:40E3000000000000000000000000000000000000000000000000000000000000000000000000000000000000000000000000000000000000000000000000000000000000DD
:40E34000000000000000000000000000000000000000000000000000000000000000000000000000000000000000000000000000000000000000000000000000000000009D
:40E38000000000000000000000000000000000000000000000000000000000000000000000000000000000000000000000000000000000000000000000000000000000005D
:40E3C000000000000000000000000000000000000000000000000000000000000000000000000000000000000000000000000000000000000000000000000000000000001D
:40E4000000000000000000000000000000000000000000000000000000000000000000000000000000000000000000000000000000000000000000000000000000000000DC
:40E44000000000000000000000000000000000000000000000000000000000000000000000000000000000000000000000000000000000000000000000000000000000009C
:40E48000000000000000000000000000000000000000000000000000000000000000000000000000000000000000000000000000000000000000000000000000000000005C
:40E4C000000000000000000000000000000000000000000000000000000000000000000000000000000000000000000000000000000000000000000000000000000000001C
:40E5000000000000000000000000000000000000000000000000000000000000000000000000000000000000000000000000000000000000000000000000000000000000DB
:40E54000000000000000000000000000000000000000000000000000000000000000000000000000000000000000000000000000000000000000000000000000000000009B
:40E58000000000000000000000000000000000000000000000000000000000000000000000000000000000000000000000000000000000000000000000000000000000005B
:40E5C000000000000000000000000000000000000000000000000000000000000000000000000000000000000000000000000000000000000000000000000000000000001B
:40E6000000000000000000000000000000000000000000000000000000000000000000000000000000000000000000000000000000000000000000000000000000000000DA
:40E64000000000000000000000000000000000000000000000000000000000000000000000000000000000000000000000000000000000000000000000000000000000009A
:40E68000000000000000000000000000000000000000000000000000000000000000000000000000000000000000000000000000000000000000000000000000000000005A
:40E6C000000000000000000000000000000000000000000000000000000000000000000000000000000000000000000000000000000000000000000000000000000000001A
:40E7000000000000000000000000000000000000000000000000000000000000000000000000000000000000000000000000000000000000000000000000000000000000D9
:40E740000000000000000000000000000000000000000000000000000000000000000000000000000000000000000000000000000000000000000000000000000000000099
:40E780000000000000000000000000000000000000000000000000000000000000000000000000000000000000000000000000000000000000000000000000000000000059
:40E7C0000000000000000000000000000000000000000000000000000000000000000000000000000000000000000000000000000000000000000000000000000000000019
:40E8000000000000000000000000000000000000000000000000000000000000000000000000000000000000000000000000000000000000000000000000000000000000D8
:40E840000000000000000000000000000000000000000000000000000000000000000000000000000000000000000000000000000000000000000000000000000000000098
:40E880000000000000000000000000000000000000000000000000000000000000000000000000000000000000000000000000000000000000000000000000000000000058
:40E8C0000000000000000000000000000000000000000000000000000000000000000000000000000000000000000000000000000000000000000000000000000000000018
:40E9000000000000000000000000000000000000000000000000000000000000000000000000000000000000000000000000000000000000000000000000000000000000D7
:40E940000000000000000000000000000000000000000000000000000000000000000000000000000000000000000000000000000000000000000000000000000000000097
:40E980000000000000000000000000000000000000000000000000000000000000000000000000000000000000000000000000000000000000000000000000000000000057
:40E9C0000000000000000000000000000000000000000000000000000000000000000000000000000000000000000000000000000000000000000000000000000000000017
:40EA000000000000000000000000000000000000000000000000000000000000000000000000000000000000000000000000000000000000000000000000000000000000D6
:40EA40000000000000000000000000000000000000000000000000000000000000000000000000000000000000000000000000000000000000000000000000000000000096
:40EA80000000000000000000000000000000000000000000000000000000000000000000000000000000000000000000000000000000000000000000000000000000000056
:40EAC0000000000000000000000000000000000000000000000000000000000000000000000000000000000000000000000000000000000000000000000000000000000016
:40EB000000000000000000000000000000000000000000000000000000000000000000000000000000000000000000000000000000000000000000000000000000000000D5
:40EB40000000000000000000000000000000000000000000000000000000000000000000000000000000000000000000000000000000000000000000000000000000000095
:40EB80000000000000000000000000000000000000000000000000000000000000000000000000000000000000000000000000000000000000000000000000000000000055
:40EBC0000000000000000000000000000000000000000000000000000000000000000000000000000000000000000000000000000000000000000000000000000000000015
:40EC000000000000000000000000000000000000000000000000000000000000000000000000000000000000000000000000000000000000000000000000000000000000D4
:40EC40000000000000000000000000000000000000000000000000000000000000000000000000000000000000000000000000000000000000000000000000000000000094
:40EC80000000000000000000000000000000000000000000000000000000000000000000000000000000000000000000000000000000000000000000000000000000000054
:40ECC0000000000000000000000000000000000000000000000000000000000000000000000000000000000000000000000000000000000000000000000000000000000014
:40ED000000000000000000000000000000000000000000000000000000000000000000000000000000000000000000000000000000000000000000000000000000000000D3
:40ED40000000000000000000000000000000000000000000000000000000000000000000000000000000000000000000000000000000000000000000000000000000000093
:40ED80000000000000000000000000000000000000000000000000000000000000000000000000000000000000000000000000000000000000000000000000000000000053
:40EDC0000000000000000000000000000000000000000000000000000000000000000000000000000000000000000000000000000000000000000000000000000000000013
:40EE000000000000000000000000000000000000000000000000000000000000000000000000000000000000000000000000000000000000000000000000000000000000D2
:40EE40000000000000000000000000000000000000000000000000000000000000000000000000000000000000000000000000000000000000000000000000000000000092
:40EE80000000000000000000000000000000000000000000000000000000000000000000000000000000000000000000000000000000000000000000000000000000000052
:40EEC0000000000000000000000000000000000000000000000000000000000000000000000000000000000000000000000000000000000000000000000000000000000012
:40EF000000000000000000000000000000000000000000000000000000000000000000000000000000000000000000000000000000000000000000000000000000000000D1
:40EF40000000000000000000000000000000000000000000000000000000000000000000000000000000000000000000000000000000000000000000000000000000000091
:40EF80000000000000000000000000000000000000000000000000000000000000000000000000000000000000000000000000000000000000000000000000000000000051
:40EFC0000000000000000000000000000000000000000000000000000000000000000000000000000000000000000000000000000000000000000000000000000000000011
:40F0000000000000000000000000000000000000000000000000000000000000000000000000000000000000000000000000000000000000000000000000000000000000D0
:40F040000000000000000000000000000000000000000000000000000000000000000000000000000000000000000000000000000000000000000000000000000000000090
:40F080000000000000000000000000000000000000000000000000000000000000000000000000000000000000000000000000000000000000000000000000000000000050
:40F0C0000000000000000000000000000000000000000000000000000000000000000000000000000000000000000000000000000000000000000000000000000000000010
:40F1000000000000000000000000000000000000000000000000000000000000000000000000000000000000000000000000000000000000000000000000000000000000CF
:40F14000000000000000000000000000000000000000000000000000000000000000000000000000000000000000000000000000000000000000000000000000000000008F
:40F18000000000000000000000000000000000000000000000000000000000000000000000000000000000000000000000000000000000000000000000000000000000004F
:40F1C000000000000000000000000000000000000000000000000000000000000000000000000000000000000000000000000000000000000000000000000000000000000F
:40F2000000000000000000000000000000000000000000000000000000000000000000000000000000000000000000000000000000000000000000000000000000000000CE
:40F24000000000000000000000000000000000000000000000000000000000000000000000000000000000000000000000000000000000000000000000000000000000008E
:40F28000000000000000000000000000000000000000000000000000000000000000000000000000000000000000000000000000000000000000000000000000000000004E
:40F2C000000000000000000000000000000000000000000000000000000000000000000000000000000000000000000000000000000000000000000000000000000000000E
:40F3000000000000000000000000000000000000000000000000000000000000000000000000000000000000000000000000000000000000000000000000000000000000CD
:40F34000000000000000000000000000000000000000000000000000000000000000000000000000000000000000000000000000000000000000000000000000000000008D
:40F38000000000000000000000000000000000000000000000000000000000000000000000000000000000000000000000000000000000000000000000000000000000004D
:40F3C000000000000000000000000000000000000000000000000000000000000000000000000000000000000000000000000000000000000000000000000000000000000D
:40F4000000000000000000000000000000000000000000000000000000000000000000000000000000000000000000000000000000000000000000000000000000000000CC
:40F44000000000000000000000000000000000000000000000000000000000000000000000000000000000000000000000000000000000000000000000000000000000008C
:40F48000000000000000000000000000000000000000000000000000000000000000000000000000000000000000000000000000000000000000000000000000000000004C
:40F4C000000000000000000000000000000000000000000000000000000000000000000000000000000000000000000000000000000000000000000000000000000000000C
:40F5000000000000000000000000000000000000000000000000000000000000000000000000000000000000000000000000000000000000000000000000000000000000CB
:40F54000000000000000000000000000000000000000000000000000000000000000000000000000000000000000000000000000000000000000000000000000000000008B
:40F58000000000000000000000000000000000000000000000000000000000000000000000000000000000000000000000000000000000000000000000000000000000004B
:40F5C000000000000000000000000000000000000000000000000000000000000000000000000000000000000000000000000000000000000000000000000000000000000B
:40F6000000000000000000000000000000000000000000000000000000000000000000000000000000000000000000000000000000000000000000000000000000000000CA
:40F64000000000000000000000000000000000000000000000000000000000000000000000000000000000000000000000000000000000000000000000000000000000008A
:40F68000000000000000000000000000000000000000000000000000000000000000000000000000000000000000000000000000000000000000000000000000000000004A
:40F6C000000000000000000000000000000000000000000000000000000000000000000000000000000000000000000000000000000000000000000000000000000000000A
:40F7000000000000000000000000000000000000000000000000000000000000000000000000000000000000000000000000000000000000000000000000000000000000C9
:40F740000000000000000000000000000000000000000000000000000000000000000000000000000000000000000000000000000000000000000000000000000000000089
:40F780000000000000000000000000000000000000000000000000000000000000000000000000000000000000000000000000000000000000000000000000000000000049
:40F7C0000000000000000000000000000000000000000000000000000000000000000000000000000000000000000000000000000000000000000000000000000000000009
:40F8000000000000000000000000000000000000000000000000000000000000000000000000000000000000000000000000000000000000000000000000000000000000C8
:40F840000000000000000000000000000000000000000000000000000000000000000000000000000000000000000000000000000000000000000000000000000000000088
:40F880000000000000000000000000000000000000000000000000000000000000000000000000000000000000000000000000000000000000000000000000000000000048
:40F8C0000000000000000000000000000000000000000000000000000000000000000000000000000000000000000000000000000000000000000000000000000000000008
:40F9000000000000000000000000000000000000000000000000000000000000000000000000000000000000000000000000000000000000000000000000000000000000C7
:40F940000000000000000000000000000000000000000000000000000000000000000000000000000000000000000000000000000000000000000000000000000000000087
:40F980000000000000000000000000000000000000000000000000000000000000000000000000000000000000000000000000000000000000000000000000000000000047
:40F9C0000000000000000000000000000000000000000000000000000000000000000000000000000000000000000000000000000000000000000000000000000000000007
:40FA000000000000000000000000000000000000000000000000000000000000000000000000000000000000000000000000000000000000000000000000000000000000C6
:40FA40000000000000000000000000000000000000000000000000000000000000000000000000000000000000000000000000000000000000000000000000000000000086
:40FA80000000000000000000000000000000000000000000000000000000000000000000000000000000000000000000000000000000000000000000000000000000000046
:40FAC0000000000000000000000000000000000000000000000000000000000000000000000000000000000000000000000000000000000000000000000000000000000006
:40FB000000000000000000000000000000000000000000000000000000000000000000000000000000000000000000000000000000000000000000000000000000000000C5
:40FB40000000000000000000000000000000000000000000000000000000000000000000000000000000000000000000000000000000000000000000000000000000000085
:40FB80000000000000000000000000000000000000000000000000000000000000000000000000000000000000000000000000000000000000000000000000000000000045
:40FBC0000000000000000000000000000000000000000000000000000000000000000000000000000000000000000000000000000000000000000000000000000000000005
:40FC000000000000000000000000000000000000000000000000000000000000000000000000000000000000000000000000000000000000000000000000000000000000C4
:40FC40000000000000000000000000000000000000000000000000000000000000000000000000000000000000000000000000000000000000000000000000000000000084
:40FC80000000000000000000000000000000000000000000000000000000000000000000000000000000000000000000000000000000000000000000000000000000000044
:40FCC0000000000000000000000000000000000000000000000000000000000000000000000000000000000000000000000000000000000000000000000000000000000004
:40FD000000000000000000000000000000000000000000000000000000000000000000000000000000000000000000000000000000000000000000000000000000000000C3
:40FD40000000000000000000000000000000000000000000000000000000000000000000000000000000000000000000000000000000000000000000000000000000000083
:40FD80000000000000000000000000000000000000000000000000000000000000000000000000000000000000000000000000000000000000000000000000000000000043
:40FDC0000000000000000000000000000000000000000000000000000000000000000000000000000000000000000000000000000000000000000000000000000000000003
:40FE000000000000000000000000000000000000000000000000000000000000000000000000000000000000000000000000000000000000000000000000000000000000C2
:40FE40000000000000000000000000000000000000000000000000000000000000000000000000000000000000000000000000000000000000000000000000000000000082
:40FE80000000000000000000000000000000000000000000000000000000000000000000000000000000000000000000000000000000000000000000000000000000000042
:40FEC0000000000000000000000000000000000000000000000000000000000000000000000000000000000000000000000000000000000000000000000000000000000002
:40FF000000000000000000000000000000000000000000000000000000000000000000000000000000000000000000000000000000000000000000000000000000000000C1
:40FF40000000000000000000000000000000000000000000000000000000000000000000000000000000000000000000000000000000000000000000000000000000000081
:40FF80000000000000000000000000000000000000000000000000000000000000000000000000000000000000000000000000000000000000000000000000000000000041
:40FFC0009000004AE1000000400000BEC000000000000000000000000000000000000000000000000000000000000000000000000000000000000000000000000000000088
:0200000480007A
:4000000000000000000000000000000000000000000000000000000000000000000000000000000000000000000000000000000000000000000000000000000000000000C0
:400040000000000000000000000000000000000000000000000000000000000000000000000000000000000000000000000000000000000000000000000000000000000080
:400080000000000000000000000000000000000000000000000000000000000000000000000000000000000000000000000000000000000000000000000000000000000040
:4000C0000000000000000000000000000000000000000000000000000000000000000000000000000000000000000000000000000000000000000000000000000000000000
:4001000000000000000000000000000000000000000000000000000000000000000000000000000000000000000000000000000000000000000000000000000000000000BF
:40014000000000000000000000000000000000000000000000000000000000000000000000000000000000000000000000000000000000000000000000000000000000007F
:40018000000000000000000000000000000000000000000000000000000000000000000000000000000000000000000000000000000000000000000000000000000000003F
:4001C00000000000000000000000000000000000000000000000000000000000000000000000000000000000000000000000000000000000000000000000000000000000FF
:4002000000000000000000000000000000000000000000000000000000000000000000000000000000000000000000000000000000000000000000000000000000000000BE
:40024000000000000000000000000000000000000000000000000000000000000000000000000000000000000000000000000000000000000000000000000000000000007E
:40028000000000000000000000000000000000000000000000000000000000000000000000000000000000000000000000000000000000000000000000000000000000003E
:4002C00000000000000000000000000000000000000000000000000000000000000000000000000000000000000000000000000000000000000000000000000000000000FE
:4003000000000000000000000000000000000000000000000000000000000000000000000000000000000000000000000000000000000000000000000000000000000000BD
:40034000000000000000000000000000000000000000000000000000000000000000000000000000000000000000000000000000000000000000000000000000000000007D
:40038000000000000000000000000000000000000000000000000000000000000000000000000000000000000000000000000000000000000000000000000000000000003D
:4003C00000000000000000000000000000000000000000000000000000000000000000000000000000000000000000000000000000000000000000000000000000000000FD
:4004000000000000000000000000000000000000000000000000000000000000000000000000000000000000000000000000000000000000000000000000000000000000BC
:40044000000000000000000000000000000000000000000000000000000000000000000000000000000000000000000000000000000000000000000000000000000000007C
:40048000000000000000000000000000000000000000000000000000000000000000000000000000000000000000000000000000000000000000000000000000000000003C
:4004C00000000000000000000000000000000000000000000000000000000000000000000000000000000000000000000000000000000000000000000000000000000000FC
:4005000000000000000000000000000000000000000000000000000000000000000000000000000000000000000000000000000000000000000000000000000000000000BB
:40054000000000000000000000000000000000000000000000000000000000000000000000000000000000000000000000000000000000000000000000000000000000007B
:40058000000000000000000000000000000000000000000000000000000000000000000000000000000000000000000000000000000000000000000000000000000000003B
:4005C00000000000000000000000000000000000000000000000000000000000000000000000000000000000000000000000000000000000000000000000000000000000FB
:4006000000000000000000000000000000000000000000000000000000000000000000000000000000000000000000000000000000000000000000000000000000000000BA
:40064000000000000000000000000000000000000000000000000000000000000000000000000000000000000000000000000000000000000000000000000000000000007A
:40068000000000000000000000000000000000000000000000000000000000000000000000000000000000000000000000000000000000000000000000000000000000003A
:4006C00000000000000000000000000000000000000000000000000000000000000000000000000000000000000000000000000000000000000000000000000000000000FA
:4007000000000000000000000000000000000000000000000000000000000000000000000000000000000000000000000000000000000000000000000000000000000000B9
:400740000000000000000000000000000000000000000000000000000000000000000000000000000000000000000000000000000000000000000000000000000000000079
:400780000000000000000000000000000000000000000000000000000000000000000000000000000000000000000000000000000000000000000000000000000000000039
:4007C00000000000000000000000000000000000000000000000000000000000000000000000000000000000000000000000000000000000000000000000000000000000F9
:400800000000000000000000000000000000000000000000000000000000000000000000829900000000000046C5000000000000004000008000000080C000000000000092
:40084000060C00020000000008040000400000000000000000000200AE0000C0000000000020000000000000000087000000000800000204000000200200010100000000CF
:400880000000000200000000002A001500000000000000100000010000000000000000030330000C00000000000000000000000000000000000000000000000000000000A4
:4008C000000008000404000499900001000000000000000000000000000000000000000000000000000000000000000000000002000000800000010800000440008A00451C
:400900000000020400200810000000000A100520000000000000000100000000003003C00C0C0003000000000000000000000000000000000000000000000000000000002B
:400940000100000004040004999000010000000000000000000000000000000000000000000000000000000000000000000000000000000800000004000000000008000428
:400980000000000000020001000000000001000200000000000000000000000000000000000C00030000C00000000040000000000000000000000000000000000000000022
:4009C00000000A000404000498900811000000000000000000000000000000000000000000000000000000000000000000000004000000000000000000000000000000009C
:400A00000000000200000008000A02050000000100000000000001000000000000000003020C01000000000000000000000000000000000000000000000000000000000087
:400A4000000002000404000994900801000000000000000000000000000000000000000000000000000000000000000004000008000000010000000001000204040000100E
:400A80000000010200000220002A001500000100000000000000000000000000040000030330000C000000000000000000000000000000000000000000000000000000008B
:400AC00000000200040400099190080100000000000000000000000000000000000000000000000000000000000000000000000100000000000002040100020000020001AC
:400B00000000000000000002000001000000000400000000000000000000000000000003000003040000000000000040000000000000000000000000000000000000000064
:400B40000000000004040004910000010000000000000000000000000000000000000000000000000000000000000000545754575457545754575457545754575457545729
:400B800054575457545754575457545756575557545754575457545775575E57030008A820A880A8FFBF5455000055550000000000000000000000000000000000000000F9
:400BC000000008000404000400900001000000000000000000000000000000000000000000000000000000000000000080004000200010000800040002000100000200014E
:400C0000000800040020001000000000AA2A551500000000000000000000000003030C0C3030C000FF3F5415000000002305000000CEB0000BFFFFFF0000000004000101A1
:400C40000000100004040404002100010000C0004001800030004010100040A800000000000000000000000000000000020201010808040420201010808040400280014078
:400C80000820041020081004800240010000000000000000000000000000000003030C0C3030C0C0FFFF545500000000000000000000000000000000000000000000000054
:400CC000000008000404000400200001000000000000000000000000000000000000000000000000000000000000000080124011201810140810041002120111021001100B
:400D00000818041420101010801040100010001000100010001000100010001003030C0C3020C000FF2F5515000000100000000000000000000000000000000000000000F5
:400D40000000022404040004001000010000000000000000000000000000000000000000000000000000000000000000000000000000000000000000000000000000000030
:400D80000000000000000000000000000000000000000000000000000000000000000000000000000008000000000004000000000000000000000000000000000000000027
:400DC0000000000000040000000000010000000000000000000000000000000000000000000000000000000000000000000100400001011002010020000100040001000270
:400E0000000002FE0001000800000200000000FE00FF0300020000010001008000FF0000030000000000000000000000000000000000000000000000000000000000000021
:400E4000000008000404000411900001000000000000000000000000000000000000000000000000000000000000000000040300030108000002020000100300000F000083
:400E8000030F080000010100030008000000000000000300000F00000408000000000F1F0000000000000000000000000000000000000000000000000000000000000000BF
:400EC0007F000400040400041190000100000000000000000000000000000000000000000000000000000000000000000000000000000000000000000000000000000000C1
:400F0000000100000100000000010000000000000000000000000000000001000001000001000000000000002001000000000000000000000000000000000000000000008A
:400F400000000800040400048890001100000000000000000000000000000000000000000000000000000000000000000000020810040300010002014008030004000302BB
:400F800000000000FF0000000000FD030000FC00200803000800030803008001FF03000800030004000000000000000400000000000000000000000000000000000000005F
:400FC00001000000040400041110000100000000000000000000000000000000000000000000000000000000000000008002400100080004002000100280014002020101FA
:401000000800040020201010800040000000000008080404200010000080004003030C0C3030C0C0FFFF5455000000000000000000000000000000000000000000000000D7
:40104000000008000404000400900001000000000000000000000000000000000000000000000000000000000000000080124011081804142010101080124011021001105A
:401080000818041400100010001000100010001020101010001000100210011003030C0C3020C000FF2F55150000001000000000000000000000000000000000000000002F
:4010C000000008000404000400900001000000000000000000000000000000000000000000000000000000000000000000000007030000000000100000001F00020100000F
:4011000000000003000303000700080300030304080704000003000401020000000000001F0700002000000000000000000000000000000000000000000000000000000027
:40114000030004000404000411900001000000000000000000000000000000000000000000000000000000000000000000000012000800000000000000000000000000019F
:4011800000000001001200040000000000000000000001000004001200000010001001060008000100000000000000402604030005C0E0000AFFFFFF022000050400070086
:4011C00001000000040404041011000100004001400150014001701040100000000000000000000000000000000000000000000000000000000000000000000000003F3F5A
:4012000008000000007F000000000000000000000000001FF43D00000000000000000000007F00000000030000000000030100000000000000000201030100001701000032
:40124000000000001001070107000000000000000000000000000000000000000000000000000000000000000000000000000000000000000000002000000000040000002A
:40128000100002000000000000000000000000000000000000000000000000000000000000000000000000000000000000000000000000000000080008000100000000000B
:4012C000000000000000000000000000000000000000000000000000040000000000802000002000000000000000000000000000000000000000000000000000000000002A
:4013000000000000000000000000000000000000000000000000000000000000000000000000000000000000000000000000020000000000000000000000000000000000AB
:401340000000000000080000000020000000000000000000000000000000010210080000000000000000000000002102000020000000800000000000000000000000000067
:40138000000000000000000000000000000004000E00000000000000000000000000000000000000020000000000030008000000020000000000000000000000000000000C
:4013C00000000000000000000000000010000000000000000000010000002000000000000000000000000000000000000000000000000000000000000000000000000000BC
:4014000000000000000000000000000000000000000000000000000000000000000000000000000000000000000000000000000000000000000000000000000000000000AC
:401440000000000000000000000000000000000000000000000000000000000000080000000001000000000000002102000020000000900000000000000020000000000070
:401480000000000000000000000000000200060000000000000000000000000000000000000000000000000000000000000000000000000000000000000000000000000024
:4014C00000000000000000000000000000008000000020000000000000000000000800000000010000000000000001020000000000001000400000000000000000040000EC
:4015000000000000000000000000000000000000000000000000000000000000000000000000000000000000000000000000000000000000000000000100000000000000AA
:401540000000000000000000000000000000000040000000000200000000000000000000000000000000000000000000000000000000000000000000000000000000000029
:401580000000000000000000000000000000000000000000000000000000000000000000000000000000000200000000000001000000080000000000000000000000000020
:4015C00000000000000000000000000000020000000019000000000000000000000000000000000000000000000000000000000000000000000000000000000000000000D0
:40160000000000000000000000000000010008000000000000000000000000000000000000000200030000000000000000000000000000000000000000000000000000009C
:40164000000000000000000000000000002801000000000042000800000000008100200000000008002000000000000800202000080148006220000000200001810014005D
:401680002002280400000102300200040000000040210004000000000062000200000000100000001000004010008000800000000000000000000000200020010000000029
:4016C0000000000000000000000000008000004000000004000010010408100000402800000000001300010880000000000000003000080900000808108000010010000003
:4017000000000100000000000000000007000B002D00000000003F00EF00C100E000300000003C0001000000000000000000D00000002000000011005000A000000000003C
:4017400000000000000000000000000010000020000286100008000210080200000018000000208800000020000800088000008000000810400090200040800808100002A3
:40178000101009200400268084002200000000000000000000000000000000000000000000000000000000000088210000600000A00040080000000000000000000000009F
:4017C00000000000000000000000000080100008684000000020D000100201000400018A0040000040880228000000100010100200008108000020020040C0000500000003
:40180000100310000000000000000000F600E500A600000000003F00E700FF00000000000000F000FC0000000000000006000000010000004000050000000900000000009E
:4018400000000000000000000000000008A1000000000041000050000000AA00020400000000001405A050000055AA00001D00000055200000000000000088002028000014
:401880000000200280020004008A20000000000000000000000000000000000000000000000000000000000000000000008000000000400006050000000000554000000472
:4018C0000000A80200000000000000008000000000000000000040002000000000402800050A50000300000800550000000000001075000000800000000000080101040420
:401900000000000000000000000000009F00FC006500000000005000A200FB00000000000000000018000000000000001000000040009000000080000000A00000000000A2
:401940000000000000000000000000004C008800400002000020028000400A0048400029000000400001000000000800022A00000000004000400028000000000002800015
:401980000000044000802402000000000000003000000000000000000000000000000000000000001001028000000000000000000080000010029000002880008010801090
:4019C000000000000000000030001000001008020008009000000100000444010000208A0002000010080208250200520C0010029100050800004000000100000800020855
:401A00000000000000000000000000000F004B008F00000000000E0059000F000000000000000C0010000000000060000000000000000100040008000000000000000000BE
:401A40000000000000000000000000005500000000550000000055000000AA000000000000000000500005000000AA00000800480000005600000000000000000008000010
:401A800000000056000A004000AA000000000000000000000000000000000000000000000000000000000000008000000020000000008000020128000000000000800014FD
:401AC0000000000000000000000000000000000002800010020080000000000000400000000000000000000000000000000000001000000000000000000000000000000082
:401B0000004000000000000000000000FF00FF000000000000000000F200FB0000000000000010001400000000000000000000000000A0004000080000000000000000006E
:401B400000000000000000000000000094000080000000000000000030000000400000020129140000009A009400008000140040002882004000000000000000002882000B
:401B800080101040000040400000000000000018000000002000010200000000100000000000000000009A00002000000000540000500000000040000000000000000000DC
:401BC00000000000000000000000000000401000044000440000000220000000000000002042008000280000A4020000000000009100040201000000002000000000204023
:401C00000010000000000000000000000F00000098000000000001000F0000000600080000002F003E00000000000000000008000000B200000008000000000000000000A0
:401C40000000000000000000000000000000000010000020000000000000000000000000000000000000002000000000000000000000000000000000000000000000000014
:401C8000000000000000000000000000000000000000000000000000000000000000000000000000000000000000000000000000020004000000000080000400000000009A
:401CC0000000000000000000000000000200010220000100000004A0400002008000000000000000801004000000020001282000020000100000000040000000002881007E
:401D000000000011018400002000010000000000000000000000041000000000000000000000000001402800800000100108104000400001009402000000000000000000AF
:401D4000000000000060020000000000000000000000000000000000400000000020292100120000010810012402001000008000000002001000000100004800008000108A
:401D8000000000000000000000000000C9008E000800000000008000AF00AB000000000000003F000F00000000000C0000000A0002001400200000008000040000000000CC
:401DC00000000000000000000000000000000000000000000000000000000000000000000000000000000000000000000000000000000020000000000000000000000000C3
:401E000000000000000000000000000000000000000000000000000000000000000000000000000000000000000000000000000000000000000000000000000000000000A2
:401E40000000000000000000000000000000000000000000000000000000000000000000000000000000000000000000000000000000000000000000000000000000000062
:401E8000000000000000000000000000000000000000000000000000000000000000000000000000000000000000000000000900020008000000000000000000000000000F
:401EC00000000000000000000000000000000000000000000000000200000000000004000000000000500000000001400028140004809001000002000000004000A8000010
:401F000000000011000100000420000000000000000000000000000000000280000000000000000004520000108000080000000200080000088500005020000000008A006A
:401F40004000400400000840200002000000040000118000000000000000000000000001A0940080010010080000081500000001488010000000000000000008010000040D
:401F8000000204400000000000000000000001000200000000008100AE0061000000000000007F004800000000003500000009000200080010000000000000000000000029
:401FC000000000000000000000000000201FDF00DF000000000F0F000F0200004400000C08000C00C00000006000806F0B4040000000000018000058E000E0000000000087
:0200000490006A
:040000000800C0052F
:0200000490105A
:04000000BC90ACAF55
:0200000490303A
:0200000029E9EC
:0200000490501A
:0C00000000011E09306903011E6E5A52F7
:0200000490402A
:4000000000000000000000000000000000000000000000000000000000000000000000000000000000000000000000000000000000000000000000000000000000000000C0
:00000001FF
