C51 COMPILER V9.51   BOOTLOADER                                                            12/15/2017 11:38:02 PAGE 1   


C51 COMPILER V9.51, COMPILATION OF MODULE BOOTLOADER
OBJECT MODULE PLACED IN .\DP8051\DP8051_Keil_951\Debug\Bootloader.obj
COMPILER INVOKED BY: C:\Program Files (x86)\Cypress\PSoC Creator\4.1\PSoC Creator\import\keil\pk51\9.51\C51\BIN\c51.exe 
                    -Generated_Source\PSoC3\Bootloader.c NOIV LARGE MODDP2 OMF2 VB(1) NOIP INCDIR(.,Generated_Source\PSoC3) FF(3) DB DF(DEBUG
                    -) WL(2) PR(.\DP8051\DP8051_Keil_951\Debug/Bootloader.lst) CD OT(5,SIZE) OA OJ(.\DP8051\DP8051_Keil_951\Debug\Bootloader.
                    -obj)

line level    source

   1          /****************************************************************************//**
   2          * \file Bootloader.c
   3          * \version 1.60
   4          *
   5          * \brief
   6          *   Provides an API for the Bootloader component. The API includes functions
   7          *   for starting bootloading operations, validating the application and
   8          *   jumping to the application.
   9          *
  10          ********************************************************************************
  11          * \copyright
  12          * Copyright 2008-2015, Cypress Semiconductor Corporation.  All rights reserved.
  13          * You may use this file only in accordance with the license, terms, conditions,
  14          * disclaimers, and limitations in the end user license agreement accompanying
  15          * the software package with which this file was provided.
  16          *******************************************************************************/
  17          
  18          #include "Bootloader_PVT.h"
  19          
  20          
  21          
  22          #include "project.h"
  23          #include <string.h>
  24          
  25          #if (CY_BOOT_VERSION < CY_BOOT_5_0)
              #error Component Bootloader_v1_60 requires cy_boot v5.00 or later
              #endif /* (CY_BOOT_VERSION >= CY_BOOT_5_0) */
  28          
  29          /*******************************************************************************
  30          * The Checksum and SizeBytes are forcefully set in code. We then post process
  31          * the hex file from the linker and inject their values. When the hex file
  32          * is loaded into the device, these two variables should have valid values.
  33          * Because the compiler can do optimization to remove the constant
  34          * accesses, these should not be accessed directly. Instead, the variables
  35          * CyBtldr_ChecksumAccess & CyBtldr_SizeBytesAccess should be used to get the
  36          * proper values at the runtime.
  37          *******************************************************************************/
  38          #if (CYDEV_PROJ_TYPE != CYDEV_PROJ_TYPE_LOADABLEANDBOOTLOADER)
  39          #if defined(__ARMCC_VERSION) || defined (__GNUC__)
                  __attribute__((section (".bootloader"), used))
              #elif defined (__ICCARM__)
                  #pragma location=".bootloader"
              #endif  /* defined(__ARMCC_VERSION) || defined (__GNUC__) */
  44          
  45          #if defined(__ARMCC_VERSION) || defined (__GNUC__) || defined (__C51__)
  46                     const uint8  CYCODE Bootloader_Checksum = 0u;
  47          #elif defined (__ICCARM__)
                  __root const uint8  CYCODE Bootloader_Checksum = 0u;
              #endif  /* defined(__ARMCC_VERSION) || defined (__GNUC__) || defined (__C51__) */
  50          const uint8  CYCODE *Bootloader_ChecksumAccess  = (const uint8  CYCODE *)(&Bootloader_Checksum);
  51          
  52          #if defined(__ARMCC_VERSION) || defined (__GNUC__)
C51 COMPILER V9.51   BOOTLOADER                                                            12/15/2017 11:38:02 PAGE 2   

                  __attribute__((section (".bootloader"), used))
                  const uint32 CYCODE Bootloader_SizeBytes = 0xFFFFFFFFu;
              #elif defined (__ICCARM__)
                  #pragma location=".bootloader"
                  __root const uint32 CYCODE Bootloader_SizeBytes = 0xFFFFFFFFu;
              #elif defined (__C51__)
  59              const uint32 CYCODE Bootloader_SizeBytes = 0xFFFFFFFFu;
  60          #endif  /* defined(__ARMCC_VERSION) || defined (__GNUC__) */
  61          
  62          const uint32 CYCODE *Bootloader_SizeBytesAccess = (const uint32 CYCODE *)(&Bootloader_SizeBytes);
  63          #endif /*(CYDEV_PROJ_TYPE != CYDEV_PROJ_TYPE_LOADABLEANDBOOTLOADER)*/
  64          
  65          /**
  66           \defgroup variables_group Variables
  67           @{
  68          */
  69          #if (CYDEV_PROJ_TYPE == CYDEV_PROJ_TYPE_LOADABLEANDBOOTLOADER) 
              /**
               *  This variable is intended to indicate that in-application 
               *  bootloading initialization is done. The initialization itself is performed in the
               *  Bootloader_Initialize() function. Once the initialization is done,
               *  the variable is set and this prevents the functionality from reinitialization.
               */
              uint8 Bootloader_initVar = Bootloader_BOOTLOADING_NOT_INITIALIZED;
              
              /**
               *  This variable is intended to keep the current application number. It applies
               *  only to in-application bootloading.
               */
              uint8 Bootloader_runningApp = Bootloader_RUNNING_APPLICATION_UNKNOWN;
              
              /**
               *  This variable is intended to indicate that 'Enter bootloader' command has
               *  been received. It applies only to in-application bootloading.
               */
              uint8 Bootloader_isBootloading = Bootloader_BOOTLOADING_COMPLETED;
              #endif /*CYDEV_PROJ_TYPE == CYDEV_PROJ_TYPE_LOADABLEANDBOOTLOADER*/
  90          
  91          #if ((0u != Bootloader_DUAL_APP_BOOTLOADER)  || (CYDEV_PROJ_TYPE == CYDEV_PROJ_TYPE_LOADABLEANDBOOTLOADER)
             -)
              /**
               *  This variable is intended to keep the active application number. It applies
               *  to Classic Dual-app Bootloader and in-application bootloading.
               */
              volatile uint8 Bootloader_activeApp = Bootloader_MD_BTLDB_ACTIVE_NONE;
              #else /*SINGLE-APP BOOTLOADER*/
  98              #define Bootloader_activeApp      (Bootloader_MD_BTLDB_ACTIVE_0)
  99          #endif  /* (0u != Bootloader_DUAL_APP_BOOTLOADER) */
 100          
 101          
 102          #if (0u != Bootloader_SECURITY_KEY_AVAIL) 
              /**
               *  This variable holds the security key for additional safety during communication.
               */
              static const uint8 CYCODE Bootloader_securityKey[Bootloader_SECURITY_KEY_LENGTH] = {0x11u, 0x22u, 0x33u, 0
             -x44u, 0x55u, 0x66u};
              #endif /*(0u != Bootloader_SECURITY_KEY_AVAIL)*/
 108          
 109          #if ((CYDEV_PROJ_TYPE != CYDEV_PROJ_TYPE_LAUNCHER) && (!CY_PSOC3))
              /**
               *  This variable holds the pointer on the user's callback-function that implements the custom 
               *  bootloader command processing.
C51 COMPILER V9.51   BOOTLOADER                                                            12/15/2017 11:38:02 PAGE 3   

               */
              static Bootloader_callback_type Bootloader_callback = NULL;
              #endif /*(CYDEV_PROJ_TYPE != CYDEV_PROJ_TYPE_LAUNCHER) && (!CY_PSOC3)*/
 116          /** @}*/
 117           
 118          /***************************************
 119          *     Function Prototypes
 120          ***************************************/
 121          #if (CYDEV_PROJ_TYPE != CYDEV_PROJ_TYPE_LOADABLEANDBOOTLOADER)
 122              static void  Bootloader_LaunchApplication(void) CYSMALL \
 123                              ; 
 124          #if(!CY_PSOC3)
                  /* Implementation for PSoC 3 resides in Bootloader_psoc3.a51 file.  */
                  static void     Bootloader_LaunchBootloadable(uint32 appAddr);
              #endif  /* (!CY_PSOC3) */
 128          #endif /* CYDEV_PROJ_TYPE != CYDEV_PROJ_TYPE_LOADABLEANDBOOTLOADER */ 
 129          
 130          #if (CYDEV_PROJ_TYPE != CYDEV_PROJ_TYPE_LAUNCHER)
 131              static cystatus Bootloader_WritePacket(uint8 status, uint8 buffer[], uint16 size) CYSMALL \
 132                                              ;
 133          
 134              static uint16   Bootloader_CalcPacketChecksum(const uint8 buffer[], uint16 size) CYSMALL \
 135                                              ;
 136                                              
 137              #if (0u != Bootloader_CMD_VERIFY_FLS_ROW_AVAIL)
                  static uint8 Bootloader_VerifyRow(uint32 flashStart, const uint8* ramStart, uint16 size) \
                              CYSMALL ;                                
                  #endif /*(0u != Bootloader_CMD_VERIFY_FLS_ROW_AVAIL)*/            
 141          
 142          #if (CYDEV_PROJ_TYPE != CYDEV_PROJ_TYPE_LOADABLEANDBOOTLOADER)                                    
 143              static void Bootloader_HostLink(uint8 timeOut) CYLARGE ;
 144          #endif /* (CYDEV_PROJ_TYPE != CYDEV_PROJ_TYPE_LOADABLEANDBOOTLOADER) */                                   
             - 
 145          #endif /*(CYDEV_PROJ_TYPE != CYDEV_PROJ_TYPE_LAUNCHER)*/
 146                                              
 147          #if (((0u != Bootloader_DUAL_APP_BOOTLOADER) && (CYDEV_PROJ_TYPE != CYDEV_PROJ_TYPE_LAUNCHER)) \
 148                                                    || (CYDEV_PROJ_TYPE == CYDEV_PROJ_TYPE_LOADABLEANDBOOTLOADER))
                  static uint8 Bootloader_CheckImage(uint8 appNumber, uint8 arrayNumber, uint16 row, uint16 rowNumInArra
             -y) CYSMALL \
                                                  ;                                    
              #endif /*(((0u != Bootloader_DUAL_APP_BOOTLOADER) && (CYDEV_PROJ_TYPE != CYDEV_PROJ_TYPE_LAUNCHER)) \
                                                        || (CYDEV_PROJ_TYPE == CYDEV_PROJ_TYPE_LOADABLEANDBOOTLOADER))*/
 153          
 154          #if ((CYDEV_PROJ_TYPE == CYDEV_PROJ_TYPE_LOADABLEANDBOOTLOADER) || (0u != Bootloader_DUAL_APP_BOOTLOADER))
             - 
                  static void Bootloader_SetActiveAppInMetadata(uint8 activeApp) CYSMALL \
                              ;
              #endif /* (CYDEV_PROJ_TYPE == CYDEV_PROJ_TYPE_LOADABLEANDBOOTLOADER) || (0u != Bootloader_DUAL_APP_BOOTLOA
             -DER) */                     
 158          
 159          #if ((CYDEV_PROJ_TYPE == CYDEV_PROJ_TYPE_LOADABLEANDBOOTLOADER) || \
 160               (CYDEV_PROJ_TYPE == CYDEV_PROJ_TYPE_MULTIAPPBOOTLOADER) || \
 161               (CYDEV_PROJ_TYPE == CYDEV_PROJ_TYPE_LAUNCHER))
                  static uint8 Bootloader_GetActiveAppFromMetadata(void) CYSMALL \
                              ;                     
              #endif /*((CYDEV_PROJ_TYPE == CYDEV_PROJ_TYPE_LOADABLEANDBOOTLOADER) || \
                        (CYDEV_PROJ_TYPE == CYDEV_PROJ_TYPE_MULTIAPPBOOTLOADER) || \
                        (CYDEV_PROJ_TYPE == CYDEV_PROJ_TYPE_LAUNCHER)) */
 167                    
 168          #if (CYDEV_PROJ_TYPE == CYDEV_PROJ_TYPE_LAUNCHER)
              #if ((0u != Bootloader_COPIER_AVAIL) && (CY_PSOC4)) 
                  static cystatus Bootloader_CopyRow(uint16 srcRowNum, uint16 dstRowNum) \
C51 COMPILER V9.51   BOOTLOADER                                                            12/15/2017 11:38:02 PAGE 4   

                               CYSMALL ;
                  static void Bootloader_Copier(void) CYSMALL ;
              #endif /*(0u != Bootloader_COPIER_AVAIL) && (CY_PSOC4)*/
              #endif /*(CYDEV_PROJ_TYPE == CYDEV_PROJ_TYPE_LAUNCHER)*/
 175                                 
 176          
 177          /**
 178           \defgroup functions_group Functions
 179           @{
 180          */
 181          #if ((CYDEV_PROJ_TYPE == CYDEV_PROJ_TYPE_LOADABLEANDBOOTLOADER) || \
 182                                            (0u != Bootloader_DUAL_APP_BOOTLOADER))                                 
             -         
              /*******************************************************************************
              * Function Name: Bootloader_SetActiveAppInMetadata
              ****************************************************************************//**
              * \internal
              *
              * \brief
              *    This function sets the active application in metadata.
              *    The other application is set inactive. 
              *
              * \param activeApp
              *   The active application number (0 or 1). If the active application number is
              *   greater than 1, then nothing is done.  
              *
              * \endinternal
              *******************************************************************************/
              static void Bootloader_SetActiveAppInMetadata(uint8 activeApp) CYSMALL \
                                   
              {
                  if (Bootloader_MD_BTLDB_ACTIVE_NONE > activeApp)
                  {
                      uint8 CYDATA idx;    
                  #if(!CY_PSOC4)      
                      if (CYRET_SUCCESS != CySetTemp())
                      {
                          CyHalt(0x00u);
                      }
                  #endif  /* (!CY_PSOC4) */    
                      for(idx = 0u; idx < Bootloader_MAX_NUM_OF_BTLDB; idx++)
                      {
                          (void)Bootloader_SetFlashByte((uint32) Bootloader_MD_BTLDB_ACTIVE_OFFSET(idx),
                                                              (uint8)(idx == activeApp));
                      }
                  }    
              }
              #endif /* (CYDEV_PROJ_TYPE == CYDEV_PROJ_TYPE_LOADABLEANDBOOTLOADER) || 
                                         (0u != Bootloader_DUAL_APP_BOOTLOADER) */ 
 219          
 220          #if ((CYDEV_PROJ_TYPE == CYDEV_PROJ_TYPE_LOADABLEANDBOOTLOADER) || \
 221               (CYDEV_PROJ_TYPE == CYDEV_PROJ_TYPE_MULTIAPPBOOTLOADER) || \
 222               (CYDEV_PROJ_TYPE == CYDEV_PROJ_TYPE_LAUNCHER))                   
              /*******************************************************************************
              * Function Name: Bootloader_GetActiveAppFromMetadata
              ****************************************************************************//**
              * \internal
              *
              * \brief
              *    This function performs reading of both metadata sections to
              *    identify an active application. If none application is set active, 
              *    then Bootloader_MD_BTLDB_ACTIVE_NONE (0x02) is returned.
C51 COMPILER V9.51   BOOTLOADER                                                            12/15/2017 11:38:02 PAGE 5   

              *
              * \return
              *   The number of active applications. In the case of error:
              *   -  Bootloader_MD_BTLDB_ACTIVE_NONE (0x02) - neither application is initialized;
              *   -  Bootloader_BOTH_ACTIVE (0x03) - both applications are set active;
              *
              * \endinternal 
              *******************************************************************************/
              static  uint8 Bootloader_GetActiveAppFromMetadata(void) CYSMALL \
                     
              {
                  uint8 CYDATA result;
                  uint8 CYDATA app0 = (uint8)Bootloader_GetMetadata(Bootloader_GET_BTLDB_ACTIVE, 
                                                                   Bootloader_MD_BTLDB_ACTIVE_0);
                  uint8 CYDATA app1 = (uint8)Bootloader_GetMetadata(Bootloader_GET_BTLDB_ACTIVE, 
                                                                   Bootloader_MD_BTLDB_ACTIVE_1);        
              
                  if (0u != app0)                                                     
                  {
                      if (0u == app1)
                      {
                          /* app0 is active */
                          result = Bootloader_MD_BTLDB_ACTIVE_0;
                      }
                      else 
                      {
                          /* Both are active */
                          result = Bootloader_BOTH_ACTIVE;
                      }
                  }
                  else /* (0u == app0) */
                  {
                      if (0u != app1)
                      {
                          /* app1 is active */
                          result = Bootloader_MD_BTLDB_ACTIVE_1;
                      }
                      else
                      {
                          /* Neither app is active. */
                          result = Bootloader_MD_BTLDB_ACTIVE_NONE;
                      }          
                  }
              
                  return (result);
              }
              #endif /*((CYDEV_PROJ_TYPE == CYDEV_PROJ_TYPE_LOADABLEANDBOOTLOADER) || \
                        (CYDEV_PROJ_TYPE == CYDEV_PROJ_TYPE_MULTIAPPBOOTLOADER) || \
                        (CYDEV_PROJ_TYPE == CYDEV_PROJ_TYPE_LAUNCHER)) */
 281                  
 282          #if (CYDEV_PROJ_TYPE == CYDEV_PROJ_TYPE_LOADABLEANDBOOTLOADER)
              /*******************************************************************************
              * Function Name: Bootloader_Initialize
              ****************************************************************************//**
              * 
              * \brief 
              *   Used for in-app bootloading. This function updates the global variable 
              *   Bootloader_runningApp with a running application number.
              *
              *   If the running application number is valid (0 or 1), this function also 
              *   sets the global variable Bootloader_initVar that is used to determine 
              *   if the component can process bootloader commands or not.
C51 COMPILER V9.51   BOOTLOADER                                                            12/15/2017 11:38:02 PAGE 6   

              *   This function should be called once in the application project after a startup.
              *
              * \return
              *   Global variables: 
              *     - Bootloader_runningApp
              *     - Bootloader_activeApp
              *     - Bootloader_initVar
              *
              * \details 
              *   This API should be called first to be able to capture the active application 
              *   number that is actually the running application number.
              *******************************************************************************/
              void Bootloader_Initialize(void) CYSMALL \
                                             
              {
                  if (Bootloader_BOOTLOADING_NOT_INITIALIZED ==Bootloader_initVar)
                  {
                      Bootloader_activeApp = Bootloader_GetActiveAppFromMetadata();
                      
                      /* Updating with number of active application */    
                      if ((Bootloader_MD_BTLDB_ACTIVE_NONE != Bootloader_activeApp) &&
                          (Bootloader_BOTH_ACTIVE != Bootloader_activeApp))
                      {
                          Bootloader_runningApp = Bootloader_activeApp;
                          
                          /* Bootloader commands are to be processed */
                          Bootloader_initVar = Bootloader_BOOTLADING_INITIALIZED;
                      }
                      else 
                      {
                          Bootloader_runningApp = Bootloader_RUNNING_APPLICATION_UNKNOWN;
                      }
                  }
              }
              
              /*****************************************************************************
              * Function Name: Bootloader_GetRunningAppStatus
              **************************************************************************//**
              *
              * \brief 
              *   Used for dual-app or in-app bootloader. Returns the value of the global 
              *   variable Bootloader_runningApp. This function should be called only after the 
              *   Bootloader_Initialize() has been called once.
              *
              * \return 
              *   The application number that is currently being executed. Values are 0 or 1; 
              *     other values indicate "not defined".
              *
              *******************************************************************************/
              uint8 Bootloader_GetRunningAppStatus(void) CYSMALL \
                          
              {  
                  return (Bootloader_runningApp);
              }
              
              
              /*******************************************************************************
              * Function Name: Bootloader_GetActiveAppStatus
              ****************************************************************************//**
              *
              * \brief 
              *   Used for dual-app or in-app bootloader. Returns the value of the global 
C51 COMPILER V9.51   BOOTLOADER                                                            12/15/2017 11:38:02 PAGE 7   

              *   variable Bootloader_activeApp. This function should be called only after the 
              *   Bootloader_Initialize() has been called once.
              *
              * \return 
              *   The desired application to be executed. Values are 0 or 1; other values 
              *     indicate "not defined".
              *
              *******************************************************************************/
              uint8 Bootloader_GetActiveAppStatus(void) CYSMALL \
                    
              {  
                  /* Read active application number from metadata */
                  Bootloader_activeApp = Bootloader_GetActiveAppFromMetadata();
                  
                  return (Bootloader_activeApp);
              }
              #endif /*(CYDEV_PROJ_TYPE == CYDEV_PROJ_TYPE_LOADABLEANDBOOTLOADER)*/
 373          
 374          #if (CYDEV_PROJ_TYPE != CYDEV_PROJ_TYPE_LAUNCHER)
 375          /*******************************************************************************
 376          * Function Name: Bootloader_CalcPacketChecksum
 377          ****************************************************************************//**
 378          *  \internal
 379          *
 380          *  \brief
 381          *     This computes a 16-bit checksum for the provided number of bytes contained
 382          *     in the provided buffer.
 383          *
 384          *  \param buffer
 385          *     The buffer containing the data to compute the checksum.
 386          *  \param size
 387          *     The number of bytes in the buffer to compute the checksum.
 388          *
 389          *  \return 
 390          *     A 16-bit checksum for the provided data.
 391          *
 392          *  \endinternal
 393          *******************************************************************************/
 394          static uint16 Bootloader_CalcPacketChecksum(const uint8 buffer[], uint16 size) \
 395                              CYSMALL 
 396          {
 397   1          #if(0u != Bootloader_PACKET_CHECKSUM_CRC)
 398   1      
 399   1              uint16 CYDATA crc = Bootloader_CRC_CCITT_INITIAL_VALUE;
 400   1              uint16 CYDATA tmp;
 401   1              uint8  CYDATA i;
 402   1              uint16 CYDATA tmpIndex = size;
 403   1      
 404   1              if(0u == size)
 405   1              {
 406   2                  crc = ~crc;
 407   2              }
 408   1              else
 409   1              {
 410   2                  do
 411   2                  {
 412   3                      tmp = buffer[tmpIndex - size];
 413   3      
 414   3                      for (i = 0u; i < 8u; i++)
 415   3                      {
 416   4                          if (0u != ((crc & 0x0001u) ^ (tmp & 0x0001u)))
 417   4                          {
C51 COMPILER V9.51   BOOTLOADER                                                            12/15/2017 11:38:02 PAGE 8   

 418   5                              crc = (crc >> 1u) ^ Bootloader_CRC_CCITT_POLYNOMIAL;
 419   5                          }
 420   4                          else
 421   4                          {
 422   5                              crc >>= 1u;
 423   5                          }
 424   4      
 425   4                          tmp >>= 1u;
 426   4                      }
 427   3      
 428   3                      size--;
 429   3                  }
 430   2                  while(0u != size);
 431   2      
 432   2                  crc = ~crc;
 433   2                  tmp = crc;
 434   2                  crc = ( uint16 )(crc << 8u) | (tmp >> 8u);
 435   2              }
 436   1      
 437   1              return(crc);
 438   1      
 439   1          #else
              
                      uint16 CYDATA sum = 0u;
              
                      while (size > 0u)
                      {
                          sum += buffer[size - 1u];
                          size--;
                      }
              
                      return(( uint16 )1u + ( uint16 )(~sum));
              
                  #endif /* (0u != Bootloader_PACKET_CHECKSUM_CRC) */
 452   1      }
 453          
 454          #if (!CY_PSOC3)
              /*******************************************************************************
              * Function Name: Bootloader_InitCallback
              ****************************************************************************//**
              *
              * \brief
              *  This function initializes the callback functionality.
              *  
              * \param userCallback
              *  The user's callback function.
              *
              *******************************************************************************/
              void Bootloader_InitCallback(Bootloader_callback_type userCallback) \
                         CYSMALL 
              {
                  Bootloader_callback = userCallback;
              }
              #endif /* (!CY_PSOC3) */
 472          
 473          
 474          #if (0u != Bootloader_CMD_VERIFY_FLS_ROW_AVAIL)
              /*******************************************************************************
              * Function Name: Bootloader_VerifyRow
              ****************************************************************************//**
              *  \internal
              * 
C51 COMPILER V9.51   BOOTLOADER                                                            12/15/2017 11:38:02 PAGE 9   

              *  \brief
              *   This API performs a byte to byte verifying of the flash row against the data 
              *   in the input buffer. 
              *
              *  \param flashStart 
              *        The start address of a row in flash.
              *  \param ramStart 
              *        The start address of corresponding data to compare in the RAM buffer.
              *  \param size 
              *        The data length (common for both arrays).
              *
              *  \return
              *   CYRET_SUCCESS - If all data matches.
              *  \n Bootloader_ERR_VERIFY - If there is any mismatch.
              *
              * \endinternal 
              *******************************************************************************/
              static uint8 Bootloader_VerifyRow(uint32 flashStart, const uint8* ramStart, uint16 size) \
                              CYSMALL 
              {
                  uint8 CYDATA result = CYRET_SUCCESS;
                  uint16 CYDATA idx;
              
                  for(idx = 0u; idx < size; idx++)
                  {
                      if (CY_GET_XTND_REG8((uint8 CYFAR *)(flashStart + idx)) != ramStart[idx])
                      {
                          result = Bootloader_ERR_VERIFY;
                          break;
                      }    
                  }
              
                  return (result);
              }
              #endif /*(0u != Bootloader_CMD_VERIFY_FLS_ROW_AVAIL)*/
 515          #endif /*CYDEV_PROJ_TYPE != CYDEV_PROJ_TYPE_LAUNCHER*/
 516          
 517          
 518          /*******************************************************************************
 519          * Function Name: Bootloader_Calc8BitSum
 520          ****************************************************************************//**
 521          *
 522          * \brief
 523          *  This computes an 8-bit sum for the provided number of bytes contained in
 524          *  flash (if baseAddr equals CY_FLASH_BASE) or EEPROM (if baseAddr equals
 525          *  CY_EEPROM_BASE).
 526          *
 527          * \param baseAddr
 528          *   CY_FLASH_BASE
 529          *   CY_EEPROM_BASE - applicable only for PSoC 3 / PSoC 5LP devices.
 530          *
 531          * \param start
 532          *     The starting address to start summing data.
 533          * \param size
 534          *     The number of bytes to read and compute the sum.
 535          *
 536          * \return
 537          *   An 8-bit sum for the provided data.
 538          *
 539          *******************************************************************************/
 540          uint8 Bootloader_Calc8BitSum(uint32 baseAddr, uint32 start, uint32 size) \
 541                          CYSMALL 
C51 COMPILER V9.51   BOOTLOADER                                                            12/15/2017 11:38:02 PAGE 10  

 542          {
 543   1          uint8 CYDATA sum = 0u;
 544   1      
 545   1          #if(!CY_PSOC4)
 546   1              CYASSERT((baseAddr == CY_EEPROM_BASE) || (baseAddr == CY_FLASH_BASE));
 547   1          #else
                      CYASSERT(baseAddr == CY_FLASH_BASE);
                  #endif  /* (!CY_PSOC4) */
 550   1      
 551   1          while (size > 0u)
 552   1          {
 553   2              size--;
 554   2              sum += CY_GET_XTND_REG8((uint8 CYFAR *)(baseAddr + start + size));
 555   2          }
 556   1      
 557   1          return(sum);
 558   1      }
 559          
 560          
 561          #if (CYDEV_PROJ_TYPE == CYDEV_PROJ_TYPE_LAUNCHER)
              #if ((0u != Bootloader_COPIER_AVAIL) && (CY_PSOC4)) 
              /*******************************************************************************
              * Function Name: Bootloader_CopyRow
              ****************************************************************************//**
              * \internal
              *
              * \brief
              *   This function performs copying of a specified row to specified 
              *     location.
              *
              * \param
              *   srcRowNum - The number of a row to copy from.
              * \param             
              *   dstRowNum - The number of a row to be copied to.
              *
              * \return
              *   \n CYRET_SUCCESS - If everything went right. 
              *   \n Otherwise, produce an error code indicating a problem.  
              * 
              * \endinternal
              *******************************************************************************/
              static cystatus Bootloader_CopyRow(uint16 srcRowNum, uint16 dstRowNum) \
                               CYSMALL 
              {
                  /*Buffer for row copy procedure*/
                  uint8  rowBuffer[CYDEV_FLS_ROW_SIZE];
                  cystatus result = CYRET_SUCCESS;
              
                  uint32 srcBaseAddr = CYDEV_FLASH_BASE + srcRowNum * CYDEV_FLS_ROW_SIZE;
                  uint16 idx;
              
                  for(idx = 0u; idx < CYDEV_FLS_ROW_SIZE; idx++)
                  {
                      rowBuffer[idx] = Bootloader_GET_CODE_BYTE(srcBaseAddr + idx);
                  }
                  
                  result = CySysFlashWriteRow((uint16) dstRowNum, rowBuffer);
                  
                  return (result);
              }
              
              /*******************************************************************************
C51 COMPILER V9.51   BOOTLOADER                                                            12/15/2017 11:38:02 PAGE 11  

              * Function Name: Bootloader_Copier
              ****************************************************************************//**
              *  \internal
              *  
              *  \brief
              *    This option is specific for Launcher-Combination architecture only and to 
              *    the case when there is a large communication component like BLE. To save 
              *    flash space for the user application, such a large communication component 
              *    is present only in the first application (Stack application) and is "shared" 
              *    with the second application (the user's application actually) by "Code 
              *    sharing feature" (See code sharing and BLE Upgradable Stack example project). 
              *
              * \n If this option is enabled and the "need-to-copy" flag is set in the second 
              *    application's metadata, Copier performs copying of a previously saved Stack 
              *    application image from a "temporary location" to the app#1 flash 
              *    space (over the current app#1).
              *   
              * \n Before performing the copying operation the new Stack application image 
              *    should be received and stored at the temporary location by the current 
              *    Stack application. The "need-to-copy" flag should be set in app#2 metadata 
              *    indicating that copying operation is required.
              *
              * \n The temporary location is half of the flash space that left after Launcher 
              *    and 2 metadata rows. This implies that Stack application should fit in 
              *    that half of the flash space. 
              *
              * \n The destination for the copy operation is obtained as the first row after 
              *    Launcher (from app#1 metadata). 
              *
              * \n The source of copy operation is the first row of temporary location that 
              *    is calculated by the following formula: 
              * \n     srcRow = (((CY_FLASH_NUMBER_ROWS - dstRow - metaRows) / 2) + dstRow);
              * \n     where:
              *          - dstRow - the destination's first row (mentioned above);
              *          - CY_FLASH_NUMBER_ROWS - number of all flash rows; 
              *          - metaRows - 2 metadata rows;   
              *
              * \n Copying itself means row-by-row copying of the stored application's image.
              *    If it fails to copy some row, there is a defined number of attempts 
              *    (Bootloader_MAX_ATTEMPTS) to try again. In case of no success, 
              *    a user callback function Launcher_CopierCallback() is called. 
              *    If it is not defined, then the device is going to be halted.
              * 
              * \n After performing the application image copying, in case of success 
              *    the app#2 metadata is copied in the stead of app#1 metadata and then
              *    app#2 metadata is cleared.
              *
              * \n A "need-to-copy" flag is cleared just after performing the app#1 image
              *    copying from the temporary location to avoid another consecutive 
              *    copying operation.
              *   
              * \endinternal 
              *******************************************************************************/
              static void Bootloader_Copier(void) CYSMALL \
                         
              {
                  uint16 idx = 0u;
              
                  /* Number of attempts to perform copying again */
                  uint8 copierAttempts;
                  
                  /* "need-to-copy" flag from second application metadata */
C51 COMPILER V9.51   BOOTLOADER                                                            12/15/2017 11:38:02 PAGE 12  

                  uint8 copyFlag = Bootloader_GetMetadata(Bootloader_GET_BTLDB_COPY_FLAG, Bootloader_MD_BTLDB_ACTIVE_1);
              
                  /* Buffer to temporary hold metadata before flashing */
                  uint8 metaBuf[CYDEV_FLS_ROW_SIZE];
              
                  /* Launcher's last row number */
                  uint16 launcherLastRow = Bootloader_GetMetadata(Bootloader_GET_BTLDR_LAST_ROW, Bootloader_MD_BTLDB_ACT
             -IVE_0);
              
                  /* Calculating destination's start row number (first row of app#1) */
                  uint16 dstRow = launcherLastRow + 1u;
                  
                  /* Calculating the source's/temporary location's start row number */
                  uint16 srcRow = ((((CY_FLASH_NUMBER_ROWS - dstRow - 2u) + 1u) >> 1u) + dstRow); 
                  
                  /* Taking length from app#2's metadata*/
                  uint32 srcLength = Bootloader_GetMetadata(Bootloader_GET_BTLDB_LENGTH, Bootloader_MD_BTLDB_ACTIVE_1);
              
                  /* Copy operation status initialization */
                  cystatus copyStatus = CYRET_SUCCESS;
                  
                  /* Calculating number of rows for copying */
                  uint16 numberOfRows = srcLength / CYDEV_FLS_ROW_SIZE;
                  
                  if (0u != (srcLength % CYDEV_FLS_ROW_SIZE))
                  {
                      numberOfRows++;
                  }
                      
                  /*************************************************************************
                  * Copying the number of rows from source (temporary location) to destination.
                  * If the operation is unsuccessful, there will be a few more attempts to
                  * perform the copying operation (a number is defined by Bootloader_MAX_ATTEMPTS)
                  ***************************************************************************/
                  for(idx = 0; idx < numberOfRows; idx++)
                  {
                      copierAttempts = Bootloader_MAX_ATTEMPTS;
                      
                      do 
                      {
                          /* Copying row */
                          copyStatus = Bootloader_CopyRow(srcRow + idx, dstRow + idx);
                          
                          /* Decrementing counter of attempts to repeat copying operation */
                          copierAttempts--;       
                      } while ((CYRET_SUCCESS != copyStatus) && (0u != copierAttempts));
              
                      
                      /*************************************************************************
                      * If a problem occurs, when a row can't be copied, "CopyFlag" should be
                      * cleared to prevent the recurrent copying that might follow the software reset.        
                      ***************************************************************************/
                      if (CYRET_SUCCESS != copyStatus)
                      {
                          /* Clear copy flag in metadata#1 */
                          Bootloader_SetFlashByte(Bootloader_MD_BTLDB_COPY_FLAG_OFFSET(Bootloader_MD_BTLDB_ACTIVE_1),
                                                       (copyFlag & (~Bootloader_NEED_TO_COPY_SET_BIT)));
                              
                          /* Callback macro definition */
                          #if (0u != LAUNCHER_COPIER_CALLBACK)
                              Bootloader_CopierCallback();
                          #endif /* 0u != LAUNCHER_COPIER_CALLBACK */ 
C51 COMPILER V9.51   BOOTLOADER                                                            12/15/2017 11:38:02 PAGE 13  

                          
                          /*************************************************************************
                          * If the copying operation was unsuccessful after certain number of attempts
                          * and Bootloader_CopierCallback() is either undefined or returns, then the
                          * device should be halted.
                          *************************************************************************/
                          CyHalt(0x00u);
                      }
                  }    
                  
                  /* Copy metadata app#2 -> app#1*/
                  if (CYRET_SUCCESS == copyStatus)
                  {
                      /******************************************************************************
                      *                               Metadata#1 update             
                      ******************************************************************************/
                      /* Getting start address of metadata #2 */
                      uint32 metaStartAddr = Bootloader_MD_BASE_ADDR(Bootloader_MD_BTLDB_ACTIVE_1) + 
                                             Bootloader_MD_SIZEOF - CYDEV_FLS_ROW_SIZE; 
                      
                      /* Read all data from metadata #2 */
                      for (idx = 0u; idx < CYDEV_FLS_ROW_SIZE; idx++)
                      {
                          metaBuf[idx] = Bootloader_GET_CODE_BYTE(metaStartAddr + idx);
                      }
                      
                      /* Setting 'Copier available' flag (copyFlag field) in buffer to be stored in metadata#1 */
                      metaBuf[Bootloader_MD_BUFFER_START_OFFSET + Bootloader_MD_COPY_FLAG_BYTE_OFFSET] = Bootloader_COPI
             -ER_SUPPORT_SET_BIT;                
              
                      /* Set active app#1 */
                      Bootloader_activeApp = Bootloader_MD_BTLDB_ACTIVE_0;
                      
                      /* Setting app#1 as active application in buffer to be stored in metadata#1 */
                      metaBuf[Bootloader_MD_BUFFER_START_OFFSET + Bootloader_MD_ACTIVE_APP_BYTE_OFFSET] = 0x01u;      
              
                      /* Setting app#1 as valid for 'Fast validation' to be stored in metadata#1 */
                      metaBuf[Bootloader_MD_BUFFER_START_OFFSET + Bootloader_MD_FAST_VALID_BYTE_OFFSET] = 0x01u;      
              
                      /* Update metadata#1 in flash */
                      copyStatus = CySysFlashWriteRow((uint16) (CY_FLASH_NUMBER_ROWS - 1u), metaBuf);  
              
                      /******************************************************************************
                      *                               Metadata#2 update  
                      * Clear the whole buffer for metadata#2, which will make it invalid. 
                      * The 'Need-to-copy' flag will be cleared and app#2 will be set as non-active. 
                      *******************************************************************************/
                      (void) memset(&metaBuf, 0x00u, sizeof(metaBuf));
                      
                      /* Updating metadata#2 in flash */
                      copyStatus |= CySysFlashWriteRow((uint16) (CY_FLASH_NUMBER_ROWS - 2u), metaBuf);          
                  }
                  
                  if (CYRET_SUCCESS == copyStatus)
                  {
                      /* Schedule*/
                      Bootloader_SET_RUN_TYPE(Bootloader_SCHEDULE_BTLDB);
              
                      /* Software reset */
                      CySoftwareReset();
                  }
                  else
C51 COMPILER V9.51   BOOTLOADER                                                            12/15/2017 11:38:02 PAGE 14  

                  {
                      /* Halt device */
                      CyHalt(0x00u);
                  }
              }
              #endif /*(0u != Bootloader_COPIER_AVAIL) && (CY_PSOC4)*/
              #endif /*(CYDEV_PROJ_TYPE == CYDEV_PROJ_TYPE_LAUNCHER)*/
 795          
 796          
 797          /*******************************************************************************
 798          * Function Name: Bootloader_Start
 799          ****************************************************************************//**
 800          * \brief
 801          *  This function is called to execute the following algorithm:
 802          *
 803          * -    Validate the Bootloadable application for the Classic Single-app Bootloader or 
 804          *   both Bootloadable/Combination applications for the Classic Dual-app Bootloader/
 805          *   Launch-only Bootloader (Launcher for short) respectively.
 806          *  
 807          * -    For the Classic Single-app Bootloader: if the Bootloadable application is valid, 
 808          *   then the flow switches to it after a software reset. Otherwise it stays in 
 809          *   the Bootloader, waiting for a command(s) from the host.
 810          * 
 811          * -    For the Classic Dual-app Bootloader: the flow acts according to the switching table 
 812          *  (see in the code below) and enabled/disabled options (for instance, auto-switching).
 813          *   NOTE If the valid Bootloadable application is identified, then the control is passed 
 814          *   to it after a software reset. Otherwise it stays in the Classic Dual-app Bootloader 
 815          *   waiting for a command(s) from the host.
 816          * 
 817          * -    For the Launcher: the flow acts according to the switching table (see below) and 
 818          *   enabled/disabled options. NOTE If the valid Combination application is identified, then 
 819          *   the control is passed to it after a software reset. Otherwise it stays in the Launcher 
 820          *   forever.
 821          * 
 822          * -    Validate the Bootloader/Launcher application(s) (design-time configurable, Bootloader 
 823          *   application validation option of the component customizer).
 824          * 
 825          * -    Run a communication subroutine (design-time configurable, the Wait for command 
 826          *   option of the component customizer). NOTE This is NOT applicable for the Launcher.
 827          *
 828          * -    Schedule the Bootloadable and reset the device.
 829          *
 830          *  \ref page_switching_logic
 831          *
 832          * \return
 833          *  This method will never return. It will either load a new application and
 834          *  reset the device or jump directly to the existing application. The CPU is
 835          *  halted, if the validation fails when the "Bootloader application validation" 
 836          *  option is enabled.
 837          *  PSoC 3/PSoC 5: The CPU is halted if flash initialization fails.
 838          *
 839          * \details
 840          *  If the "Bootloader application validation" option is enabled and this method
 841          *  determines that the Bootloader application itself is corrupt, this method
 842          *  will not return, instead it will simply hang the application.   
 843          *******************************************************************************/
 844          void Bootloader_Start(void) CYSMALL 
 845          {
 846   1      
 847   1      #if (CYDEV_PROJ_TYPE != CYDEV_PROJ_TYPE_LOADABLEANDBOOTLOADER)
 848   1      
 849   1          #if(0u != Bootloader_DUAL_APP_BOOTLOADER)
C51 COMPILER V9.51   BOOTLOADER                                                            12/15/2017 11:38:02 PAGE 15  

                      cystatus app0Status = CYRET_BAD_DATA;
                      cystatus app1Status = CYRET_BAD_DATA;  
                  #endif /*0u != Bootloader_DUAL_APP_BOOTLOADER*/
 853   1          
 854   1          cystatus validApp  = CYRET_BAD_DATA;
 855   1      
 856   1          #if(0u != Bootloader_BOOTLOADER_APP_VALIDATION)
 857   1              uint8 CYDATA calcedChecksum;
 858   1          #endif    /* (0u != Bootloader_BOOTLOADER_APP_VALIDATION) */
 859   1      
 860   1          #if(!CY_PSOC4)
 861   1              #if(0u != Bootloader_FAST_APP_VALIDATION)
                          /* Initialize flash subsystem for non-PSoC 4 devices */
                          if (CYRET_SUCCESS != CySetTemp())
                          {
                              CyHalt(0x00u);
                          }
              
                          #if !defined(CY_BOOT_VERSION)
                              /* Not required with cy_boot 4.20 */
                              if (CYRET_SUCCESS != CySetFlashEEBuffer(Bootloader_flashBuffer))
                              {
                                  CyHalt(0x00u);
                              }
              
                              uint8 CYXDATA Bootloader_flashBuffer[Bootloader_FROW_SIZE];
                          #endif /* !defined(CY_BOOT_VERSION) */
                      #endif  /* (0u != Bootloader_FAST_APP_VALIDATION) */
 878   1          #endif  /* (!CY_PSOC4) */
 879   1      
 880   1          #if (CYDEV_PROJ_TYPE == CYDEV_PROJ_TYPE_LAUNCHER) 
                  #if ((0u != Bootloader_COPIER_AVAIL) && (CY_PSOC4))
                      /* Checking "need-to-copy" flag in metadata#1. If it is set, then copy operation is required*/    
             -        
                      uint8 needToCopyFlag = Bootloader_GetMetadata(Bootloader_GET_BTLDB_COPY_FLAG, 
                                                                      Bootloader_MD_BTLDB_ACTIVE_1);                    
             -                                
                      
                      /* Checking "Need to copy" flag in metadata#1 */
                      if (0u != (needToCopyFlag & Bootloader_NEED_TO_COPY_MASK))
                      {
                          /* Note that this function never returns */
                          Bootloader_Copier();
                      }
                  #endif  /* (CYDEV_PROJ_TYPE == CYDEV_PROJ_TYPE_LAUNCHER) */
                  #endif  /* (0u != Bootloader_COPIER_AVAIL) && (CY_PSOC4)*/
 894   1              
 895   1          /* Identify active Bootloadable/Combination application */
 896   1          #if (0u != Bootloader_DUAL_APP_BOOTLOADER)
                      app0Status = Bootloader_ValidateBootloadable(Bootloader_MD_BTLDB_ACTIVE_0);
                      app1Status = Bootloader_ValidateBootloadable(Bootloader_MD_BTLDB_ACTIVE_1);  
              
                      /* Assumes no active Bootloadable application. Bootloader is active. */
                      Bootloader_activeApp = Bootloader_MD_BTLDB_ACTIVE_NONE;
              
                      /* Bootloadable app#1 is active */
                      if(Bootloader_GetMetadata(Bootloader_GET_BTLDB_ACTIVE, Bootloader_MD_BTLDB_ACTIVE_0) == \
                                                                                         Bootloader_MD_BTLDB_IS_ACTIVE)
                      {
                          /*********************************************************************************************
             -*************
                          * --------------------------------------------------------------------------------------------
C51 COMPILER V9.51   BOOTLOADER                                                            12/15/2017 11:38:02 PAGE 16  

             --------------
                          * |      |      app#1     |      app#2     |        Classic Dual-app       |     Launch-only B
             -ootloader   |
                          * | Case |---------------------------------|          Bootloader           |           (Launch
             -er)         |
                          * |      | Active | Valid | Active | Valid |                               |                  
             -            |
                          * |-------------------------------------------------------------------------------------------
             -------------|
                          * |  9   |    1   |   0   |   0    |   0   | Bootloader                    | Launcher         
             -            |
                          * |  10  |    1   |   0   |   0    |   1   | app#2, except if auto-app     | app#2            
             -            |
                          * |      |        |       |        |       | switching is disabled, then   |                  
             -            |
                          * |      |        |       |        |       | stay in Bootloader            |                  
             -            | 
                          * |  11  |    1   |   0   |   1    |   0   | Bootloader                    | Launcher         
             -            |
                          * |  12  |    1   |   0   |   1    |   1   | app#2                         | app#2            
             -            |
                          * |  13  |    1   |   1   |   0    |   0   | app#1                         | app#1            
             -            |
                          * |  14  |    1   |   1   |   0    |   1   | app#1                         | app#1            
             -            |
                          * |  15  |    1   |   1   |   1    |   0   | app#1                         | app#1            
             -            |
                          * |  16  |    1   |   1   |   1    |   1   | app#1                         | app#1            
             -            |
                          * --------------------------------------------------------------------------------------------
             --------------
                          **********************************************************************************************
             -************/
                          if (CYRET_SUCCESS == app0Status)
                          {
                              /* Cases # 13,  14, 15, and 16 */
                              Bootloader_activeApp = Bootloader_MD_BTLDB_ACTIVE_0;
                              validApp = CYRET_SUCCESS;
                          }
                          else /*Bootloadable app#1 is not valid*/
                          {
                              #if (((1u == Bootloader_AUTO_SWITCHING_AVAIL) &&  \
                                    (CYDEV_PROJ_TYPE == CYDEV_PROJ_TYPE_MULTIAPPBOOTLOADER)) || \
                                    (CYDEV_PROJ_TYPE == CYDEV_PROJ_TYPE_LAUNCHER)) 
                              if (CYRET_SUCCESS == app1Status )
                              {
                                  /* Cases # 10 and 12 */
                                  Bootloader_activeApp = Bootloader_MD_BTLDB_ACTIVE_1;
                                  validApp = CYRET_SUCCESS;
                              }
                              #endif /*((1u == Bootloader_AUTO_SWITCHING_AVAIL) && 
                                        (CYDEV_PROJ_TYPE == CYDEV_PROJ_TYPE_MULTIAPPBOOTLOADER)) || 
                                        (CYDEV_PROJ_TYPE == CYDEV_PROJ_TYPE_LAUNCHER)*/
                          }
                      }
              
                      /*  Active Bootloadable application is not identified */
                      if(Bootloader_activeApp == Bootloader_MD_BTLDB_ACTIVE_NONE)
                      {
                          /*********************************************************************************************
             -*************
                          * --------------------------------------------------------------------------------------------
C51 COMPILER V9.51   BOOTLOADER                                                            12/15/2017 11:38:02 PAGE 17  

             --------------
                          * |      |       app#1    |       app#2    |        Classic Dual-app       |     Launch-only B
             -ootloader   |
                          * | Case |---------------------------------|          Bootloader           |           (Launch
             -er)         |
                          * |      | Active | Valid | Active | Valid |                               |                  
             -            |
                          * |------|------------------------------------------------------------------------------------
             -------------|
                          * |  1   |    0   |   0   |   0    |   0   | Bootloader                    | Launcher         
             -            |
                          * |  2   |    0   |   0   |   0    |   1   | Bootloader                    | app#2            
             -            |
                          * |  3   |    0   |   0   |   1    |   0   | Bootloader                    | Launcher         
             -            |
                          * |  4   |    0   |   0   |   1    |   1   | app#2                         | app#2            
             -            | 
                          * |  5   |    0   |   1   |   0    |   0   | Bootloader                    | app#1            
             -            |
                          * |  6   |    0   |   1   |   0    |   1   | Bootloader                    | app#1            
             -            |
                          * |  7   |    0   |   1   |   1    |   0   | app#1, except if auto-app     | app#1            
             -            |
                          * |      |        |       |        |       | switching is disabled, then   |                  
             -            |
                          * |      |        |       |        |       | stay in Bootloader            |                  
             -            |  
                          * |  8   |    0   |   1   |   1    |   1   | app#2                         | app#2            
             -            |
                          * --------------------------------------------------------------------------------------------
             --------------
                          **********************************************************************************************
             -************/
                          if (Bootloader_GetMetadata(Bootloader_GET_BTLDB_ACTIVE, 1u) ==
                                  Bootloader_MD_BTLDB_IS_ACTIVE)
                          {
                              /* Cases # 3, 4, 7, and 8 */
                              if (CYRET_SUCCESS == app1Status)
                              {
                                  /* Cases # 4 and 8 */
                                  Bootloader_activeApp = Bootloader_MD_BTLDB_ACTIVE_1;
                                  validApp = CYRET_SUCCESS;
                              }
                              else
                              {
                               #if (((1u == Bootloader_AUTO_SWITCHING_AVAIL) && \
                                     (CYDEV_PROJ_TYPE == CYDEV_PROJ_TYPE_MULTIAPPBOOTLOADER)) \
                                  || (CYDEV_PROJ_TYPE == CYDEV_PROJ_TYPE_LAUNCHER)) 
                                  if (CYRET_SUCCESS == app0Status)
                                  {
                                      /* Cases # 7 */
                                      Bootloader_activeApp = Bootloader_MD_BTLDB_ACTIVE_0;
                                      validApp = CYRET_SUCCESS;
                                  }
                                  #endif /*(((1u == Bootloader_AUTO_SWITCHING_AVAIL) && \
                                             (CYDEV_PROJ_TYPE == CYDEV_PROJ_TYPE_MULTIAPPBOOTLOADER)) \
                                          || (CYDEV_PROJ_TYPE == CYDEV_PROJ_TYPE_LAUNCHER))*/
                              }
                          }
                      }
                      
                      #if (CYDEV_PROJ_TYPE == CYDEV_PROJ_TYPE_LAUNCHER) 
C51 COMPILER V9.51   BOOTLOADER                                                            12/15/2017 11:38:02 PAGE 18  

                          /*None of applications is active*/
                          if (Bootloader_MD_BTLDB_ACTIVE_NONE ==Bootloader_activeApp)
                          {
                              /*case#5, case#6: pass control to Bootloadable app#1*/
                              if(CYRET_SUCCESS == app0Status)
                              {
                                  Bootloader_activeApp = Bootloader_MD_BTLDB_ACTIVE_0;
                                  validApp = CYRET_SUCCESS;
                              }
                              /*case#2: pass control to Bootloadable app#2*/
                              else if (CYRET_SUCCESS == app1Status)
                              {
                                  Bootloader_activeApp = Bootloader_MD_BTLDB_ACTIVE_1;
                                  validApp = CYRET_SUCCESS;
                              }
                              else
                              {
                                  /* case#1, case#3, case#9, case#11: very bad situation, no valid application */
                                  /* Do nothing, stay in Bootloader/Launcher */
                              }
                          }
              
              
                           /*********************************************************************************
                          * The next logic is an invalidation of the non-active application in the metadata
                          * section, because there could be a situation due to some error, when both  
                          * applications are set active (cases #12,15,16). Only one application can be active.
                          * This logic also stores the active application number in the metadata section.         
                          *********************************************************************************/
                          if (CYRET_SUCCESS == validApp)
                          {
                              Bootloader_SetActiveAppInMetadata(Bootloader_activeApp);      
                          }
                      #endif /* CYDEV_PROJ_TYPE == CYDEV_PROJ_TYPE_LAUNCHER */
                  #else /*SINGLE_APP BOOTLOADER*/
1033   1              if (CYRET_SUCCESS == Bootloader_ValidateBootloadable(Bootloader_MD_BTLDB_ACTIVE_0))
1034   1              {
1035   2                  validApp = CYRET_SUCCESS;
1036   2              }
1037   1          #endif  /* (0u != Bootloader_DUAL_APP_BOOTLOADER) */
1038   1      
1039   1          
1040   1          /***********************************************************************
1041   1          * Bootloader Application Validation
1042   1          *
1043   1          * Halt the device if:
1044   1          *  - A calculated checksum does not match the one stored in the metadata
1045   1          *     section.
1046   1          *  - There is an invalid pointer to the place where the Bootloader
1047   1          *    application ends.
1048   1          *  - The flash subsystem was not initialized correctly.
1049   1          ***********************************************************************/
1050   1          #if(0u != Bootloader_BOOTLOADER_APP_VALIDATION)
1051   1      
1052   1              /* Calculate Bootloader application checksum */
1053   1              calcedChecksum = Bootloader_Calc8BitSum(CY_FLASH_BASE,
1054   1                      Bootloader_MD_BTLDR_ADDR_PTR,
1055   1                      *Bootloader_SizeBytesAccess - Bootloader_MD_BTLDR_ADDR_PTR);
1056   1      
1057   1              /* We included checksum, so remove it */
1058   1              calcedChecksum -= *Bootloader_ChecksumAccess;
1059   1              calcedChecksum = ( uint8 )1u + ( uint8 )(~calcedChecksum);
C51 COMPILER V9.51   BOOTLOADER                                                            12/15/2017 11:38:02 PAGE 19  

1060   1      
1061   1              /* Checksum and pointer to Bootloader verification */
1062   1              if((calcedChecksum != *Bootloader_ChecksumAccess) ||
1063   1                 (0u == *Bootloader_SizeBytesAccess))
1064   1              {
1065   2                  /***********************************************************************
1066   2                  * If the Bootloader/Launcher application calculated checksum does not match
1067   2                  * the checksum stored in special Bootloader_Checksum constant 
1068   2                  * (accessed through Bootloader_ChecksumAccess) constant or its size 
1069   2                  * stored in Bootloader_SizeBytes constant (accessed through
1070   2                  * Bootloader_SizeBytesAccess) then CPU is halted, all software 
1071   2                  * processing stops. 
1072   2                  ***********************************************************************/
1073   2                  CyHalt(0x00u);
1074   2              }
1075   1      
1076   1          #endif /* 0u != Bootloader_BOOTLOADER_APP_VALIDATION */
1077   1      #endif /* CYDEV_PROJ_TYPE != CYDEV_PROJ_TYPE_LOADABLEANDBOOTLOADER*/ 
1078   1      
1079   1      #if (CYDEV_PROJ_TYPE != CYDEV_PROJ_TYPE_LAUNCHER)    
1080   1          /***********************************************************************
1081   1          * If the active Bootloadable application is invalid or scheduled - do the following:
1082   1          *  - schedule the Bootloader application to be run after a software reset;
1083   1          *  - go to the communication subroutine. The HostLink() will wait for
1084   1          *    commands forever.
1085   1          ***********************************************************************/
1086   1          if ((Bootloader_GET_RUN_TYPE == Bootloader_SCHEDULE_BTLDR) 
1087   1      #if (CYDEV_PROJ_TYPE != CYDEV_PROJ_TYPE_LOADABLEANDBOOTLOADER)        
1088   1              || (CYRET_SUCCESS != validApp)
1089   1      #endif        
1090   1              )
1091   1          {
1092   2              Bootloader_SET_RUN_TYPE(Bootloader_SCHEDULE_BTLDR_INIT_STATE);
1093   2      
1094   2              Bootloader_HostLink(Bootloader_WAIT_FOR_COMMAND_FOREVER);
1095   2          }
1096   1      
1097   1          /* Go to communication subroutine. Will wait for commands for specified time */
1098   1          #if(0u != Bootloader_WAIT_FOR_COMMAND)
1099   1      
1100   1              /* Timeout is in 100s of milliseconds */
1101   1              Bootloader_HostLink(Bootloader_WAIT_FOR_COMMAND_TIME);
1102   1      
1103   1          #endif  /* (0u != Bootloader_WAIT_FOR_COMMAND) */
1104   1      #else /* Launcher */
                  /* If none Bootloadable application is valid */
                  if (CYRET_SUCCESS != validApp)
                  {   
                      CyHalt(0x00u);
                  }         
              #endif /*CYDEV_PROJ_TYPE != CYDEV_PROJ_TYPE_LAUNCHER*/    
1111   1      
1112   1      #if (CYDEV_PROJ_TYPE != CYDEV_PROJ_TYPE_LOADABLEANDBOOTLOADER)             
1113   1          /* Schedule Bootloadable application and perform software reset */
1114   1          Bootloader_LaunchApplication();
1115   1      #endif /*(CYDEV_PROJ_TYPE != CYDEV_PROJ_TYPE_LOADABLEANDBOOTLOADER)*/    
1116   1      }
1117          
1118          #if (CYDEV_PROJ_TYPE != CYDEV_PROJ_TYPE_LOADABLEANDBOOTLOADER)
1119          /*******************************************************************************
1120          * Function Name: Bootloader_LaunchApplication
1121          ****************************************************************************//**
C51 COMPILER V9.51   BOOTLOADER                                                            12/15/2017 11:38:02 PAGE 20  

1122          * \internal
1123          *
1124          * \brief
1125          *  Schedules the Bootloadable application and resets the device.
1126          *
1127          * \return
1128          *  This method will never return.
1129          *
1130          * \endinternal
1131          *******************************************************************************/
1132          static void Bootloader_LaunchApplication(void) CYSMALL \
1133                              
1134          {
1135   1          /* Schedule Bootloadable to start after a reset */
1136   1          Bootloader_SET_RUN_TYPE(Bootloader_SCHEDULE_BTLDB);
1137   1      
1138   1          CySoftwareReset();
1139   1      }
1140          #endif /*(CYDEV_PROJ_TYPE != CYDEV_PROJ_TYPE_LOADABLEANDBOOTLOADER)*/
1141          
1142          /*******************************************************************************
1143          * Function Name: Bootloader_Exit
1144          ****************************************************************************//**
1145          *
1146          *\brief
1147          *  Schedules the specified application and performs a software reset to launch
1148          *  a specified application.
1149          *
1150          *  If the specified application is not valid, the Bootloader (the result of the
1151          *  ValidateBootloadable() function execution returns other than CYRET_SUCCESS,
1152          *  the Bootloader application is launched.
1153          *
1154          * \param appId 
1155          *   The application to be started:
1156          *   - Bootloader_EXIT_TO_BTLDR - The Bootloader application will be started on
1157          *                                     a software reset.
1158          *   - Bootloader_EXIT_TO_BTLDB;
1159          *   - Bootloader_EXIT_TO_BTLDB_1 - Bootloadable application # 1 will be
1160          *                                     started on a software reset.
1161          *   - Bootloader_EXIT_TO_BTLDB_2 - Bootloadable application # 2 will be
1162          *                                     started on a software reset. Available only
1163          *                                     if the "Dual-application" option is enabled in
1164          *                                     the component customizer.
1165          * \return
1166          *  This function never returns.
1167          *
1168          *******************************************************************************/
1169          void Bootloader_Exit(uint8 appId) CYSMALL 
1170          {
1171   1          if(Bootloader_EXIT_TO_BTLDR == appId)
1172   1          {
1173   2              Bootloader_SET_RUN_TYPE(Bootloader_SCHEDULE_BTLDR_INIT_STATE);
1174   2          }
1175   1          else
1176   1          {
1177   2              if(CYRET_SUCCESS == Bootloader_ValidateBootloadable(appId))
1178   2              {
1179   3                  /* Set active application in metadata */
1180   3                  uint8 CYDATA idx;
1181   3                  for(idx = 0u; idx < Bootloader_MAX_NUM_OF_BTLDB; idx++)
1182   3                  {
1183   4                      Bootloader_SetFlashByte((uint32) Bootloader_MD_BTLDB_ACTIVE_OFFSET(idx),
C51 COMPILER V9.51   BOOTLOADER                                                            12/15/2017 11:38:02 PAGE 21  

1184   4                                                    (uint8 )(idx == appId));
1185   4                  }
1186   3      
1187   3              #if((0u != Bootloader_DUAL_APP_BOOTLOADER) || \
1188   3                  (CYDEV_PROJ_TYPE == CYDEV_PROJ_TYPE_LOADABLEANDBOOTLOADER))
                          Bootloader_activeApp = appId;
                      #endif /* (0u != Bootloader_DUAL_APP_BOOTLOADER) || 
                                (CYDEV_PROJ_TYPE == CYDEV_PROJ_TYPE_LOADABLEANDBOOTLOADER))*/
1192   3      
1193   3                  Bootloader_SET_RUN_TYPE(Bootloader_SCHEDULE_BTLDB);
1194   3              }
1195   2              else
1196   2              {
1197   3                  Bootloader_SET_RUN_TYPE(Bootloader_SCHEDULE_BTLDR_INIT_STATE);
1198   3              }
1199   2          }
1200   1      
1201   1          CySoftwareReset();
1202   1      }
1203          
1204          #if (CYDEV_PROJ_TYPE != CYDEV_PROJ_TYPE_LOADABLEANDBOOTLOADER)
1205          /*******************************************************************************
1206          * Function Name: CyBtldr_CheckLaunch
1207          ****************************************************************************//**
1208          * \internal
1209          *
1210          * \brief
1211          *  This routine checks if the Bootloader or Bootloadable application has to
1212          *  be run.  If the application has to be run, it will start executing.
1213          *  If the Bootloader has to be run, it will return, so the Bootloader can
1214          *  continue starting up.
1215          *
1216          * \return
1217          *  It will not return if it determines that the Bootloadable application should
1218          *  be run.
1219          *
1220          * \endinternal
1221          *******************************************************************************/
1222          void CyBtldr_CheckLaunch(void) CYSMALL 
1223          {
1224   1      
1225   1      #if(CY_PSOC4)
              
                  /*******************************************************************************
                  * Set cyBtldrRunType to zero in the case of a non-software reset. This means
                  * that the Bootloader application is scheduled - the initial clean state. The
                  * value of cyBtldrRunType is valid only in the case of a software reset.
                  *******************************************************************************/
                  if (0u == (Bootloader_RES_CAUSE_REG & Bootloader_RES_CAUSE_RESET_SOFT))
                  {
                      cyBtldrRunType = Bootloader_SCHEDULE_BTLDR_INIT_STATE;
                  }
              
              #endif /* (CY_PSOC4) */
1238   1      
1239   1      
1240   1          if (Bootloader_GET_RUN_TYPE == Bootloader_SCHEDULE_BTLDB)
1241   1          {
1242   2      
1243   2      
1244   2          #if (CYDEV_PROJ_TYPE != CYDEV_PROJ_TYPE_LAUNCHER)
1245   2              /******************************************************************************* 
C51 COMPILER V9.51   BOOTLOADER                                                            12/15/2017 11:38:02 PAGE 22  

1246   2              * Classic Single-app or Dual-app Bootloader use cases.
1247   2              * The active application number is taken from Bootloader_activeApp not
1248   2              * to break backward compatibility.
1249   2              *******************************************************************************/
1250   2              uint8 activeApp = Bootloader_activeApp;
1251   2              
1252   2              
1253   2              /******************************************************************************* 
1254   2              * Classic Dual-app Bootloader with 2 Combination projects use case.
1255   2              * In this use case Classic Dual-app Bootloader is not the only one, who switches
1256   2              * between applications. So if there is no valid value for Bootloader_activeApp,
1257   2              * then we should additionally check the metadata if one of the Combination application
1258   2              * has set a value there.
1259   2              *******************************************************************************/ 
1260   2              #if (CYDEV_PROJ_TYPE == CYDEV_PROJ_TYPE_MULTIAPPBOOTLOADER)
                      if (activeApp >= Bootloader_MD_BTLDB_ACTIVE_NONE) 
                      {
                          activeApp = Bootloader_GetActiveAppFromMetadata();
                      }
                      #endif /*(CYDEV_PROJ_TYPE == CYDEV_PROJ_TYPE_MULTIAPPBOOTLOADER)*/ 
1266   2          #else 
                      /* Launcher use case.  The active application number is taken from metadata. */
                      uint8 activeApp = Bootloader_GetActiveAppFromMetadata(); 
                  #endif /* (CYDEV_PROJ_TYPE != CYDEV_PROJ_TYPE_LAUNCHER) */
1270   2              
1271   2              Bootloader_SET_RUN_TYPE(Bootloader_SCHEDULE_BTLDR_INIT_STATE);
1272   2      
1273   2              /*******************************************************************************
1274   2              * Indicates that we have told ourselves to jump to the application because we have
1275   2              * already told ourselves to jump, we do not do any expensive verification of the
1276   2              * application. We just check to make sure that the value at CY_APP_ADDR_ADDRESS
1277   2              * is something other than 0 and active application is valid.
1278   2              *******************************************************************************/
1279   2              if ((0u != Bootloader_GetMetadata(Bootloader_GET_BTLDB_ADDR, activeApp)) 
1280   2          #if (CYDEV_PROJ_TYPE != CYDEV_PROJ_TYPE_BOOTLOADER)
                          && (activeApp < Bootloader_MD_BTLDB_ACTIVE_NONE)
                  #endif /* (CYDEV_PROJ_TYPE != CYDEV_PROJ_TYPE_BOOTLOADER) */        
1283   2                  )
1284   2              {
1285   3                  /* Never returns from this method */
1286   3                  Bootloader_LaunchBootloadable(Bootloader_GetMetadata(Bootloader_GET_BTLDB_ADDR,
1287   3                                                                                   activeApp));
1288   3              }
1289   2          }
1290   1      }
1291          
1292          
1293          /* Moves argument appAddr (RO) into PC, moving execution to appAddr */
1294          #if defined (__ARMCC_VERSION)
              
                  __asm static void Bootloader_LaunchBootloadable(uint32 appAddr)
                  {
                      BX  R0
                      ALIGN
                  }
              
              #elif defined(__GNUC__)
              
                  __attribute__((noinline)) /* Workaround for GCC toolchain bug with inlining */
                  __attribute__((naked))
                  static void Bootloader_LaunchBootloadable(uint32 appAddr)
                  {
C51 COMPILER V9.51   BOOTLOADER                                                            12/15/2017 11:38:02 PAGE 23  

                      __asm volatile("    BX  R0\n");
                  }
              
              #elif defined (__ICCARM__)
              
                  static void Bootloader_LaunchBootloadable(uint32 appAddr)
                  {
                      __asm volatile("    BX  R0\n");
                  }
              
              #endif  /* (__ARMCC_VERSION) */
1319          #endif /* (CYDEV_PROJ_TYPE != CYDEV_PROJ_TYPE_LOADABLEANDBOOTLOADER)*/
1320          
1321          /*******************************************************************************
1322          * Function Name: Bootloader_ValidateBootloadable
1323          ****************************************************************************//**
1324          * \brief
1325          *  Performs the Bootloadable application validation by calculating the
1326          *  application image checksum and comparing it with the checksum value stored
1327          *  in the Bootloadable Application Checksum field of the metadata section.
1328          *
1329          *  If the "Fast bootloadable application validation" option is enabled in the
1330          *  component customizer and Bootloadable application successfully passes
1331          *  validation, the Bootloadable Application Verification Status field of the
1332          *  metadata section is updated. Refer to the "Metadata Layout" section for the
1333          *  details.
1334          *
1335          *  If the "Fast bootloadable application validation" option is enabled and
1336          *  the Bootloadable Application Verification Status field of the metadata section
1337          *  claims that the Bootloadable application is valid, the function returns
1338          *  CYRET_SUCCESS without further checksum calculation.
1339          *
1340          *  \param appId
1341          *  The number of the Bootloadable application should be 0 for the normal
1342          *  bootloader and 0 or 1 for the dual-application bootloader.
1343          *
1344          * \return
1345          *  CYRET_SUCCESS - If the specified the Bootloadable application is valid.
1346          *  CYRET_BAD_DATA is returned if the input parameter is out of the specified range
1347          *      or the calculated checksum does not match the stored checksum.
1348          *******************************************************************************/
1349          cystatus Bootloader_ValidateBootloadable(uint8 appId) CYSMALL \
1350          
1351              {
1352   1              uint32 CYDATA idx;
1353   1      
1354   1              uint32 CYDATA end   = Bootloader_FIRST_APP_BYTE(appId) +
1355   1                                    Bootloader_GetMetadata(Bootloader_GET_BTLDB_LENGTH, appId);
1356   1      
1357   1              CYBIT  valid = 0u; /* Assume bad flash image */
1358   1              uint8  CYDATA calcedChecksum = 0u;
1359   1      
1360   1      
1361   1              #if(0u != Bootloader_DUAL_APP_BOOTLOADER)
              
                          if(appId > 1u)
                          {
                              return(CYRET_BAD_DATA);
                          }
              
                      #endif  /* (0u != Bootloader_DUAL_APP_BOOTLOADER) */
1369   1      
C51 COMPILER V9.51   BOOTLOADER                                                            12/15/2017 11:38:02 PAGE 24  

1370   1      
1371   1              #if(0u != Bootloader_FAST_APP_VALIDATION)
                          if(Bootloader_GetMetadata(Bootloader_GET_BTLDB_STATUS, appId) ==
                             Bootloader_MD_BTLDB_IS_VERIFIED)
                          {
                              return(CYRET_SUCCESS);
                          }
                      #endif  /* (0u != Bootloader_FAST_APP_VALIDATION) */
1378   1      
1379   1      
1380   1              /* Calculate checksum of bootloadable image */
1381   1              for(idx = Bootloader_FIRST_APP_BYTE(appId); idx < end; ++idx)
1382   1              {
1383   2                  uint8 CYDATA curByte = Bootloader_GET_CODE_BYTE(idx);
1384   2      
1385   2                  if((curByte != 0u) && (curByte != 0xFFu))
1386   2                  {
1387   3                      valid = 1u;
1388   3                  }
1389   2      
1390   2                  calcedChecksum += curByte;
1391   2              }
1392   1      
1393   1      
1394   1              /***************************************************************************
1395   1              * We do not compute a checksum over the meta data section, so no need to
1396   1              * subtract App Verified or App Active information here like we do when
1397   1              * verifying a row.
1398   1              ***************************************************************************/
1399   1      
1400   1              #if((!CY_PSOC4) && (CYDEV_ECC_ENABLE == 0u))
1401   1      
1402   1                  /* Add ECC data to checksum */
1403   1                  idx = ((Bootloader_FIRST_APP_BYTE(appId)) >> 3u);
1404   1      
1405   1                  /* Flash may run into meta data, so ECC does not use full row */
1406   1                  end = (end == (CY_FLASH_SIZE - Bootloader_MD_SIZEOF))
1407   1                      ? (CY_FLASH_SIZE >> 3u)
1408   1                      : (end >> 3u);
1409   1      
1410   1                  for (; idx < end; ++idx)
1411   1                  {
1412   2                      calcedChecksum += CY_GET_XTND_REG8((volatile uint8 *)(CYDEV_ECC_BASE + idx));
1413   2                  }
1414   1      
1415   1              #endif  /* ((!CY_PSOC4) && (CYDEV_ECC_ENABLE == 0u)) */
1416   1      
1417   1              calcedChecksum = ( uint8 )1u + ( uint8 )(~calcedChecksum);
1418   1      
1419   1              if((calcedChecksum != Bootloader_GetMetadata(Bootloader_GET_BTLDB_CHECKSUM, appId)) ||
1420   1                 (0u == valid))
1421   1              {
1422   2                  return(CYRET_BAD_DATA);
1423   2              }
1424   1      
1425   1      
1426   1              #if(0u != Bootloader_FAST_APP_VALIDATION)
                          Bootloader_SetFlashByte((uint32) Bootloader_MD_BTLDB_VERIFIED_OFFSET(appId),
                                                        Bootloader_MD_BTLDB_IS_VERIFIED);
                      #endif  /* (0u != Bootloader_FAST_APP_VALIDATION) */
1430   1      
1431   1      
C51 COMPILER V9.51   BOOTLOADER                                                            12/15/2017 11:38:02 PAGE 25  

1432   1              return(CYRET_SUCCESS);
1433   1      }
1434          
1435          #if (((0u != Bootloader_DUAL_APP_BOOTLOADER) && (CYDEV_PROJ_TYPE != CYDEV_PROJ_TYPE_LAUNCHER)) \
1436                                                    || (CYDEV_PROJ_TYPE == CYDEV_PROJ_TYPE_LOADABLEANDBOOTLOADER))
              /*******************************************************************************
              * Function Name: Bootloader_CheckImage
              ********************************************************************************
              * \internal
              *
              * \brief 
              *   This API checks if there is a permission to write to a certain image.
              *   It is used to check the active application as well as to check the Golden image.
              *
              * \param 
              *   appNumber - The application number.
              * \param 
              *   arrayNumber - The number of the flash page to write to.
              * \param 
              *   row - The row number to write to the flash.
              * \param 
              *   rowNumInArray - The row number inside the array.
              *
              * \return 
              *   CYRET_SUCCESS - Writing to a specified image is permitted.
              *   Bootloader_ERR_ACTIVE - Writing to this image is NOT permitted
              *   because the specified image is active or Golden.
              *
              * \endinternal
              *******************************************************************************/
              static uint8 Bootloader_CheckImage(uint8 appNumber, uint8 arrayNumber, uint16 row, uint16 rowNumInArray) C
             -YSMALL \
                                                       
              {
                  uint16 CYDATA firstRow = 0xFFFFu;
                  uint16 CYDATA lastRow = 0xFFFFu;
                  uint8 CYDATA ackCode = CYRET_SUCCESS;
              
                  if (appNumber < Bootloader_MAX_NUM_OF_BTLDB)
                  {    
                      /*******************************************************************************
                      * For the first Bootloadable application - gets the last flash row occupied by
                      * the Bootloader application image:
                      *  ---------------------------------------------------------------------------
                      * | Bootloader   | Bootloadable # 1 |     | Bootloadable # 2 |     | M2 | M1 |
                      *  ---------------------------------------------------------------------------
                      * |<--firstRow---|>
                      *
                      * For the second Bootloadable application - gets the last flash row occupied by
                      * the first Bootloadable application:
                      *  ---------------------------------------------------------------------------
                      * | Bootloader   | Bootloadable # 1 |     | Bootloadable # 2 |     | M2 | M1 |
                      *  ---------------------------------------------------------------------------
                      * |<-------------firstRow-----------------|>
                      *
                      * Incremented by 1 to get the first available row.
                      *
                      * NOTE M1 and M2 stand for metadata # 1 and metadata # 2, metadata 
                      * sections for the 1st and 2nd Bootloadable applications.
                      *******************************************************************************/
                      firstRow = (uint16) 1u +
                          (uint16) Bootloader_GetMetadata(Bootloader_GET_BTLDR_LAST_ROW,  appNumber);
C51 COMPILER V9.51   BOOTLOADER                                                            12/15/2017 11:38:02 PAGE 26  

              
                  
                  /***********************************************************************************
                  * If this is the Upgradable Stack use case, then Stack application and User application
                  * do not occupy the half of flash each, as the other applications do for Classic Dual-app 
                  * and the general Launcher-Combination use cases. Another approach for calculation 
                  * lastRow is used for the Upgradable Stack use case. See Bootloader datasheet for more 
                  * details (use cases description).
                  ***********************************************************************************/
              
                  
                  #if ((CYDEV_PROJ_TYPE == CYDEV_PROJ_TYPE_LOADABLEANDBOOTLOADER) && \
                       (0u != Bootloader_IS_STACK_APPLICATION))
                      /*******************************************************************************
                      * The Upgradable Stack application case implies that only this application can 
                      * perform a bootloading operation (the other one can't). So a verification 
                      * will be run to check if the Stack application is not overwritten. 
                      *
                      * The Stack application is defined as the first application.
                        * The User application is defined as the second application.
                      *
                      * This check is intended for the case when the Stack application is active
                      * and performs bootloading for the User application:
                      *  ---------------------------------------------------------------------------
                      * |   Launcher   |       Stack     |           User app            | M2 | M1 |
                      *  ---------------------------------------------------------------------------
                      *                |<-------------------lastRow -------------------->|
                      *******************************************************************************/
                      lastRow = (uint16) Bootloader_GetMetadata(Bootloader_GET_BTLDR_LAST_ROW,
                                                                      Bootloader_USER_APPLICATION);    
                  
                  #else /* Classic Dual-app and the general Launcher-Combination use cases */    
                      /*******************************************************************************
                      * The number of flash rows available for both Bootloadable applications:
                      *
                      * The first Bootloadable application is active:
                      *  ---------------------------------------------------------------------------
                      * | Bootloader   | Bootloadable # 1 |     | Bootloadable # 2 |     | M2 | M1 |
                      *  ---------------------------------------------------------------------------
                      *                |<-------------------lastRow -------------------->|
                      *
                      * The second Bootloadable application is active:
                      *  ---------------------------------------------------------------------------
                      * | Bootloader   | Bootloadable # 1 |     | Bootloadable # 2 |     | M2 | M1 |
                      *  ---------------------------------------------------------------------------
                      *                                         |<-------lastRow-------->|
                      *******************************************************************************/
                      lastRow = (uint16)(CY_FLASH_NUMBER_ROWS - Bootloader_NUMBER_OF_METADATA_ROWS - firstRow);
              
                      /*******************************************************************************
                      * The number of flash rows available for the active Bootloadable application:
                      *
                      * The first Bootloadable application is active: the number of flash rows available
                      * for both Bootloadable applications should be divided by 2, meaning 2 
                      * Bootloadable applications should fit there.
                      *
                      * The second Bootloadable application is active: the number of flash rows available
                      * for both Bootloadable applications should be divided by 1, meaning 1 
                      * Bootloadable application should fit there.
                      *******************************************************************************/
                      lastRow = (uint16)(lastRow / (uint8)(Bootloader_NUMBER_OF_BTLDBLE_APPS - appNumber));
              
C51 COMPILER V9.51   BOOTLOADER                                                            12/15/2017 11:38:02 PAGE 27  

                      /*******************************************************************************
                      * The last row equals the first row plus the number of rows available for
                      * each Bootloadable application. That gives the flash row number right
                      * beyond the valid range, so we subtract 1.
                      *
                      * The first Bootloadable application is active:
                      *  ---------------------------------------------------------------------------
                      * | Bootloader   | Bootloadable # 1 |     | Bootloadable # 2 |     | M2 | M1 |
                      *  ---------------------------------------------------------------------------
                      * |<----------------lastRow ------------->|
                      *
                      * The second Bootloadable application is active:
                      *  ---------------------------------------------------------------------------
                      * | Bootloader   | Bootloadable # 1 |     | Bootloadable # 2 |     | M2 | M1 |
                      *  ---------------------------------------------------------------------------
                      * |<-----------------------------lastRow-------------------------->|
                      *******************************************************************************/
                      lastRow = (firstRow + lastRow) - 1u;
                  #endif /*(0u == Bootloader_IS_STACK_APPLICATION)*/    
              
                      /*******************************************************************************
                      * 1. Refuses to write a row within the range of the active application.
                      *
                      *  The first Bootloadable application is active:
                      *   ---------------------------------------------------------------------------
                      *  | Bootloader   | Bootloadable # 1 |     | Bootloadable # 2 |     | M2 | M1 |
                      *   ---------------------------------------------------------------------------
                      *  |<----------------lastRow ------------->|
                      *  |<--firstRow---|>
                      *                 |<-------protected------>|
                      *
                      *  the second Bootloadable application is active:
                      *   ---------------------------------------------------------------------------
                      *  | Bootloader   | Bootloadable # 1 |     | Bootloadable # 2 |     | M2 | M1 |
                      *   ---------------------------------------------------------------------------
                      *  |<-------------firstRow-----------------|>
                      *  |<-----------------------------lastRow-------------------------->|
                      *                                          |<-------protected------>|
                      *
                      * 2. Refuses to write to the row that contains metadata of the active
                      *    Bootloadable application.
                      *
                      *******************************************************************************/
                      if (((row >= firstRow) && (row <= lastRow)) || ((arrayNumber == Bootloader_MD_FLASH_ARRAY_NUM) && 
             -\
                          (rowNumInArray == Bootloader_MD_ROW_NUM(appNumber))))
                      {
                          ackCode = Bootloader_ERR_ACTIVE;
                      }
                  }
                  else /*(appNumber < Bootloader_MAX_NUM_OF_BTLDB)*/
                  {
                      ackCode = Bootloader_ERR_ACTIVE;
                  }
                  
                  return ackCode;
              }
              #endif  /* (0u != Bootloader_DUAL_APP_BOOTLOADER) || \
                         (CYDEV_PROJ_TYPE == CYDEV_PROJ_TYPE_LOADABLEANDBOOTLOADER) */
1613          
1614          #if (CYDEV_PROJ_TYPE != CYDEV_PROJ_TYPE_LAUNCHER)
1615          /*******************************************************************************
C51 COMPILER V9.51   BOOTLOADER                                                            12/15/2017 11:38:02 PAGE 28  

1616          * Function Name: Bootloader_HostLink
1617          ****************************************************************************//**
1618          *
1619          * \brief
1620          *  Causes the Bootloader to attempt to read data being transmitted by the
1621          *  host application.  If data is sent from the host, this establishes the
1622          *  communication interface to process all requests.
1623          *
1624          * \param
1625          *  timeOut:
1626          *   The amount of time to listen for data before giving up. The timeout is
1627          *   measured in 10s of ms.  Use 0 for an infinite wait.
1628          * 
1629          * \details
1630          *  This function is public only for Launcher-Combination architecture. For 
1631          *  Classic Bootloader it is static, meaning private. 
1632          *******************************************************************************/
1633          #if (CYDEV_PROJ_TYPE != CYDEV_PROJ_TYPE_LOADABLEANDBOOTLOADER)
1634          static void Bootloader_HostLink(uint8 timeOut) CYLARGE 
1635                             
1636          #else
              void Bootloader_HostLink(uint8 timeOut) CYLARGE 
                                 
              #endif /*(CYDEV_PROJ_TYPE != CYDEV_PROJ_TYPE_LOADABLEANDBOOTLOADER)*/    
1640          {
1641   1          uint16    CYDATA numberRead;
1642   1          uint16    CYDATA rspSize;
1643   1          uint8     CYDATA ackCode;
1644   1          uint16    CYDATA pktChecksum;
1645   1          cystatus  CYDATA readStat;
1646   1          uint16    CYDATA pktSize    = 0u;
1647   1          uint8     CYDATA timeOutCnt = 10u;
1648   1      
1649   1          #if(0u != Bootloader_FAST_APP_VALIDATION)
                      uint8 CYDATA clearedMetaData = 0u;
                  #endif  /* (0u != Bootloader_FAST_APP_VALIDATION) */
1652   1      
1653   1      #if (CYDEV_PROJ_TYPE == CYDEV_PROJ_TYPE_LOADABLEANDBOOTLOADER)
                  static  CYBIT communicationState = Bootloader_COMMUNICATION_STATE_IDLE; 
                  static uint16 CYDATA dataOffset = 0u; 
                  uint16  CYDATA btldrLastRow = 0xFFFFu;
                  uint8 needToCopyFlag = 0u;
                  uint32 app2StartAddress = Bootloader_GetMetadata(Bootloader_GET_BTLDB_ADDR, 
                                            Bootloader_MD_BTLDB_ACTIVE_1);
              #else
1661   1          CYBIT     communicationState = Bootloader_COMMUNICATION_STATE_IDLE;
1662   1          uint16 CYDATA dataOffset = 0u; 
1663   1      #endif /*CYDEV_PROJ_TYPE == CYDEV_PROJ_TYPE_LOADABLEANDBOOTLOADER*/
1664   1      
1665   1          uint8     packetBuffer[Bootloader_SIZEOF_COMMAND_BUFFER];
1666   1          uint8     dataBuffer  [Bootloader_SIZEOF_COMMAND_BUFFER];
1667   1      
1668   1      
1669   1          #if(!CY_PSOC4)
1670   1              #if(0u == Bootloader_FAST_APP_VALIDATION)
1671   1                  #if !defined(CY_BOOT_VERSION)
              
                              /* Not required with cy_boot 4.20 */
                              uint8 CYXDATA Bootloader_flashBuffer[Bootloader_FROW_SIZE];
              
                          #endif /* !defined(CY_BOOT_VERSION) */
1677   1              #endif  /* (0u == Bootloader_FAST_APP_VALIDATION) */
C51 COMPILER V9.51   BOOTLOADER                                                            12/15/2017 11:38:02 PAGE 29  

1678   1          #endif  /* (CY_PSOC4) */
1679   1      
1680   1      
1681   1      
1682   1          #if(!CY_PSOC4)
1683   1              #if((0u == Bootloader_FAST_APP_VALIDATION) || \
1684   1                  (CYDEV_PROJ_TYPE == CYDEV_PROJ_TYPE_LOADABLEANDBOOTLOADER))
1685   1      
1686   1                  /* Initialize flash subsystem for non-PSoC 4 devices */
1687   1                  if (CYRET_SUCCESS != CySetTemp())
1688   1                  {
1689   2                      CyHalt(0x00u);
1690   2                  }
1691   1      
1692   1              #endif  /* (0u == Bootloader_FAST_APP_VALIDATION) ||
1693   1                         (CYDEV_PROJ_TYPE == CYDEV_PROJ_TYPE_LOADABLEANDBOOTLOADER) */
1694   1          #endif  /* (CY_PSOC4) */
1695   1      
1696   1          /* Initialize communications channel. */
1697   1          CyBtldrCommStart();
1698   1      
1699   1          /* Enable global interrupts */
1700   1          CyGlobalIntEnable;
1701   1      
1702   1          do
1703   1          {
1704   2              ackCode = CYRET_SUCCESS;
1705   2      
1706   2              do
1707   2              {
1708   3                  readStat = CyBtldrCommRead(packetBuffer,
1709   3                                              Bootloader_SIZEOF_COMMAND_BUFFER,
1710   3                                              &numberRead,
1711   3                                              (0u == timeOut) ? 0xFFu : timeOut);
1712   3                  if (0u != timeOut)
1713   3                  {
1714   4                      timeOutCnt--;
1715   4                  }
1716   3      
1717   3              } while ( (0u != timeOutCnt) && (readStat != CYRET_SUCCESS) );
1718   2      
1719   2      
1720   2              if( readStat != CYRET_SUCCESS )
1721   2              {
1722   3                  continue;
1723   3              }
1724   2      
1725   2              if((numberRead < Bootloader_MIN_PKT_SIZE) ||
1726   2                 (packetBuffer[Bootloader_SOP_ADDR] != Bootloader_SOP))
1727   2              {
1728   3                  ackCode = Bootloader_ERR_DATA;
1729   3              }
1730   2              else
1731   2              {
1732   3                  pktSize = ((uint16)((uint16)packetBuffer[Bootloader_SIZE_ADDR + 1u] << 8u)) |
1733   3                                     packetBuffer[Bootloader_SIZE_ADDR];
1734   3      
1735   3      
1736   3                  /****************************************************************************************
1737   3                  * If the whole packet length exceeds the number of bytes that have been read by the communicat
             -ion 
1738   3                  * component or the size of the buffer that is reserved for the packet, then give an error. 
C51 COMPILER V9.51   BOOTLOADER                                                            12/15/2017 11:38:02 PAGE 30  

1739   3                  **************************************************************************************/
1740   3                  if (((pktSize + Bootloader_MIN_PKT_SIZE) > numberRead) || 
1741   3                      ((pktSize + Bootloader_MIN_PKT_SIZE) > Bootloader_SIZEOF_COMMAND_BUFFER)) 
1742   3                  {
1743   4                      ackCode = Bootloader_ERR_LENGTH;
1744   4                  }
1745   3                  else /* Packet length is OK*/
1746   3                  {
1747   4                      pktChecksum = ((uint16)((uint16)packetBuffer[Bootloader_CHK_ADDR(pktSize) + 1u] << 8u)) |
1748   4                                         packetBuffer[Bootloader_CHK_ADDR(pktSize)];
1749   4         
1750   4                      if (packetBuffer[Bootloader_EOP_ADDR(pktSize)] != Bootloader_EOP)
1751   4                      {
1752   5                          ackCode = Bootloader_ERR_DATA;
1753   5                      }
1754   4                      else if(pktChecksum != Bootloader_CalcPacketChecksum(packetBuffer,
1755   4                                                                              pktSize + Bootloader_DATA_ADDR))
1756   4                      {
1757   5                          ackCode = Bootloader_ERR_CHECKSUM;
1758   5                      }
1759   4                      else
1760   4                      {
1761   5                          /* Empty section */
1762   5                      }
1763   4                  }    
1764   3              }
1765   2      
1766   2              rspSize = Bootloader_RSP_SIZE_0;
1767   2              if(ackCode == CYRET_SUCCESS)
1768   2              {
1769   3                  uint8 CYDATA btldrData = packetBuffer[Bootloader_DATA_ADDR];
1770   3      
1771   3                  ackCode = Bootloader_ERR_DATA;
1772   3                  switch(packetBuffer[Bootloader_CMD_ADDR])
1773   3                  {
1774   4      
1775   4      
1776   4                  /***************************************************************************
1777   4                  *   Get metadata (0x3C)
1778   4                  ***************************************************************************/
1779   4                  #if(0u != Bootloader_CMD_GET_METADATA)
              
                              case Bootloader_COMMAND_GET_METADATA:
              
                                  if((Bootloader_COMMUNICATION_STATE_ACTIVE == communicationState) && (pktSize == 1u))
                                  {
                                      if (btldrData >= Bootloader_MAX_NUM_OF_BTLDB)
                                      {
                                          ackCode = Bootloader_ERR_APP;
                                      }
                                      else if(CYRET_SUCCESS == Bootloader_ValidateBootloadable(btldrData))
                                      {
                                          #if(CY_PSOC3)
                                              (void) memcpy(&packetBuffer[Bootloader_DATA_ADDR],
                                                          ((uint8  CYCODE *) (Bootloader_MD_BASE_ADDR(btldrData))),
                                                          Bootloader_GET_METADATA_RESPONSE_SIZE);
                                          #else
                                              (void) memcpy(&packetBuffer[Bootloader_DATA_ADDR],
                                                          (uint8 *) Bootloader_MD_BASE_ADDR(btldrData),
                                                          Bootloader_GET_METADATA_RESPONSE_SIZE);
                                          #endif  /* (CY_PSOC3) */
              
C51 COMPILER V9.51   BOOTLOADER                                                            12/15/2017 11:38:02 PAGE 31  

                                          rspSize = Bootloader_RSP_SIZE_GET_METADATA;
                                          ackCode = CYRET_SUCCESS;
                                      }
                                      else
                                      {
                                          ackCode = Bootloader_ERR_APP;
                                      }
                                  }
                                  break;
              
                          #endif  /* (0u != Bootloader_CMD_GET_METADATA) */
1812   4      
1813   4      
1814   4                  /***************************************************************************
1815   4                  *   Verify application checksum (0x31)
1816   4                  ***************************************************************************/
1817   4              #if (0u != Bootloader_CMD_VERIFY_APP_CHKSUM_AVAIL)     
1818   4                  case Bootloader_COMMAND_CHECKSUM:
1819   4      
1820   4                      if((Bootloader_COMMUNICATION_STATE_ACTIVE == communicationState) && (pktSize == 0u))
1821   4                      {
1822   5                          packetBuffer[Bootloader_DATA_ADDR] =
1823   5                                  (uint8)(Bootloader_ValidateBootloadable(Bootloader_activeApp) == CYRET_SUCCESS
             -);
1824   5      
1825   5                          rspSize = Bootloader_RSP_SIZE_VERIFY_CHKSM;
1826   5                          ackCode = CYRET_SUCCESS;
1827   5                      }
1828   4                      break;
1829   4              #endif /* (0u != Bootloader_CMD_VERIFY_APP_CHKSUM_AVAIL) */
1830   4      
1831   4                  /*****************************************************************************
1832   4                  *   Verify row (0x45u)
1833   4                  ***************************************************************************/
1834   4              #if(0u != Bootloader_CMD_VERIFY_FLS_ROW_AVAIL)
                          case Bootloader_COMMAND_VERIFY_FLS_ROW:
              
                              /* Packet size is either 3 (data is already in buffer) or (3u + Bootloader_FROW_SIZE),
                               * then data is in packetBuffer[]*/
                              if ((Bootloader_COMMUNICATION_STATE_ACTIVE == communicationState) && ((3u == pktSize) || 
                                 ((3u + Bootloader_FROW_SIZE) == pktSize)))
                              {
                                  uint16 CYDATA rowNum = ((uint16)((uint16)packetBuffer[Bootloader_DATA_ADDR + 2u] << 8u
             -)) |
                                                                           packetBuffer[Bootloader_DATA_ADDR + 1u];
                                  
                                  uint32 CYDATA startAddr;
                                  uint16 upperRange = 0u;
                              #if (!CY_PSOC4)
                                  uint16 CYDATA rowSize; 
                              #endif /*(!CY_PSOC4)*/    
                                  
                                  ackCode = CYRET_SUCCESS;
                                  rspSize = Bootloader_RSP_SIZE_0;
                                      
                                  if (3u == pktSize)
                                  {
                                      /* Do nothing, data is already in dataBuffer[] */
                                  }
                                  else 
                                  {
                                  #if (CY_PSOC3)
C51 COMPILER V9.51   BOOTLOADER                                                            12/15/2017 11:38:02 PAGE 32  

                                      /*Data is in packetBuffer[], needs to be copied to dataBuffer[]*/
                                      (void) memcpy(dataBuffer, &packetBuffer[Bootloader_DATA_ADDR + 3u],
                                                    (int16)pktSize - 3);
                                  #else              
                                      /*Data is in packetBuffer[], needs to be copied to dataBuffer[]*/
                                      (void) memcpy(dataBuffer, &packetBuffer[Bootloader_DATA_ADDR + 3u],
                                                    (uint32)pktSize - 3u);
                                  #endif /*CY_PSOC3)*/              
                                  }
                                      
                              #if (!CY_PSOC4) 
                                  if((btldrData >= Bootloader_FIRST_EE_ARRAYID) &&
                                     (btldrData <= Bootloader_LAST_EE_ARRAYID))
                                  {
                                      /* EEPROM */
                                      /* Both PSoC 3 and PSoC 5LP architecture have one EEPROM array. */
                                      startAddr = CY_EEPROM_BASE + ((uint32)rowNum * CYDEV_EEPROM_ROW_SIZE);
                                      rowSize = CYDEV_EEPROM_ROW_SIZE;
                                      upperRange = Bootloader_NUMBER_OF_EEPROM_SECTORS * Bootloader_NUMBER_OF_ROWS_IN_EE
             -PROM_SECTOR;
                                  }
                                  else if (btldrData < CY_FLASH_NUMBER_ARRAYS)    
                                  {
                                      startAddr = CY_FLASH_BASE + ((uint32)btldrData * CYDEV_FLS_SECTOR_SIZE) +
                                                                   ((uint32)rowNum * CYDEV_FLS_ROW_SIZE);
                                      rowSize = CYDEV_FLS_ROW_SIZE;        
                                      upperRange = Bootloader_NUMBER_OF_ROWS_IN_ARRAY;                        
                                  }
                                  else
                                  {
                                      ackCode = Bootloader_ERR_ARRAY;
                                      break;                              
                                  }
              
                                  /*Checking if row number is within array address range*/
                                  ackCode = Bootloader_CHECK_ROW_NUMBER(rowNum, upperRange);
                                  
                                  if (CYRET_SUCCESS != ackCode)
                                  {
                                      break;
                                  }
                                  
                                  ackCode = Bootloader_VerifyRow(startAddr, dataBuffer, rowSize);
                                  
                                  /*******************************************************************************
                                  * If flash row check has completed successfully and ECC is disabled and there is 
                                  * data in the buffer for ECC row.
                                  *******************************************************************************/      
             -              
                                  #if (CYDEV_ECC_ENABLE == 0u)
                                      if ((CYRET_SUCCESS == ackCode) && (btldrData < CY_FLASH_NUMBER_ARRAYS) && (dataOff
             -set > rowSize))
                                      {
                                          startAddr = CYDEV_ECC_BASE + ((uint32)btldrData * (CYDEV_FLS_SECTOR_SIZE / 8u)
             -) +
                                                      ((uint32)rowNum * CYDEV_ECC_ROW_SIZE);
                                                              
                                          ackCode = Bootloader_VerifyRow(startAddr, &dataBuffer[rowSize], (uint16)CYDEV_
             -ECC_ROW_SIZE);                        
                                      }
                                  #endif /*(CYDEV_ECC_ENABLE == 0u)*/
                                  
C51 COMPILER V9.51   BOOTLOADER                                                            12/15/2017 11:38:02 PAGE 33  

                              #else /*CY_PSOC4*/
                                  if (btldrData < CY_FLASH_NUMBER_ARRAYS)
                                  {
                                      startAddr = CY_FLASH_BASE + ((uint32)btldrData * CYDEV_FLS_SECTOR_SIZE)
                                                          + ((uint32)rowNum * CYDEV_FLS_ROW_SIZE);
              
                                      upperRange = Bootloader_NUMBER_OF_ROWS_IN_ARRAY;         
                                      
                                      /*Checking if row number is within array address range*/
                                      ackCode = Bootloader_CHECK_ROW_NUMBER(rowNum, upperRange);
                                  
                                      if (CYRET_SUCCESS != ackCode)
                                      {
                                          break;
                                      }
                                      
                                      ackCode = Bootloader_VerifyRow(startAddr, dataBuffer, (uint16)CYDEV_FLS_ROW_SIZE);
                                  }
                                  else
                                  {
                                      ackCode = Bootloader_ERR_ARRAY;
                                      break;                     
                                  }
                              #endif  /* (!CY_PSOC4) */
                              
                              } 
                              break;
                      #endif /*(0u != Bootloader_CMD_VERIFY_ROW_FLS_AVAIL)*/
1946   4      
1947   4                  /***************************************************************************
1948   4                  *   Get flash size (0x32)
1949   4                  ***************************************************************************/
1950   4                  #if(0u != Bootloader_CMD_GET_FLASH_SIZE_AVAIL)
1951   4      
1952   4                      case Bootloader_COMMAND_REPORT_SIZE:
1953   4      
1954   4                          /* btldrData - holds flash array ID sent by host */
1955   4                          if((Bootloader_COMMUNICATION_STATE_ACTIVE == communicationState) && (pktSize == 1u))
1956   4                          {
1957   5                              if(btldrData < CY_FLASH_NUMBER_ARRAYS)
1958   5                              {
1959   6                                  uint16 CYDATA startRow;
1960   6                                  uint8  CYDATA arrayIdBtlderEnds;
1961   6      
1962   6                                  /*****************************************************************************
             -**
1963   6                                  * - For the flash array where the Bootloader application ends, returns the fir
             -st
1964   6                                  *   full row after the Bootloader application.
1965   6                                  *
1966   6                                  * - For a fully occupied flash array, the number of rows in the array is retur
             -ned
1967   6                                  *   because there is no space for the Bootloadable application in this array.
1968   6                                  *
1969   6                                  * - For the arrays next to the occupied array, zero is returned.
1970   6                                  *   The Bootloadable application can be written from those arrays beginning.
1971   6                                  *
1972   6                                  *   If this is a Bootloader that is located in an application (Combination pro
             -ject type),
1973   6                                  *   then we do not use the Bootloader_SizeBytes and Bootloader_SizeBytesAccess
             - 
1974   6                                  *   variables, instead we take the Launcher's last row from metadata.
C51 COMPILER V9.51   BOOTLOADER                                                            12/15/2017 11:38:02 PAGE 34  

1975   6                                  ******************************************************************************
             -*/
1976   6                              #if (CYDEV_PROJ_TYPE != CYDEV_PROJ_TYPE_LOADABLEANDBOOTLOADER) 
1977   6                                  arrayIdBtlderEnds = (uint8) (*Bootloader_SizeBytesAccess / CY_FLASH_SIZEOF_ARR
             -AY);
1978   6      
1979   6                                  if (btldrData == arrayIdBtlderEnds)
1980   6                                  {
1981   7                                      startRow = (uint16) (*Bootloader_SizeBytesAccess / CY_FLASH_SIZEOF_ROW) %
1982   7                                                  Bootloader_NUMBER_OF_ROWS_IN_ARRAY;
1983   7                                  }
1984   6                              #else /*Combination project type*/   
                                          btldrLastRow = (uint16)(Bootloader_GetMetadata(Bootloader_GET_BTLDR_LAST_ROW, 
             -\
                                                                                              Bootloader_MD_BTLDB_ACTIVE
             -_0));
                                          arrayIdBtlderEnds = (uint8) (((uint32)btldrLastRow * CY_FLASH_SIZEOF_ROW) / (u
             -int32)CY_FLASH_SIZEOF_ARRAY); 
                                          if (btldrData == arrayIdBtlderEnds)
                                          {
                                              startRow = (uint16)((btldrLastRow) % Bootloader_NUMBER_OF_ROWS_IN_ARRAY);
                                          }
                                      #endif /*(CYDEV_PROJ_TYPE != CYDEV_PROJ_TYPE_LOADABLEANDBOOTLOADER)*/
1993   6                              
1994   6                                  else if (btldrData > arrayIdBtlderEnds)
1995   6                                  {
1996   7                                      startRow = Bootloader_FIRST_ROW_IN_ARRAY;
1997   7                                  }
1998   6                                  else /* (btldrData < ArrayIdBtlderEnds) */
1999   6                                  {
2000   7                                      startRow = Bootloader_NUMBER_OF_ROWS_IN_ARRAY;
2001   7                                  }
2002   6      
2003   6                                  packetBuffer[Bootloader_DATA_ADDR]      = LO8(startRow);
2004   6                                  packetBuffer[Bootloader_DATA_ADDR + 1u] = HI8(startRow);
2005   6      
2006   6                                  packetBuffer[Bootloader_DATA_ADDR + 2u] =
2007   6                                              LO8(Bootloader_NUMBER_OF_ROWS_IN_ARRAY - 1u);
2008   6      
2009   6                                  packetBuffer[Bootloader_DATA_ADDR + 3u] =
2010   6                                              HI8(Bootloader_NUMBER_OF_ROWS_IN_ARRAY - 1u);
2011   6      
2012   6                                  rspSize = Bootloader_RSP_SIZE_GET_FLASH_SIZE;
2013   6                                  ackCode = CYRET_SUCCESS;
2014   6                              }
2015   5      
2016   5                          }
2017   4                          break;
2018   4      
2019   4                  #endif  /* (0u != Bootloader_CMD_GET_FLASH_SIZE_AVAIL) */
2020   4      
2021   4      
2022   4                  /***************************************************************************
2023   4                  *   Get application status (0x33)
2024   4                  ***************************************************************************/
2025   4                  #if ((0u != Bootloader_DUAL_APP_BOOTLOADER) || (CYDEV_PROJ_TYPE == CYDEV_PROJ_TYPE_LOADABLEAND
             -BOOTLOADER))
              
                              #if(0u != Bootloader_CMD_GET_APP_STATUS_AVAIL)
              
                                  case Bootloader_COMMAND_APP_STATUS:
              
C51 COMPILER V9.51   BOOTLOADER                                                            12/15/2017 11:38:02 PAGE 35  

                                      if((Bootloader_COMMUNICATION_STATE_ACTIVE == communicationState) && (1u == pktSize
             -))
                                      {
              
                                          packetBuffer[Bootloader_DATA_ADDR] =
                                              (uint8)Bootloader_ValidateBootloadable(btldrData);
              
                                          packetBuffer[Bootloader_DATA_ADDR + 1u] =
                                              (uint8) Bootloader_GetMetadata(Bootloader_GET_BTLDB_ACTIVE, btldrData);
              
                                          rspSize = Bootloader_RSP_SIZE_GET_APP_STATUS;
                                          ackCode = CYRET_SUCCESS;
                                      }
                                      break;
              
                              #endif  /* (0u != Bootloader_CMD_GET_APP_STATUS_AVAIL) */
              
                          #endif  /* (0u != Bootloader_DUAL_APP_BOOTLOADER || (CYDEV_PROJ_TYPE == CYDEV_PROJ_TYPE_LOADAB
             -LEANDBOOTLOADER)) */
2048   4      
2049   4                  /***************************************************************************
2050   4                  *   Program / Erase row (0x39 / 0x34)
2051   4                  ***************************************************************************/
2052   4                  case Bootloader_COMMAND_PROGRAM:
2053   4      
2054   4                  /* btldrData variable holds Flash Array ID */
2055   4      
2056   4              #if (0u != Bootloader_CMD_ERASE_ROW_AVAIL)
2057   4      
2058   4                  case Bootloader_COMMAND_ERASE:
2059   4                      if (Bootloader_COMMAND_ERASE == packetBuffer[Bootloader_CMD_ADDR])
2060   4                      {
2061   5                          if ((Bootloader_COMMUNICATION_STATE_ACTIVE == communicationState) && (pktSize == 3u))
2062   5                          {
2063   6                              #if(!CY_PSOC4)
2064   6                                  if((btldrData >= Bootloader_FIRST_EE_ARRAYID) &&
2065   6                                     (btldrData <= Bootloader_LAST_EE_ARRAYID))
2066   6                                  {
2067   7                                      /* Size of EEPROM row */
2068   7                                      dataOffset = CY_EEPROM_SIZEOF_ROW;
2069   7                                  }
2070   6                                  else
2071   6                                  {
2072   7                                      /* Size of flash row (depends on ECC configuration) */
2073   7                                      dataOffset = Bootloader_FROW_SIZE;
2074   7                                  }
2075   6                              #else
                                          /* Size of flash row (no ECC available) */
                                          dataOffset = Bootloader_FROW_SIZE;
                                      #endif  /* (!CY_PSOC4) */
2079   6      
2080   6                              #if(CY_PSOC3)
2081   6                                  (void) memset(dataBuffer, (char8) 0, (int16) dataOffset);
2082   6                              #else
                                          (void) memset(dataBuffer, 0, (uint32) dataOffset);
                                      #endif  /* (CY_PSOC3) */
2085   6                          }
2086   5                          else
2087   5                          {
2088   6                              break;
2089   6                          }
2090   5                      }
C51 COMPILER V9.51   BOOTLOADER                                                            12/15/2017 11:38:02 PAGE 36  

2091   4      
2092   4              #endif  /* (0u != Bootloader_CMD_ERASE_ROW_AVAIL) */
2093   4      
2094   4      
2095   4                      if((Bootloader_COMMUNICATION_STATE_ACTIVE == communicationState) && (pktSize >= 3u))
2096   4                      {
2097   5                          uint16 upperRange;
2098   5      
2099   5                          /* Command may be sent along with last block of data, to program row. */
2100   5                          #if(CY_PSOC3)
2101   5                              (void) memcpy(&dataBuffer[dataOffset],
2102   5                                            &packetBuffer[Bootloader_DATA_ADDR + 3u],
2103   5                                            (int16) pktSize - 3);
2104   5                          #else
                                      (void) memcpy(&dataBuffer[dataOffset],
                                                    &packetBuffer[Bootloader_DATA_ADDR + 3u],
                                                    (uint32) pktSize - 3u);
                                  #endif  /* (CY_PSOC3) */
2109   5      
2110   5                          dataOffset += (pktSize - 3u);
2111   5      
2112   5                          #if(!CY_PSOC4)
2113   5                              if((btldrData >= Bootloader_FIRST_EE_ARRAYID) &&
2114   5                                 (btldrData <= Bootloader_LAST_EE_ARRAYID))
2115   5                              {
2116   6                                  CyEEPROM_Start();
2117   6      
2118   6                                  /* Size of EEPROM row */
2119   6                                  pktSize = CY_EEPROM_SIZEOF_ROW;                            
2120   6                                  upperRange = Bootloader_NUMBER_OF_EEPROM_SECTORS * Bootloader_NUMBER_OF_ROWS_I
             -N_EEPROM_SECTOR;
2121   6                              }
2122   5                              else
2123   5                              {
2124   6                                  /* Size of flash row (depends on ECC configuration) */
2125   6                                  pktSize = Bootloader_FROW_SIZE;                            
2126   6                                  upperRange = Bootloader_NUMBER_OF_ROWS_IN_ARRAY;
2127   6                              }
2128   5                          #else
                                      /* Size of flash row (no ECC available) */
                                      pktSize = Bootloader_FROW_SIZE;                            
                                      upperRange = Bootloader_NUMBER_OF_ROWS_IN_ARRAY;
                                  #endif  /* (!CY_PSOC4) */
2133   5      
2134   5                          /* Check if we have all data to program */
2135   5                          if(dataOffset == pktSize)
2136   5                          {
2137   6                              uint16 row;
2138   6                              uint16 firstRow;    
2139   6                          #if ((0u != Bootloader_DUAL_APP_BOOTLOADER) && \
2140   6                                (1u == Bootloader_GOLDEN_IMAGE_AVAIL))
                                      cystatus goldenImageValid;
                                  #endif /*(((0u != Bootloader_DUAL_APP_BOOTLOADER) &&
                                             (1u == Bootloader_GOLDEN_IMAGE_AVAIL))*/
2144   6      
2145   6                              /* Get flash/EEPROM row number inside array */
2146   6                              dataOffset = ((uint16)((uint16)packetBuffer[Bootloader_DATA_ADDR + 2u] << 8u)) |
2147   6                                                    packetBuffer[Bootloader_DATA_ADDR + 1u];
2148   6      
2149   6                              /*Checking if row number is within array address range*/
2150   6                              ackCode = Bootloader_CHECK_ROW_NUMBER(dataOffset, upperRange);
2151   6                          
C51 COMPILER V9.51   BOOTLOADER                                                            12/15/2017 11:38:02 PAGE 37  

2152   6                              if (CYRET_SUCCESS != ackCode)
2153   6                              {
2154   7                                  break;
2155   7                              }
2156   6                              
2157   6                              /* Metadata section resides in flash (cannot be in EEPROM). */
2158   6                              #if(!CY_PSOC4)
2159   6                                  if(btldrData <= Bootloader_LAST_FLASH_ARRAYID)
2160   6                                  {
2161   7                              #endif  /* (!CY_PSOC4) */
2162   7                      
2163   7                              /* btldrData  - holds flash array Id sent by host */
2164   7                              /* dataOffset - holds flash row Id sent by host   */
2165   7                              row = (uint16)(btldrData * Bootloader_NUMBER_OF_ROWS_IN_ARRAY) + dataOffset;
2166   7                      
2167   7                              /*******************************************************************************
2168   7                              * Refuse to write to the row within range of the bootloader application
2169   7                              *******************************************************************************/
2170   7      
2171   7                              /* First empty flash row after Bootloader application */
2172   7                              #if (CYDEV_PROJ_TYPE != CYDEV_PROJ_TYPE_LOADABLEANDBOOTLOADER)    
2173   7                                  firstRow = (uint16) (*Bootloader_SizeBytesAccess / CYDEV_FLS_ROW_SIZE);
2174   7                                  if ((*Bootloader_SizeBytesAccess % CYDEV_FLS_ROW_SIZE) != 0u)
2175   7                                  {
2176   8                                      firstRow++;
2177   8                                  }
2178   7                              #else /*Combination project type*/                       
                                          
                                          if (Bootloader_RUNNING_APPLICATION_0 == Bootloader_runningApp) 
                                          {
                                              btldrLastRow = (uint16)Bootloader_GetMetadata(Bootloader_GET_BTLDR_LAST_RO
             -W, 
                                                                                          Bootloader_MD_BTLDB_ACTIVE_1);
             -                            
                                          }    
                                          else /*(Bootloader_RUNNING_APPLICATION_1 == Bootloader_runningApp)*/
                                          {
                                              btldrLastRow = (uint16)Bootloader_GetMetadata(Bootloader_GET_BTLDR_LAST_RO
             -W,
                                                                                          Bootloader_MD_BTLDB_ACTIVE_0);
                                          }
                                                              
                                          firstRow = (uint16)(btldrLastRow + 1u); 
                                      #endif /*(CYDEV_PROJ_TYPE != CYDEV_PROJ_TYPE_LOADABLEANDBOOTLOADER)*/             
             -        
2193   7      
2194   7                                  /* Check to see if a row to be programmed will not corrupt the Bootloader appl
             -ication */
2195   7                                  if(row < firstRow)
2196   7                                  {
2197   8                                      ackCode = Bootloader_ERR_ROW;
2198   8                                      dataOffset = 0u;
2199   8                                      break;
2200   8                                  }
2201   7                              
2202   7                              #if ((0u != Bootloader_DUAL_APP_BOOTLOADER) || \
2203   7                                   (CYDEV_PROJ_TYPE == CYDEV_PROJ_TYPE_LOADABLEANDBOOTLOADER))
                                          
                                          /*****************************************************************************
             -*******
                                          * No check is required in case when there is no app#1 present in Upgradable St
             -ack
C51 COMPILER V9.51   BOOTLOADER                                                            12/15/2017 11:38:02 PAGE 38  

                                          * use case (no user application downloaded yet).                        
                                          ******************************************************************************
             -******/
                                          #if (CYDEV_PROJ_TYPE == CYDEV_PROJ_TYPE_LOADABLEANDBOOTLOADER)
                                          if (0u != app2StartAddress) 
                                          {
                                          #endif /*(CYDEV_PROJ_TYPE == CYDEV_PROJ_TYPE_LOADABLEANDBOOTLOADER)*/
                                          
                                              if(Bootloader_activeApp < Bootloader_MD_BTLDB_ACTIVE_NONE)    
                                              {
                                                  /* Refuse to write to active image */
                                                  ackCode = Bootloader_CheckImage(Bootloader_activeApp, 
                                                                                     btldrData, /*array number*/
                                                                                     row,  /*row number*/
                                                                                     dataOffset); /*row number in scope 
             -of array*/
                                              
                                                  if (Bootloader_ERR_ACTIVE == ackCode)
                                                  {
                                                      dataOffset = 0u;
                                                      break;                                
                                                  }
                                              }
                                          #if (CYDEV_PROJ_TYPE == CYDEV_PROJ_TYPE_LOADABLEANDBOOTLOADER)
                                          }
                                          #endif /*(CYDEV_PROJ_TYPE == CYDEV_PROJ_TYPE_LOADABLEANDBOOTLOADER)*/
              
                                          /*This option is available for classic Dual-app bootloader only*/
                                          #if ((0u != Bootloader_DUAL_APP_BOOTLOADER) && \
                                               (1u == Bootloader_GOLDEN_IMAGE_AVAIL))
                                          /* Check if this is an attempt to overwrite Golden image */
                                          ackCode = Bootloader_CheckImage(Bootloader_GOLDEN_IMAGE, 
                                                                                btldrData, /*array number*/
                                                                                row, /*row number*/
                                                                                dataOffset); /*row number in scope of ar
             -ray*/
                                          
                                          
                                          /************************************************************************
                                          * If an image to write is intended to update the Golden image and Golden image
                                          * itself is valid, then give an error that it is active/Golden, otherwise 
                                          * (invalid Golden image) let the Golden image to be overwritten.
                                          *************************************************************************/
                                          goldenImageValid = Bootloader_ValidateBootloadable(Bootloader_GOLDEN_IMAGE);  
             -                        
                                          if ((Bootloader_ERR_ACTIVE == ackCode) && (CYRET_SUCCESS == goldenImageValid))
                                          {
                                              dataOffset = 0u;
                                              break;                                
                                          }
                                          else /* It is OK to overwrite corrupted Golden image */
                                          {
                                              ackCode = CYRET_SUCCESS;
                                          }
                                          #endif /*((0u != Bootloader_DUAL_APP_BOOTLOADER) &&
                                                    (1u == Bootloader_GOLDEN_IMAGE_AVAIL)) */
                                      #endif /*(0u != Bootloader_DUAL_APP_BOOTLOADER) ||
                                               (CYDEV_PROJ_TYPE == CYDEV_PROJ_TYPE_LOADABLEANDBOOTLOADER)*/    
2261   7        
2262   7      
2263   7                              /*******************************************************************************
2264   7                              * Clear a row that contains metadata, when the "Fast bootloadable application
C51 COMPILER V9.51   BOOTLOADER                                                            12/15/2017 11:38:02 PAGE 39  

2265   7                              * validation" option is enabled.
2266   7                              *
2267   7                              * If the "Fast bootloadable application validation" option is enabled, the
2268   7                              * bootloader only computes the checksum the first time and assumes that it
2269   7                              * remains valid in each future startup. The metadata row is cleared because the
2270   7                              * Bootloadable application might become corrupted during update, while
2271   7                              * the "Bootloadable Application Verification Status" field will still report that
2272   7                              * the application is valid.
2273   7                              *******************************************************************************/
2274   7                              #if(0u != Bootloader_FAST_APP_VALIDATION)
              
                                          if(0u == clearedMetaData)
                                          {
                                              /* Metadata section must be filled with zeros */
              
                                              uint8 erase[Bootloader_FROW_SIZE];
                                              uint8 Bootloader_notActiveApp;
              
              
                                              #if(CY_PSOC3)
                                                  (void) memset(erase, (char8) 0, (int16) Bootloader_FROW_SIZE);
                                              #else
                                                  (void) memset(erase, 0, Bootloader_FROW_SIZE);
                                              #endif  /* (CY_PSOC3) */
              
              
                                              #if ((0u != Bootloader_DUAL_APP_BOOTLOADER) || \
                                                   (CYDEV_PROJ_TYPE == CYDEV_PROJ_TYPE_LOADABLEANDBOOTLOADER))
                                                  if (Bootloader_MD_BTLDB_ACTIVE_0 == Bootloader_activeApp)
                                                  {
                                                      Bootloader_notActiveApp = Bootloader_MD_BTLDB_ACTIVE_1;
                                                  }
                                                  else
                                                  {
                                                      Bootloader_notActiveApp = Bootloader_MD_BTLDB_ACTIVE_0;
                                                  }
                                              #else
                                                  Bootloader_notActiveApp = Bootloader_MD_BTLDB_ACTIVE_0;
                                              #endif /* (0u != Bootloader_DUAL_APP_BOOTLOADER) */
              
              
                                              #if(CY_PSOC4)
                                                  (void) CySysFlashWriteRow(
                                                          Bootloader_MD_ROW_NUM(Bootloader_notActiveApp),
                                                          erase);
                                              #else
                                                  (void) CyWriteRowFull(
                                                          (uint8)  Bootloader_MD_FLASH_ARRAY_NUM,
                                                          (uint16) Bootloader_MD_ROW_NUM(Bootloader_notActiveApp),
                                                          erase,
                                                          Bootloader_FROW_SIZE);
                                              #endif  /* (CY_PSOC4) */
              
                                              /* PSoC 5: Do not care about flushing cache as flash row has been erased. 
             -*/
              
                                              /* Set up flag that metadata was cleared */
                                              clearedMetaData = 1u;
                                          }
              
                                      #endif  /* (0u != Bootloader_FAST_APP_VALIDATION) */
2325   7      
C51 COMPILER V9.51   BOOTLOADER                                                            12/15/2017 11:38:02 PAGE 40  

2326   7      
2327   7                              #if(!CY_PSOC4)
2328   7                                  }   /* (btldrData <= Bootloader_LAST_FLASH_ARRAYID) */
2329   6                              #endif  /* (!CY_PSOC4) */
2330   6      
2331   6      
2332   6                              #if(CY_PSOC4)
                                          ackCode = (CYRET_SUCCESS != CySysFlashWriteRow((uint32) row, dataBuffer)) \
                                              ? Bootloader_ERR_ROW \
                                              : CYRET_SUCCESS;
                                      #else
2337   6                                  ackCode = (CYRET_SUCCESS != CyWriteRowFull(btldrData, dataOffset, dataBuffer, 
             -pktSize)) \
2338   6                                      ? Bootloader_ERR_ROW \
2339   6                                      : CYRET_SUCCESS;
2340   6                              #endif  /* (CY_PSOC4) */
2341   6      
2342   6      
2343   6                              #if(CY_PSOC5)
                                          /***************************************************************************
                                          * When writing to flash, data in the instruction cache can become stale.
                                          * Therefore, the cache data does not correlate to the data just written to
                                          * flash. A call to CyFlushCache() is required to invalidate the data in the
                                          * cache and force fresh information to be loaded from flash.
                                          ***************************************************************************/
                                          CyFlushCache();
                                      #endif /* (CY_PSOC5) */
2352   6      
2353   6                          }
2354   5                          else
2355   5                          {
2356   6                              ackCode = Bootloader_ERR_LENGTH;
2357   6                          }
2358   5      
2359   5                          dataOffset = 0u;
2360   5                      }
2361   4                      break;
2362   4      
2363   4      
2364   4                  /***************************************************************************
2365   4                  *   Sync bootloader (0x35)
2366   4                  ***************************************************************************/
2367   4                  #if(0u != Bootloader_CMD_SYNC_BOOTLOADER_AVAIL)
2368   4      
2369   4                  case Bootloader_COMMAND_SYNC:
2370   4      
2371   4                      if(Bootloader_COMMUNICATION_STATE_ACTIVE == communicationState)
2372   4                      {
2373   5                          /* If something failed, Host would send this command to reset Bootloader. */
2374   5                          dataOffset = 0u;
2375   5      
2376   5                          /* Don't acknowledge the packet, just get ready to accept the next one */
2377   5                          continue;
2378   5                      }
2379   4                      break;
2380   4      
2381   4                  #endif  /* (0u != Bootloader_CMD_SYNC_BOOTLOADER_AVAIL) */
2382   4      
2383   4      
2384   4                  /***************************************************************************
2385   4                  *   Set an active application (0x36)
2386   4                  ***************************************************************************/
C51 COMPILER V9.51   BOOTLOADER                                                            12/15/2017 11:38:02 PAGE 41  

2387   4                  #if ((0u != Bootloader_DUAL_APP_BOOTLOADER) || \
2388   4                       (CYDEV_PROJ_TYPE == CYDEV_PROJ_TYPE_LOADABLEANDBOOTLOADER))    
              
                              case Bootloader_COMMAND_APP_ACTIVE:
              
                                  if((Bootloader_COMMUNICATION_STATE_ACTIVE == communicationState) && (pktSize == 1u))
                                  {
                                      if(CYRET_SUCCESS == Bootloader_ValidateBootloadable(btldrData))
                                      {
                                          Bootloader_SetActiveAppInMetadata(btldrData);
                                          Bootloader_activeApp = btldrData;
                                          ackCode = CYRET_SUCCESS;
                                      }
                                      else
                                      {
                                          ackCode = Bootloader_ERR_APP;
                                      }
                                  }
                                  break;
              
                          #endif  /* (0u != Bootloader_DUAL_APP_BOOTLOADER) || 
                                     (CYDEV_PROJ_TYPE == CYDEV_PROJ_TYPE_LOADABLEANDBOOTLOADER) */
2409   4      
2410   4      
2411   4                  /***************************************************************************
2412   4                  *   Send data (0x37)
2413   4                  ***************************************************************************/
2414   4                  #if (0u != Bootloader_CMD_SEND_DATA_AVAIL)
2415   4      
2416   4                      case Bootloader_COMMAND_DATA:
2417   4      
2418   4                          if(Bootloader_COMMUNICATION_STATE_ACTIVE == communicationState)
2419   4                          {
2420   5                              /*  Make sure that dataOffset is valid before copying data */
2421   5                              if((dataOffset + pktSize) <= Bootloader_SIZEOF_COMMAND_BUFFER)
2422   5                              {
2423   6                                  ackCode = CYRET_SUCCESS;
2424   6      
2425   6                                  #if(CY_PSOC3)
2426   6                                      (void) memcpy(&dataBuffer[dataOffset],
2427   6                                                    &packetBuffer[Bootloader_DATA_ADDR],
2428   6                                                    ( int16 )pktSize);
2429   6                                  #else
                                              (void) memcpy(&dataBuffer[dataOffset],
                                                            &packetBuffer[Bootloader_DATA_ADDR],
                                                            (uint32) pktSize);
                                          #endif  /* (CY_PSOC3) */
2434   6      
2435   6                                  dataOffset += pktSize;
2436   6                              }
2437   5                              else
2438   5                              {
2439   6                                  ackCode = Bootloader_ERR_LENGTH;
2440   6                              }
2441   5                          }
2442   4      
2443   4                          break;
2444   4      
2445   4                  #endif  /* (0u != Bootloader_CMD_SEND_DATA_AVAIL) */
2446   4      
2447   4      
2448   4                  /***************************************************************************
C51 COMPILER V9.51   BOOTLOADER                                                            12/15/2017 11:38:02 PAGE 42  

2449   4                  *   Enter bootloader (0x38)
2450   4                  ***************************************************************************/
2451   4                  case Bootloader_COMMAND_ENTER:
2452   4      
2453   4              #if (Bootloader_SECURITY_KEY_AVAIL == 1u)    
                          if(pktSize == 6u) /*Security key*/
                      #else    
2456   4                  if(pktSize == 0u) /*Security key is not demanded*/
2457   4              #endif /*(Bootloader_SECURITY_KEY_AVAIL == 1u)*/   
2458   4                      {
2459   5                          #if(CY_PSOC3)
2460   5      
2461   5                              Bootloader_ENTER CYDATA BtldrVersion =
2462   5                                  {CYSWAP_ENDIAN32(CYDEV_CHIP_JTAG_ID), CYDEV_CHIP_REV_EXPECT, Bootloader_VERSIO
             -N};
2463   5      
2464   5                          #else
              
                                      Bootloader_ENTER CYDATA BtldrVersion =
                                          {CYDEV_CHIP_JTAG_ID, CYDEV_CHIP_REV_EXPECT, Bootloader_VERSION};
                          #endif  /* (CY_PSOC3) */
2469   5      
2470   5                  #if (Bootloader_SECURITY_KEY_AVAIL == 1u)
                              
                              /*Security key checking*/
                              uint8 idx = Bootloader_SECURITY_KEY_LENGTH;
                              ackCode = CYRET_SUCCESS;
                              
                              do
                              {
                                  idx--;                     
                                  if (Bootloader_securityKey[idx] != packetBuffer[Bootloader_DATA_ADDR + idx])
                                  {
                                      ackCode = Bootloader_ERR_DATA;
                                      break;
                                  }
                                  
                              } while(0u != idx);
                              
                              if (Bootloader_ERR_DATA == ackCode)
                              {
                                  break;
                              }
                          #endif /*(Bootloader_SECURITY_KEY_AVAIL == 1u)*/
2492   5                      
2493   5                      #if (CYDEV_PROJ_TYPE == CYDEV_PROJ_TYPE_LOADABLEANDBOOTLOADER) 
                                  Bootloader_isBootloading = Bootloader_BOOTLOADING_IN_PROGRESS;
                              #endif /*(CYDEV_PROJ_TYPE == CYDEV_PROJ_TYPE_LOADABLEANDBOOTLOADER)*/    
2496   5                      
2497   5                          communicationState = Bootloader_COMMUNICATION_STATE_ACTIVE;
2498   5      
2499   5                          rspSize = sizeof(Bootloader_ENTER);
2500   5                          dataOffset = 0u; 
2501   5                          
2502   5                          #if(CY_PSOC3)
2503   5                              (void) memcpy(&packetBuffer[Bootloader_DATA_ADDR],
2504   5                                            &BtldrVersion,
2505   5                                            ( int16 )rspSize);
2506   5                          #else
                                      (void) memcpy(&packetBuffer[Bootloader_DATA_ADDR],
                                                    &BtldrVersion,
                                                    (uint32) rspSize);
C51 COMPILER V9.51   BOOTLOADER                                                            12/15/2017 11:38:02 PAGE 43  

                                  #endif  /* (CY_PSOC3) */
2511   5      
2512   5                          ackCode = CYRET_SUCCESS;
2513   5                      }
2514   4                      else /* Packet length does not match*/
2515   4                      {
2516   5                          ackCode = Bootloader_ERR_DATA;
2517   5                      }
2518   4                      break;
2519   4      
2520   4      
2521   4                  /***************************************************************************
2522   4                  *   Get row checksum (0x3A)
2523   4                  ***************************************************************************/
2524   4                  #if (0u != Bootloader_CMD_GET_ROW_CHKSUM_AVAIL)
2525   4      
2526   4                  case Bootloader_COMMAND_GET_ROW_CHKSUM:
2527   4      
2528   4                      if((Bootloader_COMMUNICATION_STATE_ACTIVE == communicationState) && (pktSize == 3u))
2529   4                      {
2530   5                          /* Get flash/EEPROM row number */
2531   5                          uint16 CYDATA rowNum = ((uint16)((uint16)packetBuffer[Bootloader_DATA_ADDR + 2u] << 8u
             -)) |
2532   5                                                          packetBuffer[Bootloader_DATA_ADDR + 1u];
2533   5                          
2534   5                          uint16 CYDATA tmpRowNum; 
2535   5                          #if(!CY_PSOC4)
2536   5      
2537   5                              uint32 CYDATA rowAddr;
2538   5                              uint8 CYDATA checksum;
2539   5      
2540   5                              if((btldrData >= Bootloader_FIRST_EE_ARRAYID) &&
2541   5                                 (btldrData <= Bootloader_LAST_EE_ARRAYID))
2542   5                              {
2543   6                                  /* EEPROM */
2544   6                                  CyEEPROM_Start();
2545   6                                  /* Both PSoC 3 and PSoC 5LP architecture have one EEPROM array. */
2546   6                                  rowAddr = (uint32)rowNum * CYDEV_EEPROM_ROW_SIZE;
2547   6                                  
2548   6                                  /* Checking if row number is within array address range */
2549   6                                  ackCode = Bootloader_CHECK_ROW_NUMBER(rowNum, 
2550   6                                      (Bootloader_NUMBER_OF_EEPROM_SECTORS * Bootloader_NUMBER_OF_ROWS_IN_EEPROM
             -_SECTOR));
2551   6                          
2552   6                                  if (CYRET_SUCCESS != ackCode)
2553   6                                  {
2554   7                                      break;
2555   7                                  }
2556   6      
2557   6                                  checksum = Bootloader_Calc8BitSum(CY_EEPROM_BASE, rowAddr, CYDEV_EEPROM_ROW_SI
             -ZE);
2558   6                              }
2559   5                              else
2560   5                              {
2561   6                                  /* flash */ 
2562   6                                  rowAddr = ((uint32)btldrData * CYDEV_FLS_SECTOR_SIZE)
2563   6                                             + ((uint32)rowNum * CYDEV_FLS_ROW_SIZE);
2564   6      
2565   6                                  /* Checking if row number is within array address range */
2566   6                                  ackCode = Bootloader_CHECK_ROW_NUMBER(rowNum, 
2567   6                                                             Bootloader_NUMBER_OF_ROWS_IN_ARRAY);
2568   6                          
C51 COMPILER V9.51   BOOTLOADER                                                            12/15/2017 11:38:02 PAGE 44  

2569   6                                  if (CYRET_SUCCESS != ackCode)
2570   6                                  {
2571   7                                      break;
2572   7                                  }                            
2573   6      
2574   6                                  checksum = Bootloader_Calc8BitSum(CY_FLASH_BASE, rowAddr, CYDEV_FLS_ROW_SIZE);
2575   6                              }
2576   5      
2577   5                          #else
              
                                      uint32 CYDATA rowAddr = ((uint32)btldrData * CYDEV_FLS_SECTOR_SIZE)
                                                          + ((uint32)rowNum * CYDEV_FLS_ROW_SIZE);
                                      
                                      uint8 CYDATA checksum;
                                       
                                      /* Checking if row number is within array address range */
                                      ackCode = Bootloader_CHECK_ROW_NUMBER(rowNum, 
                                                                     Bootloader_NUMBER_OF_ROWS_IN_ARRAY);
                                  
                                      if (CYRET_SUCCESS != ackCode)
                                      {
                                          break;
                                      }                     
              
                                      checksum = Bootloader_Calc8BitSum(CY_FLASH_BASE, rowAddr, CYDEV_FLS_ROW_SIZE);
              
                                  #endif  /* (!CY_PSOC4) */
2596   5      
2597   5      
2598   5                          /* Calculate checksum on data from ECC */
2599   5                          #if(!CY_PSOC4) && (CYDEV_ECC_ENABLE == 0u)
2600   5      
2601   5                              if(btldrData <= Bootloader_LAST_FLASH_ARRAYID)
2602   5                              {
2603   6                                  uint16 CYDATA tmpIndex;
2604   6      
2605   6                                  rowAddr = CYDEV_ECC_BASE + ((uint32)btldrData * (CYDEV_FLS_SECTOR_SIZE / 8u))
2606   6                                              + ((uint32)rowNum * CYDEV_ECC_ROW_SIZE);
2607   6      
2608   6                                  for(tmpIndex = 0u; tmpIndex < CYDEV_ECC_ROW_SIZE; tmpIndex++)
2609   6                                  {
2610   7                                      checksum += CY_GET_XTND_REG8((uint8 CYFAR *)(rowAddr + tmpIndex));
2611   7                                  }
2612   6                              }
2613   5      
2614   5                          #endif  /* (!CY_PSOC4) && (CYDEV_ECC_ENABLE == 0u) */
2615   5      
2616   5      
2617   5                          /*******************************************************************************
2618   5                          * App Verified & App Active are information updated in flash at the runtime.
2619   5                          * Remove these items from the checksum to allow the host to verify if everything is
2620   5                          * correct.
2621   5                           ******************************************************************************/
2622   5                          #if(!CY_PSOC4)
2623   5                              tmpRowNum = rowNum; 
2624   5                          #else
                                      tmpRowNum = rowNum + ((uint16)(Bootloader_NUMBER_OF_ROWS_IN_ARRAY * btldrData));
                                  #endif
2627   5                          
2628   5                          if((Bootloader_MD_FLASH_ARRAY_NUM == btldrData) && (Bootloader_CONTAIN_METADATA(tmpRow
             -Num)))
2629   5                          {
C51 COMPILER V9.51   BOOTLOADER                                                            12/15/2017 11:38:02 PAGE 45  

2630   6      
2631   6                              checksum -= (uint8)Bootloader_GetMetadata(Bootloader_GET_BTLDB_ACTIVE,
2632   6                                                                       Bootloader_GET_APP_ID(tmpRowNum));
2633   6      
2634   6                              checksum -= (uint8)Bootloader_GetMetadata(Bootloader_GET_BTLDB_STATUS,
2635   6                                                                       Bootloader_GET_APP_ID(tmpRowNum));
2636   6                          }
2637   5      
2638   5                          packetBuffer[Bootloader_DATA_ADDR] = (uint8)1u + (uint8)(~checksum);
2639   5                          ackCode = CYRET_SUCCESS;
2640   5                          rspSize = Bootloader_RSP_SIZE_VERIFY_ROW_CHKSM;
2641   5                      }
2642   4                      break;
2643   4      
2644   4                  #endif /* (0u != Bootloader_CMD_GET_ROW_CHKSUM_AVAIL) */
2645   4      
2646   4      
2647   4                  /***************************************************************************
2648   4                  *   Exit bootloader (0x3B)
2649   4                  ***************************************************************************/
2650   4                  case Bootloader_COMMAND_EXIT:
2651   4      
2652   4                      /*******************************************************************************
2653   4                      * Currently the copy flag is checked in the metadata for the second application. 
2654   4                      * If it is set, then the copy operation is required and Launcher (BTLDR) should 
2655   4                      * be scheduled.
2656   4                      *******************************************************************************/
2657   4                  #if (CYDEV_PROJ_TYPE == CYDEV_PROJ_TYPE_LOADABLEANDBOOTLOADER)
                              needToCopyFlag = Bootloader_GetMetadata(Bootloader_GET_BTLDB_COPY_FLAG, 
                                                                      Bootloader_MD_BTLDB_ACTIVE_1);                    
             -                                
                      
                              /* Checking "Need to copy" flag in metadata#1 */
                              if (0u != (needToCopyFlag & Bootloader_NEED_TO_COPY_MASK))
                              {  
                                  Bootloader_SET_RUN_TYPE(Bootloader_SCHEDULE_BTLDR);
                              }
                              else
                          #endif /* (CYDEV_PROJ_TYPE == CYDEV_PROJ_TYPE_LOADABLEANDBOOTLOADER) */
2668   4              
2669   4                      if(CYRET_SUCCESS == Bootloader_ValidateBootloadable(Bootloader_activeApp))
2670   4                      {
2671   5                          Bootloader_SET_RUN_TYPE(Bootloader_SCHEDULE_BTLDB);
2672   5                      }
2673   4                      
2674   4                  #if (CYDEV_PROJ_TYPE == CYDEV_PROJ_TYPE_LOADABLEANDBOOTLOADER)
                              Bootloader_isBootloading = Bootloader_BOOTLOADING_COMPLETED;
                          #endif /* CYDEV_PROJ_TYPE == CYDEV_PROJ_TYPE_LOADABLEANDBOOTLOADER */    
2677   4                  
2678   4                      CyBtldrCommStop();
2679   4                              
2680   4                      CySoftwareReset();
2681   4      
2682   4                      /* Will never get here */
2683   4                      break;
2684   4      
2685   4      
2686   4                  /***************************************************************************
2687   4                  *   Unsupported command
2688   4                  ***************************************************************************/
2689   4                  default:
2690   4                  
C51 COMPILER V9.51   BOOTLOADER                                                            12/15/2017 11:38:02 PAGE 46  

2691   4                  #if (!CY_PSOC3)
                              if ((NULL != Bootloader_callback) && (Bootloader_COMMUNICATION_STATE_ACTIVE == communicati
             -onState))
                              {
                                  Bootloader_in_packet_type Bootloader_inPacket; 
                                  Bootloader_out_packet_type Bootloader_outPacket;
              
                                  /* Initializing input packet */
                                  Bootloader_inPacket.command = packetBuffer[Bootloader_CMD_ADDR];
                                  Bootloader_inPacket.packetLength = pktSize;
                                  Bootloader_inPacket.pInputBuffer = &packetBuffer[Bootloader_DATA_ADDR];
                                                      
                                  /* Clearing and setting output packet */
                                  (void) memset(&Bootloader_outPacket, 0, sizeof(Bootloader_outPacket));
                                  Bootloader_outPacket.pOutputBuffer = &packetBuffer[Bootloader_DATA_ADDR];
                                  
                                  /* Callback */
                                  (void) Bootloader_callback(&Bootloader_inPacket, &Bootloader_outPacket);
              
                                  rspSize = Bootloader_outPacket.packetLength;
                                  if (((rspSize > (Bootloader_SIZEOF_COMMAND_BUFFER - Bootloader_MIN_PKT_SIZE)) && 
                                       (Bootloader_outPacket.pOutputBuffer == &packetBuffer[Bootloader_DATA_ADDR])) ||
                                      ((NULL == Bootloader_outPacket.pOutputBuffer) && (0u != rspSize)))
                                  {                    
                                      /* One of returned parameters is wrong */
                                      ackCode = Bootloader_ERR_CALLBACK;
                                      rspSize = 0u;
                                  }
                                  else /* Everything is OK */
                                  {
                                      ackCode = (uint8)Bootloader_outPacket.status;
                                  }
                              }    
                              else /* No callback function defined, so return "Error Command" status */
                          #endif /* (!CY_PSOC3) */
2725   4                      {
2726   5                          ackCode = Bootloader_ERR_CMD;
2727   5                      }    
2728   4                      break;
2729   4                  }
2730   3              }
2731   2      
2732   2              /* Reply with acknowledge or not acknowledge packet */
2733   2              (void) Bootloader_WritePacket(ackCode, packetBuffer, rspSize);
2734   2         
2735   2          } while ((0u == timeOut) || (Bootloader_COMMUNICATION_STATE_ACTIVE == communicationState));
2736   1      }
2737          
2738          
2739          /*******************************************************************************
2740          * Function Name: Bootloader_WritePacket
2741          ****************************************************************************//**
2742          * \internal
2743          *
2744          * \brief
2745          *  Creates a bootloader response packet and transmits it back to the bootloader
2746          *  host application over the already established communications protocol.
2747          *
2748          *  \param status
2749          *      The status code to pass back as the second byte of the packet.
2750          *  \param buffer
2751          *      The buffer containing the data portion of the packet.
C51 COMPILER V9.51   BOOTLOADER                                                            12/15/2017 11:38:02 PAGE 47  

2752          *  \param size
2753          *      The number of bytes contained within the buffer to pass back.
2754          *
2755          * \return
2756          *   CYRET_SUCCESS if successful. Any other non-zero value if a failure occurred.
2757          *
2758          * \endinternal
2759          *******************************************************************************/
2760          static cystatus Bootloader_WritePacket(uint8 status, uint8 buffer[], uint16 size) CYSMALL \
2761                                                      
2762          {
2763   1          uint16 CYDATA checksum;
2764   1      
2765   1          /* Start of packet. */
2766   1          buffer[Bootloader_SOP_ADDR]      = Bootloader_SOP;
2767   1          buffer[Bootloader_CMD_ADDR]      = status;
2768   1          buffer[Bootloader_SIZE_ADDR]     = LO8(size);
2769   1          buffer[Bootloader_SIZE_ADDR + 1u] = HI8(size);
2770   1      
2771   1          /* Compute checksum. */
2772   1          checksum = Bootloader_CalcPacketChecksum(buffer, size + Bootloader_DATA_ADDR);
2773   1      
2774   1          buffer[Bootloader_CHK_ADDR(size)]     = LO8(checksum);
2775   1          buffer[Bootloader_CHK_ADDR(1u + size)] = HI8(checksum);
2776   1          buffer[Bootloader_EOP_ADDR(size)]     = Bootloader_EOP;
2777   1      
2778   1          /* Start packet transmit. */
2779   1          return(CyBtldrCommWrite(buffer, size + Bootloader_MIN_PKT_SIZE, &size, 150u));
2780   1      }
2781          #endif /*(CYDEV_PROJ_TYPE != CYDEV_PROJ_TYPE_LAUNCHER)*/
2782          
2783          /*******************************************************************************
2784          * Function Name: Bootloader_SetFlashByte
2785          ****************************************************************************//**
2786          *
2787          * \brief
2788          *  Writes a byte to the specified flash memory location.
2789          *
2790          * \param address
2791          *      The address in flash memory where data will be written.
2792          * \param runType:
2793          *      The byte to be written.
2794          *
2795          *******************************************************************************/
2796          void Bootloader_SetFlashByte(uint32 address, uint8 runType) 
2797          {
2798   1          uint32 flsAddr = address - CYDEV_FLASH_BASE;
2799   1          uint8  rowData[CYDEV_FLS_ROW_SIZE];
2800   1      
2801   1          #if !(CY_PSOC4)
2802   1              uint8 arrayId = ( uint8 )(flsAddr / CYDEV_FLS_SECTOR_SIZE);
2803   1          #endif  /* !(CY_PSOC4) */
2804   1      
2805   1          #if (CY_PSOC4)
                      uint16 rowNum = ( uint16 )(flsAddr / CYDEV_FLS_ROW_SIZE);
                  #else
2808   1              uint16 rowNum = ( uint16 )((flsAddr % CYDEV_FLS_SECTOR_SIZE) / CYDEV_FLS_ROW_SIZE);
2809   1          #endif  /* (CY_PSOC4) */
2810   1      
2811   1          uint32 baseAddr = address - (address % CYDEV_FLS_ROW_SIZE);
2812   1          uint16 idx;
2813   1      
C51 COMPILER V9.51   BOOTLOADER                                                            12/15/2017 11:38:02 PAGE 48  

2814   1          for(idx = 0u; idx < CYDEV_FLS_ROW_SIZE; idx++)
2815   1          {
2816   2              rowData[idx] = Bootloader_GET_CODE_BYTE(baseAddr + idx);
2817   2          }
2818   1      
2819   1          /* Check flash content to avoid unnecessary write to flash */
2820   1          if (rowData[address % CYDEV_FLS_ROW_SIZE] != runType)
2821   1          {
2822   2              rowData[address % CYDEV_FLS_ROW_SIZE] = runType;
2823   2      
2824   2              #if(CY_PSOC4)
                          (void) CySysFlashWriteRow((uint32) rowNum, rowData);
                      #else
2827   2                  (void) CyWriteRowData(arrayId, rowNum, rowData);
2828   2              #endif  /* (CY_PSOC4) */
2829   2      
2830   2              #if(CY_PSOC5)
                          /***************************************************************************
                          * When writing to flash, data in the instruction cache can become stale.
                          * Therefore, the cache data does not correlate to the data just written to
                          * flash. A call to CyFlushCache() is required to invalidate the data in the
                          * cache and force fresh information to be loaded from flash.
                          ***************************************************************************/
                          CyFlushCache();
                      #endif /* (CY_PSOC5) */
2839   2          }
2840   1      }
2841          
2842          
2843          /*******************************************************************************
2844          * Function Name: Bootloader_GetMetadata
2845          ****************************************************************************//**
2846          *
2847          * \brief
2848          *    Returns the value of the specified field of the metadata section.
2849          *
2850          * \param field \ref group_metadataFields
2851          *    Identifies the specific field of metadata.
2852          *
2853          * \param appId
2854          *    The number of the Bootloadable/Combination application. Should be 0 for 
2855          *    the normal bootloader and 0 or 1 for the Dual-application bootloader.
2856          *
2857          * \return
2858          *    The value of the specified field of the specified application.
2859          *
2860          *******************************************************************************/
2861          uint32 Bootloader_GetMetadata(uint8 field, uint8 appId)
2862          {
2863   1          uint32 fieldPtr;
2864   1          uint8  fieldSize = 2u;
2865   1          uint32 result = 0u;
2866   1      
2867   1          switch (field)
2868   1          {
2869   2          case Bootloader_GET_BTLDB_CHECKSUM:
2870   2              fieldPtr  = Bootloader_MD_BTLDB_CHECKSUM_OFFSET(appId);
2871   2              fieldSize = 1u;
2872   2              break;   
2873   2      
2874   2          case Bootloader_GET_BTLDB_ADDR:
2875   2              fieldPtr  = Bootloader_MD_BTLDB_ADDR_OFFSET(appId);
C51 COMPILER V9.51   BOOTLOADER                                                            12/15/2017 11:38:02 PAGE 49  

2876   2          #if(!CY_PSOC3)
                      fieldSize = 4u;
                  #endif  /* (!CY_PSOC3) */
2879   2              break;
2880   2      
2881   2          case Bootloader_GET_BTLDR_LAST_ROW:
2882   2              fieldPtr  = Bootloader_MD_BTLDR_LAST_ROW_OFFSET(appId);
2883   2              break;
2884   2      
2885   2          case Bootloader_GET_BTLDB_LENGTH:
2886   2              fieldPtr  = Bootloader_MD_BTLDB_LENGTH_OFFSET(appId);
2887   2          #if(!CY_PSOC3)
                      fieldSize = 4u;
                  #endif  /* (!CY_PSOC3) */
2890   2              break;
2891   2      
2892   2          case Bootloader_GET_BTLDB_ACTIVE:
2893   2              fieldPtr  = Bootloader_MD_BTLDB_ACTIVE_OFFSET(appId);
2894   2              fieldSize = 1u;
2895   2              break;
2896   2      
2897   2          case Bootloader_GET_BTLDB_STATUS:
2898   2              fieldPtr  = Bootloader_MD_BTLDB_VERIFIED_OFFSET(appId);
2899   2              fieldSize = 1u;
2900   2              break;
2901   2      
2902   2          case Bootloader_GET_BTLDB_APP_VERSION:
2903   2              fieldPtr  = Bootloader_MD_BTLDB_APP_VERSION_OFFSET(appId);
2904   2              break;
2905   2      
2906   2          case Bootloader_GET_BTLDR_APP_VERSION:
2907   2              fieldPtr  = Bootloader_MD_BTLDR_APP_VERSION_OFFSET(appId);
2908   2              break;
2909   2      
2910   2          case Bootloader_GET_BTLDB_APP_ID:
2911   2              fieldPtr  = Bootloader_MD_BTLDB_APP_ID_OFFSET(appId);
2912   2              break;
2913   2      
2914   2          case Bootloader_GET_BTLDB_APP_CUST_ID:
2915   2              fieldPtr  = Bootloader_MD_BTLDB_APP_CUST_ID_OFFSET(appId);
2916   2              fieldSize = 4u;
2917   2              break;
2918   2              
2919   2          case Bootloader_GET_BTLDB_COPY_FLAG:
2920   2              fieldPtr = Bootloader_MD_BTLDB_COPY_FLAG_OFFSET(appId);
2921   2              fieldSize = 1u;
2922   2              break;        
2923   2      
2924   2          case Bootloader_GET_BTLDB_USER_DATA:
2925   2              fieldPtr = Bootloader_MD_BTLDB_USER_DATA_OFFSET(appId);
2926   2              fieldSize = 4u;
2927   2              break;        
2928   2      
2929   2          default:
2930   2              /* Should never be here */
2931   2              CYASSERT(0u != 0u);
2932   2              fieldPtr  = 0u;
2933   2              break;
2934   2          }
2935   1      
2936   1      
2937   1          if (1u == fieldSize)
C51 COMPILER V9.51   BOOTLOADER                                                            12/15/2017 11:38:02 PAGE 50  

2938   1          {
2939   2              result =  (uint32) CY_GET_XTND_REG8((volatile uint8 *)fieldPtr);
2940   2          }
2941   1      
2942   1          #if(CY_PSOC3)   /* Big-endian */
2943   1      
2944   1              if (2u == fieldSize)
2945   1              {
2946   2                  result =  (uint32) CY_GET_XTND_REG8((volatile uint8 *)(fieldPtr + 1u));
2947   2                  result |= (uint32) CY_GET_XTND_REG8((volatile uint8 *)(fieldPtr     )) <<  8u;
2948   2              }
2949   1      
2950   1              if (4u == fieldSize)
2951   1              {
2952   2                  result =  (uint32) CY_GET_XTND_REG8((volatile uint8 *)(fieldPtr + 3u));
2953   2                  result |= (uint32) CY_GET_XTND_REG8((volatile uint8 *)(fieldPtr + 2u)) <<  8u;
2954   2                  result |= (uint32) CY_GET_XTND_REG8((volatile uint8 *)(fieldPtr + 1u)) << 16u;
2955   2                  result |= (uint32) CY_GET_XTND_REG8((volatile uint8 *)(fieldPtr     )) << 24u;
2956   2              }
2957   1      
2958   1          #else   /* PSoC 4 and PSoC 5: Little-endian */
              
                      if (2u == fieldSize)
                      {
                          result =  (uint32) CY_GET_XTND_REG8((volatile uint8 *) (fieldPtr     ));
                          result |= (uint32) CY_GET_XTND_REG8((volatile uint8 *) (fieldPtr + 1u)) <<  8u;
                      }
              
                      if (4u == fieldSize)
                      {
                          result =  (uint32) CY_GET_XTND_REG8((volatile uint8 *)(fieldPtr     ));
                          result |= (uint32) CY_GET_XTND_REG8((volatile uint8 *)(fieldPtr + 1u)) <<  8u;
                          result |= (uint32) CY_GET_XTND_REG8((volatile uint8 *)(fieldPtr + 2u)) << 16u;
                          result |= (uint32) CY_GET_XTND_REG8((volatile uint8 *)(fieldPtr + 3u)) << 24u;
                      }
              
                  #endif /* (CY_PSOC3) */
2975   1      
2976   1          return (result);
2977   1      }
2978          
2979          
2980          /* @} [] END OF FILE */
C51 COMPILER V9.51   BOOTLOADER                                                            12/15/2017 11:38:02 PAGE 51  

ASSEMBLY LISTING OF GENERATED OBJECT CODE


             ; FUNCTION _Bootloader_CalcPacketChecksum (BEGIN)
                                           ; SOURCE LINE # 394
                 R     MOV     buffer,R3
                 R     MOV     buffer+01H,R2
                 R     MOV     buffer+02H,R1
                 R     MOV     size,R4
                 R     MOV     size+01H,R5
                                           ; SOURCE LINE # 399
                       MOV     A,#0FFH
                 R     MOV     crc,A
                 R     MOV     crc+01H,A
                                           ; SOURCE LINE # 402
                 R     MOV     tmpIndex,size
                 R     MOV     tmpIndex+01H,size+01H
                                           ; SOURCE LINE # 404
                 R     MOV     A,size+01H
                 R     ORL     A,size
                 R     xJNZ    ?C0005
                                           ; SOURCE LINE # 405
                                           ; SOURCE LINE # 406
                 R     XRL     crc+01H,#0FFH
                 R     XRL     crc,#0FFH
                                           ; SOURCE LINE # 407
                 R     xJMP    ?C0002
                                           ; SOURCE LINE # 409
             ?C0005:
                                           ; SOURCE LINE # 411
                                           ; SOURCE LINE # 412
                       CLR     C
                 R     MOV     A,tmpIndex+01H
                 R     SUBB    A,size+01H
                       MOV     R7,A
                 R     MOV     A,tmpIndex
                 R     SUBB    A,size
                       MOV     R6,A
                 R     MOV     R3,buffer
                 R     MOV     A,buffer+02H
                       ADD     A,R7
                       MOV     R1,A
                 R     MOV     A,buffer+01H
                       ADDC    A,R6
                       MOV     R2,A
                 E     CALL    ?C?CLDPTR
                 R     MOV     tmp,#00H
                 R     MOV     tmp+01H,A
                                           ; SOURCE LINE # 414
;---- Variable 'i' assigned to Register 'R5' ----
                       CLR     A
                       MOV     R5,A
             ?C0006:
                       MOV     A,R5
                       CLR     C
                       SUBB    A,#08H
                 R     xJGE    ?C0007
                                           ; SOURCE LINE # 415
                                           ; SOURCE LINE # 416
                 R     MOV     A,tmp+01H
                       ANL     A,#01H
                       MOV     R7,A
C51 COMPILER V9.51   BOOTLOADER                                                            12/15/2017 11:38:02 PAGE 52  

                 R     MOV     A,crc+01H
                       ANL     A,#01H
                       MOV     R3,A
                       CLR     A
                       MOV     A,R3
                       XRL     A,R7
                 R     xJZ     ?C0009
                                           ; SOURCE LINE # 417
                                           ; SOURCE LINE # 418
                 R     MOV     A,crc
                       CLR     C
                       RRC     A
                       MOV     R6,A
                 R     MOV     A,crc+01H
                       RRC     A
                       MOV     R7,A
                       MOV     A,R6
                       XRL     A,#084H
                 R     MOV     crc,A
                       MOV     A,R7
                       XRL     A,#08H
                 R     MOV     crc+01H,A
                                           ; SOURCE LINE # 419
                 R     xJMP    ?C0010
             ?C0009:
                                           ; SOURCE LINE # 421
                                           ; SOURCE LINE # 422
                 R     MOV     A,crc
                       CLR     C
                       RRC     A
                 R     MOV     crc,A
                 R     MOV     A,crc+01H
                       RRC     A
                 R     MOV     crc+01H,A
                                           ; SOURCE LINE # 423
             ?C0010:
                                           ; SOURCE LINE # 425
                 R     MOV     A,tmp
                       CLR     C
                       RRC     A
                 R     MOV     tmp,A
                 R     MOV     A,tmp+01H
                       RRC     A
                 R     MOV     tmp+01H,A
                                           ; SOURCE LINE # 426
                       INC     R5
                 R     xJMP    ?C0006
             ?C0007:
                                           ; SOURCE LINE # 428
                 R     MOV     A,size+01H
                 R     DEC     size+01H
                 R     JNZ     ?C0156
                 R     DEC     size
             ?C0156:
                                           ; SOURCE LINE # 429
                                           ; SOURCE LINE # 430
                 R     MOV     A,size+01H
                 R     ORL     A,size
                 R     xJNZ    ?C0005
                                           ; SOURCE LINE # 432
                 R     XRL     crc+01H,#0FFH
                 R     XRL     crc,#0FFH
C51 COMPILER V9.51   BOOTLOADER                                                            12/15/2017 11:38:02 PAGE 53  

                                           ; SOURCE LINE # 433
                 R     MOV     tmp,crc
                 R     MOV     tmp+01H,crc+01H
                                           ; SOURCE LINE # 434
                 R     MOV     A,crc+01H
                       MOV     R4,A
                 R     MOV     A,tmp
                       MOV     R7,A
                       MOV     A,R4
                 R     MOV     crc,A
                       MOV     A,R7
                 R     MOV     crc+01H,A
                                           ; SOURCE LINE # 435
             ?C0002:
                                           ; SOURCE LINE # 437
                 R     MOV     R6,crc
                 R     MOV     R7,crc+01H
                                           ; SOURCE LINE # 452
             ?C0011:
                       RET     
             ; FUNCTION _Bootloader_CalcPacketChecksum (END)

             ; FUNCTION _Bootloader_Calc8BitSum (BEGIN)
                                           ; SOURCE LINE # 540
                 R     MOV     baseAddr+03H,R7
                 R     MOV     baseAddr+02H,R6
                 R     MOV     baseAddr+01H,R5
                 R     MOV     baseAddr,R4
                                           ; SOURCE LINE # 543
                       CLR     A
                 R     MOV     sum,A
                                           ; SOURCE LINE # 546
                       MOV     A,R7
                 R     JNZ     ?C0157
                       MOV     A,R6
                       XRL     A,#080H
             ?C0157:
                 R     xJZ     ?C0013
                       CLR     A
                       MOV     R7,A
                       MOV     R6,A
                       MOV     R5,#010H
                       MOV     R4,A
                 R     MOV     R3,baseAddr+03H
                 R     MOV     R2,baseAddr+02H
                 R     MOV     R1,baseAddr+01H
                 R     MOV     R0,baseAddr
                       CLR     C
                 E     CALL    ?C?ULCMP
                 R     xJZ     ?C0013
                       MOV     R7,#00H
                 E     CALL    _?CyHalt
             ?C0013:
                                           ; SOURCE LINE # 551
                       SETB    C
                 R     MOV     A,size+03H
                       SUBB    A,#00H
                 R     MOV     A,size+02H
                       SUBB    A,#00H
                 R     xJLT    ?C0014
                                           ; SOURCE LINE # 552
                                           ; SOURCE LINE # 553
C51 COMPILER V9.51   BOOTLOADER                                                            12/15/2017 11:38:02 PAGE 54  

                 R     MOV     R7,size+03H
                 R     MOV     R6,size+02H
                 R     MOV     R5,size+01H
                 R     MOV     R4,size
                       MOV     A,#0FFH
                       MOV     R3,A
                       MOV     R2,A
                       MOV     R1,A
                       MOV     R0,A
                 E     CALL    ?C?LADD
                 R     MOV     size+03H,R7
                 R     MOV     size+02H,R6
                 R     MOV     size+01H,R5
                 R     MOV     size,R4
                                           ; SOURCE LINE # 554
                 R     MOV     A,baseAddr+03H
                 R     ADD     A,start+03H
                       MOV     R7,A
                 R     MOV     A,baseAddr+02H
                 R     ADDC    A,start+02H
                       MOV     R6,A
                 R     MOV     A,baseAddr+01H
                 R     ADDC    A,start+01H
                       MOV     R5,A
                 R     MOV     A,baseAddr
                 R     ADDC    A,start
                       MOV     R4,A
                       MOV     A,R7
                 R     ADD     A,size+03H
                       MOV     R7,A
                       MOV     A,R6
                 R     ADDC    A,size+02H
                       MOV     R6,A
                       MOV     A,R5
                 R     ADDC    A,size+01H
                       MOV     R5,A
                       MOV     A,R4
                 R     ADDC    A,size
                       MOV     R1,AR7
                       MOV     R2,AR6
                       MOV     R3,AR5
                 E     CALL    _cyread8
                       MOV     A,R7
                 R     ADD     A,sum
                 R     MOV     sum,A
                                           ; SOURCE LINE # 555
                 R     xJMP    ?C0013
             ?C0014:
                                           ; SOURCE LINE # 557
                 R     MOV     R7,sum
                                           ; SOURCE LINE # 558
             ?C0015:
                       RET     
             ; FUNCTION _Bootloader_Calc8BitSum (END)

             ; FUNCTION Bootloader_Start (BEGIN)
                                           ; SOURCE LINE # 844
                                           ; SOURCE LINE # 854
                 R     MOV     validApp,#06H
                                           ; SOURCE LINE # 1033
                       CLR     A
                       MOV     R7,A
C51 COMPILER V9.51   BOOTLOADER                                                            12/15/2017 11:38:02 PAGE 55  

                 R     CALL    _Bootloader_ValidateBootloadable
                       MOV     A,R7
                 R     xJNZ    ?C0016
                                           ; SOURCE LINE # 1034
                                           ; SOURCE LINE # 1035
                 R     MOV     validApp,A
                                           ; SOURCE LINE # 1036
             ?C0016:
                                           ; SOURCE LINE # 1053
                       CLR     A
                 R     MOV     ?_Bootloader_Calc8BitSum?BYTE+07H,A
                 R     MOV     ?_Bootloader_Calc8BitSum?BYTE+06H,A
                 R     MOV     ?_Bootloader_Calc8BitSum?BYTE+05H,A
                 R     MOV     ?_Bootloader_Calc8BitSum?BYTE+04H,A
                 R     MOV     DPTR,#Bootloader_SizeBytesAccess
                       MOVX    A,@DPTR
                       MOV     R6,A
                       INC     DPTR
                       MOVX    A,@DPTR
                       MOV     DPL,A
                       MOV     DPH,R6
                 E     CALL    ?C?LLDCODE
                 R     MOV     ?_Bootloader_Calc8BitSum?BYTE+0BH,R7
                 R     MOV     ?_Bootloader_Calc8BitSum?BYTE+0AH,R6
                 R     MOV     ?_Bootloader_Calc8BitSum?BYTE+09H,R5
                 R     MOV     ?_Bootloader_Calc8BitSum?BYTE+08H,R4
                       CLR     A
                       MOV     R7,A
                       MOV     R6,A
                       MOV     R5,#010H
                       MOV     R4,A
                 R     CALL    _Bootloader_Calc8BitSum
;---- Variable 'calcedChecksum' assigned to Register 'R7' ----
                                           ; SOURCE LINE # 1058
                 R     MOV     DPTR,#Bootloader_ChecksumAccess
                       MOVX    A,@DPTR
                       MOV     R4,A
                       INC     DPTR
                       MOVX    A,@DPTR
                       MOV     DPL,A
                       MOV     DPH,R4
                       CLR     A
                       MOVC    A,@A+DPTR
                       MOV     R6,A
                       CLR     C
                       MOV     A,R7
                       SUBB    A,R6
                       MOV     R7,A
                                           ; SOURCE LINE # 1059
                       CPL     A
                       INC     A
                       MOV     R7,A
                                           ; SOURCE LINE # 1062
                 R     xJNE    A,AR6,?C0018
                 R     MOV     DPTR,#Bootloader_SizeBytesAccess
                       MOVX    A,@DPTR
                       MOV     R6,A
                       INC     DPTR
                       MOVX    A,@DPTR
                       MOV     DPL,A
                       MOV     DPH,R6
                 E     CALL    ?C?LLDCODE
C51 COMPILER V9.51   BOOTLOADER                                                            12/15/2017 11:38:02 PAGE 56  

                       MOV     A,R7
                       ORL     A,R6
                 R     xJNZ    ?C0017
             ?C0018:
                                           ; SOURCE LINE # 1064
                                           ; SOURCE LINE # 1073
                       MOV     R7,#00H
                 E     CALL    _?CyHalt
                                           ; SOURCE LINE # 1074
             ?C0017:
                                           ; SOURCE LINE # 1086
                       MOV     DPTR,#046FAH
                       MOVX    A,@DPTR
                       ANL     A,#0C0H
                       XRL     A,#040H
                 R     xJZ     ?C0020
                 R     MOV     A,validApp
                 R     xJZ     ?C0019
             ?C0020:
                                           ; SOURCE LINE # 1091
                                           ; SOURCE LINE # 1092
                       MOV     DPTR,#046FAH
                       CLR     A
                       MOVX    @DPTR,A
                                           ; SOURCE LINE # 1094
                       MOV     R7,A
                 R     CALL    _Bootloader_HostLink
                                           ; SOURCE LINE # 1095
             ?C0019:
                                           ; SOURCE LINE # 1101
                       CLR     A
                       MOV     R7,A
                 R     CALL    _Bootloader_HostLink
                                           ; SOURCE LINE # 1114
                 R     CALL    Bootloader_LaunchApplication
                                           ; SOURCE LINE # 1116
                       RET     
             ; FUNCTION Bootloader_Start (END)

             ; FUNCTION Bootloader_LaunchApplication (BEGIN)
                                           ; SOURCE LINE # 1132
                                           ; SOURCE LINE # 1136
                       MOV     DPTR,#046FAH
                       MOV     A,#080H
                       MOVX    @DPTR,A
                                           ; SOURCE LINE # 1138
                 E     CALL    CySoftwareReset
                                           ; SOURCE LINE # 1139
                       RET     
             ; FUNCTION Bootloader_LaunchApplication (END)

             ; FUNCTION _Bootloader_Exit (BEGIN)
                                           ; SOURCE LINE # 1169
                 R     MOV     appId,R7
                                           ; SOURCE LINE # 1171
                 R     MOV     A,appId
                 R     xJNE    A,#02H,?C0023
                                           ; SOURCE LINE # 1172
                                           ; SOURCE LINE # 1173
                       MOV     DPTR,#046FAH
                       CLR     A
                       MOVX    @DPTR,A
C51 COMPILER V9.51   BOOTLOADER                                                            12/15/2017 11:38:02 PAGE 57  

                                           ; SOURCE LINE # 1174
                 R     xJMP    ?C0024
             ?C0023:
                                           ; SOURCE LINE # 1176
                                           ; SOURCE LINE # 1177
                 R     MOV     R7,appId
                 R     CALL    _Bootloader_ValidateBootloadable
                       MOV     A,R7
                 R     xJNZ    ?C0025
                                           ; SOURCE LINE # 1178
                                           ; SOURCE LINE # 1181
                 R     MOV     idx,A
             ?C0026:
                 R     MOV     A,idx
                       CLR     C
                       SUBB    A,#01H
                 R     xJGE    ?C0027
                                           ; SOURCE LINE # 1182
                                           ; SOURCE LINE # 1184
                 R     MOV     R7,idx
                       MOV     R6,#00H
                       MOV     R4,#01H
                       MOV     R5,#00H
                 E     CALL    ?C?LIMUL
                       CLR     C
                       MOV     A,#0D0H
                       SUBB    A,R7
                       MOV     R7,A
                       MOV     A,#0FFH
                       SUBB    A,R6
                       MOV     R6,A
                       MOV     A,#010H
                       SUBB    A,R5
                       MOV     R5,A
                       CLR     A
                       SUBB    A,R4
                       MOV     R4,A
                 R     MOV     A,idx
                 R     xJNE    A,appId,?C0029
                       MOV     R3,#01H
                 R     xJMP    ?C0030
             ?C0029:
                       MOV     R3,#00H
             ?C0030:
                 R     MOV     DPTR,#?_Bootloader_SetFlashByte?BYTE+04H
                       MOV     A,R3
                       MOVX    @DPTR,A
                 R     CALL    _Bootloader_SetFlashByte
                                           ; SOURCE LINE # 1185
                 R     INC     idx
                 R     xJMP    ?C0026
             ?C0027:
                                           ; SOURCE LINE # 1193
                       MOV     DPTR,#046FAH
                       MOV     A,#080H
                       MOVX    @DPTR,A
                                           ; SOURCE LINE # 1194
                 R     xJMP    ?C0024
             ?C0025:
                                           ; SOURCE LINE # 1196
                                           ; SOURCE LINE # 1197
                       MOV     DPTR,#046FAH
C51 COMPILER V9.51   BOOTLOADER                                                            12/15/2017 11:38:02 PAGE 58  

                       CLR     A
                       MOVX    @DPTR,A
                                           ; SOURCE LINE # 1198
                                           ; SOURCE LINE # 1199
             ?C0024:
                                           ; SOURCE LINE # 1201
                 E     CALL    CySoftwareReset
                                           ; SOURCE LINE # 1202
                       RET     
             ; FUNCTION _Bootloader_Exit (END)

             ; FUNCTION CyBtldr_CheckLaunch (BEGIN)
                                           ; SOURCE LINE # 1222
                                           ; SOURCE LINE # 1240
                       MOV     DPTR,#046FAH
                       MOVX    A,@DPTR
                       ANL     A,#0C0H
                       XRL     A,#080H
                 R     xJNZ    ?C0035
                                           ; SOURCE LINE # 1241
                                           ; SOURCE LINE # 1250
                 R     MOV     activeApp,A
                                           ; SOURCE LINE # 1271
                       MOVX    @DPTR,A
                                           ; SOURCE LINE # 1279
                 R     MOV     R5,activeApp
                       MOV     R7,#02H
                 R     CALL    _Bootloader_GetMetadata
                       MOV     A,R7
                       ORL     A,R6
                 R     xJZ     ?C0035
                                           ; SOURCE LINE # 1284
                                           ; SOURCE LINE # 1286
                 R     MOV     R5,activeApp
                       MOV     R7,#02H
                 R     CALL    _Bootloader_GetMetadata
                 E     CALL    _Bootloader_LaunchBootloadable
                                           ; SOURCE LINE # 1288
                                           ; SOURCE LINE # 1289
                                           ; SOURCE LINE # 1290
             ?C0035:
                       RET     
             ; FUNCTION CyBtldr_CheckLaunch (END)

             ; FUNCTION _Bootloader_ValidateBootloadable (BEGIN)
                                           ; SOURCE LINE # 1349
                 R     MOV     appId,R7
                                           ; SOURCE LINE # 1354
                 R     MOV     R5,appId
                       MOV     R7,#03H
                 R     CALL    _Bootloader_GetMetadata
                       MOV     A,R7
                       ADD     A,#01H
                       MOV     R7,A
                       CLR     A
                       ADDC    A,R6
                       MOV     R6,A
                       CLR     A
                       ADDC    A,R5
                       MOV     R5,A
                       CLR     A
                       ADDC    A,R4
C51 COMPILER V9.51   BOOTLOADER                                                            12/15/2017 11:38:02 PAGE 59  

                       MOV     R4,A
                       CLR     A
                       MOV     R3,A
                       MOV     R2,#01H
                       MOV     R1,A
                       MOV     R0,A
                 E     CALL    ?C?LMUL
                       PUSH    AR4
                       PUSH    AR5
                       PUSH    AR6
                       PUSH    AR7
                 R     MOV     R5,appId
                       MOV     R7,#04H
                 R     CALL    _Bootloader_GetMetadata
                       POP     AR3
                       POP     AR2
                       POP     AR1
                       POP     AR0
                 E     CALL    ?C?LADD
                 R     MOV     end+03H,R7
                 R     MOV     end+02H,R6
                 R     MOV     end+01H,R5
                 R     MOV     end,R4
                                           ; SOURCE LINE # 1357
                 R     CLR     valid
                                           ; SOURCE LINE # 1358
                       CLR     A
                 R     MOV     calcedChecksum,A
                                           ; SOURCE LINE # 1381
                 R     MOV     R5,appId
                       MOV     R7,#03H
                 R     CALL    _Bootloader_GetMetadata
                       MOV     A,R7
                       ADD     A,#01H
                       MOV     R7,A
                       CLR     A
                       ADDC    A,R6
                       MOV     R6,A
                       CLR     A
                       ADDC    A,R5
                       MOV     R5,A
                       CLR     A
                       ADDC    A,R4
                       MOV     R4,A
                       CLR     A
                       MOV     R3,A
                       MOV     R2,#01H
                       MOV     R1,A
                       MOV     R0,A
                 E     CALL    ?C?LMUL
                 R     MOV     idx+03H,R7
                 R     MOV     idx+02H,R6
                 R     MOV     idx+01H,R5
                 R     MOV     idx,R4
             ?C0036:
                 R     MOV     R7,end+03H
                 R     MOV     R6,end+02H
                 R     MOV     R5,end+01H
                 R     MOV     R4,end
                 R     MOV     R3,idx+03H
                 R     MOV     R2,idx+02H
                 R     MOV     R1,idx+01H
C51 COMPILER V9.51   BOOTLOADER                                                            12/15/2017 11:38:02 PAGE 60  

                 R     MOV     R0,idx
                       CLR     C
                 E     CALL    ?C?ULCMP
                 R     xJGE    ?C0037
                                           ; SOURCE LINE # 1382
                                           ; SOURCE LINE # 1383
                 R     MOV     DPL,idx+03H
                 R     MOV     DPH,idx+02H
                       CLR     A
                       MOVC    A,@A+DPTR
                 R     MOV     curByte,A
                                           ; SOURCE LINE # 1385
                 R     xJZ     ?C0039
                       CPL     A
                 R     xJZ     ?C0039
                                           ; SOURCE LINE # 1386
                                           ; SOURCE LINE # 1387
                 R     SETB    valid
                                           ; SOURCE LINE # 1388
             ?C0039:
                                           ; SOURCE LINE # 1390
                 R     MOV     A,curByte
                 R     ADD     A,calcedChecksum
                 R     MOV     calcedChecksum,A
                                           ; SOURCE LINE # 1391
                 R     MOV     R7,idx+03H
                 R     MOV     R6,idx+02H
                 R     MOV     R5,idx+01H
                 R     MOV     R4,idx
                       CLR     A
                       MOV     R3,#01H
                       MOV     R2,A
                       MOV     R1,A
                       MOV     R0,A
                 E     CALL    ?C?LADD
                 R     MOV     idx+03H,R7
                 R     MOV     idx+02H,R6
                 R     MOV     idx+01H,R5
                 R     MOV     idx,R4
                 R     xJMP    ?C0036
             ?C0037:
                                           ; SOURCE LINE # 1403
                 R     MOV     R5,appId
                       MOV     R7,#03H
                 R     CALL    _Bootloader_GetMetadata
                       MOV     A,R7
                       ADD     A,#01H
                       MOV     R7,A
                       CLR     A
                       ADDC    A,R6
                       MOV     R6,A
                       CLR     A
                       ADDC    A,R5
                       MOV     R5,A
                       CLR     A
                       ADDC    A,R4
                       MOV     R4,A
                       CLR     A
                       MOV     R3,A
                       MOV     R2,#01H
                       MOV     R1,A
                       MOV     R0,A
C51 COMPILER V9.51   BOOTLOADER                                                            12/15/2017 11:38:02 PAGE 61  

                 E     CALL    ?C?LMUL
                       MOV     R0,#03H
                 E     CALL    ?C?ULSHR
                 R     MOV     idx+03H,R7
                 R     MOV     idx+02H,R6
                 R     MOV     idx+01H,R5
                 R     MOV     idx,R4
                                           ; SOURCE LINE # 1406
                       CLR     A
                       MOV     R7,#0C0H
                       MOV     R6,#0FFH
                       MOV     R5,A
                       MOV     R4,A
                 R     MOV     R3,end+03H
                 R     MOV     R2,end+02H
                 R     MOV     R1,end+01H
                 R     MOV     R0,end
                       CLR     C
                 E     CALL    ?C?ULCMP
                 R     xJNZ    ?C0040
                       MOV     R7,A
                       MOV     R6,#020H
                       MOV     R5,A
                       MOV     R4,A
                 R     xJMP    ?C0041
             ?C0040:
                 R     MOV     R7,end+03H
                 R     MOV     R6,end+02H
                 R     MOV     R5,end+01H
                 R     MOV     R4,end
                       MOV     R0,#03H
                 E     CALL    ?C?ULSHR
             ?C0041:
                 R     MOV     end+03H,R7
                 R     MOV     end+02H,R6
                 R     MOV     end+01H,R5
                 R     MOV     end,R4
                                           ; SOURCE LINE # 1410
             ?C0042:
                 R     MOV     R7,end+03H
                 R     MOV     R6,end+02H
                 R     MOV     R5,end+01H
                 R     MOV     R4,end
                 R     MOV     R3,idx+03H
                 R     MOV     R2,idx+02H
                 R     MOV     R1,idx+01H
                 R     MOV     R0,idx
                       CLR     C
                 E     CALL    ?C?ULCMP
                 R     xJGE    ?C0043
                                           ; SOURCE LINE # 1411
                                           ; SOURCE LINE # 1412
                       CLR     A
                 R     ADD     A,idx+03H
                       MOV     R7,A
                       CLR     A
                 R     ADDC    A,idx+02H
                       MOV     R6,A
                 R     MOV     A,idx+01H
                       ADDC    A,#08H
                       MOV     R5,A
                       CLR     A
C51 COMPILER V9.51   BOOTLOADER                                                            12/15/2017 11:38:02 PAGE 62  

                 R     ADDC    A,idx
                       MOV     R1,AR7
                       MOV     R2,AR6
                       MOV     R3,AR5
                 E     CALL    _cyread8
                       MOV     A,R7
                 R     ADD     A,calcedChecksum
                 R     MOV     calcedChecksum,A
                                           ; SOURCE LINE # 1413
                 R     MOV     R7,idx+03H
                 R     MOV     R6,idx+02H
                 R     MOV     R5,idx+01H
                 R     MOV     R4,idx
                       CLR     A
                       MOV     R3,#01H
                       MOV     R2,A
                       MOV     R1,A
                       MOV     R0,A
                 E     CALL    ?C?LADD
                 R     MOV     idx+03H,R7
                 R     MOV     idx+02H,R6
                 R     MOV     idx+01H,R5
                 R     MOV     idx,R4
                 R     xJMP    ?C0042
             ?C0043:
                                           ; SOURCE LINE # 1417
                 R     MOV     A,calcedChecksum
                       CPL     A
                       INC     A
                 R     MOV     calcedChecksum,A
                                           ; SOURCE LINE # 1419
                 R     MOV     R5,appId
                       MOV     R7,#01H
                 R     CALL    _Bootloader_GetMetadata
                       MOV     R0,AR4
                       MOV     R1,AR5
                       MOV     R2,AR6
                       MOV     R3,AR7
                 R     MOV     R7,calcedChecksum
                       CLR     A
                       MOV     R4,A
                       MOV     R5,A
                       MOV     R6,A
                       CLR     C
                 E     CALL    ?C?ULCMP
                 R     xJNZ    ?C0046
                 R     xJB     valid,?C0045
             ?C0046:
                                           ; SOURCE LINE # 1421
                                           ; SOURCE LINE # 1422
                       MOV     R7,#06H
                       RET     
                                           ; SOURCE LINE # 1423
             ?C0045:
                                           ; SOURCE LINE # 1432
                       MOV     R7,#00H
                                           ; SOURCE LINE # 1433
             ?C0047:
                       RET     
             ; FUNCTION _Bootloader_ValidateBootloadable (END)

             ; FUNCTION _Bootloader_HostLink (BEGIN)
C51 COMPILER V9.51   BOOTLOADER                                                            12/15/2017 11:38:02 PAGE 63  

                                           ; SOURCE LINE # 1634
                 R     MOV     DPTR,#timeOut
                       MOV     A,R7
                       MOVX    @DPTR,A
                                           ; SOURCE LINE # 1646
                       CLR     A
                 R     MOV     pktSize,A
                 R     MOV     pktSize+01H,A
                                           ; SOURCE LINE # 1647
                 R     MOV     timeOutCnt,#0AH
                                           ; SOURCE LINE # 1661
                 R     CLR     communicationState
                                           ; SOURCE LINE # 1662
                 R     MOV     dataOffset,A
                 R     MOV     dataOffset+01H,A
                                           ; SOURCE LINE # 1687
                 E     CALL    CySetTemp
                       MOV     A,R7
                 R     xJZ     ?C0048
                                           ; SOURCE LINE # 1688
                                           ; SOURCE LINE # 1689
                       MOV     R7,#00H
                 E     CALL    _?CyHalt
                                           ; SOURCE LINE # 1690
             ?C0048:
                                           ; SOURCE LINE # 1697
                 E     CALL    USBFS_CyBtldrCommStart
                                           ; SOURCE LINE # 1700
                       SETB    EA
                       MOV     DPTR,#044F4H
                       MOV     A,#0FDH
                       MOVX    @DPTR,A
             ?C0051:
                                           ; SOURCE LINE # 1703
                                           ; SOURCE LINE # 1704
                       CLR     A
                 R     MOV     ackCode,A
             ?C0054:
                                           ; SOURCE LINE # 1707
                                           ; SOURCE LINE # 1708
                 E     MOV     ?_USBFS_CyBtldrCommRead?BYTE+05H,#00H
                 R     MOV     ?_USBFS_CyBtldrCommRead?BYTE+06H,#HIGH numberRead
                 R     MOV     ?_USBFS_CyBtldrCommRead?BYTE+07H,#LOW numberRead
                 R     MOV     DPTR,#timeOut
                       MOVX    A,@DPTR
                       MOV     R7,A
                 R     xJNZ    ?C0055
                       MOV     R6,#0FFH
                       MOV     R7,#0FFH
                 R     xJMP    ?C0056
             ?C0055:
             ?C0056:
                 E     MOV     ?_USBFS_CyBtldrCommRead?BYTE+08H,R7
                       MOV     R3,#01H
                 R     MOV     R2,#HIGH packetBuffer
                 R     MOV     R1,#LOW packetBuffer
                       MOV     R5,#02CH
                       MOV     R4,#01H
                 E     CALL    _USBFS_CyBtldrCommRead
                 R     MOV     readStat,R7
                                           ; SOURCE LINE # 1712
                 R     MOV     DPTR,#timeOut
C51 COMPILER V9.51   BOOTLOADER                                                            12/15/2017 11:38:02 PAGE 64  

                       MOVX    A,@DPTR
                 R     xJZ     ?C0052
                                           ; SOURCE LINE # 1713
                                           ; SOURCE LINE # 1714
                 R     DEC     timeOutCnt
                                           ; SOURCE LINE # 1715
                                           ; SOURCE LINE # 1717
             ?C0052:
                 R     MOV     A,timeOutCnt
                 R     xJZ     ?C0053
                 R     MOV     A,readStat
                 R     xJNZ    ?C0054
             ?C0053:
                                           ; SOURCE LINE # 1720
                 R     MOV     A,readStat
                 R     xJNZ    ?C0049
                                           ; SOURCE LINE # 1721
                                           ; SOURCE LINE # 1722
                                           ; SOURCE LINE # 1723
             ?C0059:
                                           ; SOURCE LINE # 1725
                       CLR     C
                 R     MOV     A,numberRead+01H
                       SUBB    A,#07H
                 R     MOV     A,numberRead
                       SUBB    A,#00H
                 R     xJLT    ?C0061
                 R     MOV     DPTR,#packetBuffer
                       MOVX    A,@DPTR
                       XRL     A,#01H
                 R     xJZ     ?C0060
             ?C0061:
                                           ; SOURCE LINE # 1727
                                           ; SOURCE LINE # 1728
                 R     MOV     ackCode,#04H
                                           ; SOURCE LINE # 1729
                 R     xJMP    ?C0062
             ?C0060:
                                           ; SOURCE LINE # 1731
                                           ; SOURCE LINE # 1732
                 R     MOV     DPTR,#packetBuffer+03H
                       MOVX    A,@DPTR
                       MOV     R6,A
                 R     MOV     DPTR,#packetBuffer+02H
                       MOVX    A,@DPTR
                       MOV     R5,A
                       MOV     A,R6
                 R     MOV     pktSize,A
                       MOV     A,R5
                 R     MOV     pktSize+01H,A
                                           ; SOURCE LINE # 1740
                 R     MOV     A,pktSize+01H
                       ADD     A,#07H
                       MOV     R7,A
                       CLR     A
                 R     ADDC    A,pktSize
                       MOV     R6,A
                       SETB    C
                       MOV     A,R7
                 R     SUBB    A,numberRead+01H
                       MOV     A,R6
                 R     SUBB    A,numberRead
C51 COMPILER V9.51   BOOTLOADER                                                            12/15/2017 11:38:02 PAGE 65  

                 R     xJGE    ?C0064
                       MOV     A,R7
                       SUBB    A,#02CH
                       MOV     A,R6
                       SUBB    A,#01H
                 R     xJLT    ?C0063
             ?C0064:
                                           ; SOURCE LINE # 1742
                                           ; SOURCE LINE # 1743
                 R     MOV     ackCode,#03H
                                           ; SOURCE LINE # 1744
                 R     xJMP    ?C0062
             ?C0063:
                                           ; SOURCE LINE # 1746
                                           ; SOURCE LINE # 1747
                 R     MOV     A,#LOW packetBuffer+05H
                 R     ADD     A,pktSize+01H
                       MOV     DPL,A
                 R     MOV     A,#HIGH packetBuffer+05H
                 R     ADDC    A,pktSize
                       MOV     DPH,A
                       MOVX    A,@DPTR
                       MOV     R6,A
                 R     MOV     A,#LOW packetBuffer+04H
                 R     ADD     A,pktSize+01H
                       MOV     DPL,A
                 R     MOV     A,#HIGH packetBuffer+04H
                 R     ADDC    A,pktSize
                       MOV     DPH,A
                       MOVX    A,@DPTR
                       MOV     R5,A
                       MOV     A,R6
                 R     MOV     pktChecksum,A
                       MOV     A,R5
                 R     MOV     pktChecksum+01H,A
                                           ; SOURCE LINE # 1750
                 R     MOV     A,#LOW packetBuffer+06H
                 R     ADD     A,pktSize+01H
                       MOV     DPL,A
                 R     MOV     A,#HIGH packetBuffer+06H
                 R     ADDC    A,pktSize
                       MOV     DPH,A
                       MOVX    A,@DPTR
                       XRL     A,#017H
                 R     xJZ     ?C0066
                                           ; SOURCE LINE # 1751
                                           ; SOURCE LINE # 1752
                 R     MOV     ackCode,#04H
                                           ; SOURCE LINE # 1753
                 R     xJMP    ?C0062
             ?C0066:
                                           ; SOURCE LINE # 1754
                       MOV     R3,#01H
                 R     MOV     R2,#HIGH packetBuffer
                 R     MOV     R1,#LOW packetBuffer
                 R     MOV     A,pktSize+01H
                       ADD     A,#04H
                       MOV     R5,A
                       CLR     A
                 R     ADDC    A,pktSize
                       MOV     R4,A
                 R     CALL    _Bootloader_CalcPacketChecksum
C51 COMPILER V9.51   BOOTLOADER                                                            12/15/2017 11:38:02 PAGE 66  

                       MOV     A,R7
                 R     XRL     A,pktChecksum+01H
                 R     JNZ     ?C0158
                       MOV     A,R6
                 R     XRL     A,pktChecksum
             ?C0158:
                 R     xJZ     ?C0062
                                           ; SOURCE LINE # 1756
                                           ; SOURCE LINE # 1757
                 R     MOV     ackCode,#08H
                                           ; SOURCE LINE # 1758
                                           ; SOURCE LINE # 1760
                                           ; SOURCE LINE # 1762
                                           ; SOURCE LINE # 1763
                                           ; SOURCE LINE # 1764
             ?C0062:
                                           ; SOURCE LINE # 1766
                       CLR     A
                 R     MOV     rspSize,A
                 R     MOV     rspSize+01H,A
                                           ; SOURCE LINE # 1767
                 R     MOV     A,ackCode
                 R     xJNZ    ?C0070
                                           ; SOURCE LINE # 1768
                                           ; SOURCE LINE # 1769
                 R     MOV     DPTR,#packetBuffer+04H
                       MOVX    A,@DPTR
                 R     MOV     btldrData,A
                                           ; SOURCE LINE # 1771
                 R     MOV     ackCode,#04H
                                           ; SOURCE LINE # 1772
                 R     MOV     DPTR,#packetBuffer+01H
                       MOVX    A,@DPTR
                 E     CALL    ?C?CCASE
                 R     DW      ?C0072
                       DB      031H
                 R     DW      ?C0076
                       DB      032H
                 R     DW      ?C0084
                       DB      034H
                 R     DW      ?C0103
                       DB      035H
                 R     DW      ?C0105
                       DB      037H
                 R     DW      ?C0109
                       DB      038H
                 R     DW      ?C0084
                       DB      039H
                 R     DW      ?C0112
                       DB      03AH
                 R     DW      ?C0127
                       DB      03BH
                       DW      00H
                 R     DW      ?C0129
                                           ; SOURCE LINE # 1773
                                           ; SOURCE LINE # 1818
             ?C0072:
                                           ; SOURCE LINE # 1820
                 R     xJNB    communicationState,?C0070
                 R     MOV     A,pktSize+01H
                 R     ORL     A,pktSize
                 R     xJNZ    ?C0070
C51 COMPILER V9.51   BOOTLOADER                                                            12/15/2017 11:38:02 PAGE 67  

                                           ; SOURCE LINE # 1821
                                           ; SOURCE LINE # 1823
                       MOV     R7,A
                 R     CALL    _Bootloader_ValidateBootloadable
                       MOV     A,R7
                 R     xJNZ    ?C0074
                       MOV     R7,#01H
                 R     xJMP    ?C0075
             ?C0074:
                       MOV     R7,#00H
             ?C0075:
                 R     MOV     DPTR,#packetBuffer+04H
                       MOV     A,R7
                       MOVX    @DPTR,A
                                           ; SOURCE LINE # 1825
                 R     MOV     rspSize,#00H
                 R     MOV     rspSize+01H,#01H
                                           ; SOURCE LINE # 1826
                       CLR     A
                 R     MOV     ackCode,A
                                           ; SOURCE LINE # 1827
                                           ; SOURCE LINE # 1828
                 R     xJMP    ?C0070
                                           ; SOURCE LINE # 1952
             ?C0076:
                                           ; SOURCE LINE # 1955
                 R     xJNB    communicationState,?C0070
                 R     MOV     A,pktSize+01H
                       XRL     A,#01H
                 R     ORL     A,pktSize
                 R     xJNZ    ?C0070
                                           ; SOURCE LINE # 1956
                                           ; SOURCE LINE # 1957
                 R     MOV     A,btldrData
                       CLR     C
                       SUBB    A,#01H
                 R     xJGE    ?C0070
                                           ; SOURCE LINE # 1958
                                           ; SOURCE LINE # 1977
                 R     MOV     DPTR,#Bootloader_SizeBytesAccess
                       MOVX    A,@DPTR
                       MOV     R6,A
                       INC     DPTR
                       MOVX    A,@DPTR
                       MOV     DPL,A
                       MOV     DPH,R6
                 E     CALL    ?C?LLDCODE
                       CLR     A
                       MOV     R3,A
                       MOV     R2,A
                       MOV     R1,#01H
                       MOV     R0,A
                 E     CALL    ?C?ULDIV
                 R     MOV     arrayIdBtlderEnds,R7
                                           ; SOURCE LINE # 1979
                 R     MOV     A,btldrData
                 R     xJNE    A,arrayIdBtlderEnds,?C0079
                                           ; SOURCE LINE # 1980
                                           ; SOURCE LINE # 1982
                 R     MOV     DPTR,#Bootloader_SizeBytesAccess
                       MOVX    A,@DPTR
                       MOV     R6,A
C51 COMPILER V9.51   BOOTLOADER                                                            12/15/2017 11:38:02 PAGE 68  

                       INC     DPTR
                       MOVX    A,@DPTR
                       MOV     DPL,A
                       MOV     DPH,R6
                 E     CALL    ?C?LLDCODE
                       CLR     A
                       MOV     R3,A
                       MOV     R2,#01H
                       MOV     R1,A
                       MOV     R0,A
                 E     CALL    ?C?ULDIV
                 R     MOV     startRow,#00H
                 R     MOV     startRow+01H,R7
                                           ; SOURCE LINE # 1983
                 R     xJMP    ?C0080
             ?C0079:
                                           ; SOURCE LINE # 1994
                 R     MOV     A,btldrData
                       SETB    C
                 R     SUBB    A,arrayIdBtlderEnds
                 R     xJLT    ?C0081
                                           ; SOURCE LINE # 1995
                                           ; SOURCE LINE # 1996
                       CLR     A
                 R     MOV     startRow,A
                 R     MOV     startRow+01H,A
                                           ; SOURCE LINE # 1997
                 R     xJMP    ?C0080
             ?C0081:
                                           ; SOURCE LINE # 1999
                                           ; SOURCE LINE # 2000
                 R     MOV     startRow,#01H
                 R     MOV     startRow+01H,#00H
                                           ; SOURCE LINE # 2001
             ?C0080:
                                           ; SOURCE LINE # 2003
                 R     MOV     A,startRow+01H
                 R     MOV     DPTR,#packetBuffer+04H
                       MOVX    @DPTR,A
                                           ; SOURCE LINE # 2004
                 R     MOV     A,startRow
                       INC     DPTR
                       MOVX    @DPTR,A
                                           ; SOURCE LINE # 2007
                       INC     DPTR
                       MOV     A,#0FFH
                       MOVX    @DPTR,A
                                           ; SOURCE LINE # 2010
                       CLR     A
                       INC     DPTR
                       MOVX    @DPTR,A
                                           ; SOURCE LINE # 2012
                 R     MOV     rspSize,A
                 R     MOV     rspSize+01H,#04H
                                           ; SOURCE LINE # 2013
                 R     MOV     ackCode,A
                                           ; SOURCE LINE # 2014
                                           ; SOURCE LINE # 2016
                                           ; SOURCE LINE # 2017
                 R     xJMP    ?C0070
                                           ; SOURCE LINE # 2052
                                           ; SOURCE LINE # 2058
C51 COMPILER V9.51   BOOTLOADER                                                            12/15/2017 11:38:02 PAGE 69  

             ?C0084:
                                           ; SOURCE LINE # 2059
                 R     MOV     DPTR,#packetBuffer+01H
                       MOVX    A,@DPTR
                       XRL     A,#034H
                 R     xJNZ    ?C0085
                                           ; SOURCE LINE # 2060
                                           ; SOURCE LINE # 2061
                 R     xJNB    communicationState,?C0070
                 R     MOV     A,pktSize+01H
                       XRL     A,#03H
                 R     ORL     A,pktSize
                 R     xJNZ    ?C0070
                                           ; SOURCE LINE # 2062
                                           ; SOURCE LINE # 2064
                 R     MOV     A,btldrData
                       CLR     C
                       SUBB    A,#040H
                 R     xJLT    ?C0087
                 R     MOV     A,btldrData
                       SETB    C
                       SUBB    A,#07FH
                 R     xJGE    ?C0087
                                           ; SOURCE LINE # 2066
                                           ; SOURCE LINE # 2068
                 R     MOV     dataOffset,#00H
                 R     MOV     dataOffset+01H,#010H
                                           ; SOURCE LINE # 2069
                 R     xJMP    ?C0088
             ?C0087:
                                           ; SOURCE LINE # 2071
                                           ; SOURCE LINE # 2073
                 R     MOV     dataOffset,#01H
                 R     MOV     dataOffset+01H,#020H
                                           ; SOURCE LINE # 2074
             ?C0088:
                                           ; SOURCE LINE # 2081
                 R     MOV     R6,dataOffset
                 R     MOV     R7,dataOffset+01H
                       MOV     R5,#00H
                       MOV     R3,#01H
                 R     MOV     R2,#HIGH dataBuffer
                 R     MOV     R1,#LOW dataBuffer
                 E     CALL    ?C?MEMSET
                                           ; SOURCE LINE # 2085
                                           ; SOURCE LINE # 2087
                                           ; SOURCE LINE # 2088
                                           ; SOURCE LINE # 2089
                                           ; SOURCE LINE # 2090
             ?C0085:
                                           ; SOURCE LINE # 2095
                 R     xJNB    communicationState,?C0070
                       CLR     C
                 R     MOV     A,pktSize+01H
                       SUBB    A,#03H
                 R     MOV     A,pktSize
                       SUBB    A,#00H
                 R     xJLT    ?C0070
                                           ; SOURCE LINE # 2096
                                           ; SOURCE LINE # 2103
                 R     MOV     A,pktSize+01H
                       ADD     A,#0FDH
C51 COMPILER V9.51   BOOTLOADER                                                            12/15/2017 11:38:02 PAGE 70  

                       MOV     R7,A
                 R     MOV     A,pktSize
                       ADDC    A,#0FFH
                       MOV     R6,A
                 R     MOV     A,#LOW dataBuffer
                 R     ADD     A,dataOffset+01H
                       MOV     R1,A
                 R     MOV     A,#HIGH dataBuffer
                 R     ADDC    A,dataOffset
                       MOV     R0,AR1
                       MOV     R4,A
                       MOV     R5,#01H
                       MOV     R3,#01H
                 R     MOV     R2,#HIGH packetBuffer+07H
                 R     MOV     R1,#LOW packetBuffer+07H
                 E     CALL    ?C?COPYAMD
                                           ; SOURCE LINE # 2110
                 R     MOV     A,pktSize+01H
                       ADD     A,#0FDH
                       MOV     R7,A
                 R     MOV     A,pktSize
                       ADDC    A,#0FFH
                       MOV     R6,A
                       MOV     A,R7
                 R     ADD     A,dataOffset+01H
                 R     MOV     dataOffset+01H,A
                       MOV     A,R6
                 R     ADDC    A,dataOffset
                 R     MOV     dataOffset,A
                                           ; SOURCE LINE # 2113
                 R     MOV     A,btldrData
                       CLR     C
                       SUBB    A,#040H
                 R     xJLT    ?C0091
                 R     MOV     A,btldrData
                       SETB    C
                       SUBB    A,#07FH
                 R     xJGE    ?C0091
                                           ; SOURCE LINE # 2115
                                           ; SOURCE LINE # 2116
                 E     CALL    CyEEPROM_Start
                                           ; SOURCE LINE # 2119
                 R     MOV     pktSize,#00H
                 R     MOV     pktSize+01H,#010H
                                           ; SOURCE LINE # 2120
                 R     MOV     DPTR,#upperRange
                       CLR     A
                       MOVX    @DPTR,A
                       INC     DPTR
                       MOV     A,#080H
                       MOVX    @DPTR,A
                                           ; SOURCE LINE # 2121
                 R     xJMP    ?C0092
             ?C0091:
                                           ; SOURCE LINE # 2123
                                           ; SOURCE LINE # 2125
                 R     MOV     pktSize,#01H
                 R     MOV     pktSize+01H,#020H
                                           ; SOURCE LINE # 2126
                 R     MOV     DPTR,#upperRange
                       MOV     A,#01H
                       MOVX    @DPTR,A
C51 COMPILER V9.51   BOOTLOADER                                                            12/15/2017 11:38:02 PAGE 71  

                       INC     DPTR
                       CLR     A
                       MOVX    @DPTR,A
                                           ; SOURCE LINE # 2127
             ?C0092:
                                           ; SOURCE LINE # 2135
                 R     MOV     A,dataOffset+01H
                 R     XRL     A,pktSize+01H
                 R     JNZ     ?C0159
                 R     MOV     A,dataOffset
                 R     XRL     A,pktSize
             ?C0159:
                 R     xJNZ    ?C0093
                                           ; SOURCE LINE # 2136
                                           ; SOURCE LINE # 2146
                 R     MOV     DPTR,#packetBuffer+06H
                       MOVX    A,@DPTR
                       MOV     R6,A
                 R     MOV     DPTR,#packetBuffer+05H
                       MOVX    A,@DPTR
                       MOV     R5,A
                       MOV     A,R6
                 R     MOV     dataOffset,A
                       MOV     A,R5
                 R     MOV     dataOffset+01H,A
                                           ; SOURCE LINE # 2150
                       SETB    C
                 R     MOV     DPTR,#upperRange+01H
                       MOVX    A,@DPTR
                 R     SUBB    A,dataOffset+01H
                 R     MOV     DPTR,#upperRange
                       MOVX    A,@DPTR
                 R     SUBB    A,dataOffset
                 R     xJLT    ?C0094
                       MOV     R7,#00H
                 R     xJMP    ?C0095
             ?C0094:
                       MOV     R7,#0AH
             ?C0095:
                 R     MOV     ackCode,R7
                                           ; SOURCE LINE # 2152
                 R     MOV     A,ackCode
                 R     xJNZ    ?C0070
                                           ; SOURCE LINE # 2153
                                           ; SOURCE LINE # 2154
                                           ; SOURCE LINE # 2155
             ?C0096:
                                           ; SOURCE LINE # 2159
                 R     MOV     A,btldrData
                       SETB    C
                       SUBB    A,#03FH
                 R     xJGE    ?C0097
                                           ; SOURCE LINE # 2160
                                           ; SOURCE LINE # 2165
                 R     MOV     A,btldrData
                       MOV     R7,#00H
                       MOV     R6,A
                       MOV     A,R7
                 R     ADD     A,dataOffset+01H
                       MOV     R7,A
                 R     MOV     A,dataOffset
                       ADDC    A,R6
C51 COMPILER V9.51   BOOTLOADER                                                            12/15/2017 11:38:02 PAGE 72  

                 R     MOV     DPTR,#row
                       MOVX    @DPTR,A
                       INC     DPTR
                       MOV     A,R7
                       MOVX    @DPTR,A
                                           ; SOURCE LINE # 2173
                 R     MOV     DPTR,#Bootloader_SizeBytesAccess
                       MOVX    A,@DPTR
                       MOV     R6,A
                       INC     DPTR
                       MOVX    A,@DPTR
                       MOV     DPL,A
                       MOV     DPH,R6
                 E     CALL    ?C?LLDCODE
                       CLR     A
                       MOV     R3,A
                       MOV     R2,#01H
                       MOV     R1,A
                       MOV     R0,A
                 E     CALL    ?C?ULDIV
                 R     MOV     DPTR,#firstRow
                       MOV     A,R6
                       MOVX    @DPTR,A
                       INC     DPTR
                       MOV     A,R7
                       MOVX    @DPTR,A
                                           ; SOURCE LINE # 2174
                 R     MOV     DPTR,#Bootloader_SizeBytesAccess
                       MOVX    A,@DPTR
                       MOV     R6,A
                       INC     DPTR
                       MOVX    A,@DPTR
                       MOV     DPL,A
                       MOV     DPH,R6
                 E     CALL    ?C?LLDCODE
                       MOV     A,R7
                       CLR     A
                       MOV     A,R7
                 R     xJZ     ?C0098
                                           ; SOURCE LINE # 2175
                                           ; SOURCE LINE # 2176
                 R     MOV     DPTR,#firstRow
                       CLR     A
                       MOV     B,#01H
                 E     CALL    ?C?IILDX
                                           ; SOURCE LINE # 2177
             ?C0098:
                                           ; SOURCE LINE # 2195
                 R     MOV     DPTR,#firstRow
                       MOVX    A,@DPTR
                       MOV     R6,A
                       INC     DPTR
                       MOVX    A,@DPTR
                       MOV     R7,A
                       CLR     C
                 R     MOV     DPTR,#row+01H
                       MOVX    A,@DPTR
                       SUBB    A,R7
                 R     MOV     DPTR,#row
                       MOVX    A,@DPTR
                       SUBB    A,R6
                 R     xJGE    ?C0097
C51 COMPILER V9.51   BOOTLOADER                                                            12/15/2017 11:38:02 PAGE 73  

                                           ; SOURCE LINE # 2196
                                           ; SOURCE LINE # 2197
                 R     MOV     ackCode,#0AH
                                           ; SOURCE LINE # 2198
                       CLR     A
                 R     MOV     dataOffset,A
                 R     MOV     dataOffset+01H,A
                                           ; SOURCE LINE # 2199
                 R     xJMP    ?C0070
                                           ; SOURCE LINE # 2200
                                           ; SOURCE LINE # 2328
             ?C0097:
                                           ; SOURCE LINE # 2337
                       MOV     R3,#01H
                 R     MOV     R2,#HIGH dataBuffer
                 R     MOV     R1,#LOW dataBuffer
                 E     MOV     DPTR,#?_CyWriteRowFull?BYTE+06H
                 R     MOV     A,pktSize
                       MOVX    @DPTR,A
                       INC     DPTR
                 R     MOV     A,pktSize+01H
                       MOVX    @DPTR,A
                 R     MOV     R5,dataOffset+01H
                 R     MOV     R4,dataOffset
                 R     MOV     R7,btldrData
                 E     CALL    _CyWriteRowFull
                       MOV     A,R7
                 R     xJZ     ?C0100
                       MOV     R7,#0AH
                 R     xJMP    ?C0101
             ?C0100:
                       MOV     R7,#00H
             ?C0101:
                 R     MOV     ackCode,R7
                                           ; SOURCE LINE # 2353
                 R     xJMP    ?C0102
             ?C0093:
                                           ; SOURCE LINE # 2355
                                           ; SOURCE LINE # 2356
                 R     MOV     ackCode,#03H
                                           ; SOURCE LINE # 2357
             ?C0102:
                                           ; SOURCE LINE # 2359
                       CLR     A
                 R     MOV     dataOffset,A
                 R     MOV     dataOffset+01H,A
                                           ; SOURCE LINE # 2360
                                           ; SOURCE LINE # 2361
                 R     xJMP    ?C0070
                                           ; SOURCE LINE # 2369
             ?C0103:
                                           ; SOURCE LINE # 2371
                 R     xJNB    communicationState,?C0070
                                           ; SOURCE LINE # 2372
                                           ; SOURCE LINE # 2374
                       CLR     A
                 R     MOV     dataOffset,A
                 R     MOV     dataOffset+01H,A
                                           ; SOURCE LINE # 2377
                 R     xJMP    ?C0049
                                           ; SOURCE LINE # 2378
                                           ; SOURCE LINE # 2379
C51 COMPILER V9.51   BOOTLOADER                                                            12/15/2017 11:38:02 PAGE 74  

                                           ; SOURCE LINE # 2416
             ?C0105:
                                           ; SOURCE LINE # 2418
                 R     xJNB    communicationState,?C0070
                                           ; SOURCE LINE # 2419
                                           ; SOURCE LINE # 2421
                 R     MOV     A,dataOffset+01H
                 R     ADD     A,pktSize+01H
                       MOV     R7,A
                 R     MOV     A,dataOffset
                 R     ADDC    A,pktSize
                       MOV     R6,A
                       SETB    C
                       MOV     A,R7
                       SUBB    A,#02CH
                       MOV     A,R6
                       SUBB    A,#01H
                 R     xJGE    ?C0107
                                           ; SOURCE LINE # 2422
                                           ; SOURCE LINE # 2423
                       CLR     A
                 R     MOV     ackCode,A
                                           ; SOURCE LINE # 2428
                 R     MOV     R6,pktSize
                 R     MOV     R7,pktSize+01H
                 R     MOV     A,#LOW dataBuffer
                 R     ADD     A,dataOffset+01H
                       MOV     R1,A
                 R     MOV     A,#HIGH dataBuffer
                 R     ADDC    A,dataOffset
                       MOV     R0,AR1
                       MOV     R4,A
                       MOV     R5,#01H
                       MOV     R3,#01H
                 R     MOV     R2,#HIGH packetBuffer+04H
                 R     MOV     R1,#LOW packetBuffer+04H
                 E     CALL    ?C?COPYAMD
                                           ; SOURCE LINE # 2435
                 R     MOV     A,pktSize+01H
                 R     ADD     A,dataOffset+01H
                 R     MOV     dataOffset+01H,A
                 R     MOV     A,pktSize
                 R     ADDC    A,dataOffset
                 R     MOV     dataOffset,A
                                           ; SOURCE LINE # 2436
                 R     xJMP    ?C0070
             ?C0107:
                                           ; SOURCE LINE # 2438
                                           ; SOURCE LINE # 2439
                 R     MOV     ackCode,#03H
                                           ; SOURCE LINE # 2440
                                           ; SOURCE LINE # 2441
                                           ; SOURCE LINE # 2443
                 R     xJMP    ?C0070
                                           ; SOURCE LINE # 2451
             ?C0109:
                                           ; SOURCE LINE # 2456
                 R     MOV     A,pktSize+01H
                 R     ORL     A,pktSize
                 R     xJNZ    ?C0110
                                           ; SOURCE LINE # 2458
                                           ; SOURCE LINE # 2461
C51 COMPILER V9.51   BOOTLOADER                                                            12/15/2017 11:38:02 PAGE 75  

                 R     MOV     R0,#LOW BtldrVersion
                 R     MOV     R4,#HIGH BtldrVersion
                       MOV     R5,A
                       MOV     R3,#0FFH
                 R     MOV     R2,#HIGH _?ix1000
                 R     MOV     R1,#LOW _?ix1000
                       MOV     R6,A
                       MOV     R7,#08H
                 E     CALL    ?C?COPYAMD
                                           ; SOURCE LINE # 2497
                 R     SETB    communicationState
                                           ; SOURCE LINE # 2499
                 R     MOV     rspSize,#00H
                 R     MOV     rspSize+01H,#08H
                                           ; SOURCE LINE # 2500
                       CLR     A
                 R     MOV     dataOffset,A
                 R     MOV     dataOffset+01H,A
                                           ; SOURCE LINE # 2505
                 R     MOV     R6,rspSize
                 R     MOV     R7,rspSize+01H
                 R     MOV     R0,#LOW packetBuffer+04H
                 R     MOV     R4,#HIGH packetBuffer+04H
                       MOV     R5,#01H
                       MOV     R3,A
                 R     MOV     R2,#HIGH BtldrVersion
                 R     MOV     R1,#LOW BtldrVersion
                 E     CALL    ?C?COPYAMD
                                           ; SOURCE LINE # 2512
                       CLR     A
                 R     MOV     ackCode,A
                                           ; SOURCE LINE # 2513
                 R     xJMP    ?C0070
             ?C0110:
                                           ; SOURCE LINE # 2515
                                           ; SOURCE LINE # 2516
                 R     MOV     ackCode,#04H
                                           ; SOURCE LINE # 2517
                                           ; SOURCE LINE # 2518
                 R     xJMP    ?C0070
                                           ; SOURCE LINE # 2526
             ?C0112:
                                           ; SOURCE LINE # 2528
                 R     xJNB    communicationState,?C0070
                 R     MOV     A,pktSize+01H
                       XRL     A,#03H
                 R     ORL     A,pktSize
                 R     xJNZ    ?C0070
                                           ; SOURCE LINE # 2529
                                           ; SOURCE LINE # 2531
                 R     MOV     DPTR,#packetBuffer+06H
                       MOVX    A,@DPTR
                       MOV     R6,A
                 R     MOV     DPTR,#packetBuffer+05H
                       MOVX    A,@DPTR
                       MOV     R5,A
                       MOV     A,R6
                 R     MOV     rowNum,A
                       MOV     A,R5
                 R     MOV     rowNum+01H,A
                                           ; SOURCE LINE # 2540
                 R     MOV     A,btldrData
C51 COMPILER V9.51   BOOTLOADER                                                            12/15/2017 11:38:02 PAGE 76  

                       CLR     C
                       SUBB    A,#040H
                 R     xJLT    ?C0114
                 R     MOV     A,btldrData
                       SETB    C
                       SUBB    A,#07FH
                 R     xJGE    ?C0114
                                           ; SOURCE LINE # 2542
                                           ; SOURCE LINE # 2544
                 E     CALL    CyEEPROM_Start
                                           ; SOURCE LINE # 2546
                 R     MOV     R6,rowNum
                 R     MOV     R7,rowNum+01H
                       MOV     R4,#00H
                       MOV     R5,#010H
                 E     CALL    ?C?LIMUL
                 R     MOV     rowAddr+03H,R7
                 R     MOV     rowAddr+02H,R6
                 R     MOV     rowAddr+01H,R5
                 R     MOV     rowAddr,R4
                                           ; SOURCE LINE # 2549
                       CLR     C
                 R     MOV     A,rowNum+01H
                       SUBB    A,#080H
                 R     MOV     A,rowNum
                       SUBB    A,#00H
                 R     xJGE    ?C0115
                       MOV     R7,#00H
                 R     xJMP    ?C0116
             ?C0115:
                       MOV     R7,#0AH
             ?C0116:
                 R     MOV     ackCode,R7
                                           ; SOURCE LINE # 2552
                 R     MOV     A,ackCode
                 R     xJNZ    ?C0070
                                           ; SOURCE LINE # 2553
                                           ; SOURCE LINE # 2554
                                           ; SOURCE LINE # 2555
             ?C0117:
                                           ; SOURCE LINE # 2557
                 R     MOV     ?_Bootloader_Calc8BitSum?BYTE+07H,rowAddr+03H
                 R     MOV     ?_Bootloader_Calc8BitSum?BYTE+06H,rowAddr+02H
                 R     MOV     ?_Bootloader_Calc8BitSum?BYTE+05H,rowAddr+01H
                 R     MOV     ?_Bootloader_Calc8BitSum?BYTE+04H,rowAddr
                       CLR     A
                 R     MOV     ?_Bootloader_Calc8BitSum?BYTE+0BH,#010H
                 R     MOV     ?_Bootloader_Calc8BitSum?BYTE+0AH,A
                 R     MOV     ?_Bootloader_Calc8BitSum?BYTE+09H,A
                 R     MOV     ?_Bootloader_Calc8BitSum?BYTE+08H,A
                       MOV     R7,A
                       MOV     R6,#080H
                       MOV     R5,A
                       MOV     R4,A
                 R     CALL    _Bootloader_Calc8BitSum
                 R     MOV     checksum,R7
                                           ; SOURCE LINE # 2558
                 R     xJMP    ?C0118
             ?C0114:
                                           ; SOURCE LINE # 2560
                                           ; SOURCE LINE # 2563
                 R     MOV     R6,rowNum
C51 COMPILER V9.51   BOOTLOADER                                                            12/15/2017 11:38:02 PAGE 77  

                 R     MOV     R7,rowNum+01H
                       MOV     R4,#01H
                       MOV     R5,#00H
                 E     CALL    ?C?LIMUL
                       PUSH    AR4
                       PUSH    AR5
                       PUSH    AR6
                       PUSH    AR7
                 R     MOV     R7,btldrData
                       CLR     A
                       MOV     R4,A
                       MOV     R5,A
                       MOV     R6,A
                       MOV     R3,A
                       MOV     R2,A
                       MOV     R1,#01H
                       MOV     R0,A
                 E     CALL    ?C?LMUL
                       POP     AR3
                       POP     AR2
                       POP     AR1
                       POP     AR0
                 E     CALL    ?C?LADD
                 R     MOV     rowAddr+03H,R7
                 R     MOV     rowAddr+02H,R6
                 R     MOV     rowAddr+01H,R5
                 R     MOV     rowAddr,R4
                                           ; SOURCE LINE # 2567
                       CLR     C
                 R     MOV     A,rowNum
                       SUBB    A,#01H
                 R     xJGE    ?C0119
                       MOV     R7,#00H
                 R     xJMP    ?C0120
             ?C0119:
                       MOV     R7,#0AH
             ?C0120:
                 R     MOV     ackCode,R7
                                           ; SOURCE LINE # 2569
                 R     MOV     A,ackCode
                 R     xJNZ    ?C0070
                                           ; SOURCE LINE # 2570
                                           ; SOURCE LINE # 2571
                                           ; SOURCE LINE # 2572
             ?C0121:
                                           ; SOURCE LINE # 2574
                 R     MOV     ?_Bootloader_Calc8BitSum?BYTE+07H,rowAddr+03H
                 R     MOV     ?_Bootloader_Calc8BitSum?BYTE+06H,rowAddr+02H
                 R     MOV     ?_Bootloader_Calc8BitSum?BYTE+05H,rowAddr+01H
                 R     MOV     ?_Bootloader_Calc8BitSum?BYTE+04H,rowAddr
                       CLR     A
                 R     MOV     ?_Bootloader_Calc8BitSum?BYTE+0BH,A
                 R     MOV     ?_Bootloader_Calc8BitSum?BYTE+0AH,#01H
                 R     MOV     ?_Bootloader_Calc8BitSum?BYTE+09H,A
                 R     MOV     ?_Bootloader_Calc8BitSum?BYTE+08H,A
                       MOV     R7,A
                       MOV     R6,A
                       MOV     R5,#010H
                       MOV     R4,A
                 R     CALL    _Bootloader_Calc8BitSum
                 R     MOV     checksum,R7
                                           ; SOURCE LINE # 2575
C51 COMPILER V9.51   BOOTLOADER                                                            12/15/2017 11:38:02 PAGE 78  

             ?C0118:
                                           ; SOURCE LINE # 2601
                 R     MOV     A,btldrData
                       SETB    C
                       SUBB    A,#03FH
                 R     xJGE    ?C0122
                                           ; SOURCE LINE # 2602
                                           ; SOURCE LINE # 2606
                 R     MOV     R7,btldrData
                       MOV     R6,#00H
                       MOV     R4,#020H
                       MOV     R5,#00H
                 E     CALL    ?C?LIMUL
                       CLR     A
                       ADD     A,R7
                       MOV     R7,A
                       CLR     A
                       ADDC    A,R6
                       MOV     R6,A
                       MOV     A,R5
                       ADDC    A,#08H
                       MOV     R5,A
                       CLR     A
                       ADDC    A,R4
                       MOV     R4,A
                       PUSH    AR4
                       MOV     R1,AR5
                       MOV     R2,AR6
                       MOV     R3,AR7
                 R     MOV     R6,rowNum
                 R     MOV     R7,rowNum+01H
                       MOV     R4,#00H
                       MOV     R5,#020H
                 E     CALL    ?C?LIMUL
                       POP     AR0
                 E     CALL    ?C?LADD
                 R     MOV     rowAddr+03H,R7
                 R     MOV     rowAddr+02H,R6
                 R     MOV     rowAddr+01H,R5
                 R     MOV     rowAddr,R4
                                           ; SOURCE LINE # 2608
                       CLR     A
                 R     MOV     tmpIndex,A
                 R     MOV     tmpIndex+01H,A
             ?C0123:
                       CLR     C
                 R     MOV     A,tmpIndex+01H
                       SUBB    A,#020H
                 R     MOV     A,tmpIndex
                       SUBB    A,#00H
                 R     xJGE    ?C0122
                                           ; SOURCE LINE # 2609
                                           ; SOURCE LINE # 2610
                       CLR     A
                 R     MOV     A,tmpIndex+01H
                 R     ADD     A,rowAddr+03H
                       MOV     R7,A
                 R     MOV     A,tmpIndex
                 R     ADDC    A,rowAddr+02H
                       MOV     R6,A
                       CLR     A
                 R     ADDC    A,rowAddr+01H
C51 COMPILER V9.51   BOOTLOADER                                                            12/15/2017 11:38:02 PAGE 79  

                       MOV     R5,A
                       CLR     A
                 R     ADDC    A,rowAddr
                       MOV     R1,AR7
                       MOV     R2,AR6
                       MOV     R3,AR5
                 E     CALL    _cyread8
                       MOV     A,R7
                 R     ADD     A,checksum
                 R     MOV     checksum,A
                                           ; SOURCE LINE # 2611
                 R     INC     tmpIndex+01H
                 R     MOV     A,tmpIndex+01H
                 R     JNZ     ?C0160
                 R     INC     tmpIndex
             ?C0160:
                 R     xJMP    ?C0123
                                           ; SOURCE LINE # 2612
             ?C0122:
                                           ; SOURCE LINE # 2623
                 R     MOV     tmpRowNum,rowNum
                 R     MOV     tmpRowNum+01H,rowNum+01H
                                           ; SOURCE LINE # 2628
                 R     MOV     A,btldrData
                 R     xJNZ    ?C0126
                 R     MOV     R6,tmpRowNum
                 R     MOV     R7,tmpRowNum+01H
                       MOV     R4,A
                       MOV     R5,A
                       MOV     R3,#0FFH
                       MOV     R2,A
                       MOV     R1,A
                       MOV     R0,A
                       CLR     C
                 E     CALL    ?C?ULCMP
                 R     xJNZ    ?C0126
                                           ; SOURCE LINE # 2629
                                           ; SOURCE LINE # 2631
                       MOV     R5,A
                       MOV     R7,#05H
                 R     CALL    _Bootloader_GetMetadata
                       CLR     C
                 R     MOV     A,checksum
                       SUBB    A,R7
                 R     MOV     checksum,A
                                           ; SOURCE LINE # 2634
                       CLR     A
                       MOV     R5,A
                       MOV     R7,#06H
                 R     CALL    _Bootloader_GetMetadata
                       CLR     C
                 R     MOV     A,checksum
                       SUBB    A,R7
                 R     MOV     checksum,A
                                           ; SOURCE LINE # 2636
             ?C0126:
                                           ; SOURCE LINE # 2638
                 R     MOV     A,checksum
                       CPL     A
                       INC     A
                 R     MOV     DPTR,#packetBuffer+04H
                       MOVX    @DPTR,A
C51 COMPILER V9.51   BOOTLOADER                                                            12/15/2017 11:38:02 PAGE 80  

                                           ; SOURCE LINE # 2639
                       CLR     A
                 R     MOV     ackCode,A
                                           ; SOURCE LINE # 2640
                 R     MOV     rspSize,A
                 R     MOV     rspSize+01H,#01H
                                           ; SOURCE LINE # 2641
                                           ; SOURCE LINE # 2642
                 R     xJMP    ?C0070
                                           ; SOURCE LINE # 2650
             ?C0127:
                                           ; SOURCE LINE # 2669
                       CLR     A
                       MOV     R7,A
                 R     CALL    _Bootloader_ValidateBootloadable
                       MOV     A,R7
                 R     xJNZ    ?C0128
                                           ; SOURCE LINE # 2670
                                           ; SOURCE LINE # 2671
                       MOV     DPTR,#046FAH
                       MOV     A,#080H
                       MOVX    @DPTR,A
                                           ; SOURCE LINE # 2672
             ?C0128:
                                           ; SOURCE LINE # 2678
                 E     CALL    USBFS_CyBtldrCommStop
                                           ; SOURCE LINE # 2680
                 E     CALL    CySoftwareReset
                                           ; SOURCE LINE # 2683
                 R     xJMP    ?C0070
                                           ; SOURCE LINE # 2689
             ?C0129:
                                           ; SOURCE LINE # 2725
                                           ; SOURCE LINE # 2726
                 R     MOV     ackCode,#05H
                                           ; SOURCE LINE # 2727
                                           ; SOURCE LINE # 2728
                                           ; SOURCE LINE # 2729
                                           ; SOURCE LINE # 2730
             ?C0070:
                                           ; SOURCE LINE # 2733
                       MOV     R3,#01H
                 R     MOV     R2,#HIGH packetBuffer
                 R     MOV     R1,#LOW packetBuffer
                 R     MOV     ?_Bootloader_WritePacket?BYTE+04H,rspSize
                 R     MOV     ?_Bootloader_WritePacket?BYTE+05H,rspSize+01H
                 R     MOV     R7,ackCode
                 R     CALL    _Bootloader_WritePacket
                                           ; SOURCE LINE # 2735
             ?C0049:
                 R     MOV     DPTR,#timeOut
                       MOVX    A,@DPTR
                 R     xJZ     ?C0051
                 R     xJB     communicationState,?C0051
                                           ; SOURCE LINE # 2736
                       RET     
             ; FUNCTION _Bootloader_HostLink (END)

             ; FUNCTION _Bootloader_WritePacket (BEGIN)
                                           ; SOURCE LINE # 2760
;---- Variable 'status' assigned to Register 'R7' ----
                 R     MOV     buffer,R3
C51 COMPILER V9.51   BOOTLOADER                                                            12/15/2017 11:38:02 PAGE 81  

                 R     MOV     buffer+01H,R2
                 R     MOV     buffer+02H,R1
                                           ; SOURCE LINE # 2766
                       MOV     A,#01H
                 E     CALL    ?C?CSTPTR
                                           ; SOURCE LINE # 2767
                 R     MOV     R3,buffer
                 R     ADD     A,buffer+02H
                       MOV     R1,A
                       CLR     A
                 R     ADDC    A,buffer+01H
                       MOV     R2,A
                       MOV     A,R7
                 E     CALL    ?C?CSTPTR
                                           ; SOURCE LINE # 2768
                 R     MOV     A,size+01H
                 R     MOV     R3,buffer
                 R     MOV     A,buffer+02H
                       ADD     A,#02H
                       MOV     R1,A
                       CLR     A
                 R     ADDC    A,buffer+01H
                       MOV     R2,A
                 R     MOV     A,size+01H
                 E     CALL    ?C?CSTPTR
                                           ; SOURCE LINE # 2769
                 R     MOV     A,size
                       MOV     R7,A
                 R     MOV     R3,buffer
                 R     MOV     A,buffer+02H
                       ADD     A,#03H
                       MOV     R1,A
                       CLR     A
                 R     ADDC    A,buffer+01H
                       MOV     R2,A
                       MOV     A,R7
                 E     CALL    ?C?CSTPTR
                                           ; SOURCE LINE # 2772
                 R     MOV     R3,buffer
                 R     MOV     R2,buffer+01H
                 R     MOV     R1,buffer+02H
                 R     MOV     A,size+01H
                       ADD     A,#04H
                       MOV     R5,A
                       CLR     A
                 R     ADDC    A,size
                       MOV     R4,A
                 R     CALL    _Bootloader_CalcPacketChecksum
                 R     MOV     checksum,R6
                 R     MOV     checksum+01H,R7
                                           ; SOURCE LINE # 2774
                       MOV     A,R7
                 R     MOV     R3,buffer
                 R     MOV     A,size+01H
                       ADD     A,#04H
                       MOV     R5,A
                       CLR     A
                 R     ADDC    A,size
                       MOV     R4,A
                 R     MOV     A,buffer+02H
                       ADD     A,R5
                       MOV     R1,A
C51 COMPILER V9.51   BOOTLOADER                                                            12/15/2017 11:38:02 PAGE 82  

                 R     MOV     A,buffer+01H
                       ADDC    A,R4
                       MOV     R2,A
                       MOV     A,R7
                 E     CALL    ?C?CSTPTR
                                           ; SOURCE LINE # 2775
                 R     MOV     A,checksum
                       MOV     R7,A
                 R     MOV     R3,buffer
                 R     MOV     A,size+01H
                       ADD     A,#05H
                       MOV     R5,A
                       CLR     A
                 R     ADDC    A,size
                       MOV     R4,A
                 R     MOV     A,buffer+02H
                       ADD     A,R5
                       MOV     R1,A
                 R     MOV     A,buffer+01H
                       ADDC    A,R4
                       MOV     R2,A
                       MOV     A,R7
                 E     CALL    ?C?CSTPTR
                                           ; SOURCE LINE # 2776
                 R     MOV     R3,buffer
                 R     MOV     A,size+01H
                       ADD     A,#06H
                       MOV     R7,A
                       CLR     A
                 R     ADDC    A,size
                       MOV     R6,A
                 R     MOV     A,buffer+02H
                       ADD     A,R7
                       MOV     R1,A
                 R     MOV     A,buffer+01H
                       ADDC    A,R6
                       MOV     R2,A
                       MOV     A,#017H
                 E     CALL    ?C?CSTPTR
                                           ; SOURCE LINE # 2779
                 R     MOV     A,size+01H
                       ADD     A,#07H
                       MOV     R5,A
                       CLR     A
                 R     ADDC    A,size
                       MOV     R4,A
                 E     MOV     ?_USBFS_CyBtldrCommWrite?BYTE+05H,#00H
                 R     MOV     ?_USBFS_CyBtldrCommWrite?BYTE+06H,#HIGH size
                 R     MOV     ?_USBFS_CyBtldrCommWrite?BYTE+07H,#LOW size
                 E     MOV     ?_USBFS_CyBtldrCommWrite?BYTE+08H,#096H
                 R     MOV     R3,buffer
                 R     MOV     R2,buffer+01H
                 R     MOV     R1,buffer+02H
                 E     CALL    _USBFS_CyBtldrCommWrite
                                           ; SOURCE LINE # 2780
             ?C0131:
                       RET     
             ; FUNCTION _Bootloader_WritePacket (END)

             ; FUNCTION _Bootloader_SetFlashByte (BEGIN)
                                           ; SOURCE LINE # 2796
                 R     MOV     DPTR,#address
C51 COMPILER V9.51   BOOTLOADER                                                            12/15/2017 11:38:02 PAGE 83  

                 E     CALL    ?C?LSTXDATA
                                           ; SOURCE LINE # 2797
                                           ; SOURCE LINE # 2798
                 R     MOV     DPTR,#address
                 E     CALL    ?C?LLDXDATA
                       CLR     A
                       ADD     A,R7
                       MOV     R7,A
                       CLR     A
                       ADDC    A,R6
                       MOV     R6,A
                       MOV     A,R5
                       ADDC    A,#0F0H
                       MOV     R5,A
                       MOV     A,R4
                       ADDC    A,#0FFH
                       MOV     R4,A
                 R     MOV     DPTR,#flsAddr
                 E     CALL    ?C?LSTXDATA
                                           ; SOURCE LINE # 2802
                       CLR     A
                       MOV     R3,A
                       MOV     R2,A
                       MOV     R1,#01H
                       MOV     R0,A
                 R     MOV     DPTR,#flsAddr
                 E     CALL    ?C?LLDXDATA
                 E     CALL    ?C?ULDIV
                 R     MOV     DPTR,#arrayId
                       MOV     A,R7
                       MOVX    @DPTR,A
                                           ; SOURCE LINE # 2808
                 R     MOV     DPTR,#flsAddr
                 E     CALL    ?C?LLDXDATA
                       MOV     A,R7
                       MOV     A,R6
                       CLR     A
                       MOV     R5,A
                       MOV     R4,A
                       MOV     R3,A
                       MOV     R2,#01H
                       MOV     R1,A
                       MOV     R0,A
                 E     CALL    ?C?ULDIV
                 R     MOV     DPTR,#rowNum
                       MOV     A,R6
                       MOVX    @DPTR,A
                       INC     DPTR
                       MOV     A,R7
                       MOVX    @DPTR,A
                                           ; SOURCE LINE # 2811
                 R     MOV     DPTR,#address
                 E     CALL    ?C?LLDXDATA
                       MOV     A,R7
                       MOV     R3,A
                       CLR     A
                       MOV     R2,A
                       MOV     R1,A
                       MOV     R0,A
                 R     MOV     DPTR,#address
                 E     CALL    ?C?LLDXDATA
                 E     CALL    ?C?LSUB
C51 COMPILER V9.51   BOOTLOADER                                                            12/15/2017 11:38:02 PAGE 84  

                 R     MOV     DPTR,#baseAddr
                 E     CALL    ?C?LSTXDATA
                                           ; SOURCE LINE # 2814
;---- Variable 'idx' assigned to Register 'R2/R3' ----
                       CLR     A
                       MOV     R3,A
             ?C0132:
                       CLR     C
                       MOV     A,R2
                       SUBB    A,#01H
                 R     xJGE    ?C0133
                                           ; SOURCE LINE # 2815
                                           ; SOURCE LINE # 2816
                 R     MOV     DPTR,#baseAddr
                 E     CALL    ?C?LLDXDATA
                       MOV     A,R7
                       ADD     A,R3
                       MOV     R7,A
                       MOV     A,R6
                       ADDC    A,R2
                       MOV     DPL,R7
                       MOV     DPH,A
                       CLR     A
                       MOVC    A,@A+DPTR
                       MOV     R7,A
                 R     MOV     A,#LOW rowData
                       ADD     A,R3
                       MOV     DPL,A
                 R     MOV     A,#HIGH rowData
                       ADDC    A,R2
                       MOV     DPH,A
                       MOV     A,R7
                       MOVX    @DPTR,A
                                           ; SOURCE LINE # 2817
                       INC     R3
                       MOV     A,R3
                 R     JNZ     ?C0161
                       INC     R2
             ?C0161:
                 R     xJMP    ?C0132
             ?C0133:
                                           ; SOURCE LINE # 2820
                 R     MOV     DPTR,#address
                 E     CALL    ?C?LLDXDATA
                       MOV     A,R7
                       CLR     A
                       MOV     R6,A
                 R     MOV     A,#LOW rowData
                       ADD     A,R7
                       MOV     DPL,A
                       MOV     A,R6
                 R     ADDC    A,#HIGH rowData
                       MOV     DPH,A
                       MOVX    A,@DPTR
                       MOV     R5,A
                 R     MOV     DPTR,#runType
                       MOVX    A,@DPTR
                       MOV     R4,A
                       MOV     A,R5
                       XRL     A,R4
                 R     xJZ     ?C0136
                                           ; SOURCE LINE # 2821
C51 COMPILER V9.51   BOOTLOADER                                                            12/15/2017 11:38:02 PAGE 85  

                                           ; SOURCE LINE # 2822
                 R     MOV     A,#LOW rowData
                       ADD     A,R7
                       MOV     DPL,A
                       MOV     A,R6
                 R     ADDC    A,#HIGH rowData
                       MOV     DPH,A
                       MOV     A,R4
                       MOVX    @DPTR,A
                                           ; SOURCE LINE # 2827
                 R     MOV     DPTR,#arrayId
                       MOVX    A,@DPTR
                       MOV     R7,A
                       INC     DPTR
                       MOVX    A,@DPTR
                       MOV     R4,A
                       INC     DPTR
                       MOVX    A,@DPTR
                       MOV     R5,A
                       MOV     R3,#01H
                 R     MOV     R2,#HIGH rowData
                 R     MOV     R1,#LOW rowData
                 E     CALL    _CyWriteRowData
                                           ; SOURCE LINE # 2839
                                           ; SOURCE LINE # 2840
             ?C0136:
                       RET     
             ; FUNCTION _Bootloader_SetFlashByte (END)

             ; FUNCTION _Bootloader_GetMetadata (BEGIN)
                                           ; SOURCE LINE # 2861
                 R     MOV     DPTR,#appId
                       MOV     A,R5
                       MOVX    @DPTR,A
;---- Variable 'field' assigned to Register 'R3' ----
                       MOV     R3,AR7
                                           ; SOURCE LINE # 2862
                                           ; SOURCE LINE # 2864
                 R     MOV     DPTR,#fieldSize
                       MOV     A,#02H
                       MOVX    @DPTR,A
                                           ; SOURCE LINE # 2865
                       CLR     A
                       MOV     R7,A
                       MOV     R6,A
                       MOV     R5,A
                       MOV     R4,A
                       INC     DPTR
                 E     CALL    ?C?LSTXDATA
                                           ; SOURCE LINE # 2867
                       MOV     A,R3
                 E     CALL    ?C?CCASE
                 R     DW      ?C0138
                       DB      01H
                 R     DW      ?C0139
                       DB      02H
                 R     DW      ?C0140
                       DB      03H
                 R     DW      ?C0141
                       DB      04H
                 R     DW      ?C0142
                       DB      05H
C51 COMPILER V9.51   BOOTLOADER                                                            12/15/2017 11:38:02 PAGE 86  

                 R     DW      ?C0143
                       DB      06H
                 R     DW      ?C0145
                       DB      07H
                 R     DW      ?C0144
                       DB      08H
                 R     DW      ?C0146
                       DB      09H
                 R     DW      ?C0147
                       DB      0AH
                 R     DW      ?C0148
                       DB      0BH
                 R     DW      ?C0149
                       DB      0CH
                       DW      00H
                 R     DW      ?C0150
                                           ; SOURCE LINE # 2868
                                           ; SOURCE LINE # 2869
             ?C0138:
                                           ; SOURCE LINE # 2870
                 R     MOV     DPTR,#appId
                       MOVX    A,@DPTR
                       MOV     R7,A
                       MOV     R6,#00H
                       MOV     R4,#01H
                       MOV     R5,#00H
                 E     CALL    ?C?LIMUL
                 E     CALL    ?C?LNEG
                       MOV     A,R7
                       ADD     A,#0C0H
                       MOV     R7,A
                       MOV     A,R6
                       ADDC    A,#0FFH
                       MOV     R6,A
                       MOV     A,R5
                       ADDC    A,#010H
                       MOV     R5,A
                       CLR     A
                       ADDC    A,R4
                       MOV     R4,A
                       INC     DPTR
                 E     CALL    ?C?LSTXDATA
                                           ; SOURCE LINE # 2871
                 R     MOV     DPTR,#fieldSize
                       MOV     A,#01H
                       MOVX    @DPTR,A
                                           ; SOURCE LINE # 2872
                 R     xJMP    ?C0137
                                           ; SOURCE LINE # 2874
             ?C0139:
                                           ; SOURCE LINE # 2875
                 R     MOV     DPTR,#appId
                       MOVX    A,@DPTR
                       MOV     R7,A
                       MOV     R6,#00H
                       MOV     R4,#01H
                       MOV     R5,#00H
                 E     CALL    ?C?LIMUL
                       CLR     C
                       MOV     A,#0C3H
                       SUBB    A,R7
                       MOV     R7,A
C51 COMPILER V9.51   BOOTLOADER                                                            12/15/2017 11:38:02 PAGE 87  

                       MOV     A,#0FFH
                       SUBB    A,R6
                       MOV     R6,A
                       MOV     A,#010H
                       SUBB    A,R5
                       MOV     R5,A
                       CLR     A
                       SUBB    A,R4
                       MOV     R4,A
                       INC     DPTR
                 E     CALL    ?C?LSTXDATA
                                           ; SOURCE LINE # 2879
                 R     xJMP    ?C0137
                                           ; SOURCE LINE # 2881
             ?C0140:
                                           ; SOURCE LINE # 2882
                 R     MOV     DPTR,#appId
                       MOVX    A,@DPTR
                       MOV     R7,A
                       MOV     R6,#00H
                       MOV     R4,#01H
                       MOV     R5,#00H
                 E     CALL    ?C?LIMUL
                       CLR     C
                       MOV     A,#0C7H
                       SUBB    A,R7
                       MOV     R7,A
                       MOV     A,#0FFH
                       SUBB    A,R6
                       MOV     R6,A
                       MOV     A,#010H
                       SUBB    A,R5
                       MOV     R5,A
                       CLR     A
                       SUBB    A,R4
                       MOV     R4,A
                       INC     DPTR
                 E     CALL    ?C?LSTXDATA
                                           ; SOURCE LINE # 2883
                 R     xJMP    ?C0137
                                           ; SOURCE LINE # 2885
             ?C0141:
                                           ; SOURCE LINE # 2886
                 R     MOV     DPTR,#appId
                       MOVX    A,@DPTR
                       MOV     R7,A
                       MOV     R6,#00H
                       MOV     R4,#01H
                       MOV     R5,#00H
                 E     CALL    ?C?LIMUL
                       CLR     C
                       MOV     A,#0CBH
                       SUBB    A,R7
                       MOV     R7,A
                       MOV     A,#0FFH
                       SUBB    A,R6
                       MOV     R6,A
                       MOV     A,#010H
                       SUBB    A,R5
                       MOV     R5,A
                       CLR     A
                       SUBB    A,R4
C51 COMPILER V9.51   BOOTLOADER                                                            12/15/2017 11:38:02 PAGE 88  

                       MOV     R4,A
                       INC     DPTR
                 E     CALL    ?C?LSTXDATA
                                           ; SOURCE LINE # 2890
                 R     xJMP    ?C0137
                                           ; SOURCE LINE # 2892
             ?C0142:
                                           ; SOURCE LINE # 2893
                 R     MOV     DPTR,#appId
                       MOVX    A,@DPTR
                       MOV     R7,A
                       MOV     R6,#00H
                       MOV     R4,#01H
                       MOV     R5,#00H
                 E     CALL    ?C?LIMUL
                       CLR     C
                       MOV     A,#0D0H
                       SUBB    A,R7
                       MOV     R7,A
                       MOV     A,#0FFH
                       SUBB    A,R6
                       MOV     R6,A
                       MOV     A,#010H
                       SUBB    A,R5
                       MOV     R5,A
                       CLR     A
                       SUBB    A,R4
                       MOV     R4,A
                       INC     DPTR
                 E     CALL    ?C?LSTXDATA
                                           ; SOURCE LINE # 2894
                 R     MOV     DPTR,#fieldSize
                       MOV     A,#01H
                       MOVX    @DPTR,A
                                           ; SOURCE LINE # 2895
                 R     xJMP    ?C0137
                                           ; SOURCE LINE # 2897
             ?C0143:
                                           ; SOURCE LINE # 2898
                 R     MOV     DPTR,#appId
                       MOVX    A,@DPTR
                       MOV     R7,A
                       MOV     R6,#00H
                       MOV     R4,#01H
                       MOV     R5,#00H
                 E     CALL    ?C?LIMUL
                       CLR     C
                       MOV     A,#0D1H
                       SUBB    A,R7
                       MOV     R7,A
                       MOV     A,#0FFH
                       SUBB    A,R6
                       MOV     R6,A
                       MOV     A,#010H
                       SUBB    A,R5
                       MOV     R5,A
                       CLR     A
                       SUBB    A,R4
                       MOV     R4,A
                       INC     DPTR
                 E     CALL    ?C?LSTXDATA
                                           ; SOURCE LINE # 2899
C51 COMPILER V9.51   BOOTLOADER                                                            12/15/2017 11:38:02 PAGE 89  

                 R     MOV     DPTR,#fieldSize
                       MOV     A,#01H
                       MOVX    @DPTR,A
                                           ; SOURCE LINE # 2900
                 R     xJMP    ?C0137
                                           ; SOURCE LINE # 2902
             ?C0144:
                                           ; SOURCE LINE # 2903
                 R     MOV     DPTR,#appId
                       MOVX    A,@DPTR
                       MOV     R7,A
                       MOV     R6,#00H
                       MOV     R4,#01H
                       MOV     R5,#00H
                 E     CALL    ?C?LIMUL
                       CLR     C
                       MOV     A,#0D6H
                       SUBB    A,R7
                       MOV     R7,A
                       MOV     A,#0FFH
                       SUBB    A,R6
                       MOV     R6,A
                       MOV     A,#010H
                       SUBB    A,R5
                       MOV     R5,A
                       CLR     A
                       SUBB    A,R4
                       MOV     R4,A
                       INC     DPTR
                 E     CALL    ?C?LSTXDATA
                                           ; SOURCE LINE # 2904
                 R     xJMP    ?C0137
                                           ; SOURCE LINE # 2906
             ?C0145:
                                           ; SOURCE LINE # 2907
                 R     MOV     DPTR,#appId
                       MOVX    A,@DPTR
                       MOV     R7,A
                       MOV     R6,#00H
                       MOV     R4,#01H
                       MOV     R5,#00H
                 E     CALL    ?C?LIMUL
                       CLR     C
                       MOV     A,#0D2H
                       SUBB    A,R7
                       MOV     R7,A
                       MOV     A,#0FFH
                       SUBB    A,R6
                       MOV     R6,A
                       MOV     A,#010H
                       SUBB    A,R5
                       MOV     R5,A
                       CLR     A
                       SUBB    A,R4
                       MOV     R4,A
                       INC     DPTR
                 E     CALL    ?C?LSTXDATA
                                           ; SOURCE LINE # 2908
                 R     xJMP    ?C0137
                                           ; SOURCE LINE # 2910
             ?C0146:
                                           ; SOURCE LINE # 2911
C51 COMPILER V9.51   BOOTLOADER                                                            12/15/2017 11:38:02 PAGE 90  

                 R     MOV     DPTR,#appId
                       MOVX    A,@DPTR
                       MOV     R7,A
                       MOV     R6,#00H
                       MOV     R4,#01H
                       MOV     R5,#00H
                 E     CALL    ?C?LIMUL
                       CLR     C
                       MOV     A,#0D4H
                       SUBB    A,R7
                       MOV     R7,A
                       MOV     A,#0FFH
                       SUBB    A,R6
                       MOV     R6,A
                       MOV     A,#010H
                       SUBB    A,R5
                       MOV     R5,A
                       CLR     A
                       SUBB    A,R4
                       MOV     R4,A
                       INC     DPTR
                 E     CALL    ?C?LSTXDATA
                                           ; SOURCE LINE # 2912
                 R     xJMP    ?C0137
                                           ; SOURCE LINE # 2914
             ?C0147:
                                           ; SOURCE LINE # 2915
                 R     MOV     DPTR,#appId
                       MOVX    A,@DPTR
                       MOV     R7,A
                       MOV     R6,#00H
                       MOV     R4,#01H
                       MOV     R5,#00H
                 E     CALL    ?C?LIMUL
                       CLR     C
                       MOV     A,#0D8H
                       SUBB    A,R7
                       MOV     R7,A
                       MOV     A,#0FFH
                       SUBB    A,R6
                       MOV     R6,A
                       MOV     A,#010H
                       SUBB    A,R5
                       MOV     R5,A
                       CLR     A
                       SUBB    A,R4
                       MOV     R4,A
                       INC     DPTR
                 E     CALL    ?C?LSTXDATA
                                           ; SOURCE LINE # 2916
                 R     MOV     DPTR,#fieldSize
                       MOV     A,#04H
                       MOVX    @DPTR,A
                                           ; SOURCE LINE # 2917
                 R     xJMP    ?C0137
                                           ; SOURCE LINE # 2919
             ?C0148:
                                           ; SOURCE LINE # 2920
                 R     MOV     DPTR,#appId
                       MOVX    A,@DPTR
                       MOV     R7,A
                       MOV     R6,#00H
C51 COMPILER V9.51   BOOTLOADER                                                            12/15/2017 11:38:02 PAGE 91  

                       MOV     R4,#01H
                       MOV     R5,#00H
                 E     CALL    ?C?LIMUL
                       CLR     C
                       MOV     A,#0DCH
                       SUBB    A,R7
                       MOV     R7,A
                       MOV     A,#0FFH
                       SUBB    A,R6
                       MOV     R6,A
                       MOV     A,#010H
                       SUBB    A,R5
                       MOV     R5,A
                       CLR     A
                       SUBB    A,R4
                       MOV     R4,A
                       INC     DPTR
                 E     CALL    ?C?LSTXDATA
                                           ; SOURCE LINE # 2921
                 R     MOV     DPTR,#fieldSize
                       MOV     A,#01H
                       MOVX    @DPTR,A
                                           ; SOURCE LINE # 2922
                 R     xJMP    ?C0137
                                           ; SOURCE LINE # 2924
             ?C0149:
                                           ; SOURCE LINE # 2925
                 R     MOV     DPTR,#appId
                       MOVX    A,@DPTR
                       MOV     R7,A
                       MOV     R6,#00H
                       MOV     R4,#01H
                       MOV     R5,#00H
                 E     CALL    ?C?LIMUL
                       CLR     C
                       MOV     A,#0E0H
                       SUBB    A,R7
                       MOV     R7,A
                       MOV     A,#0FFH
                       SUBB    A,R6
                       MOV     R6,A
                       MOV     A,#010H
                       SUBB    A,R5
                       MOV     R5,A
                       CLR     A
                       SUBB    A,R4
                       MOV     R4,A
                       INC     DPTR
                 E     CALL    ?C?LSTXDATA
                                           ; SOURCE LINE # 2926
                 R     MOV     DPTR,#fieldSize
                       MOV     A,#04H
                       MOVX    @DPTR,A
                                           ; SOURCE LINE # 2927
                 R     xJMP    ?C0137
                                           ; SOURCE LINE # 2929
             ?C0150:
                                           ; SOURCE LINE # 2931
                       MOV     R7,#00H
                 E     CALL    _?CyHalt
                                           ; SOURCE LINE # 2932
                       CLR     A
C51 COMPILER V9.51   BOOTLOADER                                                            12/15/2017 11:38:02 PAGE 92  

                       MOV     R7,A
                       MOV     R6,A
                       MOV     R5,A
                       MOV     R4,A
                 R     MOV     DPTR,#fieldPtr
                 E     CALL    ?C?LSTXDATA
                                           ; SOURCE LINE # 2933
                                           ; SOURCE LINE # 2934
             ?C0137:
                                           ; SOURCE LINE # 2937
                 R     MOV     DPTR,#fieldSize
                       MOVX    A,@DPTR
                 R     xJNE    A,#01H,?C0152
                                           ; SOURCE LINE # 2938
                                           ; SOURCE LINE # 2939
                 R     MOV     DPTR,#fieldPtr
                 E     CALL    ?C?LLDXDATA
                       MOV     R1,AR7
                       MOV     R2,AR6
                       MOV     R3,AR5
                 E     CALL    _cyread8
                       CLR     A
                       MOV     R4,A
                       MOV     R5,A
                       MOV     R6,A
                 R     MOV     DPTR,#result
                 E     CALL    ?C?LSTXDATA
                                           ; SOURCE LINE # 2940
             ?C0152:
                                           ; SOURCE LINE # 2944
                 R     MOV     DPTR,#fieldSize
                       MOVX    A,@DPTR
                       XRL     A,#02H
                 R     xJNZ    ?C0153
                                           ; SOURCE LINE # 2945
                                           ; SOURCE LINE # 2946
                 R     MOV     DPTR,#fieldPtr
                 E     CALL    ?C?LLDXDATA
                       MOV     A,R7
                       ADD     A,#01H
                       MOV     R7,A
                       CLR     A
                       ADDC    A,R6
                       MOV     R6,A
                       CLR     A
                       ADDC    A,R5
                       MOV     R5,A
                       CLR     A
                       ADDC    A,R4
                       MOV     R1,AR7
                       MOV     R2,AR6
                       MOV     R3,AR5
                 E     CALL    _cyread8
                       CLR     A
                       MOV     R4,A
                       MOV     R5,A
                       MOV     R6,A
                 R     MOV     DPTR,#result
                 E     CALL    ?C?LSTXDATA
                                           ; SOURCE LINE # 2947
                 R     MOV     DPTR,#result
                 E     CALL    ?C?LLDXDATA0
C51 COMPILER V9.51   BOOTLOADER                                                            12/15/2017 11:38:02 PAGE 93  

                       PUSH    AR0
                       PUSH    AR1
                       PUSH    AR2
                       PUSH    AR3
                 R     MOV     DPTR,#fieldPtr
                 E     CALL    ?C?LLDXDATA
                       MOV     R1,AR7
                       MOV     R2,AR6
                       MOV     R3,AR5
                 E     CALL    _cyread8
                       CLR     A
                       MOV     R4,A
                       MOV     R5,A
                       MOV     R6,A
                       MOV     R0,#08H
                 E     CALL    ?C?LSHL
                       POP     AR3
                       POP     AR2
                       POP     AR1
                       POP     AR0
                 E     CALL    ?C?LOR
                 R     MOV     DPTR,#result
                 E     CALL    ?C?LSTXDATA
                                           ; SOURCE LINE # 2948
             ?C0153:
                                           ; SOURCE LINE # 2950
                 R     MOV     DPTR,#fieldSize
                       MOVX    A,@DPTR
                       XRL     A,#04H
                 R     xJNZ    ?C0154
                                           ; SOURCE LINE # 2951
                                           ; SOURCE LINE # 2952
                 R     MOV     DPTR,#fieldPtr
                 E     CALL    ?C?LLDXDATA
                       MOV     A,R7
                       ADD     A,#03H
                       MOV     R7,A
                       CLR     A
                       ADDC    A,R6
                       MOV     R6,A
                       CLR     A
                       ADDC    A,R5
                       MOV     R5,A
                       CLR     A
                       ADDC    A,R4
                       MOV     R1,AR7
                       MOV     R2,AR6
                       MOV     R3,AR5
                 E     CALL    _cyread8
                       CLR     A
                       MOV     R4,A
                       MOV     R5,A
                       MOV     R6,A
                 R     MOV     DPTR,#result
                 E     CALL    ?C?LSTXDATA
                                           ; SOURCE LINE # 2953
                 R     MOV     DPTR,#result
                 E     CALL    ?C?LLDXDATA0
                       PUSH    AR0
                       PUSH    AR1
                       PUSH    AR2
                       PUSH    AR3
C51 COMPILER V9.51   BOOTLOADER                                                            12/15/2017 11:38:02 PAGE 94  

                 R     MOV     DPTR,#fieldPtr
                 E     CALL    ?C?LLDXDATA
                       MOV     A,R7
                       ADD     A,#02H
                       MOV     R7,A
                       CLR     A
                       ADDC    A,R6
                       MOV     R6,A
                       CLR     A
                       ADDC    A,R5
                       MOV     R5,A
                       CLR     A
                       ADDC    A,R4
                       MOV     R1,AR7
                       MOV     R2,AR6
                       MOV     R3,AR5
                 E     CALL    _cyread8
                       CLR     A
                       MOV     R4,A
                       MOV     R5,A
                       MOV     R6,A
                       MOV     R0,#08H
                 E     CALL    ?C?LSHL
                       POP     AR3
                       POP     AR2
                       POP     AR1
                       POP     AR0
                 E     CALL    ?C?LOR
                 R     MOV     DPTR,#result
                 E     CALL    ?C?LSTXDATA
                                           ; SOURCE LINE # 2954
                 R     MOV     DPTR,#result
                 E     CALL    ?C?LLDXDATA0
                       PUSH    AR0
                       PUSH    AR1
                       PUSH    AR2
                       PUSH    AR3
                 R     MOV     DPTR,#fieldPtr
                 E     CALL    ?C?LLDXDATA
                       MOV     A,R7
                       ADD     A,#01H
                       MOV     R7,A
                       CLR     A
                       ADDC    A,R6
                       MOV     R6,A
                       CLR     A
                       ADDC    A,R5
                       MOV     R5,A
                       CLR     A
                       ADDC    A,R4
                       MOV     R1,AR7
                       MOV     R2,AR6
                       MOV     R3,AR5
                 E     CALL    _cyread8
                       CLR     A
                       MOV     R4,A
                       MOV     R5,A
                       MOV     R6,A
                       MOV     R0,#010H
                 E     CALL    ?C?LSHL
                       POP     AR3
                       POP     AR2
C51 COMPILER V9.51   BOOTLOADER                                                            12/15/2017 11:38:02 PAGE 95  

                       POP     AR1
                       POP     AR0
                 E     CALL    ?C?LOR
                 R     MOV     DPTR,#result
                 E     CALL    ?C?LSTXDATA
                                           ; SOURCE LINE # 2955
                 R     MOV     DPTR,#result
                 E     CALL    ?C?LLDXDATA0
                       PUSH    AR0
                       PUSH    AR1
                       PUSH    AR2
                       PUSH    AR3
                 R     MOV     DPTR,#fieldPtr
                 E     CALL    ?C?LLDXDATA
                       MOV     R1,AR7
                       MOV     R2,AR6
                       MOV     R3,AR5
                 E     CALL    _cyread8
                       CLR     A
                       MOV     R4,A
                       MOV     R5,A
                       MOV     R6,A
                       MOV     R0,#018H
                 E     CALL    ?C?LSHL
                       POP     AR3
                       POP     AR2
                       POP     AR1
                       POP     AR0
                 E     CALL    ?C?LOR
                 R     MOV     DPTR,#result
                 E     CALL    ?C?LSTXDATA
                                           ; SOURCE LINE # 2956
             ?C0154:
                                           ; SOURCE LINE # 2976
                 R     MOV     DPTR,#result
                 E     CALL    ?C?LLDXDATA
                                           ; SOURCE LINE # 2977
             ?C0155:
                       RET     
             ; FUNCTION _Bootloader_GetMetadata (END)



MODULE INFORMATION:   STATIC OVERLAYABLE
   CODE SIZE        =   4110    ----
   CONSTANT SIZE    =     13    ----
   XDATA SIZE       =      4     889
   PDATA SIZE       =   ----    ----
   DATA SIZE        =   ----      83
   IDATA SIZE       =   ----    ----
   BIT SIZE         =   ----       2
   EDATA SIZE       =   ----    ----
   HDATA SIZE       =   ----    ----
   XDATA CONST SIZE =   ----    ----
   FAR CONST SIZE   =   ----    ----
END OF MODULE INFORMATION.


C51 COMPILATION COMPLETE.  0 WARNING(S),  0 ERROR(S)
