C51 COMPILER V9.51   CYLIB                                                                 08/22/2026 15:14:02 PAGE 1   


C51 COMPILER V9.51, COMPILATION OF MODULE CYLIB
OBJECT MODULE PLACED IN .\DP8051\DP8051_Keil_951\Debug\CyLib.obj
COMPILER INVOKED BY: C:\Program Files (x86)\Cypress\PSoC Creator\4.4\PSoC Creator\import\keil\pk51\9.51\C51\BIN\c51.exe 
                    -Generated_Source\PSoC3\CyLib.c NOIV LARGE MODDP2 OMF2 VB(1) NOIP INCDIR(.,Generated_Source\PSoC3) FF(3) DB WL(2) PR(.\DP
                    -8051\DP8051_Keil_951\Debug/CyLib.lst) CD OT(5,SPEED) OA OJ(.\DP8051\DP8051_Keil_951\Debug\CyLib.obj)

line level    source

   1          /***************************************************************************//**
   2          * \file CyLib.c
   3          * \version 6.10
   4          *
   5          * \brief Provides a system API for the clocking, interrupts and watchdog timer.
   6          *
   7          * \note Documentation of the API's in this file is located in the System
   8          * Reference Guide provided with PSoC Creator.
   9          *
  10          ********************************************************************************
  11          * \copyright
  12          * Copyright 2008-2021, Cypress Semiconductor Corporation.  All rights reserved.
  13          * You may use this file only in accordance with the license, terms, conditions,
  14          * disclaimers, and limitations in the end user license agreement accompanying
  15          * the software package with which this file was provided.
  16          *******************************************************************************/
  17          
  18          #include "CyLib.h"
  19          
  20          
  21          /*******************************************************************************
  22          * The CyResetStatus variable is used to obtain value of RESET_SR0 register after
  23          * a device reset. It is set from initialize_psoc() at the early initialization
  24          * stage. In case of IAR EW IDE, initialize_psoc() is executed before the data
  25          * sections are initialized. To avoid zeroing, CyResetStatus should be placed
  26          * to the .noinit section.
  27          *******************************************************************************/
  28          CY_NOINIT uint8 CYXDATA CyResetStatus;
  29          
  30          
  31          /* Variable Vdda */
  32          #if(CYDEV_VARIABLE_VDDA == 1)
              
                  uint8 CyScPumpEnabled = (uint8)(CYDEV_VDDA_MV < 2700);
              
              #endif  /* (CYDEV_VARIABLE_VDDA == 1) */
  37          
  38          
  39          /* Do not use these definitions directly in your application */
  40          uint32 cydelay_freq_hz  = BCLK__BUS_CLK__HZ;
  41          uint32 cydelay_freq_khz = (BCLK__BUS_CLK__HZ + 999u) / 1000u;
  42          uint8  cydelay_freq_mhz = (uint8)((BCLK__BUS_CLK__HZ + 999999u) / 1000000u);
  43          uint32 cydelay_32k_ms   = 32768u * ((BCLK__BUS_CLK__HZ + 999u) / 1000u);
  44          
  45          
  46          /* Function Prototypes */
  47          static uint8 CyUSB_PowerOnCheck(void)  ;
  48          static void CyIMO_SetTrimValue(uint8 freq) ;
  49          static void CyBusClk_Internal_SetDivider(uint16 divider);
  50          
  51          #if(CY_PSOC5)
                  static cySysTickCallback CySysTickCallbacks[CY_SYS_SYST_NUM_OF_CALLBACKS];
                  static void CySysTickServiceCallbacks(void);
C51 COMPILER V9.51   CYLIB                                                                 08/22/2026 15:14:02 PAGE 2   

                  uint32 CySysTickInitVar = 0u;
              #endif  /* (CY_PSOC5) */
  56          
  57          
  58          #if(CY_PSOC3)
  59              CY_ISR_PROTO(IntDefaultHandler);
  60          #endif /* (CY_PSOC3) */
  61          
  62          
  63          /*******************************************************************************
  64          * Function Name: CyPLL_OUT_Start
  65          ****************************************************************************//**
  66          *
  67          *   Enables the PLL.  Optionally waits for it to become stable.
  68          *   Waits at least 250 us or until it is detected that the PLL is stable.
  69          *
  70          *   \param wait:
  71          *    \param 0: Return immediately after configuration
  72          *    \param 1: Wait for PLL lock or timeout.
  73          *
  74          * \return
  75          *   Status
  76          *    CYRET_SUCCESS - Completed successfully
  77          *    CYRET_TIMEOUT - Timeout occurred without detecting a stable clock.
  78          *     If the input source of the clock is jittery, then the lock indication
  79          *     may not occur.  However, after the timeout has expired the generated PLL
  80          *     clock can still be used.
  81          *
  82          * \sideeffect
  83          *  If wait is enabled: This function uses the Fast Time Wheel to time the wait.
  84          *  Any other use of the Fast Time Wheel will be stopped during the period of
  85          *  this function and then restored. This function also uses the 100 KHz ILO.
  86          *  If not enabled, this function will enable the 100 KHz ILO for the period of
  87          *  this function.
  88          *
  89          *  No changes to the setup of the ILO, Fast Time Wheel, Central Time Wheel or
  90          *  Once Per Second interrupt may be made by interrupt routines during the period
  91          *  of this function execution. The current operation of the ILO, Central Time
  92          *  Wheel and Once Per Second interrupt are maintained during the operation of
  93          *  this function provided the reading of the Power Manager Interrupt Status
  94          *  Register is only done using the CyPmReadStatus() function.
  95          *
  96          *******************************************************************************/
  97          cystatus CyPLL_OUT_Start(uint8 wait) 
  98          {
  99   1          cystatus status = CYRET_SUCCESS;
 100   1      
 101   1          uint8 iloEnableState;
 102   1          uint8 pmTwCfg0State;
 103   1          uint8 pmTwCfg2State;
 104   1      
 105   1      
 106   1          /* Enables PLL circuit  */
 107   1          CY_CLK_PLL_CFG0_REG |= CY_CLK_PLL_ENABLE;
 108   1      
 109   1          if(wait != 0u)
 110   1          {
 111   2              /* Save 100 KHz ILO, FTW interval, enable and interrupt enable */
 112   2              iloEnableState = CY_LIB_SLOWCLK_ILO_CR0_REG & CY_LIB_SLOWCLK_ILO_CR0_EN_100KHZ;
 113   2              pmTwCfg0State = CY_LIB_PM_TW_CFG0_REG;
 114   2              pmTwCfg2State = CY_LIB_PM_TW_CFG2_REG;
 115   2      
C51 COMPILER V9.51   CYLIB                                                                 08/22/2026 15:14:02 PAGE 3   

 116   2              CyPmFtwSetInterval(CY_CLK_PLL_FTW_INTERVAL);
 117   2      
 118   2              status = CYRET_TIMEOUT;
 119   2      
 120   2              while(0u == (CY_PM_FTW_INT & CyPmReadStatus(CY_PM_FTW_INT)))
 121   2              {
 122   3                  /* Wait for interrupt status */
 123   3                  if(0u != (CY_CLK_PLL_SR_REG & CY_CLK_PLL_LOCK_STATUS))
 124   3                  {
 125   4                      if(0u != (CY_CLK_PLL_SR_REG & CY_CLK_PLL_LOCK_STATUS))
 126   4                      {
 127   5                          status = CYRET_SUCCESS;
 128   5                          break;
 129   5                      }
 130   4                  }
 131   3              }
 132   2      
 133   2              /* Restore 100 KHz ILO, FTW interval, enable and interrupt enable */
 134   2              if(0u == iloEnableState)
 135   2              {
 136   3                  CyILO_Stop100K();
 137   3              }
 138   2      
 139   2              CY_LIB_PM_TW_CFG0_REG = pmTwCfg0State;
 140   2              CY_LIB_PM_TW_CFG2_REG = pmTwCfg2State;
 141   2          }
 142   1      
 143   1          return(status);
 144   1      }
 145          
 146          
 147          /*******************************************************************************
 148          * Function Name: CyPLL_OUT_Stop
 149          ****************************************************************************//**
 150          *
 151          *  Disables the PLL.
 152          *
 153          *******************************************************************************/
 154          void CyPLL_OUT_Stop(void) 
 155          {
 156   1          CY_CLK_PLL_CFG0_REG &= ((uint8)(~CY_CLK_PLL_ENABLE));
 157   1      }
 158          
 159          
 160          /*******************************************************************************
 161          * Function Name: CyPLL_OUT_SetPQ
 162          ****************************************************************************//**
 163          *
 164          *  Sets the P and Q dividers and the charge pump current.
 165          *  The Frequency Out will be P/Q * Frequency In.
 166          *  The PLL must be disabled before calling this function.
 167          *
 168          *  \param uint8 pDiv:
 169          *   Valid range [8 - 255].
 170          *
 171          *  \param uint8 qDiv:
 172          *   Valid range [1 - 16]. Input Frequency / Q must be in range of 1 to 3 MHz.
 173          
 174          *  \param uint8 current:
 175          *   Valid range [1 - 7]. Charge pump current in uA. Refer to the device TRM and
 176          *   datasheet for more information.
 177          *
C51 COMPILER V9.51   CYLIB                                                                 08/22/2026 15:14:02 PAGE 4   

 178          * \sideeffect
 179          *  If this function execution results in the CPU clock frequency increasing,
 180          *  then the number of clock cycles the cache will wait before it samples data
 181          *  coming back from the Flash must be adjusted by calling
 182          *  CyFlash_SetWaitCycles() with an appropriate parameter. It can be optionally
 183          *  called if the CPU clock frequency is lowered in order to improve the CPU
 184          *  performance. See CyFlash_SetWaitCycles() description for more information.
 185          *
 186          *******************************************************************************/
 187          void CyPLL_OUT_SetPQ(uint8 pDiv, uint8 qDiv, uint8 current) 
 188          {
 189   1          /* Halt CPU in debug mode if PLL is enabled */
 190   1          CYASSERT(0u == (CY_CLK_PLL_CFG0_REG & CY_CLK_PLL_ENABLE));
 191   1      
 192   1          if((pDiv    >= CY_CLK_PLL_MIN_P_VALUE  ) &&
 193   1             (qDiv    <= CY_CLK_PLL_MAX_Q_VALUE  ) && (qDiv    >= CY_CLK_PLL_MIN_Q_VALUE  ) &&
 194   1             (current >= CY_CLK_PLL_MIN_CUR_VALUE) && (current <= CY_CLK_PLL_MAX_CUR_VALUE))
 195   1          {
 196   2              /* Set new values */
 197   2              CY_CLK_PLL_P_REG = pDiv;
 198   2              CY_CLK_PLL_Q_REG = ((uint8)(qDiv - 1u));
 199   2              CY_CLK_PLL_CFG1_REG = (CY_CLK_PLL_CFG1_REG & CY_CLK_PLL_CURRENT_MASK) |
 200   2                                      ((uint8)(((uint8)(current - 1u)) << CY_CLK_PLL_CURRENT_POSITION));
 201   2          }
 202   1          else
 203   1          {
 204   2              /***********************************************************************
 205   2              * Halt CPU in debug mode if:
 206   2              * - P divider is less than required
 207   2              * - Q divider is out of range
 208   2              * - pump current is out of range
 209   2              ***********************************************************************/
 210   2              CYASSERT(0u != 0u);
 211   2          }
 212   1      
 213   1      }
 214          
 215          
 216          /*******************************************************************************
 217          * Function Name: CyPLL_OUT_SetSource
 218          ****************************************************************************//**
 219          *
 220          *  Sets the input clock source to the PLL. The PLL must be disabled before
 221          *  calling this function.
 222          *
 223          *   \param source: One of the three available PLL clock sources
 224          *    \param CY_PLL_SOURCE_IMO  :   IMO
 225          *    \param CY_PLL_SOURCE_XTAL :   MHz Crystal
 226          *    \param CY_PLL_SOURCE_DSI  :   DSI
 227          *
 228          * \sideeffect
 229          *  If this function execution results in the CPU clock frequency increasing,
 230          *  then the number of clock cycles the cache will wait before it samples data
 231          *  coming back from the3 Flash must be adjusted by calling
 232          *  CyFlash_SetWaitCycles() with an appropriate parameter. It can be optionally
 233          *  called if the CPU clock frequency is lowered in order to improve the CPU
 234          *  performance. See CyFlash_SetWaitCycles() description for more information.
 235          *
 236          *******************************************************************************/
 237          void CyPLL_OUT_SetSource(uint8 source) 
 238          {
 239   1          /* Halt CPU in debug mode if PLL is enabled */
C51 COMPILER V9.51   CYLIB                                                                 08/22/2026 15:14:02 PAGE 5   

 240   1          CYASSERT(0u == (CY_CLK_PLL_CFG0_REG & CY_CLK_PLL_ENABLE));
 241   1      
 242   1          switch(source)
 243   1          {
 244   2              case CY_PLL_SOURCE_IMO:
 245   2              case CY_PLL_SOURCE_XTAL:
 246   2              case CY_PLL_SOURCE_DSI:
 247   2                  CY_LIB_CLKDIST_CR_REG = ((CY_LIB_CLKDIST_CR_REG & CY_LIB_CLKDIST_CR_PLL_SCR_MASK) | source);
 248   2              break;
 249   2      
 250   2              default:
 251   2                  CYASSERT(0u != 0u);
 252   2              break;
 253   2          }
 254   1      }
 255          
 256          
 257          /*******************************************************************************
 258          * Function Name: CyIMO_Start
 259          ****************************************************************************//**
 260          *
 261          *  Enables the IMO. Optionally waits at least 6 us for it to settle.
 262          *
 263          *  \param uint8 wait:
 264          *   \param 0: Return immediately after configuration
 265          *   \param 1: Wait for at least 6 us for the IMO to settle.
 266          *
 267          * \sideeffect
 268          *  If wait is enabled: This function uses the Fast Time Wheel to time the wait.
 269          *  Any other use of the Fast Time Wheel will be stopped during the period of
 270          *  this function and then restored. This function also uses the 100 KHz ILO.
 271          *  If not enabled, this function will enable the 100 KHz ILO for the period of
 272          *  this function.
 273          *
 274          *  No changes to the setup of the ILO, Fast Time Wheel, Central Time Wheel or
 275          *  Once Per Second interrupt may be made by interrupt routines during the period
 276          *  of this function execution. The current operation of the ILO, Central Time
 277          *  Wheel and Once Per Second interrupt are maintained during the operation of
 278          *  this function provided the reading of the Power Manager Interrupt Status
 279          *  Register is only done using the CyPmReadStatus() function.
 280          *
 281          *******************************************************************************/
 282          void CyIMO_Start(uint8 wait) 
 283          {
 284   1          uint8 pmFtwCfg2Reg;
 285   1          uint8 pmFtwCfg0Reg;
 286   1          uint8 ilo100KhzEnable;
 287   1      
 288   1      
 289   1          CY_LIB_PM_ACT_CFG0_REG  |= CY_LIB_PM_ACT_CFG0_IMO_EN;
 290   1          CY_LIB_PM_STBY_CFG0_REG |= CY_LIB_PM_STBY_CFG0_IMO_EN;
 291   1      
 292   1          if(0u != wait)
 293   1          {
 294   2              /* Need to turn on 100KHz ILO if it happens to not already be running.*/
 295   2              ilo100KhzEnable = CY_LIB_SLOWCLK_ILO_CR0_REG & CY_LIB_SLOWCLK_ILO_CR0_EN_100KHZ;
 296   2              pmFtwCfg0Reg = CY_LIB_PM_TW_CFG0_REG;
 297   2              pmFtwCfg2Reg = CY_LIB_PM_TW_CFG2_REG;
 298   2      
 299   2              CyPmFtwSetInterval(CY_LIB_CLK_IMO_FTW_TIMEOUT);
 300   2      
 301   2              while (0u == (CY_PM_FTW_INT & CyPmReadStatus(CY_PM_FTW_INT)))
C51 COMPILER V9.51   CYLIB                                                                 08/22/2026 15:14:02 PAGE 6   

 302   2              {
 303   3                  /* Wait for interrupt status */
 304   3              }
 305   2      
 306   2              if(0u == ilo100KhzEnable)
 307   2              {
 308   3                  CyILO_Stop100K();
 309   3              }
 310   2      
 311   2              CY_LIB_PM_TW_CFG0_REG = pmFtwCfg0Reg;
 312   2              CY_LIB_PM_TW_CFG2_REG = pmFtwCfg2Reg;
 313   2          }
 314   1      }
 315          
 316          
 317          /*******************************************************************************
 318          * Function Name: CyIMO_Stop
 319          ****************************************************************************//**
 320          *
 321          *   Disables the IMO.
 322          *
 323          *******************************************************************************/
 324          void CyIMO_Stop(void) 
 325          {
 326   1          CY_LIB_PM_ACT_CFG0_REG  &= ((uint8) (~CY_LIB_PM_ACT_CFG0_IMO_EN));
 327   1          CY_LIB_PM_STBY_CFG0_REG &= ((uint8) (~CY_LIB_PM_STBY_CFG0_IMO_EN));
 328   1      }
 329          
 330          
 331          /*******************************************************************************
 332          * Function Name: CyUSB_PowerOnCheck
 333          ****************************************************************************//**
 334          *
 335          *  Returns the USB power status value. A private function to cy_boot.
 336          *
 337          * \return
 338          *   uint8: one if the USB is enabled, 0 if not enabled.
 339          *
 340          *******************************************************************************/
 341          static uint8 CyUSB_PowerOnCheck(void)  
 342          {
 343   1          uint8 poweredOn = 0u;
 344   1      
 345   1          /* Check whether device is in Active or AltActive and if USB is powered on */
 346   1          if((((CY_PM_MODE_CSR_REG & CY_PM_MODE_CSR_MASK) == CY_PM_MODE_CSR_ACTIVE ) &&
 347   1             (0u != (CY_LIB_PM_ACT_CFG5_REG & CY_ACT_USB_ENABLED     )))  ||
 348   1             (((CY_PM_MODE_CSR_REG & CY_PM_MODE_CSR_MASK) == CY_PM_MODE_CSR_ALT_ACT) &&
 349   1             (0u != (CY_LIB_PM_STBY_CFG5_REG & CY_ALT_ACT_USB_ENABLED))))
 350   1          {
 351   2              poweredOn = 1u;
 352   2          }
 353   1      
 354   1          return (poweredOn);
 355   1      }
 356          
 357          
 358          /*******************************************************************************
 359          * Function Name: CyIMO_SetTrimValue
 360          ****************************************************************************//**
 361          *
 362          *  Sets the IMO factory trim values.
 363          *
C51 COMPILER V9.51   CYLIB                                                                 08/22/2026 15:14:02 PAGE 7   

 364          *  uint8 freq - frequency for which trims must be set
 365          *
 366          *******************************************************************************/
 367          static void CyIMO_SetTrimValue(uint8 freq) 
 368          {
 369   1          uint8 usbPowerOn = CyUSB_PowerOnCheck();
 370   1      
 371   1          /* If USB is powered */
 372   1          if(usbPowerOn == 1u)
 373   1          {
 374   2              /* Unlock USB write */
 375   2              CY_LIB_USB_CR1_REG &= ((uint8)(~CY_LIB_USB_CLK_EN));
 376   2          }
 377   1          switch(freq)
 378   1          {
 379   2          case CY_IMO_FREQ_3MHZ:
 380   2              CY_LIB_IMO_TR1_REG = CY_GET_XTND_REG8(CY_LIB_TRIM_IMO_3MHZ_PTR);
 381   2              break;
 382   2      
 383   2          case CY_IMO_FREQ_6MHZ:
 384   2              CY_LIB_IMO_TR1_REG = CY_GET_XTND_REG8(CY_LIB_TRIM_IMO_6MHZ_PTR);
 385   2              break;
 386   2      
 387   2          case CY_IMO_FREQ_12MHZ:
 388   2              CY_LIB_IMO_TR1_REG = CY_GET_XTND_REG8(CY_LIB_TRIM_IMO_12MHZ_PTR);
 389   2              break;
 390   2      
 391   2          case CY_IMO_FREQ_24MHZ:
 392   2              CY_LIB_IMO_TR1_REG = CY_GET_XTND_REG8(CY_LIB_TRIM_IMO_24MHZ_PTR);
 393   2              break;
 394   2      
 395   2          case CY_IMO_FREQ_48MHZ:
 396   2              CY_LIB_IMO_TR1_REG = CY_GET_XTND_REG8(CY_LIB_TRIM_IMO_TR1_PTR);
 397   2              break;
 398   2      
 399   2          case CY_IMO_FREQ_62MHZ:
 400   2              CY_LIB_IMO_TR1_REG = CY_GET_XTND_REG8(CY_LIB_TRIM_IMO_67MHZ_PTR);
 401   2              break;
 402   2      
 403   2      #if(CY_PSOC5)
                  case CY_IMO_FREQ_74MHZ:
                      CY_LIB_IMO_TR1_REG = CY_GET_XTND_REG8(CY_LIB_TRIM_IMO_80MHZ_PTR);
                      break;
              #endif  /* (CY_PSOC5) */
 408   2      
 409   2          case CY_IMO_FREQ_USB:
 410   2              CY_LIB_IMO_TR1_REG = CY_GET_XTND_REG8(CY_LIB_TRIM_IMO_USB_PTR);
 411   2      
 412   2              /* If USB is powered */
 413   2              if(usbPowerOn == 1u)
 414   2              {
 415   3                  /* Lock USB Oscillator */
 416   3                  CY_LIB_USB_CR1_REG |= CY_LIB_USB_CLK_EN;
 417   3              }
 418   2              break;
 419   2      
 420   2          default:
 421   2                  CYASSERT(0u != 0u);
 422   2              break;
 423   2          }
 424   1      
 425   1      }
C51 COMPILER V9.51   CYLIB                                                                 08/22/2026 15:14:02 PAGE 8   

 426          
 427          
 428          /*******************************************************************************
 429          * Function Name: CyIMO_SetFreq
 430          ****************************************************************************//**
 431          *
 432          *  Sets the frequency of the IMO. Changes may be made while the IMO is running.
 433          *
 434          *  \param freq: Frequency of IMO operation
 435          *       CY_IMO_FREQ_3MHZ  to set  3   MHz
 436          *       CY_IMO_FREQ_6MHZ  to set  6   MHz
 437          *       CY_IMO_FREQ_12MHZ to set 12   MHz
 438          *       CY_IMO_FREQ_24MHZ to set 24   MHz
 439          *       CY_IMO_FREQ_48MHZ to set 48   MHz
 440          *       CY_IMO_FREQ_62MHZ to set 62.6 MHz
 441          *       CY_IMO_FREQ_74MHZ to set 74.7 MHz (not applicable for PSoC 3)
 442          *       CY_IMO_FREQ_USB   to set 24   MHz (Trimmed for USB operation)
 443          *
 444          * \sideeffect
 445          *  If this function execution results in the CPU clock frequency increasing,
 446          *  then the number of clock cycles the cache will wait before it samples data
 447          *  coming back from the Flash must be adjusted by calling
 448          *  CyFlash_SetWaitCycles() with an appropriate parameter. It can be optionally
 449          *  called if the CPU clock frequency is lowered in order to improve the CPU
 450          *  performance. See CyFlash_SetWaitCycles() description for more information.
 451          *
 452          *  When the USB setting is chosen, the USB clock locking circuit is enabled.
 453          *  Otherwise this circuit is disabled. The USB block must be powered before
 454          *  selecting the USB setting.
 455          *
 456          *******************************************************************************/
 457          void CyIMO_SetFreq(uint8 freq) 
 458          {
 459   1          uint8 currentFreq;
 460   1          uint8 nextFreq;
 461   1      
 462   1          /***************************************************************************
 463   1          * If the IMO frequency is changed,the Trim values must also be set
 464   1          * accordingly.This requires reading the current frequency. If the new
 465   1          * frequency is faster, then set a new trim and then change the frequency,
 466   1          * otherwise change the frequency and then set new trim values.
 467   1          ***************************************************************************/
 468   1      
 469   1          currentFreq = CY_LIB_FASTCLK_IMO_CR_REG & ((uint8)(~CY_LIB_FASTCLK_IMO_CR_RANGE_MASK));
 470   1      
 471   1          /* Check if requested frequency is USB. */
 472   1          nextFreq = (freq == CY_IMO_FREQ_USB) ? CY_IMO_FREQ_24MHZ : freq;
 473   1      
 474   1          switch (currentFreq)
 475   1          {
 476   2          case 0u:
 477   2              currentFreq = CY_IMO_FREQ_12MHZ;
 478   2              break;
 479   2      
 480   2          case 1u:
 481   2              currentFreq = CY_IMO_FREQ_6MHZ;
 482   2              break;
 483   2      
 484   2          case 2u:
 485   2              currentFreq = CY_IMO_FREQ_24MHZ;
 486   2              break;
 487   2      
C51 COMPILER V9.51   CYLIB                                                                 08/22/2026 15:14:02 PAGE 9   

 488   2          case 3u:
 489   2              currentFreq = CY_IMO_FREQ_3MHZ;
 490   2              break;
 491   2      
 492   2          case 4u:
 493   2              currentFreq = CY_IMO_FREQ_48MHZ;
 494   2              break;
 495   2      
 496   2          case 5u:
 497   2              currentFreq = CY_IMO_FREQ_62MHZ;
 498   2              break;
 499   2      
 500   2      #if(CY_PSOC5)
                  case 6u:
                      currentFreq = CY_IMO_FREQ_74MHZ;
                      break;
              #endif  /* (CY_PSOC5) */
 505   2      
 506   2          default:
 507   2              CYASSERT(0u != 0u);
 508   2              break;
 509   2          }
 510   1      
 511   1          if (nextFreq >= currentFreq)
 512   1          {
 513   2              /* Set new trim first */
 514   2              CyIMO_SetTrimValue(freq);
 515   2          }
 516   1      
 517   1          /* Set usbclk_on bit when using CY_IMO_FREQ_USB, if not clear it */
 518   1          switch(freq)
 519   1          {
 520   2          case CY_IMO_FREQ_3MHZ:
 521   2              CY_LIB_FASTCLK_IMO_CR_REG = ((CY_LIB_FASTCLK_IMO_CR_REG & CY_LIB_FASTCLK_IMO_CR_RANGE_MASK) |
 522   2                  CY_LIB_IMO_3MHZ_VALUE) & ((uint8)(~CY_LIB_IMO_USBCLK_ON_SET));
 523   2              break;
 524   2      
 525   2          case CY_IMO_FREQ_6MHZ:
 526   2              CY_LIB_FASTCLK_IMO_CR_REG = ((CY_LIB_FASTCLK_IMO_CR_REG & CY_LIB_FASTCLK_IMO_CR_RANGE_MASK) |
 527   2                  CY_LIB_IMO_6MHZ_VALUE) & ((uint8)(~CY_LIB_IMO_USBCLK_ON_SET));
 528   2              break;
 529   2      
 530   2          case CY_IMO_FREQ_12MHZ:
 531   2              CY_LIB_FASTCLK_IMO_CR_REG = ((CY_LIB_FASTCLK_IMO_CR_REG & CY_LIB_FASTCLK_IMO_CR_RANGE_MASK) |
 532   2                  CY_LIB_IMO_12MHZ_VALUE) & ((uint8)(~CY_LIB_IMO_USBCLK_ON_SET));
 533   2              break;
 534   2      
 535   2          case CY_IMO_FREQ_24MHZ:
 536   2              CY_LIB_FASTCLK_IMO_CR_REG = ((CY_LIB_FASTCLK_IMO_CR_REG & CY_LIB_FASTCLK_IMO_CR_RANGE_MASK) |
 537   2                  CY_LIB_IMO_24MHZ_VALUE) & ((uint8)(~CY_LIB_IMO_USBCLK_ON_SET));
 538   2              break;
 539   2      
 540   2          case CY_IMO_FREQ_48MHZ:
 541   2              CY_LIB_FASTCLK_IMO_CR_REG = ((CY_LIB_FASTCLK_IMO_CR_REG & CY_LIB_FASTCLK_IMO_CR_RANGE_MASK) |
 542   2                  CY_LIB_IMO_48MHZ_VALUE) & ((uint8)(~CY_LIB_IMO_USBCLK_ON_SET));
 543   2              break;
 544   2      
 545   2          case CY_IMO_FREQ_62MHZ:
 546   2              CY_LIB_FASTCLK_IMO_CR_REG = ((CY_LIB_FASTCLK_IMO_CR_REG & CY_LIB_FASTCLK_IMO_CR_RANGE_MASK) |
 547   2                  CY_LIB_IMO_62MHZ_VALUE) & ((uint8)(~CY_LIB_IMO_USBCLK_ON_SET));
 548   2              break;
 549   2      
C51 COMPILER V9.51   CYLIB                                                                 08/22/2026 15:14:02 PAGE 10  

 550   2      #if(CY_PSOC5)
                  case CY_IMO_FREQ_74MHZ:
                      CY_LIB_FASTCLK_IMO_CR_REG = ((CY_LIB_FASTCLK_IMO_CR_REG & CY_LIB_FASTCLK_IMO_CR_RANGE_MASK) |
                          CY_LIB_IMO_74MHZ_VALUE) & ((uint8)(~CY_LIB_IMO_USBCLK_ON_SET));
                      break;
              #endif  /* (CY_PSOC5) */
 556   2      
 557   2          case CY_IMO_FREQ_USB:
 558   2              CY_LIB_FASTCLK_IMO_CR_REG = ((CY_LIB_FASTCLK_IMO_CR_REG & CY_LIB_FASTCLK_IMO_CR_RANGE_MASK) |
 559   2                  CY_LIB_IMO_24MHZ_VALUE) | CY_LIB_IMO_USBCLK_ON_SET;
 560   2              break;
 561   2      
 562   2          default:
 563   2              CYASSERT(0u != 0u);
 564   2              break;
 565   2          }
 566   1      
 567   1          /* Tu rn onIMO Doubler, if switching to CY_IMO_FREQ_USB */
 568   1          if (freq == CY_IMO_FREQ_USB)
 569   1          {
 570   2              CyIMO_EnableDoubler();
 571   2          }
 572   1          else
 573   1          {
 574   2              CyIMO_DisableDoubler();
 575   2          }
 576   1      
 577   1          if (nextFreq < currentFreq)
 578   1          {
 579   2              /* Set the trim after setting frequency */
 580   2              CyIMO_SetTrimValue(freq);
 581   2          }
 582   1      }
 583          
 584          
 585          /*******************************************************************************
 586          * Function Name: CyIMO_SetSource
 587          ****************************************************************************//**
 588          *
 589          *  Sets the source of the clock output from the IMO block.
 590          *
 591          *  The output from the IMO is by default the IMO itself. Optionally the MHz
 592          *  Crystal or DSI input can be the source of the IMO output instead.
 593          *
 594          *   \param source: CY_IMO_SOURCE_DSI to set the DSI as source.
 595          *           CY_IMO_SOURCE_XTAL to set the MHz as source.
 596          *           CY_IMO_SOURCE_IMO to set the IMO itself.
 597          *
 598          * \sideeffect
 599          *  If this function execution resulted in the CPU clock frequency increasing,
 600          *  then the number of clock cycles the cache will wait before it samples data
 601          *  coming back from the Flash must be adjusted by calling
 602          *  CyFlash_SetWaitCycles() with an appropriate parameter. It can be optionally
 603          *  called if the CPU clock frequency is lowered in order to improve the CPU
 604          *  performance. See CyFlash_SetWaitCycles() description for more information.
 605          *
 606          *******************************************************************************/
 607          void CyIMO_SetSource(uint8 source) 
 608          {
 609   1          switch(source)
 610   1          {
 611   2          case CY_IMO_SOURCE_DSI:
C51 COMPILER V9.51   CYLIB                                                                 08/22/2026 15:14:02 PAGE 11  

 612   2              CY_LIB_CLKDIST_CR_REG     &= ((uint8)(~CY_LIB_CLKDIST_CR_IMO2X));
 613   2              CY_LIB_FASTCLK_IMO_CR_REG |= CY_LIB_FASTCLK_IMO_IMO;
 614   2              break;
 615   2      
 616   2          case CY_IMO_SOURCE_XTAL:
 617   2              CY_LIB_CLKDIST_CR_REG     |= CY_LIB_CLKDIST_CR_IMO2X;
 618   2              CY_LIB_FASTCLK_IMO_CR_REG |= CY_LIB_FASTCLK_IMO_IMO;
 619   2              break;
 620   2      
 621   2          case CY_IMO_SOURCE_IMO:
 622   2              CY_LIB_FASTCLK_IMO_CR_REG &= ((uint8)(~CY_LIB_FASTCLK_IMO_IMO));
 623   2              break;
 624   2      
 625   2          default:
 626   2              /* Incorrect source value */
 627   2              CYASSERT(0u != 0u);
 628   2              break;
 629   2          }
 630   1      }
 631          
 632          
 633          /*******************************************************************************
 634          * Function Name: CyIMO_EnableDoubler
 635          ****************************************************************************//**
 636          *
 637          *  Enables the IMO doubler.  The 2x frequency clock is used to convert a 24 MHz
 638          *  input to a 48 MHz output for use by the USB block.
 639          *
 640          *******************************************************************************/
 641          void CyIMO_EnableDoubler(void) 
 642          {
 643   1          /* Set FASTCLK_IMO_CR_PTR regigster's 4th bit */
 644   1          CY_LIB_FASTCLK_IMO_CR_REG |= CY_LIB_FASTCLK_IMO_DOUBLER;
 645   1      }
 646          
 647          
 648          /*******************************************************************************
 649          * Function Name: CyIMO_DisableDoubler
 650          ****************************************************************************//**
 651          *
 652          *   Disables the IMO doubler.
 653          *
 654          *******************************************************************************/
 655          void CyIMO_DisableDoubler(void) 
 656          {
 657   1          CY_LIB_FASTCLK_IMO_CR_REG &= ((uint8)(~CY_LIB_FASTCLK_IMO_DOUBLER));
 658   1      }
 659          
 660          
 661          /*******************************************************************************
 662          * Function Name: CyMasterClk_SetSource
 663          ****************************************************************************//**
 664          *
 665          *  Sets the source of the master clock.
 666          *
 667          *   \param source: One of the four available Master clock sources.
 668          *     CY_MASTER_SOURCE_IMO
 669          *     CY_MASTER_SOURCE_PLL
 670          *     CY_MASTER_SOURCE_XTAL
 671          *     CY_MASTER_SOURCE_DSI
 672          *
 673          * \sideeffect
C51 COMPILER V9.51   CYLIB                                                                 08/22/2026 15:14:02 PAGE 12  

 674          *  The current source and the new source must both be running and stable before
 675          *  calling this function.
 676          *
 677          *  If this function execution resulted in the CPU clock frequency increasing,
 678          *  then the number of clock cycles the cache will wait before it samples data
 679          *  coming back from the Flash must be adjusted by calling
 680          *  CyFlash_SetWaitCycles() with an appropriate parameter. It can be optionally
 681          *  called if the CPU clock frequency is lowered in order to improve the CPU
 682          *  performance. See CyFlash_SetWaitCycles() description for more information.
 683          *
 684          *******************************************************************************/
 685          void CyMasterClk_SetSource(uint8 source) 
 686          {
 687   1          CY_LIB_CLKDIST_MSTR1_REG = (CY_LIB_CLKDIST_MSTR1_REG & MASTER_CLK_SRC_CLEAR) |
 688   1                                      (source & ((uint8)(~MASTER_CLK_SRC_CLEAR)));
 689   1      }
 690          
 691          
 692          /*******************************************************************************
 693          * Function Name: CyMasterClk_SetDivider
 694          ****************************************************************************//**
 695          *
 696          *  Sets the divider value used to generate Master Clock.
 697          *
 698          *  \param uint8 divider:
 699          *   The valid range is [0-255]. The clock will be divided by this value + 1.
 700          *   For example to divide this parameter by two should be set to 1.
 701          *
 702          * \sideeffect
 703          *  If this function execution resulted in the CPU clock frequency increasing,
 704          *  then the number of clock cycles the cache will wait before it samples data
 705          *  coming back from the Flash must be adjusted by calling
 706          *  CyFlash_SetWaitCycles() with an appropriate parameter. It can be optionally
 707          *  called if the CPU clock frequency is lowered in order to improve the CPU
 708          *  performance. See CyFlash_SetWaitCycles() description for more information.
 709          *
 710          *  When changing the Master or Bus clock divider value from div-by-n to div-by-1
 711          *  the first clock cycle output after the div-by-1 can be up to 4 ns shorter
 712          *  than the final/expected div-by-1 period.
 713          *
 714          *******************************************************************************/
 715          void CyMasterClk_SetDivider(uint8 divider) 
 716          {
 717   1          CY_LIB_CLKDIST_MSTR0_REG = divider;
 718   1      }
 719          
 720          
 721          /*******************************************************************************
 722          * Function Name: CyBusClk_Internal_SetDivider
 723          ****************************************************************************//**
 724          *
 725          *  The function used by CyBusClk_SetDivider(). For internal use only.
 726          *
 727          *   \param divider: Valid range [0-65535].
 728          *   The clock will be divided by this value + 1.
 729          *   For example, to divide this parameter by two should be set to 1.
 730          *
 731          *******************************************************************************/
 732          static void CyBusClk_Internal_SetDivider(uint16 divider)
 733          {
 734   1          /* Mask bits to enable shadow loads  */
 735   1          CY_LIB_CLKDIST_AMASK_REG &= CY_LIB_CLKDIST_AMASK_MASK;
C51 COMPILER V9.51   CYLIB                                                                 08/22/2026 15:14:02 PAGE 13  

 736   1          CY_LIB_CLKDIST_DMASK_REG  = CY_LIB_CLKDIST_DMASK_MASK;
 737   1      
 738   1          /* Enable mask bits to enable shadow loads */
 739   1          CY_LIB_CLKDIST_BCFG2_REG |= CY_LIB_CLKDIST_BCFG2_MASK;
 740   1      
 741   1          /* Update Shadow Divider Value Register with new divider */
 742   1          CY_LIB_CLKDIST_WRK_LSB_REG = LO8(divider);
 743   1          CY_LIB_CLKDIST_WRK_MSB_REG = HI8(divider);
 744   1      
 745   1      
 746   1          /***************************************************************************
 747   1          * Copy shadow value defined in Shadow Divider Value Register
 748   1          * (CY_LIB_CLKDIST_WRK_LSB_REG and CY_LIB_CLKDIST_WRK_MSB_REG) to all
 749   1          * dividers selected in Analog and Digital Clock Mask Registers
 750   1          * (CY_LIB_CLKDIST_AMASK_REG and CY_LIB_CLKDIST_DMASK_REG).
 751   1          ***************************************************************************/
 752   1          CY_LIB_CLKDIST_LD_REG |= CY_LIB_CLKDIST_LD_LOAD;
 753   1      }
 754          
 755          
 756          /*******************************************************************************
 757          * Function Name: CyBusClk_SetDivider
 758          ****************************************************************************//**
 759          *
 760          *  Sets the divider value used to generate the Bus Clock.
 761          *
 762          *  \param divider: Valid range [0-65535]. The clock will be divided by this value + 1.
 763          *  For example, to divide this parameter by two should be set to 1.
 764          *
 765          * \sideeffect
 766          *  If this function execution resulted in the CPU clock frequency increasing,
 767          *  then the number of clock cycles the cache will wait before it samples data
 768          *  coming back from the Flash must be adjusted by calling
 769          *  CyFlash_SetWaitCycles() with an appropriate parameter. It can be optionally
 770          *  called if the CPU clock frequency is lowered in order to improve the CPU
 771          *  performance. See CyFlash_SetWaitCycles() description for more information.
 772          *
 773          *******************************************************************************/
 774          void CyBusClk_SetDivider(uint16 divider) 
 775          {
 776   1          uint8  masterClkDiv;
 777   1          uint16 busClkDiv;
 778   1          uint8 interruptState;
 779   1      
 780   1          interruptState = CyEnterCriticalSection();
 781   1      
 782   1          /* Work around to set bus clock divider value */
 783   1          busClkDiv = (uint16)((uint16)CY_LIB_CLKDIST_BCFG_MSB_REG << 8u);
 784   1          busClkDiv |= CY_LIB_CLKDIST_BCFG_LSB_REG;
 785   1      
 786   1          if ((divider == 0u) || (busClkDiv == 0u))
 787   1          {
 788   2              /* Save away master clock divider value */
 789   2              masterClkDiv = CY_LIB_CLKDIST_MSTR0_REG;
 790   2      
 791   2              if (masterClkDiv < CY_LIB_CLKDIST_MASTERCLK_DIV)
 792   2              {
 793   3                  /* Set master clock divider to 7 */
 794   3                  CyMasterClk_SetDivider(CY_LIB_CLKDIST_MASTERCLK_DIV);
 795   3              }
 796   2      
 797   2              if (divider == 0u)
C51 COMPILER V9.51   CYLIB                                                                 08/22/2026 15:14:02 PAGE 14  

 798   2              {
 799   3                  /* Set SSS bit and divider register desired value */
 800   3                  CY_LIB_CLKDIST_BCFG2_REG |= CY_LIB_CLKDIST_BCFG2_SSS;
 801   3                  CyBusClk_Internal_SetDivider(divider);
 802   3              }
 803   2              else
 804   2              {
 805   3                  CyBusClk_Internal_SetDivider(divider);
 806   3                  CY_LIB_CLKDIST_BCFG2_REG &= ((uint8)(~CY_LIB_CLKDIST_BCFG2_SSS));
 807   3              }
 808   2      
 809   2              /* Restore master clock */
 810   2              CyMasterClk_SetDivider(masterClkDiv);
 811   2          }
 812   1          else
 813   1          {
 814   2              CyBusClk_Internal_SetDivider(divider);
 815   2          }
 816   1      
 817   1          CyExitCriticalSection(interruptState);
 818   1      }
 819          
 820          
 821          #if(CY_PSOC3)
 822          
 823              /*******************************************************************************
 824              * Function Name: CyCpuClk_SetDivider
 825              ****************************************************************************//**
 826              *
 827              *  Sets the divider value used to generate the CPU Clock. Only applicable for
 828              *  PSoC 3 parts.
 829              *
 830              *  \param divider: Valid range [0-15]. The clock will be divided by this value + 1.
 831              *  For example, to divide this parameter by two should be set to 1.
 832              *
 833              * \sideeffect
 834              *  If this function execution resulted in the CPU clock frequency increasing,
 835              *  then the number of clock cycles the cache will wait before it samples data
 836              *  coming back from the Flash must be adjusted by calling
 837              *  CyFlash_SetWaitCycles() with an appropriate parameter. It can be optionally
 838              *  called if the CPU clock frequency is lowered in order to improve the CPU
 839              *  performance. See CyFlash_SetWaitCycles() description for more information.
 840              *
 841              *******************************************************************************/
 842              void CyCpuClk_SetDivider(uint8 divider) 
 843              {
 844   1                  CY_LIB_CLKDIST_MSTR1_REG = (CY_LIB_CLKDIST_MSTR1_REG & CY_LIB_CLKDIST_MSTR1_DIV_MASK) |
 845   1                                      ((uint8)(divider << CY_LIB_CLKDIST_DIV_POSITION));
 846   1          }
 847          
 848          #endif /* (CY_PSOC3) */
 849          
 850          
 851          /*******************************************************************************
 852          * Function Name: CyUsbClk_SetSource
 853          ****************************************************************************//**
 854          *
 855          *  Sets the source of the USB clock.
 856          *
 857          *  \param source: One of the four available USB clock sources
 858          *    CY_LIB_USB_CLK_IMO2X     - IMO 2x
 859          *    CY_LIB_USB_CLK_IMO       - IMO
C51 COMPILER V9.51   CYLIB                                                                 08/22/2026 15:14:02 PAGE 15  

 860          *    CY_LIB_USB_CLK_PLL       - PLL
 861          *    CY_LIB_USB_CLK_DSI       - DSI
 862          *
 863          *******************************************************************************/
 864          void CyUsbClk_SetSource(uint8 source) 
 865          {
 866   1          CY_LIB_CLKDIST_UCFG_REG = (CY_LIB_CLKDIST_UCFG_REG & ((uint8)(~CY_LIB_CLKDIST_UCFG_SRC_SEL_MASK))) |
 867   1                              (CY_LIB_CLKDIST_UCFG_SRC_SEL_MASK & source);
 868   1      }
 869          
 870          
 871          /*******************************************************************************
 872          * Function Name: CyILO_Start1K
 873          ****************************************************************************//**
 874          *
 875          *  Enables the ILO 1 KHz oscillator.
 876          *
 877          *  Note The ILO 1 KHz oscillator is always enabled by default, regardless of the
 878          *  selection in the Clock Editor. Therefore, this API is only needed if the
 879          *  oscillator was turned off manually.
 880          *
 881          *******************************************************************************/
 882          void CyILO_Start1K(void) 
 883          {
 884   1          /* Set bit 1 of ILO RS */
 885   1          CY_LIB_SLOWCLK_ILO_CR0_REG |= CY_LIB_SLOWCLK_ILO_CR0_EN_1KHZ;
 886   1      }
 887          
 888          
 889          /*******************************************************************************
 890          * Function Name: CyILO_Stop1K
 891          ****************************************************************************//**
 892          *
 893          *  Disables the ILO 1 KHz oscillator.
 894          *
 895          *  Note The ILO 1 KHz oscillator must be enabled if the Sleep or Hibernate low
 896          *  power mode APIs are expected to be used. For more information, refer to the
 897          *  Power Management section of this document.
 898          *
 899          * \sideeffect
 900          *  PSoC5: Stopping the ILO 1 kHz could break the active WDT functionality.
 901          *
 902          *******************************************************************************/
 903          void CyILO_Stop1K(void) 
 904          {
 905   1          /* Clear bit 1 of ILO RS */
 906   1          CY_LIB_SLOWCLK_ILO_CR0_REG &= ((uint8)(~CY_LIB_SLOWCLK_ILO_CR0_EN_1KHZ));
 907   1      }
 908          
 909          
 910          /*******************************************************************************
 911          * Function Name: CyILO_Start100K
 912          ****************************************************************************//**
 913          *
 914          *  Enables the ILO 100 KHz oscillator.
 915          *
 916          *******************************************************************************/
 917          void CyILO_Start100K(void) 
 918          {
 919   1          CY_LIB_SLOWCLK_ILO_CR0_REG |= CY_LIB_SLOWCLK_ILO_CR0_EN_100KHZ;
 920   1      }
 921          
C51 COMPILER V9.51   CYLIB                                                                 08/22/2026 15:14:02 PAGE 16  

 922          
 923          /*******************************************************************************
 924          * Function Name: CyILO_Stop100K
 925          ****************************************************************************//**
 926          *
 927          *  Disables the ILO 100 KHz oscillator.
 928          *
 929          *******************************************************************************/
 930          void CyILO_Stop100K(void) 
 931          {
 932   1          CY_LIB_SLOWCLK_ILO_CR0_REG &= ((uint8)(~CY_LIB_SLOWCLK_ILO_CR0_EN_100KHZ));
 933   1      }
 934          
 935          
 936          /*******************************************************************************
 937          * Function Name: CyILO_Enable33K
 938          ****************************************************************************//**
 939          *
 940          *  Enables the ILO 33 KHz divider.
 941          *
 942          *  Note that the 33 KHz clock is generated from the 100 KHz oscillator,
 943          *  so it must also be running in order to generate the 33 KHz output.
 944          *
 945          *******************************************************************************/
 946          void CyILO_Enable33K(void) 
 947          {
 948   1          /* Set bit 5 of ILO RS */
 949   1          CY_LIB_SLOWCLK_ILO_CR0_REG |= CY_LIB_SLOWCLK_ILO_CR0_EN_33KHZ;
 950   1      }
 951          
 952          
 953          /*******************************************************************************
 954          * Function Name: CyILO_Disable33K
 955          ****************************************************************************//**
 956          *
 957          *  Disables the ILO 33 KHz divider.
 958          *
 959          *  Note that the 33 KHz clock is generated from the 100 KHz oscillator, but this
 960          *  API does not disable the 100 KHz clock.
 961          *
 962          *******************************************************************************/
 963          void CyILO_Disable33K(void) 
 964          {
 965   1          CY_LIB_SLOWCLK_ILO_CR0_REG &= ((uint8)(~CY_LIB_SLOWCLK_ILO_CR0_EN_33KHZ));
 966   1      }
 967          
 968          
 969          /*******************************************************************************
 970          * Function Name: CyILO_SetSource
 971          ****************************************************************************//**
 972          *
 973          *  Sets the source of the clock output from the ILO block.
 974          *
 975          *  \param source: One of the three available ILO output sources
 976          *       Value        Define                Source
 977          *       0            CY_ILO_SOURCE_100K    ILO 100 KHz
 978          *       1            CY_ILO_SOURCE_33K     ILO 33 KHz
 979          *       2            CY_ILO_SOURCE_1K      ILO 1 KHz
 980          *
 981          *******************************************************************************/
 982          void CyILO_SetSource(uint8 source) 
 983          {
C51 COMPILER V9.51   CYLIB                                                                 08/22/2026 15:14:02 PAGE 17  

 984   1          CY_LIB_CLKDIST_CR_REG = (CY_LIB_CLKDIST_CR_REG & CY_ILO_SOURCE_BITS_CLEAR) |
 985   1                          (((uint8) (source << 2u)) & ((uint8)(~CY_ILO_SOURCE_BITS_CLEAR)));
 986   1      }
 987          
 988          
 989          /*******************************************************************************
 990          * Function Name: CyILO_SetPowerMode
 991          ****************************************************************************//**
 992          *
 993          * Sets the power mode used by the ILO during power down. Allows for lower power
 994          * down power usage resulting in a slower startup time.
 995          *
 996          * \param mode
 997          * CY_ILO_FAST_START - Faster start-up, internal bias left on when powered down
 998          * CY_ILO_SLOW_START - Slower start-up, internal bias off when powered down
 999          *
1000          * \return Prevous power mode state.
1001          *
1002          *******************************************************************************/
1003          uint8 CyILO_SetPowerMode(uint8 mode) 
1004          {
1005   1          uint8 state;
1006   1      
1007   1          /* Get current state. */
1008   1          state = CY_LIB_SLOWCLK_ILO_CR0_REG;
1009   1      
1010   1          /* Set the oscillator power mode. */
1011   1          if(mode != CY_ILO_FAST_START)
1012   1          {
1013   2              CY_LIB_SLOWCLK_ILO_CR0_REG = (state | CY_ILO_CONTROL_PD_MODE);
1014   2          }
1015   1          else
1016   1          {
1017   2              CY_LIB_SLOWCLK_ILO_CR0_REG = (state & ((uint8)(~CY_ILO_CONTROL_PD_MODE)));
1018   2          }
1019   1      
1020   1          /* Return old mode. */
1021   1          return ((state & CY_ILO_CONTROL_PD_MODE) >> CY_ILO_CONTROL_PD_POSITION);
1022   1      }
1023          
1024          
1025          /*******************************************************************************
1026          * Function Name: CyXTAL_32KHZ_Start
1027          ****************************************************************************//**
1028          *
1029          *  Enables the 32 KHz Crystal Oscillator.
1030          *
1031          *******************************************************************************/
1032          void CyXTAL_32KHZ_Start(void) 
1033          {
1034   1          volatile uint16 i;
1035   1      
1036   1          CY_CLK_XTAL32_TST_REG = CY_CLK_XTAL32_TST_DEFAULT;
1037   1          CY_CLK_XTAL32_TR_REG  = CY_CLK_XTAL32_TR_STARTUP;
1038   1          CY_CLK_XTAL32_CFG_REG = (CY_CLK_XTAL32_CFG_REG & ((uint8)(~CY_CLK_XTAL32_CFG_LP_MASK))) |
1039   1                                      CY_CLK_XTAL32_CFG_LP_DEFAULT;
1040   1      
1041   1          #if(CY_PSOC3)
1042   1              CY_CLK_XTAL32_CR_REG |= CY_CLK_XTAL32_CR_PDBEN;
1043   1          #endif  /* (CY_PSOC3) */
1044   1      
1045   1          /* Enable operation of 32K Crystal Oscillator */
C51 COMPILER V9.51   CYLIB                                                                 08/22/2026 15:14:02 PAGE 18  

1046   1          CY_CLK_XTAL32_CR_REG |= CY_CLK_XTAL32_CR_EN;
1047   1      
1048   1          for (i = 1000u; i > 0u; i--)
1049   1          {
1050   2              if(0u != (CyXTAL_32KHZ_ReadStatus() & CY_XTAL32K_ANA_STAT))
1051   2              {
1052   3                  /* Ready - switch to high power mode */
1053   3                  (void) CyXTAL_32KHZ_SetPowerMode(0u);
1054   3      
1055   3                  break;
1056   3              }
1057   2              CyDelayUs(1u);
1058   2          }
1059   1      }
1060          
1061          
1062          /*******************************************************************************
1063          * Function Name: CyXTAL_32KHZ_Stop
1064          ****************************************************************************//**
1065          *
1066          *  Disables the 32KHz Crystal Oscillator.
1067          *
1068          *******************************************************************************/
1069          void CyXTAL_32KHZ_Stop(void) 
1070          {
1071   1          CY_CLK_XTAL32_TST_REG  = CY_CLK_XTAL32_TST_DEFAULT;
1072   1          CY_CLK_XTAL32_TR_REG   = CY_CLK_XTAL32_TR_POWERDOWN;
1073   1          CY_CLK_XTAL32_CFG_REG = (CY_CLK_XTAL32_CFG_REG & ((uint8)(~CY_CLK_XTAL32_CFG_LP_MASK))) |
1074   1                                   CY_CLK_XTAL32_CFG_LP_DEFAULT;
1075   1          CY_CLK_XTAL32_CR_REG &= ((uint8)(~(CY_CLK_XTAL32_CR_EN | CY_CLK_XTAL32_CR_LPM)));
1076   1      
1077   1          #if(CY_PSOC3)
1078   1              CY_CLK_XTAL32_CR_REG &= ((uint8)(~CY_CLK_XTAL32_CR_PDBEN));
1079   1          #endif  /* (CY_PSOC3) */
1080   1      }
1081          
1082          
1083          /*******************************************************************************
1084          * Function Name: CyXTAL_32KHZ_ReadStatus
1085          ****************************************************************************//**
1086          *
1087          *  Returns status of the 32 KHz oscillator.
1088          *
1089          * \return
1090          *  Value     Define                    Source
1091          *  20        CY_XTAL32K_ANA_STAT       Analog measurement
1092          *                                       1: Stable
1093          *                                       0: Not stable
1094          *
1095          *******************************************************************************/
1096          uint8 CyXTAL_32KHZ_ReadStatus(void) 
1097          {
1098   1          return(CY_CLK_XTAL32_CR_REG & CY_XTAL32K_ANA_STAT);
1099   1      }
1100          
1101          
1102          /*******************************************************************************
1103          * Function Name: CyXTAL_32KHZ_SetPowerMode
1104          ****************************************************************************//**
1105          *
1106          *  Sets the power mode for the 32 KHz oscillator used during the sleep mode.
1107          *  Allows for lower power during sleep when there are fewer sources of noise.
C51 COMPILER V9.51   CYLIB                                                                 08/22/2026 15:14:02 PAGE 19  

1108          *  During the active mode the oscillator is always run in the high power mode.
1109          *
1110          *  uint8 mode
1111          *       \param 0: High power mode
1112          *       \param 1: Low power mode during sleep
1113          *
1114          * \return
1115          *  Previous power mode.
1116          *
1117          *******************************************************************************/
1118          uint8 CyXTAL_32KHZ_SetPowerMode(uint8 mode) 
1119          {
1120   1          uint8 state = (0u != (CY_CLK_XTAL32_CR_REG & CY_CLK_XTAL32_CR_LPM)) ? 1u : 0u;
1121   1      
1122   1          CY_CLK_XTAL32_TST_REG = CY_CLK_XTAL32_TST_DEFAULT;
1123   1      
1124   1          if(1u == mode)
1125   1          {
1126   2              /* Low power mode during Sleep */
1127   2              CY_CLK_XTAL32_TR_REG  = CY_CLK_XTAL32_TR_LOW_POWER;
1128   2              CyDelayUs(10u);
1129   2              CY_CLK_XTAL32_CFG_REG = (CY_CLK_XTAL32_CFG_REG & ((uint8)(~CY_CLK_XTAL32_CFG_LP_MASK))) |
1130   2                                      CY_CLK_XTAL32_CFG_LP_LOWPOWER;
1131   2              CyDelayUs(20u);
1132   2              CY_CLK_XTAL32_CR_REG |= CY_CLK_XTAL32_CR_LPM;
1133   2          }
1134   1          else
1135   1          {
1136   2              /* High power mode */
1137   2              CY_CLK_XTAL32_TR_REG  = CY_CLK_XTAL32_TR_HIGH_POWER;
1138   2              CyDelayUs(10u);
1139   2              CY_CLK_XTAL32_CFG_REG = (CY_CLK_XTAL32_CFG_REG & ((uint8)(~CY_CLK_XTAL32_CFG_LP_MASK))) |
1140   2                                      CY_CLK_XTAL32_CFG_LP_DEFAULT;
1141   2              CY_CLK_XTAL32_CR_REG &= ((uint8)(~CY_CLK_XTAL32_CR_LPM));
1142   2          }
1143   1      
1144   1          return(state);
1145   1      }
1146          
1147          
1148          /*******************************************************************************
1149          * Function Name: CyXTAL_Start
1150          ****************************************************************************//**
1151          *
1152          *  Enables the megahertz crystal.
1153          *
1154          *  PSoC 3:
1155          *  Waits until the XERR bit is low (no error) for a millisecond or until the
1156          *  number of milliseconds specified by the wait parameter has expired.
1157          *
1158          *   \param wait: Valid range [0-255].
1159          *   This is the timeout value in milliseconds.
1160          *   The appropriate value is crystal specific.
1161          *
1162          * \return
1163          *   CYRET_SUCCESS - Completed successfully
1164          *   CYRET_TIMEOUT - Timeout occurred without detecting a low value on XERR.
1165          *
1166          * Side Effects and Restrictions:
1167          *  If wait is enabled (non-zero wait). Uses the Fast Timewheel to time the wait.
1168          *  Any other use of the Fast Timewheel (FTW) will be stopped during the period
1169          *  of this function and then restored.
C51 COMPILER V9.51   CYLIB                                                                 08/22/2026 15:14:02 PAGE 20  

1170          *
1171          *  Uses the 100KHz ILO.  If not enabled, this function will enable the 100KHz
1172          *  ILO for the period of this function. No changes to the setup of the ILO,
1173          *  Fast Timewheel, Central Timewheel or Once Per Second interrupt may be made
1174          *  by interrupt routines during the period of this function.
1175          *
1176          *  The current operation of the ILO, Central Timewheel and Once Per Second
1177          *  interrupt are maintained during the operation of this function provided the
1178          *  reading of the Power Manager Interrupt Status Register is only done using the
1179          *  CyPmReadStatus() function.
1180          *
1181          *******************************************************************************/
1182          cystatus CyXTAL_Start(uint8 wait) 
1183          {
1184   1          cystatus status = CYRET_SUCCESS;
1185   1          volatile uint8  timeout = wait;
1186   1          volatile uint8 count;
1187   1          uint8 iloEnableState;
1188   1          uint8 pmTwCfg0Tmp;
1189   1          uint8 pmTwCfg2Tmp;
1190   1      
1191   1      
1192   1          /* Enables MHz crystal oscillator circuit  */
1193   1          CY_CLK_XMHZ_CSR_REG |= CY_CLK_XMHZ_CSR_ENABLE;
1194   1      
1195   1      
1196   1          if(wait > 0u)
1197   1          {
1198   2              /* Save 100 KHz ILO, FTW interval, enable and interrupt enable */
1199   2              iloEnableState = CY_LIB_SLOWCLK_ILO_CR0_REG;
1200   2              pmTwCfg0Tmp = CY_LIB_PM_TW_CFG0_REG;
1201   2              pmTwCfg2Tmp = CY_LIB_PM_TW_CFG2_REG;
1202   2      
1203   2              /* Set 250 us interval */
1204   2              CyPmFtwSetInterval(CY_CLK_XMHZ_FTW_INTERVAL);
1205   2              status = CYRET_TIMEOUT;
1206   2      
1207   2      
1208   2              for( ; timeout > 0u; timeout--)
1209   2              {
1210   3                  /* Read XERR bit to clear it */
1211   3                  (void) CY_CLK_XMHZ_CSR_REG;
1212   3      
1213   3                  /* Wait for 1 millisecond - 4 x 250 us */
1214   3                  for(count = 4u; count > 0u; count--)
1215   3                  {
1216   4                      while(0u == (CY_PM_FTW_INT & CyPmReadStatus(CY_PM_FTW_INT)))
1217   4                      {
1218   5                          /* Wait for FTW interrupt event */
1219   5                      }
1220   4                  }
1221   3      
1222   3      
1223   3                  /*******************************************************************
1224   3                  * High output indicates an oscillator failure.
1225   3                  * Only can be used after a start-up interval (1 ms) is completed.
1226   3                  *******************************************************************/
1227   3                  if(0u == (CY_CLK_XMHZ_CSR_REG & CY_CLK_XMHZ_CSR_XERR))
1228   3                  {
1229   4                      status = CYRET_SUCCESS;
1230   4                      break;
1231   4                  }
C51 COMPILER V9.51   CYLIB                                                                 08/22/2026 15:14:02 PAGE 21  

1232   3              }
1233   2      
1234   2      
1235   2              /* Restore 100 KHz ILO, FTW interval, enable and interrupt enable */
1236   2              if(0u == (iloEnableState & CY_LIB_SLOWCLK_ILO_CR0_EN_100KHZ))
1237   2              {
1238   3                  CyILO_Stop100K();
1239   3              }
1240   2              CY_LIB_PM_TW_CFG0_REG = pmTwCfg0Tmp;
1241   2              CY_LIB_PM_TW_CFG2_REG = pmTwCfg2Tmp;
1242   2          }
1243   1      
1244   1          return(status);
1245   1      }
1246          
1247          
1248          /*******************************************************************************
1249          * Function Name: CyXTAL_Stop
1250          ****************************************************************************//**
1251          *
1252          *  Disables the megahertz crystal oscillator.
1253          *
1254          *******************************************************************************/
1255          void CyXTAL_Stop(void) 
1256          {
1257   1          /* Disable oscillator. */
1258   1          FASTCLK_XMHZ_CSR &= ((uint8)(~XMHZ_CONTROL_ENABLE));
1259   1      }
1260          
1261          
1262          /*******************************************************************************
1263          * Function Name: CyXTAL_EnableErrStatus
1264          ****************************************************************************//**
1265          *
1266          *  Enables the generation of the XERR status bit for the megahertz crystal.
1267          *  This function is not available for PSoC5.
1268          *
1269          *******************************************************************************/
1270          void CyXTAL_EnableErrStatus(void) 
1271          {
1272   1          /* If oscillator has insufficient amplitude, XERR bit will be high. */
1273   1          CY_CLK_XMHZ_CSR_REG &= ((uint8)(~CY_CLK_XMHZ_CSR_XFB));
1274   1      }
1275          
1276          
1277          /*******************************************************************************
1278          * Function Name: CyXTAL_DisableErrStatus
1279          ****************************************************************************//**
1280          *
1281          *  Disables the generation of the XERR status bit for the megahertz crystal.
1282          *  This function is not available for PSoC5.
1283          *
1284          *******************************************************************************/
1285          void CyXTAL_DisableErrStatus(void) 
1286          {
1287   1          /* If oscillator has insufficient amplitude, XERR bit will be high. */
1288   1          CY_CLK_XMHZ_CSR_REG |= CY_CLK_XMHZ_CSR_XFB;
1289   1      }
1290          
1291          
1292          /*******************************************************************************
1293          * Function Name: CyXTAL_ReadStatus
C51 COMPILER V9.51   CYLIB                                                                 08/22/2026 15:14:02 PAGE 22  

1294          ****************************************************************************//**
1295          *
1296          *  Reads the XERR status bit for the megahertz crystal. This status bit is a
1297          *  sticky, clear on read. This function is not available for PSoC5.
1298          *
1299          * \return
1300          *   Status
1301          *    0: No error
1302          *    1: Error
1303          *
1304          *******************************************************************************/
1305          uint8 CyXTAL_ReadStatus(void) 
1306          {
1307   1          /***************************************************************************
1308   1          * High output indicates an oscillator failure. Only use this after a start-up
1309   1          * interval is completed. This can be used for the status and failure recovery.
1310   1          ***************************************************************************/
1311   1          return((0u != (CY_CLK_XMHZ_CSR_REG & CY_CLK_XMHZ_CSR_XERR)) ? 1u : 0u);
1312   1      }
1313          
1314          
1315          /*******************************************************************************
1316          * Function Name: CyXTAL_EnableFaultRecovery
1317          ****************************************************************************//**
1318          *
1319          *  Enables the fault recovery circuit which will switch to the IMO in the case
1320          *  of a fault in the megahertz crystal circuit. The crystal must be up and
1321          *  running with the XERR bit at 0, before calling this function to prevent
1322          *  an immediate fault switchover. This function is not available for PSoC5.
1323          *
1324          *******************************************************************************/
1325          void CyXTAL_EnableFaultRecovery(void) 
1326          {
1327   1          CY_CLK_XMHZ_CSR_REG |= CY_CLK_XMHZ_CSR_XPROT;
1328   1      }
1329          
1330          
1331          /*******************************************************************************
1332          * Function Name: CyXTAL_DisableFaultRecovery
1333          ****************************************************************************//**
1334          *
1335          *  Disables the fault recovery circuit which will switch to the IMO in the case
1336          *  of a fault in the megahertz crystal circuit. This function is not available
1337          *  for PSoC5.
1338          *
1339          *******************************************************************************/
1340          void CyXTAL_DisableFaultRecovery(void) 
1341          {
1342   1          CY_CLK_XMHZ_CSR_REG &= ((uint8)(~CY_CLK_XMHZ_CSR_XPROT));
1343   1      }
1344          
1345          
1346          /*******************************************************************************
1347          * Function Name: CyXTAL_SetStartup
1348          ****************************************************************************//**
1349          *
1350          *  Sets the startup settings for the crystal. The logic model outputs a
1351          *  frequency (setting + 4) MHz when enabled.
1352          *
1353          *  This is artificial as the actual frequency is determined by an attached
1354          *  external crystal.
1355          *
C51 COMPILER V9.51   CYLIB                                                                 08/22/2026 15:14:02 PAGE 23  

1356          *  \param setting: Valid range [0-31].
1357          *   The value is dependent on the frequency and quality of the crystal being
1358          *   used. Refer to the device TRM and datasheet for more information.
1359          *
1360          *******************************************************************************/
1361          void CyXTAL_SetStartup(uint8 setting) 
1362          {
1363   1          CY_CLK_XMHZ_CFG0_REG = (CY_CLK_XMHZ_CFG0_REG & ((uint8)(~CY_CLK_XMHZ_CFG0_XCFG_MASK))) |
1364   1                                 (setting & CY_CLK_XMHZ_CFG0_XCFG_MASK);
1365   1      }
1366          
1367          
1368          
1369          /*******************************************************************************
1370          * Function Name: CyXTAL_SetFbVoltage
1371          ****************************************************************************//**
1372          *
1373          *  Sets the feedback reference voltage to use for the crystal circuit.
1374          *  This function is only available for PSoC3 and PSoC 5LP.
1375          *
1376          *  \param setting: Valid range [0-15].
1377          *  Refer to the device TRM and datasheet for more information.
1378          *
1379          *******************************************************************************/
1380          void CyXTAL_SetFbVoltage(uint8 setting) 
1381          {
1382   1          CY_CLK_XMHZ_CFG1_REG = ((CY_CLK_XMHZ_CFG1_REG & ((uint8)(~CY_CLK_XMHZ_CFG1_VREF_FB_MASK))) |
1383   1                                  (setting & CY_CLK_XMHZ_CFG1_VREF_FB_MASK));
1384   1      }
1385          
1386          
1387          /*******************************************************************************
1388          * Function Name: CyXTAL_SetWdVoltage
1389          ****************************************************************************//**
1390          *
1391          *  Sets the reference voltage used by the watchdog to detect a failure in the
1392          *  crystal circuit. This function is only available for PSoC3 and PSoC 5LP.
1393          *
1394          *  \param setting: Valid range [0-7].
1395          *  Refer to the device TRM and datasheet for more information.
1396          *
1397          *******************************************************************************/
1398          void CyXTAL_SetWdVoltage(uint8 setting) 
1399          {
1400   1          CY_CLK_XMHZ_CFG1_REG = ((CY_CLK_XMHZ_CFG1_REG & ((uint8)(~CY_CLK_XMHZ_CFG1_VREF_WD_MASK))) |
1401   1                                  (((uint8)(setting << 4u)) & CY_CLK_XMHZ_CFG1_VREF_WD_MASK));
1402   1      }
1403          
1404          
1405          /*******************************************************************************
1406          * Function Name: CyHalt
1407          ****************************************************************************//**
1408          *
1409          *  Halts the CPU.
1410          *
1411          *  \param uint8 reason: Value to be used during debugging.
1412          *
1413          *******************************************************************************/
1414          void CyHalt(uint8 reason) CYREENTRANT
1415          {
1416   1          if(0u != reason)
1417   1          {
C51 COMPILER V9.51   CYLIB                                                                 08/22/2026 15:14:02 PAGE 24  

1418   2              /* To remove unreferenced local variable warning */
1419   2          }
1420   1      
1421   1          #if defined (__ARMCC_VERSION)
                      __breakpoint(0x0);
                  #elif defined(__GNUC__) || defined (__ICCARM__)
                      __asm("    bkpt    1");
                  #elif defined(__C51__)
1426   1              CYDEV_HALT_CPU;
1427   1          #endif  /* (__ARMCC_VERSION) */
1428   1      }
1429          
1430          
1431          /*******************************************************************************
1432          * Function Name: CySoftwareReset
1433          ****************************************************************************//**
1434          *
1435          *  Forces a device software reset.
1436          *
1437          *******************************************************************************/
1438          void CySoftwareReset(void) 
1439          {
1440   1          CY_LIB_RESET_CR2_REG |= CY_LIB_RESET_CR2_RESET;
1441   1      }
1442          
1443          
1444          /*******************************************************************************
1445          * Function Name: CyDelay
1446          ****************************************************************************//**
1447          *
1448          *  Blocks for milliseconds.
1449          *
1450          *  Note:
1451          *  CyDelay has been implemented with the instruction cache assumed enabled. When
1452          *  the instruction cache is disabled on PSoC5, CyDelay will be two times larger.
1453          *  For example, with instruction cache disabled CyDelay(100) would result in
1454          *  about 200 ms delay instead of 100 ms.
1455          *
1456          *  \param milliseconds: number of milliseconds to delay.
1457          *
1458          *******************************************************************************/
1459          void CyDelay(uint32 milliseconds) CYREENTRANT
1460          {
1461   1          while (milliseconds > 32768u)
1462   1          {
1463   2              /***********************************************************************
1464   2              * This loop prevents overflow.At 100MHz, milliseconds * delay_freq_khz
1465   2              * overflows at about 42 seconds.
1466   2              ***********************************************************************/
1467   2              CyDelayCycles(cydelay_32k_ms);
1468   2              milliseconds = ((uint32)(milliseconds - 32768u));
1469   2          }
1470   1      
1471   1          CyDelayCycles(milliseconds * cydelay_freq_khz);
1472   1      }
1473          
1474          
1475          #if(!CY_PSOC3)
              
                  /* For PSoC3 devices function is defined in CyBootAsmKeil.a51 file */
              
                  /*******************************************************************************
C51 COMPILER V9.51   CYLIB                                                                 08/22/2026 15:14:02 PAGE 25  

                  * Function Name: CyDelayUs
                  ****************************************************************************//**
                  *
                  *  Blocks for microseconds.
                  *
                  *  Note:
                  *   CyDelay has been implemented with the instruction cache assumed enabled.
                  *   When instruction cache is disabled on PSoC5, CyDelayUs will be two times
                  *   larger. Ex: With instruction cache disabled CyDelayUs(100) would result
                  *   in about 200us delay instead of 100us.
                  *
                  *  \param uint16 microseconds: number of microseconds to delay.
                  *
                  * \sideeffect
                  *  CyDelayUS has been implemented with the instruction cache assumed enabled.
                  *  When the instruction cache is disabled on PSoC 5, CyDelayUs will be two times
                  *  larger. For example, with the instruction cache disabled CyDelayUs(100) would
                  *  result in about 200 us delay instead of 100 us.
                  *
                  *  If the bus clock frequency is a small non-integer number, the actual delay
                  *  can be up to twice as long as the nominal value. The actual delay cannot be
                  *  shorter than the nominal one.
                  *******************************************************************************/
                  void CyDelayUs(uint16 microseconds) CYREENTRANT
                  {
                      CyDelayCycles((uint32)microseconds * cydelay_freq_mhz);
                  }
              
              #endif  /* (!CY_PSOC3) */
1509          
1510          
1511          /*******************************************************************************
1512          * Function Name: CyDelayFreq
1513          ****************************************************************************//**
1514          *
1515          *  Sets the clock frequency for CyDelay.
1516          *
1517          *  \param freq: The frequency of the bus clock in Hertz.
1518          *
1519          *******************************************************************************/
1520          void CyDelayFreq(uint32 freq) CYREENTRANT
1521          {
1522   1          if (freq != 0u)
1523   1          {
1524   2              cydelay_freq_hz = freq;
1525   2          }
1526   1          else
1527   1          {
1528   2              cydelay_freq_hz = BCLK__BUS_CLK__HZ;
1529   2          }
1530   1      
1531   1          cydelay_freq_mhz = (uint8)((cydelay_freq_hz + 999999u) / 1000000u);
1532   1          cydelay_freq_khz = (cydelay_freq_hz + 999u) / 1000u;
1533   1          cydelay_32k_ms   = 32768u * cydelay_freq_khz;
1534   1      }
1535          
1536          
1537          /*******************************************************************************
1538          * Function Name: CyWdtStart
1539          ****************************************************************************//**
1540          *
1541          *  Enables the watchdog timer.
C51 COMPILER V9.51   CYLIB                                                                 08/22/2026 15:14:02 PAGE 26  

1542          *
1543          *  The timer is configured for the specified count interval, the central
1544          *  timewheel is cleared, the setting for the low power mode is configured and
1545          *  the watchdog timer is enabled.
1546          *
1547          *  Once enabled the watchdog cannot be disabled. The watchdog counts each time
1548          *  the Central Time Wheel (CTW) reaches the period specified. The watchdog must
1549          *  be cleared using the CyWdtClear() function before three ticks of the watchdog
1550          *  timer occur. The CTW is free running, so this will occur after between 2 and
1551          *  3 timer periods elapse.
1552          *
1553          *  PSoC5: The watchdog timer should not be used during sleep modes. Since the
1554          *  WDT cannot be disabled after it is enabled, the WDT timeout period can be
1555          *  set to be greater than the sleep wakeup period, then feed the dog on each
1556          *  wakeup from Sleep.
1557          *
1558          *  \param ticks: One of the four available timer periods. Once WDT enabled, the
1559             interval cannot be changed.
1560          *         CYWDT_2_TICKS     -     4 - 6     ms
1561          *         CYWDT_16_TICKS    -    32 - 48    ms
1562          *         CYWDT_128_TICKS   -   256 - 384   ms
1563          *         CYWDT_1024_TICKS  - 2.048 - 3.072 s
1564          *
1565          *  \param lpMode: Low power mode configuration. This parameter is ignored for PSoC 5.
1566          *          The WDT always acts as if CYWDT_LPMODE_NOCHANGE is passed.
1567          *
1568          *          CYWDT_LPMODE_NOCHANGE - No Change
1569          *          CYWDT_LPMODE_MAXINTER - Switch to longest timer mode during low power
1570          *                                 mode
1571          *          CYWDT_LPMODE_DISABLED - Disable WDT during low power mode
1572          *
1573          * \sideeffect
1574          *  PSoC5: The ILO 1 KHz must be enabled for proper WDT operation. Stopping the
1575          *  ILO 1 kHz could break the active WDT functionality.
1576          *
1577          *******************************************************************************/
1578          void CyWdtStart(uint8 ticks, uint8 lpMode) 
1579          {
1580   1          /* Set WDT interval */
1581   1          CY_WDT_CFG_REG = (CY_WDT_CFG_REG & ((uint8)(~CY_WDT_CFG_INTERVAL_MASK))) | (ticks & CY_WDT_CFG_INTERVA
             -L_MASK);
1582   1      
1583   1          /* Reset CTW to ensure that first watchdog period is full */
1584   1          CY_WDT_CFG_REG |= CY_WDT_CFG_CTW_RESET;
1585   1          CY_WDT_CFG_REG &= ((uint8)(~CY_WDT_CFG_CTW_RESET));
1586   1      
1587   1          /* Setting low power mode */
1588   1          CY_WDT_CFG_REG = (((uint8)(lpMode << CY_WDT_CFG_LPMODE_SHIFT)) & CY_WDT_CFG_LPMODE_MASK) |
1589   1                             (CY_WDT_CFG_REG & ((uint8)(~CY_WDT_CFG_LPMODE_MASK)));
1590   1      
1591   1          /* Enables watchdog reset */
1592   1          CY_WDT_CFG_REG |= CY_WDT_CFG_WDR_EN;
1593   1      }
1594          
1595          
1596          /*******************************************************************************
1597          * Function Name: CyWdtClear
1598          ****************************************************************************//**
1599          *
1600          *  Clears (feeds) the watchdog timer.
1601          *
1602          *******************************************************************************/
C51 COMPILER V9.51   CYLIB                                                                 08/22/2026 15:14:02 PAGE 27  

1603          void CyWdtClear(void) 
1604          {
1605   1          CY_WDT_CR_REG = CY_WDT_CR_FEED;
1606   1      }
1607          
1608          
1609          
1610          /*******************************************************************************
1611          * Function Name: CyVdLvDigitEnable
1612          ****************************************************************************//**
1613          *
1614          *  Sets the voltage trip level, enables the output of the digital low-voltage
1615          *  monitor, and optionally configures voltage monitor to reset device upon the
1616          *  low-voltage event instead of generating an interrupt.
1617          *
1618          *  Note The associated interrupt enable/disable state is not changed by the
1619          *  function. The Interrupt component API should be used to register the
1620          *  interrupt service routine and to enable/disable associated interrupt.
1621          *
1622          *  \param reset: Enables device reset on digital low-voltage event:
1623          *   Zero - Interrupt on digital low-voltage event
1624          *   Non-zero - Reset on digital low-voltage event
1625          *
1626          *  \param threshold: Sets the trip point of the digital low-voltage monitoring circuit
1627          *   in steps of approximately 250 mV in range from 1.70 V (0x00) to 5.45 V
1628          *   (0x0F). For example, the trip point is set to 1.80 V when the threshold
1629          *   parameter value is 0x04. Refer to the device TRM for the exact trip voltage
1630          *   values.
1631          *
1632          * Side Effects and Restrictions:
1633          *  The voltage resets are momentary. When a voltage reset (analog/digital
1634          *  low-voltage and analog high-voltage) occurs, the RESET_CR1 and RESET_CR3
1635          *  registers are restored to their default values. This means that the voltage
1636          *  monitor circuit is no longer enabled and the device exits reset. If the
1637          *  supply is below the trip level and firmware enables the voltage reset
1638          *  functionality, the device will reset again. This will continue as long as the
1639          *  supply is below the trip level or as long as the user enables the reset
1640          *  functionality of the voltage monitor functionality.
1641          *
1642          *  When any voltage reset occurs, the RESET_SR0 and RESET_SR2 status registers
1643          *  are cleared. This means that analog low-voltage, digital low-voltage and
1644          *  analog high-voltage status bits are not persistent across any voltage reset.
1645          *
1646          *******************************************************************************/
1647          void CyVdLvDigitEnable(uint8 reset, uint8 threshold) 
1648          {
1649   1          uint32 intRegTmp;
1650   1          uint8 interruptState;
1651   1      
1652   1          interruptState = CyEnterCriticalSection();
1653   1      
1654   1          /* Store interrupt enable state */
1655   1          intRegTmp = CY_INT_ENABLE_REG & CY_VD_INT_MASK;
1656   1      
1657   1          /* Disable VD interrupt (write 1) to protect against glitches */
1658   1          CY_INT_CLEAR_REG = CY_VD_INT_MASK;
1659   1      
1660   1          CY_VD_PRES_CONTROL_REG &= ((uint8)(~CY_VD_PRESD_EN));
1661   1      
1662   1          CY_VD_LVI_TRIP_REG = (threshold & CY_VD_LVI_TRIP_LVID_MASK) |
1663   1                                  (CY_VD_LVI_TRIP_REG & ((uint8)(~CY_VD_LVI_TRIP_LVID_MASK)));
1664   1          CY_VD_LVI_HVI_CONTROL_REG |= CY_VD_LVID_EN;
C51 COMPILER V9.51   CYLIB                                                                 08/22/2026 15:14:02 PAGE 28  

1665   1      
1666   1          /* Timeout to eliminate glitches on LVI/HVI when enabling (ID # 127412) */
1667   1          CyDelayUs(1u);
1668   1      
1669   1          (void) CyVdStickyStatus(CY_VD_LVID);
1670   1      
1671   1          if(0u != reset)
1672   1          {
1673   2              CY_VD_PRES_CONTROL_REG |= CY_VD_PRESD_EN;
1674   2          }
1675   1          else
1676   1          {
1677   2              CY_VD_PRES_CONTROL_REG &= ((uint8)(~CY_VD_PRESD_EN));
1678   2          }
1679   1      
1680   1          /* Clear pending interrupt */
1681   1          CY_INT_CLR_PEND_REG = CY_VD_INT_MASK;
1682   1      
1683   1          /* Restore interrupt enable state */
1684   1          CY_INT_ENABLE_REG = intRegTmp;
1685   1      
1686   1          CyExitCriticalSection(interruptState);
1687   1      }
1688          
1689          
1690          /*******************************************************************************
1691          * Function Name: CyVdLvAnalogEnable
1692          ****************************************************************************//**
1693          *
1694          *  Sets the voltage trip level, enables the output of the analog low-voltage
1695          *  monitor, and optionally configures voltage monitor to reset device upon the
1696          *  low-voltage event instead of generating an interrupt.
1697          *
1698          *  Note The associated interrupt enable/disable state is not changed by the
1699          *  function. The Interrupt component API should be used to register the
1700          *  interrupt service routine and to enable/disable associated interrupt.
1701          *
1702          *  \param reset: Enables device reset on analog low-voltage event:
1703          *  Zero - Interrupt on analog low-voltage event
1704          *  Non-zero - Reset on analog low-voltage event
1705          *
1706          *  \param threshold: Sets the trip point of the analog low-voltage monitoring circuit
1707          *  in steps of approximately 250 mV in range from 1.70 V (0x00) to 5.45 V
1708          *  (0x0F). For example, the trip point is set to 1.80 V when value of the
1709          *  threshold parameter is 0x04. Please refer to the device TRM for the exact
1710          *  trip voltage values.
1711          *
1712          * Side Effects and Restrictions:
1713          *  The voltage resets are momentary. When a voltage reset (analog/digital
1714          *  low-voltage and analog high-voltage) occurs, the RESET_CR1 and RESET_CR3
1715          *  registers are restored to their default values. This means that the voltage
1716          *  monitor circuit is no longer enabled and the device exits reset. If the
1717          *  supply is below the trip level and firmware enables the voltage reset
1718          *  functionality, the device will reset again. This will continue as long as
1719          *  the supply is below the trip level or as long as the user enables the reset
1720          *  functionality of the voltage monitor functionality.
1721          *
1722          *  When any voltage reset occurs, the RESET_SR0 and RESET_SR2 status registers
1723          *  are cleared. This means that analog low-voltage, digital low-voltage and
1724          *  analog high-voltage status bits are not persistent across any voltage reset.
1725          *
1726          *******************************************************************************/
C51 COMPILER V9.51   CYLIB                                                                 08/22/2026 15:14:02 PAGE 29  

1727          void CyVdLvAnalogEnable(uint8 reset, uint8 threshold) 
1728          {
1729   1          uint32 intRegTmp;
1730   1          uint8 interruptState;
1731   1      
1732   1          interruptState = CyEnterCriticalSection();
1733   1      
1734   1          /* Store interrupt enable state */
1735   1          intRegTmp = CY_INT_ENABLE_REG & CY_VD_INT_MASK;
1736   1      
1737   1          /* Disable VD interrupt (write 1) to protect against glitches */
1738   1          CY_INT_CLEAR_REG = CY_VD_INT_MASK;
1739   1      
1740   1          CY_VD_PRES_CONTROL_REG &= ((uint8)(~CY_VD_PRESA_EN));
1741   1      
1742   1          CY_VD_LVI_TRIP_REG = ((uint8)(threshold << 4u)) | (CY_VD_LVI_TRIP_REG & 0x0Fu);
1743   1          CY_VD_LVI_HVI_CONTROL_REG |= CY_VD_LVIA_EN;
1744   1      
1745   1          /* Timeout to eliminate glitches on LVI/HVI when enabling (ID # 127412) */
1746   1          CyDelayUs(1u);
1747   1      
1748   1          (void) CyVdStickyStatus(CY_VD_LVIA);
1749   1      
1750   1          if(0u != reset)
1751   1          {
1752   2              CY_VD_PRES_CONTROL_REG |= CY_VD_PRESA_EN;
1753   2          }
1754   1          else
1755   1          {
1756   2              CY_VD_PRES_CONTROL_REG &= ((uint8)(~CY_VD_PRESA_EN));
1757   2          }
1758   1      
1759   1          /* Clear pending interrupt */
1760   1          CY_INT_CLR_PEND_REG = CY_VD_INT_MASK;
1761   1      
1762   1          /* Restore interrupt enable state */
1763   1          CY_INT_ENABLE_REG = intRegTmp;
1764   1      
1765   1          CyExitCriticalSection(interruptState);
1766   1      }
1767          
1768          
1769          /*******************************************************************************
1770          * Function Name: CyVdLvDigitDisable
1771          ****************************************************************************//**
1772          *
1773          *  Disables the digital low-voltage monitor, turns off device reset upon the
1774          *  digital low-voltage event, and clears the associated persistent status bit.
1775          *
1776          *  Note The associated interrupt enable/disable state is not changed by the
1777          *  function. The pending interrupt status is not cleared. The Interrupt
1778          *  component API should be used to manipulate with the associated interrupts.
1779          *
1780          *******************************************************************************/
1781          void CyVdLvDigitDisable(void) 
1782          {
1783   1          CY_VD_LVI_HVI_CONTROL_REG &= ((uint8)(~CY_VD_LVID_EN));
1784   1          CY_VD_PRES_CONTROL_REG &= ((uint8)(~CY_VD_PRESD_EN));
1785   1          (void) CyVdStickyStatus(CY_VD_LVID);
1786   1      
1787   1          while(0u != (CyVdStickyStatus(CY_VD_LVID) & CY_VD_LVID))
1788   1          {
C51 COMPILER V9.51   CYLIB                                                                 08/22/2026 15:14:02 PAGE 30  

1789   2      
1790   2          }
1791   1      }
1792          
1793          
1794          /*******************************************************************************
1795          * Function Name: CyVdLvAnalogDisable
1796          ****************************************************************************//**
1797          *
1798          *  Disables the analog low-voltage monitor, turns off device reset upon the
1799          *  analog low-voltage event, and clears the associated persistent status bit.
1800          *
1801          *  Note The associated interrupt enable/disable state is not changed by the
1802          *  function. The pending interrupt status is not cleared. The Interrupt
1803          *  component API should be used to manipulate with the associated interrupts.
1804          *
1805          *******************************************************************************/
1806          void CyVdLvAnalogDisable(void) 
1807          {
1808   1          CY_VD_LVI_HVI_CONTROL_REG &= ((uint8)(~CY_VD_LVIA_EN));
1809   1          CY_VD_PRES_CONTROL_REG &= ((uint8)(~CY_VD_PRESA_EN));
1810   1          while(0u != (CyVdStickyStatus(CY_VD_LVIA) & CY_VD_LVIA))
1811   1          {
1812   2      
1813   2          }
1814   1      }
1815          
1816          
1817          /*******************************************************************************
1818          * Function Name: CyVdHvAnalogEnable
1819          ****************************************************************************//**
1820          *
1821          *  Enables the output of the analog high-voltage monitor and sets 5.75 V
1822          *  threshold detection for Vdda.
1823          *
1824          *  Note The associated interrupt enable/disable state is not changed by the
1825          *  function. The Interrupt component API should be used to register the
1826          *  interrupt service routine and to enable/disable associated interrupt.
1827          *
1828          *******************************************************************************/
1829          void CyVdHvAnalogEnable(void) 
1830          {
1831   1          uint32 intRegTmp;
1832   1          uint8 interruptState;
1833   1      
1834   1          interruptState = CyEnterCriticalSection();
1835   1      
1836   1          /* Store interrupt enable state */
1837   1          intRegTmp = CY_INT_ENABLE_REG & CY_VD_INT_MASK;
1838   1      
1839   1          /* Disable VD interrupt (write 1) to protect against glitches */
1840   1          CY_INT_CLEAR_REG = CY_VD_INT_MASK;
1841   1      
1842   1          CY_VD_PRES_CONTROL_REG &= ((uint8)(~CY_VD_PRESA_EN));
1843   1      
1844   1          CY_VD_LVI_HVI_CONTROL_REG |= CY_VD_HVIA_EN;
1845   1      
1846   1          /* Timeout to eliminate glitches on the LVI/HVI when enabling (ID # 127412)  */
1847   1          CyDelayUs(1u);
1848   1      
1849   1          (void) CyVdStickyStatus(CY_VD_HVIA);
1850   1      
C51 COMPILER V9.51   CYLIB                                                                 08/22/2026 15:14:02 PAGE 31  

1851   1          /* Clear pending interrupt */
1852   1          CY_INT_CLR_PEND_REG = CY_VD_INT_MASK;
1853   1      
1854   1          /* Restore interrupt enable state */
1855   1          CY_INT_ENABLE_REG = intRegTmp;
1856   1      
1857   1          CyExitCriticalSection(interruptState);
1858   1      }
1859          
1860          
1861          /*******************************************************************************
1862          * Function Name: CyVdHvAnalogDisable
1863          ****************************************************************************//**
1864          *
1865          *  Disables the analog high-voltage monitor and clears the associated persistent
1866          *  status bit.
1867          *
1868          *  Note The associated interrupt enable/disable state is not changed by the
1869          *  function. The pending interrupt status is not cleared. The Interrupt
1870          *  component API should be used to manipulate with the associated interrupts.
1871          *
1872          *******************************************************************************/
1873          void CyVdHvAnalogDisable(void) 
1874          {
1875   1          CY_VD_LVI_HVI_CONTROL_REG &= ((uint8)(~CY_VD_HVIA_EN));
1876   1          while(0u != (CyVdStickyStatus(CY_VD_HVIA) & CY_VD_HVIA))
1877   1          {
1878   2      
1879   2          }
1880   1      }
1881          
1882          
1883          /*******************************************************************************
1884          * Function Name: CyVdStickyStatus
1885          ****************************************************************************//**
1886          *
1887          *  Reads and clears the voltage detection status bits in the RESET_SR0 register.
1888          *  The bits are set to 1 by the voltage monitor circuit when the supply is
1889          *  outside the detector trip point. They stay set to 1 until they are read or
1890          *  a POR / LVI / PRES reset occurs. This function uses a shadow register, so
1891          *  only the bits passed in the parameter will be cleared in the shadow register.
1892          *
1893          *  \param mask: Bits in the RESET_SR0 shadow register to clear and return.
1894          *   Define                  Definition
1895          *   CY_VD_LVID            Persistent status of digital LVI.
1896          *   CY_VD_LVIA            Persistent status of analog LVI.
1897          *   CY_VD_HVIA            Persistent status of analog HVI.
1898          *
1899          * \return
1900          *  Status. Same enumerated bit values as used for the mask parameter. A zero is
1901          *  returned for bits not used in the mask parameter.
1902          *
1903          * Side Effects and Restrictions:
1904          *  When an LVI reset occurs, the RESET_SR0 status registers are cleared. This
1905          *  means that the voltage detection status bits are not persistent across an LVI
1906          *  reset and cannot be used to determine a reset source.
1907          *
1908          *******************************************************************************/
1909          uint8 CyVdStickyStatus(uint8 mask) 
1910          {
1911   1          static uint8 interruptStatus;
1912   1          uint8 interruptState;
C51 COMPILER V9.51   CYLIB                                                                 08/22/2026 15:14:02 PAGE 32  

1913   1          uint8 tmpStatus;
1914   1      
1915   1          interruptState = CyEnterCriticalSection();
1916   1      
1917   1          interruptStatus |= CY_VD_PERSISTENT_STATUS_REG;
1918   1          tmpStatus = interruptStatus & (uint8)(CY_VD_LVID | CY_VD_LVIA | CY_VD_HVIA);
1919   1          interruptStatus &= ((uint8)(~mask));
1920   1      
1921   1          CyExitCriticalSection(interruptState);
1922   1      
1923   1          return(tmpStatus);
1924   1      }
1925          
1926          
1927          /*******************************************************************************
1928          * Function Name: CyVdRealTimeStatus
1929          ****************************************************************************//**
1930          *
1931          *  Reads the real-time voltage detection status bits in the RESET_SR2 register.
1932          *  The bits are set to 1 by the voltage monitor circuit when the supply is
1933          *  outside the detector’s trip point, and set to 0 when the supply is inside the
1934          *  trip point.
1935          *
1936          * \return
1937          *  Status of the LVID, LVIA, and HVIA bits in the RESET_SR2 register.
1938          *   Define                  Definition
1939          *   CY_VD_LVID            Real-time status of digital LVI.
1940          *   CY_VD_LVIA            Real-time status of analog LVI.
1941          *   CY_VD_HVIA            Real-time status of analog HVI.
1942          *
1943          * Side Effects and Restrictions:
1944          *  When an LVI reset occurs, the RESET_SR2 status registers are cleared. This
1945          *  means that the voltage detection status bits are not persistent across an LVI
1946          *  reset and cannot be used to determine a reset source.
1947          *
1948          *******************************************************************************/
1949          uint8 CyVdRealTimeStatus(void) 
1950          {
1951   1          uint8 interruptState;
1952   1          uint8 vdFlagsState;
1953   1      
1954   1          interruptState = CyEnterCriticalSection();
1955   1          vdFlagsState = CY_VD_RT_STATUS_REG & (CY_VD_LVID | CY_VD_LVIA | CY_VD_HVIA);
1956   1          CyExitCriticalSection(interruptState);
1957   1      
1958   1          return(vdFlagsState);
1959   1      }
1960          
1961          
1962          /*******************************************************************************
1963          * Function Name: CyDisableInts
1964          ****************************************************************************//**
1965          *
1966          *  Disables the interrupt enable for each interrupt.
1967          *
1968          * \return
1969          *  32 bit mask of previously enabled interrupts.
1970          *
1971          *******************************************************************************/
1972          uint32 CyDisableInts(void) 
1973          {
1974   1          uint32 intState;
C51 COMPILER V9.51   CYLIB                                                                 08/22/2026 15:14:02 PAGE 33  

1975   1          uint8 interruptState;
1976   1      
1977   1          interruptState = CyEnterCriticalSection();
1978   1      
1979   1          #if(CY_PSOC3)
1980   1      
1981   1              /* Get the current interrupt state. */
1982   1              intState  = ((uint32) CY_GET_REG8(CY_INT_CLR_EN0_PTR));
1983   1              intState |= ((uint32) (((uint32) CY_GET_REG8(CY_INT_CLR_EN1_PTR)) << 8u));
1984   1              intState |= ((uint32) (((uint32) CY_GET_REG8(CY_INT_CLR_EN2_PTR)) << 16u));
1985   1              intState |= ((uint32) (((uint32) CY_GET_REG8(CY_INT_CLR_EN3_PTR)) << 24u));
1986   1      
1987   1      
1988   1              /* Disable all of the interrupts. */
1989   1              CY_SET_REG8(CY_INT_CLR_EN0_PTR, 0xFFu);
1990   1              CY_SET_REG8(CY_INT_CLR_EN1_PTR, 0xFFu);
1991   1              CY_SET_REG8(CY_INT_CLR_EN2_PTR, 0xFFu);
1992   1              CY_SET_REG8(CY_INT_CLR_EN3_PTR, 0xFFu);
1993   1      
1994   1          #else
              
                      /* Get the current interrupt state. */
                      intState = CY_GET_REG32(CY_INT_CLEAR_PTR);
              
                      /* Disable all of the interrupts. */
                      CY_SET_REG32(CY_INT_CLEAR_PTR, 0xFFFFFFFFu);
              
                  #endif /* (CY_PSOC3) */
2003   1      
2004   1          CyExitCriticalSection(interruptState);
2005   1      
2006   1          return (intState);
2007   1      }
2008          
2009          
2010          /*******************************************************************************
2011          * Function Name: CyEnableInts
2012          ****************************************************************************//**
2013          *
2014          *  Enables interrupts to a given state.
2015          *
2016          *  \param uint32 mask: 32 bit mask of interrupts to enable.
2017          *
2018          *******************************************************************************/
2019          void CyEnableInts(uint32 mask) 
2020          {
2021   1      
2022   1          uint8 interruptState;
2023   1      
2024   1          interruptState = CyEnterCriticalSection();
2025   1      
2026   1          #if(CY_PSOC3)
2027   1      
2028   1              /* Set interrupts as enabled. */
2029   1              CY_SET_REG8(CY_INT_SET_EN3_PTR, ((uint8) (mask >> 24u)));
2030   1              CY_SET_REG8(CY_INT_SET_EN2_PTR, ((uint8) (mask >> 16u)));
2031   1              CY_SET_REG8(CY_INT_SET_EN1_PTR, ((uint8) (mask >> 8u )));
2032   1              CY_SET_REG8(CY_INT_SET_EN0_PTR, ((uint8) (mask )));
2033   1      
2034   1          #else
              
                      CY_SET_REG32(CY_INT_ENABLE_PTR, mask);
C51 COMPILER V9.51   CYLIB                                                                 08/22/2026 15:14:02 PAGE 34  

              
                  #endif /* (CY_PSOC3) */
2039   1      
2040   1          CyExitCriticalSection(interruptState);
2041   1      
2042   1      }
2043          
2044          #if(CY_PSOC5)
              
                  /*******************************************************************************
                  * Function Name: CyFlushCache
                  ****************************************************************************//**
                  *  Call this API after a flash row erase/write operation to invalidate or flush
                  *  any of that particular flash region content already present in the cache.
                  *  After a cache flush operation, any access to that flash region after the
                  *  erase/write operation would reload the cache with the modified data from the
                  *  flash region. If the flash region update involves multiple flash row write
                  *  operations, then the flushing of the cache can be done once at the end of
                  *  the operation as long as the flash data would not be accessed in the middle
                  *  of the multiple row update process. Else, flush the cache after every flash
                  *  row write.
                  *
                  *******************************************************************************/
                  void CyFlushCache(void)
                  {
                      uint8 interruptState;
              
                      /* Save current global interrupt enable and disable it */
                      interruptState = CyEnterCriticalSection();
              
                      /* Fill instruction prefectch unit to insure data integrity */
                      CY_NOP;
                      CY_NOP;
                      CY_NOP;
                      CY_NOP;
                      CY_NOP;
                      CY_NOP;
                      CY_NOP;
                      CY_NOP;
                      CY_NOP;
                      CY_NOP;
                      CY_NOP;
                      CY_NOP;
                      CY_NOP;
                      CY_NOP;
                      CY_NOP;
                      CY_NOP;
              
                      /* All entries in cache are invalidated on next clock cycle. */
                      CY_CACHE_CONTROL_REG |= CY_CACHE_CONTROL_FLUSH;
              
                      /* Once this is executed it's guaranteed the cache has been flushed */
                      (void) CY_CACHE_CONTROL_REG;
              
                      /* Flush the pipeline */
                      CY_SYS_ISB;
              
                      /* Restore global interrupt enable state */
                      CyExitCriticalSection(interruptState);
                  }
              
              
C51 COMPILER V9.51   CYLIB                                                                 08/22/2026 15:14:02 PAGE 35  

                  /*******************************************************************************
                  * Function Name: CyIntSetSysVector
                  ****************************************************************************//**
                  *  Sets the interrupt vector of the specified system interrupt number. System
                  *  interrupts are present only for the ARM platform. These interrupts are for
                  *  SysTick, PendSV and others.
                  *
                  *  \param number: System interrupt number:
                  *    CY_INT_NMI_IRQN                - Non Maskable Interrupt
                  *    CY_INT_HARD_FAULT_IRQN         - Hard Fault Interrupt
                  *    CY_INT_MEM_MANAGE_IRQN         - Memory Management Interrupt
                  *    CY_INT_BUS_FAULT_IRQN          - Bus Fault Interrupt
                  *    CY_INT_USAGE_FAULT_IRQN        - Usage Fault Interrupt
                  *    CY_INT_SVCALL_IRQN             - SV Call Interrupt
                  *    CY_INT_DEBUG_MONITOR_IRQN      - Debug Monitor Interrupt
                  *    CY_INT_PEND_SV_IRQN            - Pend SV Interrupt
                  *    CY_INT_SYSTICK_IRQN            - System Tick Interrupt
                  *
                  *  \param address: Pointer to an interrupt service routine.
                  *
                  * \return
                  *   The old ISR vector at this location.
                  *
                  *******************************************************************************/
                  cyisraddress CyIntSetSysVector(uint8 number, cyisraddress address)
                  {
                      cyisraddress oldIsr;
                      cyisraddress *ramVectorTable = *CY_INT_VECT_TABLE;
              
                      CYASSERT(number <= CY_INT_SYS_NUMBER_MAX);
              
                      /* Save old Interrupt service routine. */
                      oldIsr = ramVectorTable[number & CY_INT_SYS_NUMBER_MASK];
              
                      /* Set new Interrupt service routine. */
                      ramVectorTable[number & CY_INT_SYS_NUMBER_MASK] = address;
              
                      return (oldIsr);
                  }
              
              
                  /*******************************************************************************
                  * Function Name: CyIntGetSysVector
                  ****************************************************************************//**
                  *
                  *  Gets the interrupt vector of the specified system interrupt number. System
                  *  interrupts are present only for the ARM platform. These interrupts are for
                  *  SysTick, PendSV and others.
                  *
                  *  \param number: System interrupt number:
                  *    CY_INT_NMI_IRQN                - Non Maskable Interrupt
                  *    CY_INT_HARD_FAULT_IRQN         - Hard Fault Interrupt
                  *    CY_INT_MEMORY_MANAGEMENT_IRQN  - Memory Management Interrupt
                  *    CY_INT_BUS_FAULT_IRQN          - Bus Fault Interrupt
                  *    CY_INT_USAGE_FAULT_IRQN        - Usage Fault Interrupt
                  *    CY_INT_SVCALL_IRQN             - SV Call Interrupt
                  *    CY_INT_DEBUG_MONITOR_IRQN      - Debug Monitor Interrupt
                  *    CY_INT_PEND_SV_IRQN            - Pend SV Interrupt
                  *    CY_INT_SYSTICK_IRQN            - System Tick Interrupt
                  *
                  * \return
                  *   Address of the ISR in the interrupt vector table.
C51 COMPILER V9.51   CYLIB                                                                 08/22/2026 15:14:02 PAGE 36  

                  *
                  *******************************************************************************/
                  cyisraddress CyIntGetSysVector(uint8 number)
                  {
                      cyisraddress *ramVectorTable = *CY_INT_VECT_TABLE;
                      CYASSERT(number <= CY_INT_SYS_NUMBER_MAX);
              
                      return ramVectorTable[number & CY_INT_SYS_NUMBER_MASK];
                  }
              
              
                  /*******************************************************************************
                  * Function Name: CyIntSetVector
                  ****************************************************************************//**
                  *
                  *  Sets the interrupt vector of the specified interrupt number.
                  *
                  *  \param number: Valid range [0-31].  Interrupt number
                  *  \param address: Pointer to an interrupt service routine
                  *
                  * \return
                  *   Previous interrupt vector value.
                  *
                  *******************************************************************************/
                  cyisraddress CyIntSetVector(uint8 number, cyisraddress address)
                  {
                      cyisraddress oldIsr;
                      cyisraddress *ramVectorTable = *CY_INT_VECT_TABLE;
              
                      CYASSERT(number <= CY_INT_NUMBER_MAX);
              
                      /* Save old Interrupt service routine. */
                      oldIsr = ramVectorTable[CY_INT_IRQ_BASE + (number & CY_INT_NUMBER_MASK)];
              
                      /* Set new Interrupt service routine. */
                      ramVectorTable[CY_INT_IRQ_BASE + (number & CY_INT_NUMBER_MASK)] = address;
              
                      return (oldIsr);
                  }
              
              
                  /*******************************************************************************
                  * Function Name: CyIntGetVector
                  ****************************************************************************//**
                  *
                  *  Gets the interrupt vector of the specified interrupt number.
                  *
                  *  \param number: Valid range [0-31].  Interrupt number
                  *
                  * \return
                  *  The address of the ISR in the interrupt vector table.
                  *
                  *******************************************************************************/
                  cyisraddress CyIntGetVector(uint8 number)
                  {
                      cyisraddress *ramVectorTable = *CY_INT_VECT_TABLE;
                      CYASSERT(number <= CY_INT_NUMBER_MAX);
              
                      return (ramVectorTable[CY_INT_IRQ_BASE + (number & CY_INT_NUMBER_MASK)]);
                  }
              
              
C51 COMPILER V9.51   CYLIB                                                                 08/22/2026 15:14:02 PAGE 37  

                  /*******************************************************************************
                  * Function Name: CyIntSetPriority
                  ****************************************************************************//**
                  *
                  *  Sets the Priority of the Interrupt.
                  *
                  *  \param priority: Priority of the interrupt. 0 - 7, 0 being the highest.
                  *  \param number: The number of the interrupt, 0 - 31.
                  *
                  *******************************************************************************/
                  void CyIntSetPriority(uint8 number, uint8 priority)
                  {
                      CYASSERT(priority <= CY_INT_PRIORITY_MAX);
                      CYASSERT(number <= CY_INT_NUMBER_MAX);
                      CY_INT_PRIORITY_PTR[number & CY_INT_NUMBER_MASK] = (priority & CY_INT_PRIORITY_MASK)<< 5;
                  }
              
              
                  /*******************************************************************************
                  * Function Name: CyIntGetPriority
                  ****************************************************************************//**
                  *
                  *  Gets the Priority of the Interrupt.
                  *
                  *  \param number: The number of the interrupt, 0 - 31.
                  *
                  * \return
                  *  Priority of the interrupt. 0 - 7, 0 being the highest.
                  *
                  *******************************************************************************/
                  uint8 CyIntGetPriority(uint8 number)
                  {
                      uint8 priority;
              
                      CYASSERT(number <= CY_INT_NUMBER_MAX);
              
                      priority = CY_INT_PRIORITY_PTR[number & CY_INT_NUMBER_MASK] >> 5;
              
                      return (priority);
                  }
              
              
                  /*******************************************************************************
                  * Function Name: CyIntGetState
                  ****************************************************************************//**
                  *
                  *   Gets the enable state of the specified interrupt number.
                  *
                  *   \param number: Valid range [0-31].  Interrupt number.
                  *
                  * \return
                  *   Enable status: 1 if enabled, 0 if disabled
                  *
                  *******************************************************************************/
                  uint8 CyIntGetState(uint8 number)
                  {
                      reg32 * stateReg;
              
                      CYASSERT(number <= CY_INT_NUMBER_MAX);
              
                      /* Get pointer to Interrupt enable register. */
                      stateReg = CY_INT_ENABLE_PTR;
C51 COMPILER V9.51   CYLIB                                                                 08/22/2026 15:14:02 PAGE 38  

              
                      /* Get state of interrupt. */
                      return (0u != (*stateReg & (((uint32) 1u) << (0x1Fu & number)))) ? ((uint8)(1u)) : ((uint8)(0u));
                  }
              
              
              #else   /* PSoC3 */
2292          
2293              /*******************************************************************************
2294              * Function Name: IntDefaultHandler
2295              ****************************************************************************//**
2296              *
2297              *  This function is called for all interrupts, other than a reset that gets
2298              *  called before the system is setup.
2299              *
2300              * Theory:
2301              *  Any value other than zero is acceptable.
2302              *
2303              *******************************************************************************/
2304              CY_ISR(IntDefaultHandler)
2305              {
2306   1              #ifdef CY_BOOT_INT_DEFAULT_HANDLER_EXCEPTION_ENTRY_CALLBACK
                          CyBoot_IntDefaultHandler_Exception_EntryCallback();
                      #endif /* CY_BOOT_INT_DEFAULT_HANDLER_EXCEPTION_ENTRY_CALLBACK */
2309   1      
2310   1              while(1)
2311   1              {
2312   2                  /***********************************************************************
2313   2                  * We must not get here. If we do, a serious problem occurs, so go
2314   2                  * into an infinite loop.
2315   2                  ***********************************************************************/
2316   2              }
2317   1          }
2318          
2319          
2320              /*******************************************************************************
2321              * Function Name: IntDefaultHandler
2322              ****************************************************************************//**
2323              *
2324              *  This function is called during startup to initialize interrupt address vector
2325              *  registers with the address of the IntDefaultHandler().
2326              *
2327              *******************************************************************************/
2328              void CyIntInitVectors(void) 
2329              {
2330   1              uint8 i;
2331   1      
2332   1              for (i = 0; i <= CY_INT_NUMBER_MAX; i++)
2333   1              {
2334   2                  CY_SET_REG16(&CY_INT_VECT_TABLE[i], (uint16) &IntDefaultHandler);
2335   2              }
2336   1          }
2337          
2338          
2339              /*******************************************************************************
2340              * Function Name: CyIntSetVector
2341              ****************************************************************************//**
2342              *
2343              *  Sets the interrupt vector of the specified interrupt number.
2344              *
2345              *  \param number:  Valid range [0-31].  Interrupt number
2346              *  \param address: Pointer to an interrupt service routine
C51 COMPILER V9.51   CYLIB                                                                 08/22/2026 15:14:02 PAGE 39  

2347              *
2348              * \return
2349              *  Previous interrupt vector value.
2350              *
2351              *******************************************************************************/
2352              cyisraddress CyIntSetVector(uint8 number, cyisraddress address) 
2353              {
2354   1              cyisraddress oldIsr;
2355   1      
2356   1              CYASSERT(number <= CY_INT_NUMBER_MAX);
2357   1      
2358   1              /* Save old Interrupt service routine. */
2359   1              oldIsr = (cyisraddress) \
2360   1                          CY_GET_REG16(&CY_INT_VECT_TABLE[number & CY_INT_NUMBER_MASK]);
2361   1      
2362   1              /* Set new Interrupt service routine. */
2363   1              CY_SET_REG16(&CY_INT_VECT_TABLE[number], (uint16) address);
2364   1      
2365   1              return (oldIsr);
2366   1          }
2367          
2368          
2369              /*******************************************************************************
2370              * Function Name: CyIntGetVector
2371              ****************************************************************************//**
2372              *
2373              *  Gets the interrupt vector of the specified interrupt number.
2374              *
2375              *  \param number: Valid range [0-31].  Interrupt number
2376              *
2377              * \return
2378              *  Address of the ISR in the interrupt vector table.
2379              *
2380              *******************************************************************************/
2381              cyisraddress CyIntGetVector(uint8 number) 
2382              {
2383   1              CYASSERT(number <= CY_INT_NUMBER_MAX);
2384   1      
2385   1              return ((cyisraddress) \
2386   1                      CY_GET_REG16(&CY_INT_VECT_TABLE[number & CY_INT_NUMBER_MASK]));
2387   1          }
2388          
2389          
2390              /*******************************************************************************
2391              * Function Name: CyIntSetPriority
2392              ****************************************************************************//**
2393              *
2394              *  Sets the Priority of the Interrupt.
2395              *
2396              *  \param priority: Priority of the interrupt. 0 - 7, 0 being the highest.
2397              *  \param number:   The number of the interrupt, 0 - 31.
2398              *
2399              *******************************************************************************/
2400              void CyIntSetPriority(uint8 number, uint8 priority) 
2401              {
2402   1              CYASSERT(priority <= CY_INT_PRIORITY_MAX);
2403   1      
2404   1              CYASSERT(number <= CY_INT_NUMBER_MAX);
2405   1      
2406   1              CY_INT_PRIORITY_PTR[number & CY_INT_NUMBER_MASK] =
2407   1                          (priority & CY_INT_PRIORITY_MASK) << 5;
2408   1          }
C51 COMPILER V9.51   CYLIB                                                                 08/22/2026 15:14:02 PAGE 40  

2409          
2410          
2411              /*******************************************************************************
2412              * Function Name: CyIntGetPriority
2413              ****************************************************************************//**
2414              *
2415              *  Gets the Priority of the Interrupt.
2416              *
2417              *  \param number: The number of the interrupt, 0 - 31.
2418              *
2419              * \return
2420              *  Priority of the interrupt. 0 - 7, 0 being the highest.
2421              *
2422              *******************************************************************************/
2423              uint8 CyIntGetPriority(uint8 number) 
2424              {
2425   1              uint8 priority;
2426   1      
2427   1              CYASSERT(number <= CY_INT_NUMBER_MAX);
2428   1      
2429   1              priority = CY_INT_PRIORITY_PTR[number & CY_INT_NUMBER_MASK] >> 5;
2430   1      
2431   1              return (priority);
2432   1          }
2433          
2434          
2435              /*******************************************************************************
2436              * Function Name: CyIntGetState
2437              ****************************************************************************//**
2438              *
2439              *   Gets the enable state of the specified interrupt number.
2440              *
2441              *   \param number: Valid range [0-31].  Interrupt number.
2442              *
2443              * \return
2444              *   Enable status: 1 if enabled, 0 if disabled
2445              *
2446              *******************************************************************************/
2447              uint8 CyIntGetState(uint8 number) 
2448              {
2449   1              reg8 * stateReg;
2450   1      
2451   1              CYASSERT(number <= CY_INT_NUMBER_MAX);
2452   1      
2453   1              /* Get pointer to Interrupt enable register. */
2454   1              stateReg = CY_INT_ENABLE_PTR + ((number & CY_INT_NUMBER_MASK) >> 3u);
2455   1      
2456   1              /* Get state of interrupt. */
2457   1              return ((0u != (*stateReg & ((uint8)(1u << (0x07u & number))))) ? ((uint8)(1u)) : ((uint8)(0u)));
2458   1          }
2459          
2460          #endif  /* (CY_PSOC5) */
2461          
2462          
2463          #if(CYDEV_VARIABLE_VDDA == 1)
              
                  /*******************************************************************************
                  * Function Name: CySetScPumps
                  ****************************************************************************//**
                  *
                  *  If 1 is passed as a parameter:
                  *   - if any of the SC blocks are used - enable pumps for the SC blocks and
C51 COMPILER V9.51   CYLIB                                                                 08/22/2026 15:14:02 PAGE 41  

                  *     start boost clock.
                  *   - For each enabled SC block set a boost clock index and enable the boost
                  *     clock.
                  *
                  *  If non-1 value is passed as a parameter:
                  *   - If all SC blocks are not used - disable pumps for the SC blocks and
                  *     stop the boost clock.
                  *   - For each enabled SC block clear the boost clock index and disable the
                  *     boost clock.
                  *
                  *  The global variable CyScPumpEnabled is updated to be equal to passed the
                  *  parameter.
                  *
                  *   \param uint8 enable: Enable/disable SC pumps and the boost clock for the enabled
                  *                 \param SC block:
                  *                 1 - Enable
                  *                 0 - Disable
                  *
                  *******************************************************************************/
                  void CySetScPumps(uint8 enable) 
                  {
                      if(1u == enable)
                      {
                          /* The SC pumps should be enabled */
                          CyScPumpEnabled = 1u;
                          /* Enable pumps if any of SC blocks are used */
                          if(0u != (CY_LIB_ACT_CFG9_REG & CY_LIB_ACT_CFG9_SWCAPS_MASK))
                          {
                              CY_LIB_SC_MISC_REG |= CY_LIB_SC_MISC_PUMP_FORCE;
                              CyScBoostClk_Start();
                          }
                          /* Set positive pump for each enabled SC block: set clock index and enable it */
                          if(0u != (CY_LIB_ACT_CFG9_REG & CY_LIB_ACT_CFG9_SWCAP0_EN))
                          {
                              CY_LIB_SC0_BST_REG = (CY_LIB_SC0_BST_REG & CY_LIB_SC_BST_CLK_INDEX_MASK) | CyScBoostClk__I
             -NDEX;
                              CY_LIB_SC0_BST_REG |= CY_LIB_SC_BST_CLK_EN;
                          }
                          if(0u != (CY_LIB_ACT_CFG9_REG & CY_LIB_ACT_CFG9_SWCAP1_EN))
                          {
                              CY_LIB_SC1_BST_REG = (CY_LIB_SC1_BST_REG & CY_LIB_SC_BST_CLK_INDEX_MASK) | CyScBoostClk__I
             -NDEX;
                              CY_LIB_SC1_BST_REG |= CY_LIB_SC_BST_CLK_EN;
                          }
                          if(0u != (CY_LIB_ACT_CFG9_REG & CY_LIB_ACT_CFG9_SWCAP2_EN))
                          {
                              CY_LIB_SC2_BST_REG = (CY_LIB_SC2_BST_REG & CY_LIB_SC_BST_CLK_INDEX_MASK) | CyScBoostClk__I
             -NDEX;
                              CY_LIB_SC2_BST_REG |= CY_LIB_SC_BST_CLK_EN;
                          }
                          if(0u != (CY_LIB_ACT_CFG9_REG & CY_LIB_ACT_CFG9_SWCAP3_EN))
                          {
                              CY_LIB_SC3_BST_REG = (CY_LIB_SC3_BST_REG & CY_LIB_SC_BST_CLK_INDEX_MASK) | CyScBoostClk__I
             -NDEX;
                              CY_LIB_SC3_BST_REG |= CY_LIB_SC_BST_CLK_EN;
                          }
                      }
                      else
                      {
                          /* The SC pumps should be disabled */
                          CyScPumpEnabled = 0u;
                          /* Disable pumps for all SC blocks and stop boost clock */
C51 COMPILER V9.51   CYLIB                                                                 08/22/2026 15:14:02 PAGE 42  

                          CY_LIB_SC_MISC_REG &= ((uint8)(~CY_LIB_SC_MISC_PUMP_FORCE));
                          CyScBoostClk_Stop();
                          /* Disable boost clock and clear clock index for each SC block */
                          CY_LIB_SC0_BST_REG &= ((uint8)(~CY_LIB_SC_BST_CLK_EN));
                          CY_LIB_SC0_BST_REG = CY_LIB_SC0_BST_REG & CY_LIB_SC_BST_CLK_INDEX_MASK;
                          CY_LIB_SC1_BST_REG &= ((uint8)(~CY_LIB_SC_BST_CLK_EN));
                          CY_LIB_SC1_BST_REG = CY_LIB_SC1_BST_REG & CY_LIB_SC_BST_CLK_INDEX_MASK;
                          CY_LIB_SC2_BST_REG &= ((uint8)(~CY_LIB_SC_BST_CLK_EN));
                          CY_LIB_SC2_BST_REG = CY_LIB_SC2_BST_REG & CY_LIB_SC_BST_CLK_INDEX_MASK;
                          CY_LIB_SC3_BST_REG &= ((uint8)(~CY_LIB_SC_BST_CLK_EN));
                          CY_LIB_SC3_BST_REG = CY_LIB_SC3_BST_REG & CY_LIB_SC_BST_CLK_INDEX_MASK;
                      }
                  }
              
              #endif  /* (CYDEV_VARIABLE_VDDA == 1) */
2544          
2545          
2546          #if(CY_PSOC5)
                  /*******************************************************************************
                  * Function Name: CySysTickStart
                  ****************************************************************************//**
                  *
                  *  Configures the SysTick timer to generate interrupt every 1 ms by call to the
                  *  CySysTickInit() function and starts it by calling CySysTickEnable() function.
                  *  Refer to the corresponding function description for the details.
              
                  * \sideeffect
                  *  Clears SysTick count flag if it was set
                  *
                  *******************************************************************************/
                  void CySysTickStart(void)
                  {
                      if (0u == CySysTickInitVar)
                      {
                          CySysTickInit();
                          CySysTickInitVar = 1u;
                      }
              
                      CySysTickEnable();
                  }
              
              
                  /*******************************************************************************
                  * Function Name: CySysTickInit
                  ****************************************************************************//**
                  *
                  *  Initializes the callback addresses with pointers to NULL, associates the
                  *  SysTick system vector with the function that is responsible for calling
                  *  registered callback functions, configures SysTick timer to generate interrupt
                  * every 1 ms.
                  *
                  * \sideeffect
                  *  Clears SysTick count flag if it was set.
                  *
                  *  The 1 ms interrupt interval is configured based on the frequency determined
                  *  by PSoC Creator at build time. If System clock frequency is changed in
                  *  runtime, the CyDelayFreq() with the appropriate parameter should be called.
                  *
                  *******************************************************************************/
                  void CySysTickInit(void)
                  {
                      uint32 i;
C51 COMPILER V9.51   CYLIB                                                                 08/22/2026 15:14:02 PAGE 43  

              
                      for (i = 0u; i<CY_SYS_SYST_NUM_OF_CALLBACKS; i++)
                      {
                          CySysTickCallbacks[i] = (void *) 0;
                      }
              
                      (void) CyIntSetSysVector(CY_INT_SYSTICK_IRQN, &CySysTickServiceCallbacks);
                      CySysTickSetClockSource(CY_SYS_SYST_CSR_CLK_SRC_SYSCLK);
                      CySysTickSetReload(cydelay_freq_hz/1000u);
                      CySysTickClear();
                      CyIntEnable(CY_INT_SYSTICK_IRQN);
                  }
              
              
                  /*******************************************************************************
                  * Function Name: CySysTickEnable
                  ****************************************************************************//**
                  *
                  *  Enables the SysTick timer and its interrupt.
                  *
                  * \sideeffect
                  *  Clears SysTick count flag if it was set
                  *
                  *******************************************************************************/
                  void CySysTickEnable(void)
                  {
                      CySysTickEnableInterrupt();
                      CY_SYS_SYST_CSR_REG |= CY_SYS_SYST_CSR_ENABLE;
                  }
              
              
                  /*******************************************************************************
                  * Function Name: CySysTickStop
                  ****************************************************************************//**
                  *
                  *  Stops the system timer (SysTick).
                  *
                  * \sideeffect
                  *  Clears SysTick count flag if it was set
                  *
                  *******************************************************************************/
                  void CySysTickStop(void)
                  {
                      CY_SYS_SYST_CSR_REG &= ((uint32) ~(CY_SYS_SYST_CSR_ENABLE));
                  }
              
              
                  /*******************************************************************************
                  * Function Name: CySysTickEnableInterrupt
                  ****************************************************************************//**
                  *
                  *  Enables the SysTick interrupt.
                  *
                  * \sideeffect
                  *  Clears SysTick count flag if it was set
                  *
                  *******************************************************************************/
                  void CySysTickEnableInterrupt(void)
                  {
                      CY_SYS_SYST_CSR_REG |= CY_SYS_SYST_CSR_ENABLE_INT;
                  }
              
C51 COMPILER V9.51   CYLIB                                                                 08/22/2026 15:14:02 PAGE 44  

              
                  /*******************************************************************************
                  * Function Name: CySysTickDisableInterrupt
                  ****************************************************************************//**
                  *
                  *  Disables the SysTick interrupt.
                  *
                  * \sideeffect
                  *  Clears SysTick count flag if it was set
                  *
                  *******************************************************************************/
                  void CySysTickDisableInterrupt(void)
                  {
                      CY_SYS_SYST_CSR_REG &= ((uint32) ~(CY_SYS_SYST_CSR_ENABLE_INT));
                  }
              
              
                  /*******************************************************************************
                  * Function Name: CySysTickSetReload
                  ****************************************************************************//**
                  *
                  *  Sets value the counter is set to on startup and after it reaches zero. This
                  *  function do not change or reset current sysTick counter value, so it should
                  *  be cleared using CySysTickClear() API.
                  *
                  *  \param value: Valid range [0x0-0x00FFFFFF]. Counter reset value.
                  *
                  *******************************************************************************/
                  void CySysTickSetReload(uint32 value)
                  {
                      CY_SYS_SYST_RVR_REG = (value & CY_SYS_SYST_RVR_CNT_MASK);
                  }
              
              
                  /*******************************************************************************
                  * Function Name: CySysTickGetReload
                  ****************************************************************************//**
                  *
                  *  Sets value the counter is set to on startup and after it reaches zero.
                  *
                  * \return
                  *  Counter reset value
                  *
                  *******************************************************************************/
                  uint32 CySysTickGetReload(void)
                  {
                      return(CY_SYS_SYST_RVR_REG & CY_SYS_SYST_RVR_CNT_MASK);
                  }
              
              
                  /*******************************************************************************
                  * Function Name: CySysTickGetValue
                  ****************************************************************************//**
                  *
                  *  Gets current SysTick counter value.
                  *
                  * \return
                  *  Current SysTick counter value
                  *
                  *******************************************************************************/
                  uint32 CySysTickGetValue(void)
                  {
C51 COMPILER V9.51   CYLIB                                                                 08/22/2026 15:14:02 PAGE 45  

                      return(CY_SYS_SYST_CVR_REG & CY_SYS_SYST_CVR_CNT_MASK);
                  }
              
              
                  /*******************************************************************************
                  * Function Name: CySysTickSetClockSource
                  ****************************************************************************//**
                  *
                  *  Sets the clock source for the SysTick counter.
                  *
                  *  \param clockSource: Clock source for SysTick counter
                  *         Define                     Clock Source
                  *   CY_SYS_SYST_CSR_CLK_SRC_SYSCLK     SysTick is clocked by CPU clock.
                  *   CY_SYS_SYST_CSR_CLK_SRC_LFCLK      SysTick is clocked by the low frequency
                  *                                      clock (ILO 100 KHz for PSoC 5LP, and
                  *                                      LFCLK for PSoC 4).
                  *
                  * \sideeffect
                  *  Clears SysTick count flag if it was set. If clock source is not ready this
                  *  function call will have no effect. After changing clock source to the low
                  *  frequency clock the counter and reload register values will remain unchanged
                  *  so time to the interrupt will be significantly bigger and vice versa.
                  *
                  *******************************************************************************/
                  void CySysTickSetClockSource(uint32 clockSource)
                  {
                      if (clockSource == CY_SYS_SYST_CSR_CLK_SRC_SYSCLK)
                      {
                          CY_SYS_SYST_CSR_REG |= (uint32)(CY_SYS_SYST_CSR_CLK_SRC_SYSCLK << CY_SYS_SYST_CSR_CLK_SOURCE_S
             -HIFT);
                      }
                      else
                      {
                          CY_SYS_SYST_CSR_REG &= ((uint32) ~((uint32)(CY_SYS_SYST_CSR_CLK_SRC_SYSCLK << CY_SYS_SYST_CSR_
             -CLK_SOURCE_SHIFT)));
                      }
                  }
              
              
                  /*******************************************************************************
                  * Function Name: CySysTickGetCountFlag
                  ****************************************************************************//**
                  *
                  *  The count flag is set once SysTick counter reaches zero.
                  *   The flag cleared on read.
                  *
                  * \return
                  *  Returns non-zero value if flag is set, otherwise zero is returned.
                  *
                  *
                  * \sideeffect
                  *  Clears SysTick count flag if it was set.
                  *
                  *******************************************************************************/
                  uint32 CySysTickGetCountFlag(void)
                  {
                      return ((CY_SYS_SYST_CSR_REG >> CY_SYS_SYST_CSR_COUNTFLAG_SHIFT) & 0x01u);
                  }
              
              
                  /*******************************************************************************
                  * Function Name: CySysTickClear
C51 COMPILER V9.51   CYLIB                                                                 08/22/2026 15:14:02 PAGE 46  

                  ****************************************************************************//**
                  *
                  *  Clears the SysTick counter for well-defined startup.
                  *
                  *******************************************************************************/
                  void CySysTickClear(void)
                  {
                      CY_SYS_SYST_CVR_REG = 0u;
                  }
              
              
                  /*******************************************************************************
                  * Function Name: CySysTickSetCallback
                  ****************************************************************************//**
                  *
                  *  This function allows up to five user-defined interrupt service routine
                  *  functions to be associated with the SysTick interrupt. These are specified
                  *  through the use of pointers to the function.
                  *
                  *  To set a custom callback function without the overhead of the system provided
                  *  one, use CyIntSetSysVector(CY_INT_SYSTICK_IRQN, cyisraddress <address>),
                  *  where <address> is address of the custom defined interrupt service routine.
                  *  Note: a custom callback function overrides the system defined callback
                  *  functions.
                  *
                  *  \param number: The number of the callback function addresses to be set. The valid
                  *          range is from 0 to 4.
                  *
                  *  void(*CallbackFunction(void): A pointer to the function that will be
                  *                                associated with the SysTick ISR for the
                  *                                specified number.
                  *
                  * \return
                  *  Returns the address of the previous callback function.
                  *  The NULL is returned if the specified address in not set.
                  *
                  * \sideeffect
                  *  The registered callback functions will be executed in the interrupt.
                  *
                  *******************************************************************************/
                  cySysTickCallback CySysTickSetCallback(uint32 number, cySysTickCallback function)
                  {
                      cySysTickCallback retVal;
              
                      retVal = CySysTickCallbacks[number];
                      CySysTickCallbacks[number] = function;
                      return (retVal);
                  }
              
              
                  /*******************************************************************************
                  * Function Name: CySysTickGetCallback
                  ****************************************************************************//**
                  *
                  *  The function get the specified callback pointer.
                  *
                  *  \param number: The number of callback function address to get. The valid
                  *          range is from 0 to 4.
                  *
                  * \return
                  *  Returns the address of the specified callback function.
                  *  The NULL is returned if the specified address in not initialized.
C51 COMPILER V9.51   CYLIB                                                                 08/22/2026 15:14:02 PAGE 47  

                  *
                  *******************************************************************************/
                  cySysTickCallback CySysTickGetCallback(uint32 number)
                  {
                      return ((cySysTickCallback) CySysTickCallbacks[number]);
                  }
              
              
                  /*******************************************************************************
                  * Function Name: CySysTickServiceCallbacks
                  ****************************************************************************//**
                  *
                  *  System Tick timer interrupt routine
                  *
                  *******************************************************************************/
                  static void CySysTickServiceCallbacks(void)
                  {
                      uint32 i;
              
                      /* Verify that tick timer flag was set */
                      if (1u == CySysTickGetCountFlag())
                      {
                          for (i=0u; i < CY_SYS_SYST_NUM_OF_CALLBACKS; i++)
                          {
                              if (CySysTickCallbacks[i] != (void *) 0)
                              {
                                  (void)(CySysTickCallbacks[i])();
                              }
                          }
                      }
                  }
              #endif /* (CY_PSOC5) */
2869          
2870          
2871          /*******************************************************************************
2872          * Function Name: CyGetUniqueId
2873          ****************************************************************************//**
2874          *
2875          *  Returns the 64-bit unique ID of the device. The uniqueness of the number is
2876          *  guaranteed for 10 years due to the die lot number having a cycle life of 10
2877          *  years and even after 10 years, the probability of getting two identical
2878          *  numbers is very small.
2879          *
2880          *  \param uniqueId: The pointer to a two element 32-bit unsigned integer array. Returns
2881          *  the 64-bit unique ID of the device by loading them into the integer array
2882          *  pointed to by uniqueId.
2883          *
2884          *******************************************************************************/
2885          void CyGetUniqueId(uint32* uniqueId)
2886          {
2887   1      #if(CY_PSOC4)
                  uniqueId[0u]  =  (uint32)(* (reg8 *) CYREG_SFLASH_DIE_LOT0  );
                  uniqueId[0u] |= ((uint32)(* (reg8 *) CYREG_SFLASH_DIE_LOT1  ) <<  8u);
                  uniqueId[0u] |= ((uint32)(* (reg8 *) CYREG_SFLASH_DIE_LOT2  ) << 16u);
                  uniqueId[0u] |= ((uint32)(* (reg8 *) CYREG_SFLASH_DIE_WAFER ) << 24u);
              
                  uniqueId[1u]  =  (uint32)(* (reg8 *) CYREG_SFLASH_DIE_X     );
                  uniqueId[1u] |= ((uint32)(* (reg8 *) CYREG_SFLASH_DIE_Y     ) <<  8u);
                  uniqueId[1u] |= ((uint32)(* (reg8 *) CYREG_SFLASH_DIE_SORT  ) << 16u);
                  uniqueId[1u] |= ((uint32)(* (reg8 *) CYREG_SFLASH_DIE_MINOR ) << 24u);
              #else
2898   1          uniqueId[0u]  =  (uint32) CY_GET_XTND_REG8((void CYFAR *) (CYREG_FLSHID_CUST_TABLES_LOT_LSB   ));
C51 COMPILER V9.51   CYLIB                                                                 08/22/2026 15:14:02 PAGE 48  

2899   1          uniqueId[0u] |= ((uint32) CY_GET_XTND_REG8((void CYFAR *) (CYREG_FLSHID_CUST_TABLES_LOT_MSB   )) <<  8
             -u);
2900   1          uniqueId[0u] |= ((uint32) CY_GET_XTND_REG8((void CYFAR *) (CYREG_MLOGIC_REV_ID                )) << 16
             -u);
2901   1          uniqueId[0u] |= ((uint32) CY_GET_XTND_REG8((void CYFAR *) (CYREG_FLSHID_CUST_TABLES_WAFER_NUM )) << 24
             -u);
2902   1      
2903   1          uniqueId[1u]  =  (uint32) CY_GET_XTND_REG8((void CYFAR *) (CYREG_FLSHID_CUST_TABLES_X_LOC     ));
2904   1          uniqueId[1u] |= ((uint32) CY_GET_XTND_REG8((void CYFAR *) (CYREG_FLSHID_CUST_TABLES_Y_LOC     )) <<  8
             -u);
2905   1          uniqueId[1u] |= ((uint32) CY_GET_XTND_REG8((void CYFAR *) (CYREG_FLSHID_CUST_TABLES_WRK_WK    )) << 16
             -u);
2906   1          uniqueId[1u] |= ((uint32) CY_GET_XTND_REG8((void CYFAR *) (CYREG_FLSHID_CUST_TABLES_FAB_YR    )) << 24
             -u);
2907   1      #endif  /* (CY_PSOC4) */
2908   1      }
2909          
2910          /* [] END OF FILE */
C51 COMPILER V9.51   CYLIB                                                                 08/22/2026 15:14:02 PAGE 49  

ASSEMBLY LISTING OF GENERATED OBJECT CODE


             ; FUNCTION _CyPLL_OUT_Start (BEGIN)
                                           ; SOURCE LINE # 97
;---- Variable 'wait' assigned to Register 'R7' ----
                                           ; SOURCE LINE # 98
                                           ; SOURCE LINE # 99
                       CLR     A
                 R     MOV     DPTR,#status
                       MOVX    @DPTR,A
                                           ; SOURCE LINE # 107
                       MOV     DPTR,#04220H
                       MOVX    A,@DPTR
                       ORL     A,#01H
                       MOVX    @DPTR,A
                                           ; SOURCE LINE # 109
                       MOV     A,R7
                 R     xJZ     ?C0001
                                           ; SOURCE LINE # 110
                                           ; SOURCE LINE # 112
                       MOV     DPTR,#04300H
                       MOVX    A,@DPTR
                       ANL     A,#04H
                 R     MOV     DPTR,#iloEnableState
                       MOVX    @DPTR,A
                                           ; SOURCE LINE # 113
                       MOV     DPTR,#04380H
                       MOVX    A,@DPTR
                 R     MOV     DPTR,#pmTwCfg0State
                       MOVX    @DPTR,A
                                           ; SOURCE LINE # 114
                       MOV     DPTR,#04382H
                       MOVX    A,@DPTR
                 R     MOV     DPTR,#pmTwCfg2State
                       MOVX    @DPTR,A
                                           ; SOURCE LINE # 116
                       MOV     R7,#018H
                 E     CALL    _CyPmFtwSetInterval
                                           ; SOURCE LINE # 118
                 R     MOV     DPTR,#status
                       MOV     A,#010H
                       MOVX    @DPTR,A
             ?C0002:
                                           ; SOURCE LINE # 120
                       MOV     R7,#01H
                 E     CALL    _CyPmReadStatus
                       MOV     A,R7
                 R     xJB     ACC.0,?C0003
                                           ; SOURCE LINE # 121
                                           ; SOURCE LINE # 123
                       MOV     DPTR,#04225H
                       MOVX    A,@DPTR
                       ANL     A,#01H
                 R     xJZ     ?C0002
                                           ; SOURCE LINE # 124
                                           ; SOURCE LINE # 125
                       MOVX    A,@DPTR
                       ANL     A,#01H
                 R     xJZ     ?C0002
                                           ; SOURCE LINE # 126
                                           ; SOURCE LINE # 127
C51 COMPILER V9.51   CYLIB                                                                 08/22/2026 15:14:02 PAGE 50  

                       CLR     A
                 R     MOV     DPTR,#status
                       MOVX    @DPTR,A
                                           ; SOURCE LINE # 128
                                           ; SOURCE LINE # 129
                                           ; SOURCE LINE # 130
                                           ; SOURCE LINE # 131
             ?C0003:
                                           ; SOURCE LINE # 134
                 R     MOV     DPTR,#iloEnableState
                       MOVX    A,@DPTR
                 R     xJNZ    ?C0006
                                           ; SOURCE LINE # 135
                                           ; SOURCE LINE # 136
                 R     CALL    CyILO_Stop100K
                                           ; SOURCE LINE # 137
             ?C0006:
                                           ; SOURCE LINE # 139
                 R     MOV     DPTR,#pmTwCfg0State
                       MOVX    A,@DPTR
                       MOV     DPTR,#04380H
                       MOVX    @DPTR,A
                                           ; SOURCE LINE # 140
                 R     MOV     DPTR,#pmTwCfg2State
                       MOVX    A,@DPTR
                       MOV     DPTR,#04382H
                       MOVX    @DPTR,A
                                           ; SOURCE LINE # 141
             ?C0001:
                                           ; SOURCE LINE # 143
                 R     MOV     DPTR,#status
                       MOVX    A,@DPTR
                       MOV     R7,A
                                           ; SOURCE LINE # 144
             ?C0007:
                       RET     
             ; FUNCTION _CyPLL_OUT_Start (END)

             ; FUNCTION CyPLL_OUT_Stop (BEGIN)
                                           ; SOURCE LINE # 154
                                           ; SOURCE LINE # 155
                                           ; SOURCE LINE # 156
                       MOV     DPTR,#04220H
                       MOVX    A,@DPTR
                       ANL     A,#0FEH
                       MOVX    @DPTR,A
                                           ; SOURCE LINE # 157
                       RET     
             ; FUNCTION CyPLL_OUT_Stop (END)

             ; FUNCTION _CyPLL_OUT_SetPQ (BEGIN)
                                           ; SOURCE LINE # 187
                 R     MOV     DPTR,#pDiv
                       MOV     A,R7
                       MOVX    @DPTR,A
                       INC     DPTR
                       MOV     A,R5
                       MOVX    @DPTR,A
                       INC     DPTR
                       MOV     A,R3
                       MOVX    @DPTR,A
                                           ; SOURCE LINE # 188
C51 COMPILER V9.51   CYLIB                                                                 08/22/2026 15:14:02 PAGE 51  

                                           ; SOURCE LINE # 190
                       MOV     DPTR,#04220H
                       MOVX    A,@DPTR
                       ANL     A,#01H
                 R     xJNZ    ?C0010
                       SETB    C
                 R     xJMP    ?C0011
             ?C0010:
                       CLR     C
             ?C0011:
                 R     xJC     ?C0009
                       MOV     R7,#00H
                 R     CALL    _?CyHalt
             ?C0009:
                                           ; SOURCE LINE # 192
                 R     MOV     DPTR,#pDiv
                       MOVX    A,@DPTR
                       MOV     R7,A
                       CLR     C
                       SUBB    A,#08H
                 R     xJLT    ?C0012
                       INC     DPTR
                       MOVX    A,@DPTR
                       MOV     R6,A
                       SETB    C
                       SUBB    A,#010H
                 R     xJGE    ?C0012
                       MOV     A,R6
                       CLR     C
                       SUBB    A,#01H
                 R     xJLT    ?C0012
                       INC     DPTR
                       MOVX    A,@DPTR
                       MOV     R6,A
                       SUBB    A,#01H
                 R     xJLT    ?C0012
                       MOV     A,R6
                       SETB    C
                       SUBB    A,#07H
                 R     xJGE    ?C0012
                                           ; SOURCE LINE # 195
                                           ; SOURCE LINE # 197
                       MOV     DPTR,#04222H
                       MOV     A,R7
                       MOVX    @DPTR,A
                                           ; SOURCE LINE # 198
                 R     MOV     DPTR,#qDiv
                       MOVX    A,@DPTR
                       DEC     A
                       MOV     DPTR,#04223H
                       MOVX    @DPTR,A
                                           ; SOURCE LINE # 200
                 R     MOV     DPTR,#current
                       MOVX    A,@DPTR
                       DEC     A
                       MOV     R7,A
                       SWAP    A
                       ANL     A,#0F0H
                       MOV     R7,A
                       MOV     DPTR,#04221H
                       MOVX    A,@DPTR
                       ANL     A,#08FH
C51 COMPILER V9.51   CYLIB                                                                 08/22/2026 15:14:02 PAGE 52  

                       ORL     A,R7
                       MOVX    @DPTR,A
                                           ; SOURCE LINE # 201
                       RET     
             ?C0012:
                                           ; SOURCE LINE # 203
                                           ; SOURCE LINE # 210
                       MOV     R7,#00H
                 R     CALL    _?CyHalt
                                           ; SOURCE LINE # 211
                                           ; SOURCE LINE # 213
             ?C0015:
                       RET     
             ; FUNCTION _CyPLL_OUT_SetPQ (END)

             ; FUNCTION _CyPLL_OUT_SetSource (BEGIN)
                                           ; SOURCE LINE # 237
                 R     MOV     DPTR,#source
                       MOV     A,R7
                       MOVX    @DPTR,A
                                           ; SOURCE LINE # 238
                                           ; SOURCE LINE # 240
                       MOV     DPTR,#04220H
                       MOVX    A,@DPTR
                       ANL     A,#01H
                 R     xJNZ    ?C0017
                       SETB    C
                 R     xJMP    ?C0018
             ?C0017:
                       CLR     C
             ?C0018:
                 R     xJC     ?C0016
                       MOV     R7,#00H
                 R     CALL    _?CyHalt
             ?C0016:
                                           ; SOURCE LINE # 242
                 R     MOV     DPTR,#source
                       MOVX    A,@DPTR
                       MOV     R7,A
                       ADD     A,#0FDH
                 R     xJNC    ?C0022
                 R     xJMP    ?C0023
                                           ; SOURCE LINE # 243
                                           ; SOURCE LINE # 244
                                           ; SOURCE LINE # 245
                                           ; SOURCE LINE # 246
             ?C0022:
                                           ; SOURCE LINE # 247
                       MOV     DPTR,#04000H
                       MOVX    A,@DPTR
                       ANL     A,#0FCH
                       ORL     A,R7
                       MOVX    @DPTR,A
                                           ; SOURCE LINE # 248
                       RET     
                                           ; SOURCE LINE # 250
             ?C0023:
                                           ; SOURCE LINE # 251
                       MOV     R7,#00H
                 R     CALL    _?CyHalt
                                           ; SOURCE LINE # 252
                                           ; SOURCE LINE # 253
C51 COMPILER V9.51   CYLIB                                                                 08/22/2026 15:14:02 PAGE 53  

                                           ; SOURCE LINE # 254
             ?C0025:
                       RET     
             ; FUNCTION _CyPLL_OUT_SetSource (END)

             ; FUNCTION _CyIMO_Start (BEGIN)
                                           ; SOURCE LINE # 282
;---- Variable 'wait' assigned to Register 'R7' ----
                                           ; SOURCE LINE # 283
                                           ; SOURCE LINE # 289
                       MOV     DPTR,#043A0H
                       MOVX    A,@DPTR
                       ORL     A,#010H
                       MOVX    @DPTR,A
                                           ; SOURCE LINE # 290
                       MOV     DPTR,#043B0H
                       MOVX    A,@DPTR
                       ORL     A,#010H
                       MOVX    @DPTR,A
                                           ; SOURCE LINE # 292
                       MOV     A,R7
                 R     xJZ     ?C0030
                                           ; SOURCE LINE # 293
                                           ; SOURCE LINE # 295
                       MOV     DPTR,#04300H
                       MOVX    A,@DPTR
                       ANL     A,#04H
                 R     MOV     DPTR,#ilo100KhzEnable
                       MOVX    @DPTR,A
                                           ; SOURCE LINE # 296
                       MOV     DPTR,#04380H
                       MOVX    A,@DPTR
                 R     MOV     DPTR,#pmFtwCfg0Reg
                       MOVX    @DPTR,A
                                           ; SOURCE LINE # 297
                       MOV     DPTR,#04382H
                       MOVX    A,@DPTR
                 R     MOV     DPTR,#pmFtwCfg2Reg
                       MOVX    @DPTR,A
                                           ; SOURCE LINE # 299
                       CLR     A
                       MOV     R7,A
                 E     CALL    _CyPmFtwSetInterval
             ?C0027:
                                           ; SOURCE LINE # 301
                       MOV     R7,#01H
                 E     CALL    _CyPmReadStatus
                       MOV     A,R7
                 R     xJNB    ACC.0,?C0027
                                           ; SOURCE LINE # 302
                                           ; SOURCE LINE # 304
             ?C0028:
                                           ; SOURCE LINE # 306
                 R     MOV     DPTR,#ilo100KhzEnable
                       MOVX    A,@DPTR
                 R     xJNZ    ?C0029
                                           ; SOURCE LINE # 307
                                           ; SOURCE LINE # 308
                 R     CALL    CyILO_Stop100K
                                           ; SOURCE LINE # 309
             ?C0029:
                                           ; SOURCE LINE # 311
C51 COMPILER V9.51   CYLIB                                                                 08/22/2026 15:14:02 PAGE 54  

                 R     MOV     DPTR,#pmFtwCfg0Reg
                       MOVX    A,@DPTR
                       MOV     DPTR,#04380H
                       MOVX    @DPTR,A
                                           ; SOURCE LINE # 312
                 R     MOV     DPTR,#pmFtwCfg2Reg
                       MOVX    A,@DPTR
                       MOV     DPTR,#04382H
                       MOVX    @DPTR,A
                                           ; SOURCE LINE # 313
                                           ; SOURCE LINE # 314
             ?C0030:
                       RET     
             ; FUNCTION _CyIMO_Start (END)

             ; FUNCTION CyIMO_Stop (BEGIN)
                                           ; SOURCE LINE # 324
                                           ; SOURCE LINE # 325
                                           ; SOURCE LINE # 326
                       MOV     DPTR,#043A0H
                       MOVX    A,@DPTR
                       ANL     A,#0EFH
                       MOVX    @DPTR,A
                                           ; SOURCE LINE # 327
                       MOV     DPTR,#043B0H
                       MOVX    A,@DPTR
                       ANL     A,#0EFH
                       MOVX    @DPTR,A
                                           ; SOURCE LINE # 328
                       RET     
             ; FUNCTION CyIMO_Stop (END)

             ; FUNCTION CyUSB_PowerOnCheck (BEGIN)
                                           ; SOURCE LINE # 341
                                           ; SOURCE LINE # 342
                                           ; SOURCE LINE # 343
;---- Variable 'poweredOn' assigned to Register 'R7' ----
                       CLR     A
                       MOV     R7,A
                                           ; SOURCE LINE # 349
                       MOV     DPTR,#04393H
                       MOVX    A,@DPTR
                       ANL     A,#07H
                 R     xJNZ    ?C0034
                       MOV     DPTR,#043A5H
                       MOVX    A,@DPTR
                       ANL     A,#01H
                 R     xJNZ    ?C0033
             ?C0034:
                       MOV     DPTR,#04393H
                       MOVX    A,@DPTR
                       ANL     A,#07H
                       XRL     A,#01H
                 R     xJNZ    ?C0032
                       MOV     DPTR,#043B5H
                       MOVX    A,@DPTR
                       ANL     A,#01H
                 R     xJZ     ?C0032
             ?C0033:
                                           ; SOURCE LINE # 350
                                           ; SOURCE LINE # 351
                       MOV     R7,#01H
C51 COMPILER V9.51   CYLIB                                                                 08/22/2026 15:14:02 PAGE 55  

                                           ; SOURCE LINE # 352
             ?C0032:
                                           ; SOURCE LINE # 354
                                           ; SOURCE LINE # 355
             ?C0035:
                       RET     
             ; FUNCTION CyUSB_PowerOnCheck (END)

             ; FUNCTION _CyIMO_SetTrimValue (BEGIN)
                                           ; SOURCE LINE # 367
;---- Variable 'freq' assigned to Register 'R6' ----
                       MOV     R6,AR7
                                           ; SOURCE LINE # 368
                                           ; SOURCE LINE # 369
                 R     CALL    CyUSB_PowerOnCheck
                 R     MOV     DPTR,#usbPowerOn
                       MOV     A,R7
                       MOVX    @DPTR,A
                                           ; SOURCE LINE # 372
                 R     xJNE    A,#01H,?C0036
                                           ; SOURCE LINE # 373
                                           ; SOURCE LINE # 375
                       MOV     DPTR,#06009H
                       MOVX    A,@DPTR
                       ANL     A,#0FDH
                       MOVX    @DPTR,A
                                           ; SOURCE LINE # 376
             ?C0036:
                                           ; SOURCE LINE # 377
                       MOV     A,R6
                 R     CJNE    A,#09H,?C0205
             ?C0205:
                 R     xJNC    ?C0046
                 R     MOV     DPTR,#?C0206
                       MOV     R0,A
                       ADD     A,R0
                       ADD     A,R0
                       JMP     @A+DPTR
             ?C0206:
                 R     LJMP    ?C0038
                 R     LJMP    ?C0039
                 R     LJMP    ?C0040
                 R     LJMP    ?C0041
                 R     LJMP    ?C0042
                 R     LJMP    ?C0043
                 R     LJMP    ?C0046
                 R     LJMP    ?C0046
                 R     LJMP    ?C0044
                                           ; SOURCE LINE # 378
                                           ; SOURCE LINE # 379
             ?C0038:
                                           ; SOURCE LINE # 380
                       MOV     R3,#0CH
                       MOV     R2,#01H
                       MOV     R1,#08H
                 E     CALL    _cyread8
                       MOV     DPTR,#046A1H
                       MOV     A,R7
                       MOVX    @DPTR,A
                                           ; SOURCE LINE # 381
                       RET     
                                           ; SOURCE LINE # 383
C51 COMPILER V9.51   CYLIB                                                                 08/22/2026 15:14:02 PAGE 56  

             ?C0039:
                                           ; SOURCE LINE # 384
                       MOV     R3,#0CH
                       MOV     R2,#01H
                       MOV     R1,#09H
                 E     CALL    _cyread8
                       MOV     DPTR,#046A1H
                       MOV     A,R7
                       MOVX    @DPTR,A
                                           ; SOURCE LINE # 385
                       RET     
                                           ; SOURCE LINE # 387
             ?C0040:
                                           ; SOURCE LINE # 388
                       MOV     R3,#0CH
                       MOV     R2,#01H
                       MOV     R1,#0AH
                 E     CALL    _cyread8
                       MOV     DPTR,#046A1H
                       MOV     A,R7
                       MOVX    @DPTR,A
                                           ; SOURCE LINE # 389
                       RET     
                                           ; SOURCE LINE # 391
             ?C0041:
                                           ; SOURCE LINE # 392
                       MOV     R3,#0CH
                       MOV     R2,#01H
                       MOV     R1,#0BH
                 E     CALL    _cyread8
                       MOV     DPTR,#046A1H
                       MOV     A,R7
                       MOVX    @DPTR,A
                                           ; SOURCE LINE # 393
                       RET     
                                           ; SOURCE LINE # 395
             ?C0042:
                                           ; SOURCE LINE # 396
                       MOV     R3,#0CH
                       MOV     R2,#01H
                       MOV     R1,#089H
                 E     CALL    _cyread8
                       MOV     DPTR,#046A1H
                       MOV     A,R7
                       MOVX    @DPTR,A
                                           ; SOURCE LINE # 397
                       RET     
                                           ; SOURCE LINE # 399
             ?C0043:
                                           ; SOURCE LINE # 400
                       MOV     R3,#0CH
                       MOV     R2,#01H
                       MOV     R1,#0CH
                 E     CALL    _cyread8
                       MOV     DPTR,#046A1H
                       MOV     A,R7
                       MOVX    @DPTR,A
                                           ; SOURCE LINE # 401
                       RET     
                                           ; SOURCE LINE # 409
             ?C0044:
                                           ; SOURCE LINE # 410
C51 COMPILER V9.51   CYLIB                                                                 08/22/2026 15:14:02 PAGE 57  

                       MOV     R3,#0CH
                       MOV     R2,#01H
                       MOV     R1,#0FH
                 E     CALL    _cyread8
                       MOV     DPTR,#046A1H
                       MOV     A,R7
                       MOVX    @DPTR,A
                                           ; SOURCE LINE # 413
                 R     MOV     DPTR,#usbPowerOn
                       MOVX    A,@DPTR
                 R     xJNE    A,#01H,?C0048
                                           ; SOURCE LINE # 414
                                           ; SOURCE LINE # 416
                       MOV     DPTR,#06009H
                       MOVX    A,@DPTR
                       ORL     A,#02H
                       MOVX    @DPTR,A
                                           ; SOURCE LINE # 417
                                           ; SOURCE LINE # 418
                       RET     
                                           ; SOURCE LINE # 420
             ?C0046:
                                           ; SOURCE LINE # 421
                       MOV     R7,#00H
                 R     CALL    _?CyHalt
                                           ; SOURCE LINE # 422
                                           ; SOURCE LINE # 423
                                           ; SOURCE LINE # 425
             ?C0048:
                       RET     
             ; FUNCTION _CyIMO_SetTrimValue (END)

             ; FUNCTION _CyIMO_SetFreq (BEGIN)
                                           ; SOURCE LINE # 457
                 R     MOV     DPTR,#freq
                       MOV     A,R7
                       MOVX    @DPTR,A
                                           ; SOURCE LINE # 458
                                           ; SOURCE LINE # 469
                       MOV     DPTR,#04200H
                       MOVX    A,@DPTR
                       ANL     A,#07H
                 R     MOV     DPTR,#currentFreq
                       MOVX    @DPTR,A
                                           ; SOURCE LINE # 472
                 R     MOV     DPTR,#freq
                       MOVX    A,@DPTR
                       MOV     R7,A
                 R     xJNE    A,#08H,?C0049
                       MOV     R6,#03H
                       MOV     R7,#03H
                 R     xJMP    ?C0050
             ?C0049:
             ?C0050:
                 R     MOV     DPTR,#nextFreq
                       MOV     A,R7
                       MOVX    @DPTR,A
                                           ; SOURCE LINE # 474
                 R     MOV     DPTR,#currentFreq
                       MOVX    A,@DPTR
                       DEC     A
                 R     xJZ     ?C0053
C51 COMPILER V9.51   CYLIB                                                                 08/22/2026 15:14:02 PAGE 58  

                       DEC     A
                 R     xJZ     ?C0054
                       DEC     A
                 R     xJZ     ?C0055
                       DEC     A
                 R     xJZ     ?C0056
                       DEC     A
                 R     xJZ     ?C0057
                       ADD     A,#05H
                 R     xJNZ    ?C0058
                                           ; SOURCE LINE # 475
                                           ; SOURCE LINE # 476
             ?C0052:
                                           ; SOURCE LINE # 477
                 R     MOV     DPTR,#currentFreq
                       MOV     A,#02H
                       MOVX    @DPTR,A
                                           ; SOURCE LINE # 478
                 R     xJMP    ?C0051
                                           ; SOURCE LINE # 480
             ?C0053:
                                           ; SOURCE LINE # 481
                 R     MOV     DPTR,#currentFreq
                       MOV     A,#01H
                       MOVX    @DPTR,A
                                           ; SOURCE LINE # 482
                 R     xJMP    ?C0051
                                           ; SOURCE LINE # 484
             ?C0054:
                                           ; SOURCE LINE # 485
                 R     MOV     DPTR,#currentFreq
                       MOV     A,#03H
                       MOVX    @DPTR,A
                                           ; SOURCE LINE # 486
                 R     xJMP    ?C0051
                                           ; SOURCE LINE # 488
             ?C0055:
                                           ; SOURCE LINE # 489
                       CLR     A
                 R     MOV     DPTR,#currentFreq
                       MOVX    @DPTR,A
                                           ; SOURCE LINE # 490
                 R     xJMP    ?C0051
                                           ; SOURCE LINE # 492
             ?C0056:
                                           ; SOURCE LINE # 493
                 R     MOV     DPTR,#currentFreq
                       MOV     A,#04H
                       MOVX    @DPTR,A
                                           ; SOURCE LINE # 494
                 R     xJMP    ?C0051
                                           ; SOURCE LINE # 496
             ?C0057:
                                           ; SOURCE LINE # 497
                 R     MOV     DPTR,#currentFreq
                       MOV     A,#05H
                       MOVX    @DPTR,A
                                           ; SOURCE LINE # 498
                 R     xJMP    ?C0051
                                           ; SOURCE LINE # 506
             ?C0058:
                                           ; SOURCE LINE # 507
C51 COMPILER V9.51   CYLIB                                                                 08/22/2026 15:14:02 PAGE 59  

                       MOV     R7,#00H
                 R     CALL    _?CyHalt
                                           ; SOURCE LINE # 508
                                           ; SOURCE LINE # 509
             ?C0051:
                                           ; SOURCE LINE # 511
                 R     MOV     DPTR,#currentFreq
                       MOVX    A,@DPTR
                       MOV     R7,A
                       INC     DPTR
                       MOVX    A,@DPTR
                       CLR     C
                       SUBB    A,R7
                 R     xJLT    ?C0060
                                           ; SOURCE LINE # 512
                                           ; SOURCE LINE # 514
                 R     MOV     DPTR,#freq
                       MOVX    A,@DPTR
                       MOV     R7,A
                 R     CALL    _CyIMO_SetTrimValue
                                           ; SOURCE LINE # 515
             ?C0060:
                                           ; SOURCE LINE # 518
                 R     MOV     DPTR,#freq
                       MOVX    A,@DPTR
                 R     CJNE    A,#09H,?C0207
             ?C0207:
                 R     xJNC    ?C0069
                 R     MOV     DPTR,#?C0208
                       MOV     R0,A
                       ADD     A,R0
                       ADD     A,R0
                       JMP     @A+DPTR
             ?C0208:
                 R     LJMP    ?C0062
                 R     LJMP    ?C0063
                 R     LJMP    ?C0064
                 R     LJMP    ?C0065
                 R     LJMP    ?C0066
                 R     LJMP    ?C0067
                 R     LJMP    ?C0069
                 R     LJMP    ?C0069
                 R     LJMP    ?C0068
                                           ; SOURCE LINE # 519
                                           ; SOURCE LINE # 520
             ?C0062:
                                           ; SOURCE LINE # 522
                       MOV     DPTR,#04200H
                       MOVX    A,@DPTR
                       ANL     A,#0F8H
                       ORL     A,#03H
                       ANL     A,#0BFH
                       MOVX    @DPTR,A
                                           ; SOURCE LINE # 523
                 R     xJMP    ?C0061
                                           ; SOURCE LINE # 525
             ?C0063:
                                           ; SOURCE LINE # 527
                       MOV     DPTR,#04200H
                       MOVX    A,@DPTR
                       ANL     A,#0F8H
                       ORL     A,#01H
C51 COMPILER V9.51   CYLIB                                                                 08/22/2026 15:14:02 PAGE 60  

                       ANL     A,#0BFH
                       MOVX    @DPTR,A
                                           ; SOURCE LINE # 528
                 R     xJMP    ?C0061
                                           ; SOURCE LINE # 530
             ?C0064:
                                           ; SOURCE LINE # 532
                       MOV     DPTR,#04200H
                       MOVX    A,@DPTR
                       ANL     A,#0B8H
                       MOVX    @DPTR,A
                                           ; SOURCE LINE # 533
                 R     xJMP    ?C0061
                                           ; SOURCE LINE # 535
             ?C0065:
                                           ; SOURCE LINE # 537
                       MOV     DPTR,#04200H
                       MOVX    A,@DPTR
                       ANL     A,#0F8H
                       ORL     A,#02H
                       ANL     A,#0BFH
                       MOVX    @DPTR,A
                                           ; SOURCE LINE # 538
                 R     xJMP    ?C0061
                                           ; SOURCE LINE # 540
             ?C0066:
                                           ; SOURCE LINE # 542
                       MOV     DPTR,#04200H
                       MOVX    A,@DPTR
                       ANL     A,#0F8H
                       ORL     A,#04H
                       ANL     A,#0BFH
                       MOVX    @DPTR,A
                                           ; SOURCE LINE # 543
                 R     xJMP    ?C0061
                                           ; SOURCE LINE # 545
             ?C0067:
                                           ; SOURCE LINE # 547
                       MOV     DPTR,#04200H
                       MOVX    A,@DPTR
                       ANL     A,#0F8H
                       ORL     A,#05H
                       ANL     A,#0BFH
                       MOVX    @DPTR,A
                                           ; SOURCE LINE # 548
                 R     xJMP    ?C0061
                                           ; SOURCE LINE # 557
             ?C0068:
                                           ; SOURCE LINE # 558
                       MOV     DPTR,#04200H
                       MOVX    A,@DPTR
                       ANL     A,#0F8H
                       ORL     A,#042H
                       MOVX    @DPTR,A
                                           ; SOURCE LINE # 560
                 R     xJMP    ?C0061
                                           ; SOURCE LINE # 562
             ?C0069:
                                           ; SOURCE LINE # 563
                       MOV     R7,#00H
                 R     CALL    _?CyHalt
                                           ; SOURCE LINE # 564
C51 COMPILER V9.51   CYLIB                                                                 08/22/2026 15:14:02 PAGE 61  

                                           ; SOURCE LINE # 565
             ?C0061:
                                           ; SOURCE LINE # 568
                 R     MOV     DPTR,#freq
                       MOVX    A,@DPTR
                 R     xJNE    A,#08H,?C0071
                                           ; SOURCE LINE # 569
                                           ; SOURCE LINE # 570
                 R     CALL    CyIMO_EnableDoubler
                                           ; SOURCE LINE # 571
                 R     xJMP    ?C0072
             ?C0071:
                                           ; SOURCE LINE # 573
                                           ; SOURCE LINE # 574
                 R     CALL    CyIMO_DisableDoubler
                                           ; SOURCE LINE # 575
             ?C0072:
                                           ; SOURCE LINE # 577
                 R     MOV     DPTR,#currentFreq
                       MOVX    A,@DPTR
                       MOV     R7,A
                       INC     DPTR
                       MOVX    A,@DPTR
                       CLR     C
                       SUBB    A,R7
                 R     xJGE    ?C0074
                                           ; SOURCE LINE # 578
                                           ; SOURCE LINE # 580
                 R     MOV     DPTR,#freq
                       MOVX    A,@DPTR
                       MOV     R7,A
                 R     CALL    _CyIMO_SetTrimValue
                                           ; SOURCE LINE # 581
                                           ; SOURCE LINE # 582
             ?C0074:
                       RET     
             ; FUNCTION _CyIMO_SetFreq (END)

             ; FUNCTION _CyIMO_SetSource (BEGIN)
                                           ; SOURCE LINE # 607
;---- Variable 'source' assigned to Register 'R7' ----
                                           ; SOURCE LINE # 608
                                           ; SOURCE LINE # 609
                       MOV     A,R7
                 R     xJZ     ?C0078
                       DEC     A
                 R     xJZ     ?C0077
                       DEC     A
                 R     xJNZ    ?C0079
                                           ; SOURCE LINE # 610
                                           ; SOURCE LINE # 611
             ?C0076:
                                           ; SOURCE LINE # 612
                       MOV     DPTR,#04000H
                       MOVX    A,@DPTR
                       ANL     A,#0BFH
                       MOVX    @DPTR,A
                                           ; SOURCE LINE # 613
                       MOV     DPTR,#04200H
                       MOVX    A,@DPTR
                       ORL     A,#020H
                       MOVX    @DPTR,A
C51 COMPILER V9.51   CYLIB                                                                 08/22/2026 15:14:02 PAGE 62  

                                           ; SOURCE LINE # 614
                       RET     
                                           ; SOURCE LINE # 616
             ?C0077:
                                           ; SOURCE LINE # 617
                       MOV     DPTR,#04000H
                       MOVX    A,@DPTR
                       ORL     A,#040H
                       MOVX    @DPTR,A
                                           ; SOURCE LINE # 618
                       MOV     DPTR,#04200H
                       MOVX    A,@DPTR
                       ORL     A,#020H
                       MOVX    @DPTR,A
                                           ; SOURCE LINE # 619
                       RET     
                                           ; SOURCE LINE # 621
             ?C0078:
                                           ; SOURCE LINE # 622
                       MOV     DPTR,#04200H
                       MOVX    A,@DPTR
                       ANL     A,#0DFH
                       MOVX    @DPTR,A
                                           ; SOURCE LINE # 623
                       RET     
                                           ; SOURCE LINE # 625
             ?C0079:
                                           ; SOURCE LINE # 627
                       MOV     R7,#00H
                 R     CALL    _?CyHalt
                                           ; SOURCE LINE # 628
                                           ; SOURCE LINE # 629
                                           ; SOURCE LINE # 630
             ?C0081:
                       RET     
             ; FUNCTION _CyIMO_SetSource (END)

             ; FUNCTION CyIMO_EnableDoubler (BEGIN)
                                           ; SOURCE LINE # 641
                                           ; SOURCE LINE # 642
                                           ; SOURCE LINE # 644
                       MOV     DPTR,#04200H
                       MOVX    A,@DPTR
                       ORL     A,#010H
                       MOVX    @DPTR,A
                                           ; SOURCE LINE # 645
                       RET     
             ; FUNCTION CyIMO_EnableDoubler (END)

             ; FUNCTION CyIMO_DisableDoubler (BEGIN)
                                           ; SOURCE LINE # 655
                                           ; SOURCE LINE # 656
                                           ; SOURCE LINE # 657
                       MOV     DPTR,#04200H
                       MOVX    A,@DPTR
                       ANL     A,#0EFH
                       MOVX    @DPTR,A
                                           ; SOURCE LINE # 658
                       RET     
             ; FUNCTION CyIMO_DisableDoubler (END)

             ; FUNCTION _CyMasterClk_SetSource (BEGIN)
C51 COMPILER V9.51   CYLIB                                                                 08/22/2026 15:14:02 PAGE 63  

                                           ; SOURCE LINE # 685
;---- Variable 'source' assigned to Register 'R7' ----
                                           ; SOURCE LINE # 686
                                           ; SOURCE LINE # 688
                       MOV     A,R7
                       ANL     A,#03H
                       MOV     R7,A
                       MOV     DPTR,#04005H
                       MOVX    A,@DPTR
                       ANL     A,#0FCH
                       ORL     A,R7
                       MOVX    @DPTR,A
                                           ; SOURCE LINE # 689
                       RET     
             ; FUNCTION _CyMasterClk_SetSource (END)

             ; FUNCTION _CyMasterClk_SetDivider (BEGIN)
                                           ; SOURCE LINE # 715
;---- Variable 'divider' assigned to Register 'R7' ----
                                           ; SOURCE LINE # 716
                                           ; SOURCE LINE # 717
                       MOV     DPTR,#04004H
                       MOV     A,R7
                       MOVX    @DPTR,A
                                           ; SOURCE LINE # 718
                       RET     
             ; FUNCTION _CyMasterClk_SetDivider (END)

             ; FUNCTION _CyBusClk_Internal_SetDivider (BEGIN)
                                           ; SOURCE LINE # 732
;---- Variable 'divider' assigned to Register 'R6/R7' ----
                                           ; SOURCE LINE # 733
                                           ; SOURCE LINE # 735
                       MOV     DPTR,#04014H
                       MOVX    A,@DPTR
                       ANL     A,#0F0H
                       MOVX    @DPTR,A
                                           ; SOURCE LINE # 736
                       MOV     DPTR,#04010H
                       CLR     A
                       MOVX    @DPTR,A
                                           ; SOURCE LINE # 739
                       MOV     DPTR,#04008H
                       MOVX    A,@DPTR
                       ORL     A,#080H
                       MOVX    @DPTR,A
                                           ; SOURCE LINE # 742
                       MOV     A,R7
                       MOV     DPTR,#04002H
                       MOVX    @DPTR,A
                                           ; SOURCE LINE # 743
                       MOV     A,R6
                       INC     DPTR
                       MOVX    @DPTR,A
                                           ; SOURCE LINE # 752
                       MOV     DPTR,#04001H
                       MOVX    A,@DPTR
                       ORL     A,#01H
                       MOVX    @DPTR,A
                                           ; SOURCE LINE # 753
                       RET     
             ; FUNCTION _CyBusClk_Internal_SetDivider (END)
C51 COMPILER V9.51   CYLIB                                                                 08/22/2026 15:14:02 PAGE 64  


             ; FUNCTION _CyBusClk_SetDivider (BEGIN)
                                           ; SOURCE LINE # 774
                 R     MOV     DPTR,#divider
                       MOV     A,R6
                       MOVX    @DPTR,A
                       INC     DPTR
                       MOV     A,R7
                       MOVX    @DPTR,A
                                           ; SOURCE LINE # 775
                                           ; SOURCE LINE # 780
                 E     CALL    CyEnterCriticalSection
;---- Variable 'interruptState' assigned to Register 'R1' ----
                       MOV     R1,AR7
                                           ; SOURCE LINE # 783
                       MOV     DPTR,#04007H
                       MOVX    A,@DPTR
                       MOV     R7,#00H
                       MOV     R6,A
;---- Variable 'busClkDiv' assigned to Register 'R6/R7' ----
                                           ; SOURCE LINE # 784
                       MOV     DPTR,#04006H
                       MOVX    A,@DPTR
                       MOV     R5,A
                       MOV     A,R6
                       MOV     A,R5
                       MOV     R7,A
                                           ; SOURCE LINE # 786
                 R     MOV     DPTR,#divider
                       MOVX    A,@DPTR
                 R     JNZ     ?C0209
                       INC     DPTR
                       MOVX    A,@DPTR
             ?C0209:
                 R     xJZ     ?C0088
                       MOV     A,R7
                       ORL     A,R6
                 R     xJNZ    ?C0087
             ?C0088:
                                           ; SOURCE LINE # 787
                                           ; SOURCE LINE # 789
                       MOV     DPTR,#04004H
                       MOVX    A,@DPTR
;---- Variable 'masterClkDiv' assigned to Register 'R5' ----
                       MOV     R5,A
                                           ; SOURCE LINE # 791
                       CLR     C
                       SUBB    A,#07H
                 R     xJGE    ?C0089
                                           ; SOURCE LINE # 792
                                           ; SOURCE LINE # 794
                       MOV     R7,#07H
                 R     CALL    _CyMasterClk_SetDivider
                                           ; SOURCE LINE # 795
             ?C0089:
                                           ; SOURCE LINE # 797
                 R     MOV     DPTR,#divider
                       MOVX    A,@DPTR
                       MOV     R6,A
                       INC     DPTR
                       MOVX    A,@DPTR
                       MOV     R7,A
C51 COMPILER V9.51   CYLIB                                                                 08/22/2026 15:14:02 PAGE 65  

                       ORL     A,R6
                 R     xJNZ    ?C0090
                                           ; SOURCE LINE # 798
                                           ; SOURCE LINE # 800
                       MOV     DPTR,#04008H
                       MOVX    A,@DPTR
                       ORL     A,#040H
                       MOVX    @DPTR,A
                                           ; SOURCE LINE # 801
                 R     CALL    _CyBusClk_Internal_SetDivider
                                           ; SOURCE LINE # 802
                 R     xJMP    ?C0091
             ?C0090:
                                           ; SOURCE LINE # 804
                                           ; SOURCE LINE # 805
                 R     MOV     DPTR,#divider
                       MOVX    A,@DPTR
                       MOV     R6,A
                       INC     DPTR
                       MOVX    A,@DPTR
                       MOV     R7,A
                 R     CALL    _CyBusClk_Internal_SetDivider
                                           ; SOURCE LINE # 806
                       MOV     DPTR,#04008H
                       MOVX    A,@DPTR
                       ANL     A,#0BFH
                       MOVX    @DPTR,A
                                           ; SOURCE LINE # 807
             ?C0091:
                                           ; SOURCE LINE # 810
                       MOV     R7,AR5
                 R     CALL    _CyMasterClk_SetDivider
                                           ; SOURCE LINE # 811
                 R     xJMP    ?C0092
             ?C0087:
                                           ; SOURCE LINE # 813
                                           ; SOURCE LINE # 814
                 R     MOV     DPTR,#divider
                       MOVX    A,@DPTR
                       MOV     R6,A
                       INC     DPTR
                       MOVX    A,@DPTR
                       MOV     R7,A
                 R     CALL    _CyBusClk_Internal_SetDivider
                                           ; SOURCE LINE # 815
             ?C0092:
                                           ; SOURCE LINE # 817
                       MOV     R7,AR1
                 E     CALL    _CyExitCriticalSection
                                           ; SOURCE LINE # 818
                       RET     
             ; FUNCTION _CyBusClk_SetDivider (END)

             ; FUNCTION _CyCpuClk_SetDivider (BEGIN)
                                           ; SOURCE LINE # 842
;---- Variable 'divider' assigned to Register 'R7' ----
                                           ; SOURCE LINE # 843
                                           ; SOURCE LINE # 845
                       MOV     A,R7
                       SWAP    A
                       ANL     A,#0F0H
                       MOV     R7,A
C51 COMPILER V9.51   CYLIB                                                                 08/22/2026 15:14:02 PAGE 66  

                       MOV     DPTR,#04005H
                       MOVX    A,@DPTR
                       ANL     A,#0FH
                       ORL     A,R7
                       MOVX    @DPTR,A
                                           ; SOURCE LINE # 846
                       RET     
             ; FUNCTION _CyCpuClk_SetDivider (END)

             ; FUNCTION _CyUsbClk_SetSource (BEGIN)
                                           ; SOURCE LINE # 864
;---- Variable 'source' assigned to Register 'R7' ----
                                           ; SOURCE LINE # 865
                                           ; SOURCE LINE # 866
                       MOV     A,R7
                       ANL     A,#03H
                       MOV     R7,A
                       MOV     DPTR,#04009H
                       MOVX    A,@DPTR
                       ANL     A,#0FCH
                       ORL     A,R7
                       MOVX    @DPTR,A
                                           ; SOURCE LINE # 868
                       RET     
             ; FUNCTION _CyUsbClk_SetSource (END)

             ; FUNCTION CyILO_Start1K (BEGIN)
                                           ; SOURCE LINE # 882
                                           ; SOURCE LINE # 883
                                           ; SOURCE LINE # 885
                       MOV     DPTR,#04300H
                       MOVX    A,@DPTR
                       ORL     A,#02H
                       MOVX    @DPTR,A
                                           ; SOURCE LINE # 886
                       RET     
             ; FUNCTION CyILO_Start1K (END)

             ; FUNCTION CyILO_Stop1K (BEGIN)
                                           ; SOURCE LINE # 903
                                           ; SOURCE LINE # 904
                                           ; SOURCE LINE # 906
                       MOV     DPTR,#04300H
                       MOVX    A,@DPTR
                       ANL     A,#0FDH
                       MOVX    @DPTR,A
                                           ; SOURCE LINE # 907
                       RET     
             ; FUNCTION CyILO_Stop1K (END)

             ; FUNCTION CyILO_Start100K (BEGIN)
                                           ; SOURCE LINE # 917
                                           ; SOURCE LINE # 918
                                           ; SOURCE LINE # 919
                       MOV     DPTR,#04300H
                       MOVX    A,@DPTR
                       ORL     A,#04H
                       MOVX    @DPTR,A
                                           ; SOURCE LINE # 920
                       RET     
             ; FUNCTION CyILO_Start100K (END)

C51 COMPILER V9.51   CYLIB                                                                 08/22/2026 15:14:02 PAGE 67  

             ; FUNCTION CyILO_Stop100K (BEGIN)
                                           ; SOURCE LINE # 930
                                           ; SOURCE LINE # 931
                                           ; SOURCE LINE # 932
                       MOV     DPTR,#04300H
                       MOVX    A,@DPTR
                       ANL     A,#0FBH
                       MOVX    @DPTR,A
                                           ; SOURCE LINE # 933
                       RET     
             ; FUNCTION CyILO_Stop100K (END)

             ; FUNCTION CyILO_Enable33K (BEGIN)
                                           ; SOURCE LINE # 946
                                           ; SOURCE LINE # 947
                                           ; SOURCE LINE # 949
                       MOV     DPTR,#04300H
                       MOVX    A,@DPTR
                       ORL     A,#020H
                       MOVX    @DPTR,A
                                           ; SOURCE LINE # 950
                       RET     
             ; FUNCTION CyILO_Enable33K (END)

             ; FUNCTION CyILO_Disable33K (BEGIN)
                                           ; SOURCE LINE # 963
                                           ; SOURCE LINE # 964
                                           ; SOURCE LINE # 965
                       MOV     DPTR,#04300H
                       MOVX    A,@DPTR
                       ANL     A,#0DFH
                       MOVX    @DPTR,A
                                           ; SOURCE LINE # 966
                       RET     
             ; FUNCTION CyILO_Disable33K (END)

             ; FUNCTION _CyILO_SetSource (BEGIN)
                                           ; SOURCE LINE # 982
;---- Variable 'source' assigned to Register 'R7' ----
                                           ; SOURCE LINE # 983
                                           ; SOURCE LINE # 985
                       MOV     A,R7
                       ADD     A,ACC
                       ADD     A,ACC
                       ANL     A,#0CH
                       MOV     R7,A
                       MOV     DPTR,#04000H
                       MOVX    A,@DPTR
                       ANL     A,#0F3H
                       ORL     A,R7
                       MOVX    @DPTR,A
                                           ; SOURCE LINE # 986
                       RET     
             ; FUNCTION _CyILO_SetSource (END)

             ; FUNCTION _CyILO_SetPowerMode (BEGIN)
                                           ; SOURCE LINE # 1003
;---- Variable 'mode' assigned to Register 'R7' ----
                                           ; SOURCE LINE # 1004
                                           ; SOURCE LINE # 1008
                       MOV     DPTR,#04300H
                       MOVX    A,@DPTR
C51 COMPILER V9.51   CYLIB                                                                 08/22/2026 15:14:02 PAGE 68  

                       MOV     R6,A
;---- Variable 'state' assigned to Register 'R6' ----
                                           ; SOURCE LINE # 1011
                       MOV     A,R7
                 R     xJZ     ?C0103
                                           ; SOURCE LINE # 1012
                                           ; SOURCE LINE # 1013
                       MOV     A,R6
                       ORL     A,#010H
                       MOVX    @DPTR,A
                                           ; SOURCE LINE # 1014
                 R     xJMP    ?C0104
             ?C0103:
                                           ; SOURCE LINE # 1016
                                           ; SOURCE LINE # 1017
                       MOV     A,R6
                       ANL     A,#0EFH
                       MOV     DPTR,#04300H
                       MOVX    @DPTR,A
                                           ; SOURCE LINE # 1018
             ?C0104:
                                           ; SOURCE LINE # 1021
                       MOV     R7,AR6
                       MOV     A,R6
                       ANL     A,#010H
                       MOV     R7,A
                       CLR     A
                       SWAP    A
                       MOV     R0,A
                       ANL     A,#0F0H
                       XCH     A,R0
                       XRL     A,R0
                       MOV     A,R7
                       SWAP    A
                       ANL     A,#0FH
                       ORL     A,R0
                       MOV     R7,A
                                           ; SOURCE LINE # 1022
             ?C0105:
                       RET     
             ; FUNCTION _CyILO_SetPowerMode (END)

             ; FUNCTION CyXTAL_32KHZ_Start (BEGIN)
                                           ; SOURCE LINE # 1032
                                           ; SOURCE LINE # 1033
                                           ; SOURCE LINE # 1036
                       MOV     DPTR,#0430AH
                       MOV     A,#0F3H
                       MOVX    @DPTR,A
                                           ; SOURCE LINE # 1037
                       MOV     DPTR,#04698H
                       MOV     A,#03H
                       MOVX    @DPTR,A
                                           ; SOURCE LINE # 1038
                       MOV     DPTR,#04309H
                       MOVX    A,@DPTR
                       ANL     A,#0F3H
                       ORL     A,#04H
                       MOVX    @DPTR,A
                                           ; SOURCE LINE # 1042
                       MOV     DPTR,#04308H
                       MOVX    A,@DPTR
C51 COMPILER V9.51   CYLIB                                                                 08/22/2026 15:14:02 PAGE 69  

                       ORL     A,#04H
                       MOVX    @DPTR,A
                                           ; SOURCE LINE # 1046
                       MOVX    A,@DPTR
                       ORL     A,#01H
                       MOVX    @DPTR,A
                                           ; SOURCE LINE # 1048
                 R     MOV     DPTR,#i
                       MOV     A,#03H
                       MOVX    @DPTR,A
                       INC     DPTR
                       MOV     A,#0E8H
                       MOVX    @DPTR,A
             ?C0106:
                       SETB    C
                 R     MOV     DPTR,#i+01H
                       MOVX    A,@DPTR
                       SUBB    A,#00H
                 R     MOV     DPTR,#i
                       MOVX    A,@DPTR
                       SUBB    A,#00H
                 R     xJLT    ?C0110
                                           ; SOURCE LINE # 1049
                                           ; SOURCE LINE # 1050
                 R     CALL    CyXTAL_32KHZ_ReadStatus
                       MOV     A,R7
                 R     xJNB    ACC.5,?C0109
                                           ; SOURCE LINE # 1051
                                           ; SOURCE LINE # 1053
                       CLR     A
                       MOV     R7,A
                 R     CALL    _CyXTAL_32KHZ_SetPowerMode
                                           ; SOURCE LINE # 1055
                       RET     
                                           ; SOURCE LINE # 1056
             ?C0109:
                                           ; SOURCE LINE # 1057
                       MOV     R7,#01H
                       MOV     R6,#00H
                 E     CALL    _CyDelayUs
                                           ; SOURCE LINE # 1058
                 R     MOV     DPTR,#i+01H
                       MOVX    A,@DPTR
                       ADD     A,#0FFH
                       MOVX    @DPTR,A
                 R     MOV     DPTR,#i
                       MOVX    A,@DPTR
                       ADDC    A,#0FFH
                       MOVX    @DPTR,A
                 R     xJMP    ?C0106
                                           ; SOURCE LINE # 1059
             ?C0110:
                       RET     
             ; FUNCTION CyXTAL_32KHZ_Start (END)

             ; FUNCTION CyXTAL_32KHZ_Stop (BEGIN)
                                           ; SOURCE LINE # 1069
                                           ; SOURCE LINE # 1070
                                           ; SOURCE LINE # 1071
                       MOV     DPTR,#0430AH
                       MOV     A,#0F3H
                       MOVX    @DPTR,A
C51 COMPILER V9.51   CYLIB                                                                 08/22/2026 15:14:02 PAGE 70  

                                           ; SOURCE LINE # 1072
                       MOV     DPTR,#04698H
                       CLR     A
                       MOVX    @DPTR,A
                                           ; SOURCE LINE # 1073
                       MOV     DPTR,#04309H
                       MOVX    A,@DPTR
                       ANL     A,#0F3H
                       ORL     A,#04H
                       MOVX    @DPTR,A
                                           ; SOURCE LINE # 1075
                       MOV     DPTR,#04308H
                       MOVX    A,@DPTR
                       ANL     A,#0FCH
                       MOVX    @DPTR,A
                                           ; SOURCE LINE # 1078
                       MOVX    A,@DPTR
                       ANL     A,#0FBH
                       MOVX    @DPTR,A
                                           ; SOURCE LINE # 1080
                       RET     
             ; FUNCTION CyXTAL_32KHZ_Stop (END)

             ; FUNCTION CyXTAL_32KHZ_ReadStatus (BEGIN)
                                           ; SOURCE LINE # 1096
                                           ; SOURCE LINE # 1097
                                           ; SOURCE LINE # 1098
                       MOV     DPTR,#04308H
                       MOVX    A,@DPTR
                       ANL     A,#020H
                       MOV     R7,A
                                           ; SOURCE LINE # 1099
             ?C0112:
                       RET     
             ; FUNCTION CyXTAL_32KHZ_ReadStatus (END)

             ; FUNCTION _CyXTAL_32KHZ_SetPowerMode (BEGIN)
                                           ; SOURCE LINE # 1118
;---- Variable 'mode' assigned to Register 'R7' ----
                                           ; SOURCE LINE # 1119
                                           ; SOURCE LINE # 1120
                       MOV     DPTR,#04308H
                       MOVX    A,@DPTR
                       ANL     A,#02H
                 R     xJZ     ?C0113
                       MOV     R6,#01H
                 R     xJMP    ?C0114
             ?C0113:
                       MOV     R6,#00H
             ?C0114:
                 R     MOV     DPTR,#state
                       MOV     A,R6
                       MOVX    @DPTR,A
                                           ; SOURCE LINE # 1122
                       MOV     DPTR,#0430AH
                       MOV     A,#0F3H
                       MOVX    @DPTR,A
                                           ; SOURCE LINE # 1124
                       MOV     A,R7
                       XRL     A,#01H
                 R     xJNZ    ?C0115
                                           ; SOURCE LINE # 1125
C51 COMPILER V9.51   CYLIB                                                                 08/22/2026 15:14:02 PAGE 71  

                                           ; SOURCE LINE # 1127
                       MOV     DPTR,#04698H
                       INC     A
                       MOVX    @DPTR,A
                                           ; SOURCE LINE # 1128
                       MOV     R7,#0AH
                       MOV     R6,#00H
                 E     CALL    _CyDelayUs
                                           ; SOURCE LINE # 1129
                       MOV     DPTR,#04309H
                       MOVX    A,@DPTR
                       ANL     A,#0F3H
                       ORL     A,#08H
                       MOVX    @DPTR,A
                                           ; SOURCE LINE # 1131
                       MOV     R7,#014H
                       MOV     R6,#00H
                 E     CALL    _CyDelayUs
                                           ; SOURCE LINE # 1132
                       MOV     DPTR,#04308H
                       MOVX    A,@DPTR
                       ORL     A,#02H
                       MOVX    @DPTR,A
                                           ; SOURCE LINE # 1133
                 R     xJMP    ?C0116
             ?C0115:
                                           ; SOURCE LINE # 1135
                                           ; SOURCE LINE # 1137
                       MOV     DPTR,#04698H
                       MOV     A,#06H
                       MOVX    @DPTR,A
                                           ; SOURCE LINE # 1138
                       MOV     R7,#0AH
                       MOV     R6,#00H
                 E     CALL    _CyDelayUs
                                           ; SOURCE LINE # 1139
                       MOV     DPTR,#04309H
                       MOVX    A,@DPTR
                       ANL     A,#0F3H
                       ORL     A,#04H
                       MOVX    @DPTR,A
                                           ; SOURCE LINE # 1141
                       MOV     DPTR,#04308H
                       MOVX    A,@DPTR
                       ANL     A,#0FDH
                       MOVX    @DPTR,A
                                           ; SOURCE LINE # 1142
             ?C0116:
                                           ; SOURCE LINE # 1144
                 R     MOV     DPTR,#state
                       MOVX    A,@DPTR
                       MOV     R7,A
                                           ; SOURCE LINE # 1145
             ?C0117:
                       RET     
             ; FUNCTION _CyXTAL_32KHZ_SetPowerMode (END)

             ; FUNCTION _CyXTAL_Start (BEGIN)
                                           ; SOURCE LINE # 1182
;---- Variable 'wait' assigned to Register 'R7' ----
                                           ; SOURCE LINE # 1183
                                           ; SOURCE LINE # 1184
C51 COMPILER V9.51   CYLIB                                                                 08/22/2026 15:14:02 PAGE 72  

                       CLR     A
                 R     MOV     DPTR,#status
                       MOVX    @DPTR,A
                                           ; SOURCE LINE # 1185
                       INC     DPTR
                       MOV     A,R7
                       MOVX    @DPTR,A
                                           ; SOURCE LINE # 1193
                       MOV     DPTR,#04210H
                       MOVX    A,@DPTR
                       ORL     A,#01H
                       MOVX    @DPTR,A
                                           ; SOURCE LINE # 1196
                       MOV     A,R7
                       SETB    C
                       SUBB    A,#00H
                 R     xJLT    ?C0118
                                           ; SOURCE LINE # 1197
                                           ; SOURCE LINE # 1199
                       MOV     DPTR,#04300H
                       MOVX    A,@DPTR
                 R     MOV     DPTR,#iloEnableState
                       MOVX    @DPTR,A
                                           ; SOURCE LINE # 1200
                       MOV     DPTR,#04380H
                       MOVX    A,@DPTR
                 R     MOV     DPTR,#pmTwCfg0Tmp
                       MOVX    @DPTR,A
                                           ; SOURCE LINE # 1201
                       MOV     DPTR,#04382H
                       MOVX    A,@DPTR
                 R     MOV     DPTR,#pmTwCfg2Tmp
                       MOVX    @DPTR,A
                                           ; SOURCE LINE # 1204
                       MOV     R7,#018H
                 E     CALL    _CyPmFtwSetInterval
                                           ; SOURCE LINE # 1205
                 R     MOV     DPTR,#status
                       MOV     A,#010H
                       MOVX    @DPTR,A
                                           ; SOURCE LINE # 1208
             ?C0119:
                 R     MOV     DPTR,#timeout
                       MOVX    A,@DPTR
                       SETB    C
                       SUBB    A,#00H
                 R     xJLT    ?C0120
                                           ; SOURCE LINE # 1209
                                           ; SOURCE LINE # 1211
                       MOV     DPTR,#04210H
                       MOVX    A,@DPTR
                       MOV     R7,A
                                           ; SOURCE LINE # 1214
                 R     MOV     DPTR,#count
                       MOV     A,#04H
                       MOVX    @DPTR,A
             ?C0122:
                 R     MOV     DPTR,#count
                       MOVX    A,@DPTR
                       SETB    C
                       SUBB    A,#00H
                 R     xJLT    ?C0123
C51 COMPILER V9.51   CYLIB                                                                 08/22/2026 15:14:02 PAGE 73  

                                           ; SOURCE LINE # 1215
             ?C0125:
                                           ; SOURCE LINE # 1216
                       MOV     R7,#01H
                 E     CALL    _CyPmReadStatus
                       MOV     A,R7
                 R     xJNB    ACC.0,?C0125
                                           ; SOURCE LINE # 1217
                                           ; SOURCE LINE # 1219
             ?C0126:
                                           ; SOURCE LINE # 1220
             ?C0124:
                 R     MOV     DPTR,#count
                       MOVX    A,@DPTR
                       DEC     A
                       MOVX    @DPTR,A
                 R     xJMP    ?C0122
             ?C0123:
                                           ; SOURCE LINE # 1227
                       MOV     DPTR,#04210H
                       MOVX    A,@DPTR
                       ANL     A,#080H
                 R     xJNZ    ?C0121
                                           ; SOURCE LINE # 1228
                                           ; SOURCE LINE # 1229
                 R     MOV     DPTR,#status
                       MOVX    @DPTR,A
                                           ; SOURCE LINE # 1230
                 R     xJMP    ?C0120
                                           ; SOURCE LINE # 1231
                                           ; SOURCE LINE # 1232
             ?C0121:
                 R     MOV     DPTR,#timeout
                       MOVX    A,@DPTR
                       DEC     A
                       MOVX    @DPTR,A
                 R     xJMP    ?C0119
             ?C0120:
                                           ; SOURCE LINE # 1236
                 R     MOV     DPTR,#iloEnableState
                       MOVX    A,@DPTR
                       ANL     A,#04H
                 R     xJNZ    ?C0128
                                           ; SOURCE LINE # 1237
                                           ; SOURCE LINE # 1238
                 R     CALL    CyILO_Stop100K
                                           ; SOURCE LINE # 1239
             ?C0128:
                                           ; SOURCE LINE # 1240
                 R     MOV     DPTR,#pmTwCfg0Tmp
                       MOVX    A,@DPTR
                       MOV     DPTR,#04380H
                       MOVX    @DPTR,A
                                           ; SOURCE LINE # 1241
                 R     MOV     DPTR,#pmTwCfg2Tmp
                       MOVX    A,@DPTR
                       MOV     DPTR,#04382H
                       MOVX    @DPTR,A
                                           ; SOURCE LINE # 1242
             ?C0118:
                                           ; SOURCE LINE # 1244
                 R     MOV     DPTR,#status
C51 COMPILER V9.51   CYLIB                                                                 08/22/2026 15:14:02 PAGE 74  

                       MOVX    A,@DPTR
                       MOV     R7,A
                                           ; SOURCE LINE # 1245
             ?C0129:
                       RET     
             ; FUNCTION _CyXTAL_Start (END)

             ; FUNCTION CyXTAL_Stop (BEGIN)
                                           ; SOURCE LINE # 1255
                                           ; SOURCE LINE # 1256
                                           ; SOURCE LINE # 1258
                       MOV     DPTR,#04210H
                       MOVX    A,@DPTR
                       ANL     A,#0FEH
                       MOVX    @DPTR,A
                                           ; SOURCE LINE # 1259
                       RET     
             ; FUNCTION CyXTAL_Stop (END)

             ; FUNCTION CyXTAL_EnableErrStatus (BEGIN)
                                           ; SOURCE LINE # 1270
                                           ; SOURCE LINE # 1271
                                           ; SOURCE LINE # 1273
                       MOV     DPTR,#04210H
                       MOVX    A,@DPTR
                       ANL     A,#0FBH
                       MOVX    @DPTR,A
                                           ; SOURCE LINE # 1274
                       RET     
             ; FUNCTION CyXTAL_EnableErrStatus (END)

             ; FUNCTION CyXTAL_DisableErrStatus (BEGIN)
                                           ; SOURCE LINE # 1285
                                           ; SOURCE LINE # 1286
                                           ; SOURCE LINE # 1288
                       MOV     DPTR,#04210H
                       MOVX    A,@DPTR
                       ORL     A,#04H
                       MOVX    @DPTR,A
                                           ; SOURCE LINE # 1289
                       RET     
             ; FUNCTION CyXTAL_DisableErrStatus (END)

             ; FUNCTION CyXTAL_ReadStatus (BEGIN)
                                           ; SOURCE LINE # 1305
                                           ; SOURCE LINE # 1306
                                           ; SOURCE LINE # 1311
                       MOV     DPTR,#04210H
                       MOVX    A,@DPTR
                       ANL     A,#080H
                 R     xJZ     ?C0133
                       MOV     R7,#01H
                 R     xJMP    ?C0134
             ?C0133:
                       MOV     R7,#00H
             ?C0134:
                                           ; SOURCE LINE # 1312
             ?C0135:
                       RET     
             ; FUNCTION CyXTAL_ReadStatus (END)

             ; FUNCTION CyXTAL_EnableFaultRecovery (BEGIN)
C51 COMPILER V9.51   CYLIB                                                                 08/22/2026 15:14:02 PAGE 75  

                                           ; SOURCE LINE # 1325
                                           ; SOURCE LINE # 1326
                                           ; SOURCE LINE # 1327
                       MOV     DPTR,#04210H
                       MOVX    A,@DPTR
                       ORL     A,#040H
                       MOVX    @DPTR,A
                                           ; SOURCE LINE # 1328
                       RET     
             ; FUNCTION CyXTAL_EnableFaultRecovery (END)

             ; FUNCTION CyXTAL_DisableFaultRecovery (BEGIN)
                                           ; SOURCE LINE # 1340
                                           ; SOURCE LINE # 1341
                                           ; SOURCE LINE # 1342
                       MOV     DPTR,#04210H
                       MOVX    A,@DPTR
                       ANL     A,#0BFH
                       MOVX    @DPTR,A
                                           ; SOURCE LINE # 1343
                       RET     
             ; FUNCTION CyXTAL_DisableFaultRecovery (END)

             ; FUNCTION _CyXTAL_SetStartup (BEGIN)
                                           ; SOURCE LINE # 1361
;---- Variable 'setting' assigned to Register 'R7' ----
                                           ; SOURCE LINE # 1362
                                           ; SOURCE LINE # 1363
                       MOV     A,R7
                       ANL     A,#01FH
                       MOV     R7,A
                       MOV     DPTR,#04212H
                       MOVX    A,@DPTR
                       ANL     A,#0E0H
                       ORL     A,R7
                       MOVX    @DPTR,A
                                           ; SOURCE LINE # 1365
                       RET     
             ; FUNCTION _CyXTAL_SetStartup (END)

             ; FUNCTION _CyXTAL_SetFbVoltage (BEGIN)
                                           ; SOURCE LINE # 1380
;---- Variable 'setting' assigned to Register 'R7' ----
                                           ; SOURCE LINE # 1381
                                           ; SOURCE LINE # 1382
                       MOV     A,R7
                       ANL     A,#0FH
                       MOV     R7,A
                       MOV     DPTR,#04213H
                       MOVX    A,@DPTR
                       ANL     A,#0F0H
                       ORL     A,R7
                       MOVX    @DPTR,A
                                           ; SOURCE LINE # 1384
                       RET     
             ; FUNCTION _CyXTAL_SetFbVoltage (END)

             ; FUNCTION _CyXTAL_SetWdVoltage (BEGIN)
                                           ; SOURCE LINE # 1398
;---- Variable 'setting' assigned to Register 'R7' ----
                                           ; SOURCE LINE # 1399
                                           ; SOURCE LINE # 1401
C51 COMPILER V9.51   CYLIB                                                                 08/22/2026 15:14:02 PAGE 76  

                       MOV     A,R7
                       SWAP    A
                       ANL     A,#070H
                       MOV     R7,A
                       MOV     DPTR,#04213H
                       MOVX    A,@DPTR
                       ANL     A,#08FH
                       ORL     A,R7
                       MOVX    @DPTR,A
                                           ; SOURCE LINE # 1402
                       RET     
             ; FUNCTION _CyXTAL_SetWdVoltage (END)

             ; FUNCTION _?CyHalt (BEGIN)
                                           ; SOURCE LINE # 1414
                       MOV     DPTR,#0FFFFH
                 E     CALL    ?C?ADDXBP
                       MOV     A,R7
                       MOVX    @DPTR,A
                                           ; SOURCE LINE # 1416
                                           ; SOURCE LINE # 1417
                                           ; SOURCE LINE # 1419
             ?C0141:
                                           ; SOURCE LINE # 1426
                       MOV     DPTR,#046EAH
                       MOV     A,#01H
                       MOVX    @DPTR,A
                                           ; SOURCE LINE # 1428
                       MOV     DPTR,#01H
                 E     CALL    ?C?ADDXBP
                       RET     
             ; FUNCTION _?CyHalt (END)

             ; FUNCTION CySoftwareReset (BEGIN)
                                           ; SOURCE LINE # 1438
                                           ; SOURCE LINE # 1439
                                           ; SOURCE LINE # 1440
                       MOV     DPTR,#046F6H
                       MOVX    A,@DPTR
                       ORL     A,#01H
                       MOVX    @DPTR,A
                                           ; SOURCE LINE # 1441
                       RET     
             ; FUNCTION CySoftwareReset (END)

             ; FUNCTION _?CyDelay (BEGIN)
                                           ; SOURCE LINE # 1459
                       MOV     DPTR,#0FFFCH
                 E     CALL    ?C?ADDXBP
                 E     CALL    ?C?LSTXDATA
             ?C0144:
                                           ; SOURCE LINE # 1461
                 E     MOV     DPH,?C_XBP
                 E     MOV     DPL,?C_XBP+01H
                       MOVX    A,@DPTR
                       INC     DPTR
                       MOVX    A,@DPTR
                       INC     DPTR
                       MOVX    A,@DPTR
                       MOV     R6,A
                       INC     DPTR
                       MOVX    A,@DPTR
C51 COMPILER V9.51   CYLIB                                                                 08/22/2026 15:14:02 PAGE 77  

                       SETB    C
                       SUBB    A,#00H
                       MOV     A,R6
                       SUBB    A,#080H
                 R     xJLT    ?C0145
                                           ; SOURCE LINE # 1462
                                           ; SOURCE LINE # 1467
                 R     MOV     DPTR,#cydelay_32k_ms
                       MOVX    A,@DPTR
                       MOV     R4,A
                       INC     DPTR
                       MOVX    A,@DPTR
                       MOV     R5,A
                       INC     DPTR
                       MOVX    A,@DPTR
                       MOV     R6,A
                       INC     DPTR
                       MOVX    A,@DPTR
                       MOV     R7,A
                 E     CALL    _CyDelayCycles
                                           ; SOURCE LINE # 1468
                 E     MOV     DPH,?C_XBP
                 E     MOV     DPL,?C_XBP+01H
                       PUSH    DPH
                       PUSH    DPL
                       MOVX    A,@DPTR
                       MOV     R4,A
                       INC     DPTR
                       MOVX    A,@DPTR
                       MOV     R5,A
                       INC     DPTR
                       MOVX    A,@DPTR
                       MOV     R6,A
                       INC     DPTR
                       MOVX    A,@DPTR
                       ADD     A,#00H
                       MOV     R7,A
                       MOV     A,R6
                       ADDC    A,#080H
                       MOV     R6,A
                       MOV     A,R5
                       ADDC    A,#0FFH
                       MOV     R5,A
                       MOV     A,R4
                       ADDC    A,#0FFH
                       MOV     R4,A
                       POP     DPL
                       POP     DPH
                 E     CALL    ?C?LSTXDATA
                                           ; SOURCE LINE # 1469
                 R     xJMP    ?C0144
             ?C0145:
                                           ; SOURCE LINE # 1471
                 R     MOV     DPTR,#cydelay_freq_khz
                       MOVX    A,@DPTR
                       MOV     R4,A
                       INC     DPTR
                       MOVX    A,@DPTR
                       MOV     R5,A
                       INC     DPTR
                       MOVX    A,@DPTR
                       MOV     R6,A
C51 COMPILER V9.51   CYLIB                                                                 08/22/2026 15:14:02 PAGE 78  

                       INC     DPTR
                       MOVX    A,@DPTR
                       MOV     R7,A
                 E     MOV     DPH,?C_XBP
                 E     MOV     DPL,?C_XBP+01H
                       MOVX    A,@DPTR
                       MOV     R0,A
                       INC     DPTR
                       MOVX    A,@DPTR
                       MOV     R1,A
                       INC     DPTR
                       MOVX    A,@DPTR
                       MOV     R2,A
                       INC     DPTR
                       MOVX    A,@DPTR
                       MOV     R3,A
                 E     CALL    ?C?LMUL
                 E     CALL    _CyDelayCycles
                                           ; SOURCE LINE # 1472
                       MOV     DPTR,#04H
                 E     CALL    ?C?ADDXBP
                       RET     
             ; FUNCTION _?CyDelay (END)

             ; FUNCTION _?CyDelayFreq (BEGIN)
                                           ; SOURCE LINE # 1520
                       MOV     DPTR,#0FFFCH
                 E     CALL    ?C?ADDXBP
                 E     CALL    ?C?LSTXDATA
                                           ; SOURCE LINE # 1522
                 E     MOV     DPH,?C_XBP
                 E     MOV     DPL,?C_XBP+01H
                       MOVX    A,@DPTR
                       INC     DPTR
                       MOVX    A,@DPTR
                       INC     DPTR
                       MOVX    A,@DPTR
                       MOV     R6,A
                       INC     DPTR
                       MOVX    A,@DPTR
                       ORL     A,R6
                 R     xJZ     ?C0147
                                           ; SOURCE LINE # 1523
                                           ; SOURCE LINE # 1524
                 E     MOV     DPH,?C_XBP
                 E     MOV     DPL,?C_XBP+01H
                       MOVX    A,@DPTR
                       MOV     R4,A
                       INC     DPTR
                       MOVX    A,@DPTR
                       MOV     R5,A
                       INC     DPTR
                       MOVX    A,@DPTR
                       MOV     R6,A
                       INC     DPTR
                       MOVX    A,@DPTR
                       MOV     R7,A
                 R     MOV     DPTR,#cydelay_freq_hz
                 E     CALL    ?C?LSTXDATA
                                           ; SOURCE LINE # 1525
                 R     xJMP    ?C0148
             ?C0147:
C51 COMPILER V9.51   CYLIB                                                                 08/22/2026 15:14:02 PAGE 79  

                                           ; SOURCE LINE # 1527
                                           ; SOURCE LINE # 1528
                       MOV     R7,#0C4H
                       MOV     R6,#066H
                       MOV     R5,#033H
                       MOV     R4,#02H
                 R     MOV     DPTR,#cydelay_freq_hz
                 E     CALL    ?C?LSTXDATA
                                           ; SOURCE LINE # 1529
             ?C0148:
                                           ; SOURCE LINE # 1531
                 R     MOV     DPTR,#cydelay_freq_hz
                       MOVX    A,@DPTR
                       MOV     R4,A
                       INC     DPTR
                       MOVX    A,@DPTR
                       MOV     R5,A
                       INC     DPTR
                       MOVX    A,@DPTR
                       MOV     R6,A
                       INC     DPTR
                       MOVX    A,@DPTR
                       ADD     A,#03FH
                       MOV     R7,A
                       MOV     A,R6
                       ADDC    A,#042H
                       MOV     R6,A
                       MOV     A,R5
                       ADDC    A,#0FH
                       MOV     R5,A
                       CLR     A
                       ADDC    A,R4
                       MOV     R4,A
                       MOV     R3,#040H
                       MOV     R2,#042H
                       MOV     R1,#0FH
                       MOV     R0,#00H
                 E     CALL    ?C?ULDIV
                 R     MOV     DPTR,#cydelay_freq_mhz
                       MOV     A,R7
                       MOVX    @DPTR,A
                                           ; SOURCE LINE # 1532
                       INC     DPTR
                       MOVX    A,@DPTR
                       MOV     R4,A
                       INC     DPTR
                       MOVX    A,@DPTR
                       MOV     R5,A
                       INC     DPTR
                       MOVX    A,@DPTR
                       MOV     R6,A
                       INC     DPTR
                       MOVX    A,@DPTR
                       ADD     A,#0E7H
                       MOV     R7,A
                       MOV     A,R6
                       ADDC    A,#03H
                       MOV     R6,A
                       CLR     A
                       ADDC    A,R5
                       MOV     R5,A
                       CLR     A
C51 COMPILER V9.51   CYLIB                                                                 08/22/2026 15:14:02 PAGE 80  

                       ADDC    A,R4
                       MOV     R4,A
                       CLR     A
                       MOV     R3,#0E8H
                       MOV     R2,#03H
                       MOV     R1,A
                       MOV     R0,A
                 E     CALL    ?C?ULDIV
                 R     MOV     DPTR,#cydelay_freq_khz
                 E     CALL    ?C?LSTXDATA
                                           ; SOURCE LINE # 1533
                       CLR     A
                       MOV     R7,A
                       MOV     R6,#080H
                       MOV     R5,A
                       MOV     R4,A
                 R     MOV     DPTR,#cydelay_freq_khz
                       MOVX    A,@DPTR
                       MOV     R0,A
                       INC     DPTR
                       MOVX    A,@DPTR
                       MOV     R1,A
                       INC     DPTR
                       MOVX    A,@DPTR
                       MOV     R2,A
                       INC     DPTR
                       MOVX    A,@DPTR
                       MOV     R3,A
                 E     CALL    ?C?LMUL
                 R     MOV     DPTR,#cydelay_32k_ms
                 E     CALL    ?C?LSTXDATA
                                           ; SOURCE LINE # 1534
                       MOV     DPTR,#04H
                 E     CALL    ?C?ADDXBP
                       RET     
             ; FUNCTION _?CyDelayFreq (END)

             ; FUNCTION _CyWdtStart (BEGIN)
                                           ; SOURCE LINE # 1578
;---- Variable 'lpMode' assigned to Register 'R5' ----
;---- Variable 'ticks' assigned to Register 'R7' ----
                                           ; SOURCE LINE # 1579
                                           ; SOURCE LINE # 1581
                       MOV     A,R7
                       ANL     A,#03H
                       MOV     R7,A
                       MOV     DPTR,#04383H
                       MOVX    A,@DPTR
                       ANL     A,#0FCH
                       ORL     A,R7
                       MOVX    @DPTR,A
                                           ; SOURCE LINE # 1584
                       MOVX    A,@DPTR
                       ORL     A,#080H
                       MOVX    @DPTR,A
                                           ; SOURCE LINE # 1585
                       MOVX    A,@DPTR
                       ANL     A,#07FH
                       MOVX    @DPTR,A
                                           ; SOURCE LINE # 1589
                       MOV     R7,AR5
                       MOV     A,R7
C51 COMPILER V9.51   CYLIB                                                                 08/22/2026 15:14:02 PAGE 81  

                       SWAP    A
                       RLC     A
                       ANL     A,#060H
                       MOV     R7,A
                       MOVX    A,@DPTR
                       ANL     A,#09FH
                       ORL     A,R7
                       MOVX    @DPTR,A
                                           ; SOURCE LINE # 1592
                       MOVX    A,@DPTR
                       ORL     A,#010H
                       MOVX    @DPTR,A
                                           ; SOURCE LINE # 1593
                       RET     
             ; FUNCTION _CyWdtStart (END)

             ; FUNCTION CyWdtClear (BEGIN)
                                           ; SOURCE LINE # 1603
                                           ; SOURCE LINE # 1604
                                           ; SOURCE LINE # 1605
                       MOV     DPTR,#04384H
                       MOV     A,#01H
                       MOVX    @DPTR,A
                                           ; SOURCE LINE # 1606
                       RET     
             ; FUNCTION CyWdtClear (END)

             ; FUNCTION _CyVdLvDigitEnable (BEGIN)
                                           ; SOURCE LINE # 1647
                 R     MOV     DPTR,#reset
                       MOV     A,R7
                       MOVX    @DPTR,A
                       INC     DPTR
                       MOV     A,R5
                       MOVX    @DPTR,A
                                           ; SOURCE LINE # 1648
                                           ; SOURCE LINE # 1652
                 E     CALL    CyEnterCriticalSection
                 R     MOV     DPTR,#interruptState
                       MOV     A,R7
                       MOVX    @DPTR,A
                                           ; SOURCE LINE # 1655
                       MOV     DPTR,#044C0H
                       MOVX    A,@DPTR
                       ANL     A,#01H
                       MOV     R7,A
                       CLR     A
                       MOV     R4,A
                       MOV     R5,A
                       MOV     R6,A
                 R     MOV     DPTR,#intRegTmp
                 E     CALL    ?C?LSTXDATA
                                           ; SOURCE LINE # 1658
                       MOV     DPTR,#044C8H
                       MOV     A,#01H
                       MOVX    @DPTR,A
                                           ; SOURCE LINE # 1660
                       MOV     DPTR,#046F7H
                       MOVX    A,@DPTR
                       ANL     A,#0BFH
                       MOVX    @DPTR,A
                                           ; SOURCE LINE # 1663
C51 COMPILER V9.51   CYLIB                                                                 08/22/2026 15:14:02 PAGE 82  

                       MOV     DPTR,#046F4H
                       MOVX    A,@DPTR
                       ANL     A,#0F0H
                       MOV     R7,A
                 R     MOV     DPTR,#threshold
                       MOVX    A,@DPTR
                       ANL     A,#0FH
                       ORL     A,R7
                       MOV     DPTR,#046F4H
                       MOVX    @DPTR,A
                                           ; SOURCE LINE # 1664
                       INC     DPTR
                       MOVX    A,@DPTR
                       ORL     A,#01H
                       MOVX    @DPTR,A
                                           ; SOURCE LINE # 1667
                       MOV     R7,#01H
                       MOV     R6,#00H
                 E     CALL    _CyDelayUs
                                           ; SOURCE LINE # 1669
                       MOV     R7,#01H
                 R     CALL    _CyVdStickyStatus
                                           ; SOURCE LINE # 1671
                 R     MOV     DPTR,#reset
                       MOVX    A,@DPTR
                 R     xJZ     ?C0152
                                           ; SOURCE LINE # 1672
                                           ; SOURCE LINE # 1673
                       MOV     DPTR,#046F7H
                       MOVX    A,@DPTR
                       ORL     A,#040H
                       MOVX    @DPTR,A
                                           ; SOURCE LINE # 1674
                 R     xJMP    ?C0153
             ?C0152:
                                           ; SOURCE LINE # 1676
                                           ; SOURCE LINE # 1677
                       MOV     DPTR,#046F7H
                       MOVX    A,@DPTR
                       ANL     A,#0BFH
                       MOVX    @DPTR,A
                                           ; SOURCE LINE # 1678
             ?C0153:
                                           ; SOURCE LINE # 1681
                       MOV     DPTR,#044D8H
                       MOV     A,#01H
                       MOVX    @DPTR,A
                                           ; SOURCE LINE # 1684
                 R     MOV     DPTR,#intRegTmp
                       MOVX    A,@DPTR
                       INC     DPTR
                       MOVX    A,@DPTR
                       INC     DPTR
                       MOVX    A,@DPTR
                       INC     DPTR
                       MOVX    A,@DPTR
                       MOV     DPTR,#044C0H
                       MOVX    @DPTR,A
                                           ; SOURCE LINE # 1686
                 R     MOV     DPTR,#interruptState
                       MOVX    A,@DPTR
                       MOV     R7,A
C51 COMPILER V9.51   CYLIB                                                                 08/22/2026 15:14:02 PAGE 83  

                 E     CALL    _CyExitCriticalSection
                                           ; SOURCE LINE # 1687
                       RET     
             ; FUNCTION _CyVdLvDigitEnable (END)

             ; FUNCTION _CyVdLvAnalogEnable (BEGIN)
                                           ; SOURCE LINE # 1727
                 R     MOV     DPTR,#reset
                       MOV     A,R7
                       MOVX    @DPTR,A
                       INC     DPTR
                       MOV     A,R5
                       MOVX    @DPTR,A
                                           ; SOURCE LINE # 1728
                                           ; SOURCE LINE # 1732
                 E     CALL    CyEnterCriticalSection
                 R     MOV     DPTR,#interruptState
                       MOV     A,R7
                       MOVX    @DPTR,A
                                           ; SOURCE LINE # 1735
                       MOV     DPTR,#044C0H
                       MOVX    A,@DPTR
                       ANL     A,#01H
                       MOV     R7,A
                       CLR     A
                       MOV     R4,A
                       MOV     R5,A
                       MOV     R6,A
                 R     MOV     DPTR,#intRegTmp
                 E     CALL    ?C?LSTXDATA
                                           ; SOURCE LINE # 1738
                       MOV     DPTR,#044C8H
                       MOV     A,#01H
                       MOVX    @DPTR,A
                                           ; SOURCE LINE # 1740
                       MOV     DPTR,#046F7H
                       MOVX    A,@DPTR
                       ANL     A,#07FH
                       MOVX    @DPTR,A
                                           ; SOURCE LINE # 1742
                 R     MOV     DPTR,#threshold
                       MOVX    A,@DPTR
                       MOV     R7,A
                       SWAP    A
                       ANL     A,#0F0H
                       MOV     R7,A
                       MOV     DPTR,#046F4H
                       MOVX    A,@DPTR
                       ANL     A,#0FH
                       ORL     A,R7
                       MOVX    @DPTR,A
                                           ; SOURCE LINE # 1743
                       INC     DPTR
                       MOVX    A,@DPTR
                       ORL     A,#02H
                       MOVX    @DPTR,A
                                           ; SOURCE LINE # 1746
                       MOV     R7,#01H
                       MOV     R6,#00H
                 E     CALL    _CyDelayUs
                                           ; SOURCE LINE # 1748
                       MOV     R7,#02H
C51 COMPILER V9.51   CYLIB                                                                 08/22/2026 15:14:02 PAGE 84  

                 R     CALL    _CyVdStickyStatus
                                           ; SOURCE LINE # 1750
                 R     MOV     DPTR,#reset
                       MOVX    A,@DPTR
                 R     xJZ     ?C0155
                                           ; SOURCE LINE # 1751
                                           ; SOURCE LINE # 1752
                       MOV     DPTR,#046F7H
                       MOVX    A,@DPTR
                       ORL     A,#080H
                       MOVX    @DPTR,A
                                           ; SOURCE LINE # 1753
                 R     xJMP    ?C0156
             ?C0155:
                                           ; SOURCE LINE # 1755
                                           ; SOURCE LINE # 1756
                       MOV     DPTR,#046F7H
                       MOVX    A,@DPTR
                       ANL     A,#07FH
                       MOVX    @DPTR,A
                                           ; SOURCE LINE # 1757
             ?C0156:
                                           ; SOURCE LINE # 1760
                       MOV     DPTR,#044D8H
                       MOV     A,#01H
                       MOVX    @DPTR,A
                                           ; SOURCE LINE # 1763
                 R     MOV     DPTR,#intRegTmp
                       MOVX    A,@DPTR
                       INC     DPTR
                       MOVX    A,@DPTR
                       INC     DPTR
                       MOVX    A,@DPTR
                       INC     DPTR
                       MOVX    A,@DPTR
                       MOV     DPTR,#044C0H
                       MOVX    @DPTR,A
                                           ; SOURCE LINE # 1765
                 R     MOV     DPTR,#interruptState
                       MOVX    A,@DPTR
                       MOV     R7,A
                 E     CALL    _CyExitCriticalSection
                                           ; SOURCE LINE # 1766
                       RET     
             ; FUNCTION _CyVdLvAnalogEnable (END)

             ; FUNCTION CyVdLvDigitDisable (BEGIN)
                                           ; SOURCE LINE # 1781
                                           ; SOURCE LINE # 1782
                                           ; SOURCE LINE # 1783
                       MOV     DPTR,#046F5H
                       MOVX    A,@DPTR
                       ANL     A,#0FEH
                       MOVX    @DPTR,A
                                           ; SOURCE LINE # 1784
                       MOV     DPTR,#046F7H
                       MOVX    A,@DPTR
                       ANL     A,#0BFH
                       MOVX    @DPTR,A
                                           ; SOURCE LINE # 1785
                       MOV     R7,#01H
                 R     CALL    _CyVdStickyStatus
C51 COMPILER V9.51   CYLIB                                                                 08/22/2026 15:14:02 PAGE 85  

             ?C0158:
                                           ; SOURCE LINE # 1787
                       MOV     R7,#01H
                 R     CALL    _CyVdStickyStatus
                       MOV     A,R7
                 R     xJB     ACC.0,?C0158
                                           ; SOURCE LINE # 1788
                                           ; SOURCE LINE # 1790
             ?C0159:
                                           ; SOURCE LINE # 1791
             ?C0160:
                       RET     
             ; FUNCTION CyVdLvDigitDisable (END)

             ; FUNCTION CyVdLvAnalogDisable (BEGIN)
                                           ; SOURCE LINE # 1806
                                           ; SOURCE LINE # 1807
                                           ; SOURCE LINE # 1808
                       MOV     DPTR,#046F5H
                       MOVX    A,@DPTR
                       ANL     A,#0FDH
                       MOVX    @DPTR,A
                                           ; SOURCE LINE # 1809
                       MOV     DPTR,#046F7H
                       MOVX    A,@DPTR
                       ANL     A,#07FH
                       MOVX    @DPTR,A
             ?C0161:
                                           ; SOURCE LINE # 1810
                       MOV     R7,#02H
                 R     CALL    _CyVdStickyStatus
                       MOV     A,R7
                 R     xJB     ACC.1,?C0161
                                           ; SOURCE LINE # 1811
                                           ; SOURCE LINE # 1813
             ?C0162:
                                           ; SOURCE LINE # 1814
             ?C0163:
                       RET     
             ; FUNCTION CyVdLvAnalogDisable (END)

             ; FUNCTION CyVdHvAnalogEnable (BEGIN)
                                           ; SOURCE LINE # 1829
                                           ; SOURCE LINE # 1830
                                           ; SOURCE LINE # 1834
                 E     CALL    CyEnterCriticalSection
                 R     MOV     DPTR,#interruptState
                       MOV     A,R7
                       MOVX    @DPTR,A
                                           ; SOURCE LINE # 1837
                       MOV     DPTR,#044C0H
                       MOVX    A,@DPTR
                       ANL     A,#01H
                       MOV     R7,A
                       CLR     A
                       MOV     R4,A
                       MOV     R5,A
                       MOV     R6,A
                 R     MOV     DPTR,#intRegTmp
                 E     CALL    ?C?LSTXDATA
                                           ; SOURCE LINE # 1840
                       MOV     DPTR,#044C8H
C51 COMPILER V9.51   CYLIB                                                                 08/22/2026 15:14:02 PAGE 86  

                       MOV     A,#01H
                       MOVX    @DPTR,A
                                           ; SOURCE LINE # 1842
                       MOV     DPTR,#046F7H
                       MOVX    A,@DPTR
                       ANL     A,#07FH
                       MOVX    @DPTR,A
                                           ; SOURCE LINE # 1844
                       MOV     DPTR,#046F5H
                       MOVX    A,@DPTR
                       ORL     A,#04H
                       MOVX    @DPTR,A
                                           ; SOURCE LINE # 1847
                       MOV     R7,#01H
                       MOV     R6,#00H
                 E     CALL    _CyDelayUs
                                           ; SOURCE LINE # 1849
                       MOV     R7,#04H
                 R     CALL    _CyVdStickyStatus
                                           ; SOURCE LINE # 1852
                       MOV     DPTR,#044D8H
                       MOV     A,#01H
                       MOVX    @DPTR,A
                                           ; SOURCE LINE # 1855
                 R     MOV     DPTR,#intRegTmp
                       MOVX    A,@DPTR
                       INC     DPTR
                       MOVX    A,@DPTR
                       INC     DPTR
                       MOVX    A,@DPTR
                       INC     DPTR
                       MOVX    A,@DPTR
                       MOV     DPTR,#044C0H
                       MOVX    @DPTR,A
                                           ; SOURCE LINE # 1857
                 R     MOV     DPTR,#interruptState
                       MOVX    A,@DPTR
                       MOV     R7,A
                 E     CALL    _CyExitCriticalSection
                                           ; SOURCE LINE # 1858
                       RET     
             ; FUNCTION CyVdHvAnalogEnable (END)

             ; FUNCTION CyVdHvAnalogDisable (BEGIN)
                                           ; SOURCE LINE # 1873
                                           ; SOURCE LINE # 1874
                                           ; SOURCE LINE # 1875
                       MOV     DPTR,#046F5H
                       MOVX    A,@DPTR
                       ANL     A,#0FBH
                       MOVX    @DPTR,A
             ?C0165:
                                           ; SOURCE LINE # 1876
                       MOV     R7,#04H
                 R     CALL    _CyVdStickyStatus
                       MOV     A,R7
                 R     xJB     ACC.2,?C0165
                                           ; SOURCE LINE # 1877
                                           ; SOURCE LINE # 1879
             ?C0166:
                                           ; SOURCE LINE # 1880
             ?C0167:
C51 COMPILER V9.51   CYLIB                                                                 08/22/2026 15:14:02 PAGE 87  

                       RET     
             ; FUNCTION CyVdHvAnalogDisable (END)

             ; FUNCTION _CyVdStickyStatus (BEGIN)
                                           ; SOURCE LINE # 1909
                 R     MOV     DPTR,#mask
                       MOV     A,R7
                       MOVX    @DPTR,A
                                           ; SOURCE LINE # 1910
                                           ; SOURCE LINE # 1915
                 E     CALL    CyEnterCriticalSection
;---- Variable 'interruptState' assigned to Register 'R5' ----
                       MOV     R5,AR7
                                           ; SOURCE LINE # 1917
                 R     MOV     DPTR,#interruptStatus
                       MOVX    A,@DPTR
                       MOV     R7,A
                       MOV     DPTR,#046FAH
                       MOVX    A,@DPTR
                       MOV     R6,A
                       MOV     A,R7
                       ORL     A,R6
                 R     MOV     DPTR,#interruptStatus
                       MOVX    @DPTR,A
                                           ; SOURCE LINE # 1918
                       MOVX    A,@DPTR
                       MOV     R4,A
                       ANL     A,#07H
                 R     MOV     DPTR,#tmpStatus
                       MOVX    @DPTR,A
                                           ; SOURCE LINE # 1919
                 R     MOV     DPTR,#mask
                       MOVX    A,@DPTR
                       CPL     A
                       MOV     R7,A
                       MOV     A,R4
                       ANL     A,R7
                 R     MOV     DPTR,#interruptStatus
                       MOVX    @DPTR,A
                                           ; SOURCE LINE # 1921
                       MOV     R7,AR5
                 E     CALL    _CyExitCriticalSection
                                           ; SOURCE LINE # 1923
                 R     MOV     DPTR,#tmpStatus
                       MOVX    A,@DPTR
                       MOV     R7,A
                                           ; SOURCE LINE # 1924
             ?C0168:
                       RET     
             ; FUNCTION _CyVdStickyStatus (END)

             ; FUNCTION CyVdRealTimeStatus (BEGIN)
                                           ; SOURCE LINE # 1949
                                           ; SOURCE LINE # 1950
                                           ; SOURCE LINE # 1954
                 E     CALL    CyEnterCriticalSection
;---- Variable 'interruptState' assigned to Register 'R5' ----
                       MOV     R5,AR7
                                           ; SOURCE LINE # 1955
                       MOV     DPTR,#046FCH
                       MOVX    A,@DPTR
                       ANL     A,#07H
C51 COMPILER V9.51   CYLIB                                                                 08/22/2026 15:14:02 PAGE 88  

                 R     MOV     DPTR,#vdFlagsState
                       MOVX    @DPTR,A
                                           ; SOURCE LINE # 1956
                 E     CALL    _CyExitCriticalSection
                                           ; SOURCE LINE # 1958
                 R     MOV     DPTR,#vdFlagsState
                       MOVX    A,@DPTR
                       MOV     R7,A
                                           ; SOURCE LINE # 1959
             ?C0169:
                       RET     
             ; FUNCTION CyVdRealTimeStatus (END)

             ; FUNCTION CyDisableInts (BEGIN)
                                           ; SOURCE LINE # 1972
                                           ; SOURCE LINE # 1973
                                           ; SOURCE LINE # 1977
                 E     CALL    CyEnterCriticalSection
                 R     MOV     DPTR,#interruptState
                       MOV     A,R7
                       MOVX    @DPTR,A
                                           ; SOURCE LINE # 1982
                       MOV     DPTR,#044C8H
                       MOVX    A,@DPTR
                       MOV     R7,A
                       CLR     A
                       MOV     R4,A
                       MOV     R5,A
                       MOV     R6,A
                 R     MOV     DPTR,#intState
                 E     CALL    ?C?LSTXDATA
                                           ; SOURCE LINE # 1983
                 R     MOV     DPTR,#intState
                       MOVX    A,@DPTR
                       MOV     R0,A
                       INC     DPTR
                       MOVX    A,@DPTR
                       MOV     R1,A
                       INC     DPTR
                       MOVX    A,@DPTR
                       MOV     R2,A
                       INC     DPTR
                       MOVX    A,@DPTR
                       MOV     R3,A
                       PUSH    AR0
                       MOV     DPTR,#044C9H
                       MOVX    A,@DPTR
                       MOV     R7,A
                       CLR     A
                       MOV     R4,A
                       MOV     R5,A
                       MOV     R6,A
                       MOV     R0,#08H
                 E     CALL    ?C?LSHL
                       POP     AR0
                       MOV     A,R3
                       ORL     A,R7
                       MOV     R7,A
                       MOV     A,R2
                       ORL     A,R6
                       MOV     R6,A
                       MOV     A,R1
C51 COMPILER V9.51   CYLIB                                                                 08/22/2026 15:14:02 PAGE 89  

                       ORL     A,R5
                       MOV     R5,A
                       MOV     A,R0
                       ORL     A,R4
                       MOV     R4,A
                 R     MOV     DPTR,#intState
                 E     CALL    ?C?LSTXDATA
                                           ; SOURCE LINE # 1984
                 R     MOV     DPTR,#intState
                       MOVX    A,@DPTR
                       MOV     R0,A
                       INC     DPTR
                       MOVX    A,@DPTR
                       MOV     R1,A
                       INC     DPTR
                       MOVX    A,@DPTR
                       MOV     R2,A
                       INC     DPTR
                       MOVX    A,@DPTR
                       MOV     R3,A
                       PUSH    AR0
                       MOV     DPTR,#044CAH
                       MOVX    A,@DPTR
                       MOV     R7,A
                       CLR     A
                       MOV     R4,A
                       MOV     R5,A
                       MOV     R6,A
                       MOV     R0,#010H
                 E     CALL    ?C?LSHL
                       POP     AR0
                       MOV     A,R3
                       ORL     A,R7
                       MOV     R7,A
                       MOV     A,R2
                       ORL     A,R6
                       MOV     R6,A
                       MOV     A,R1
                       ORL     A,R5
                       MOV     R5,A
                       MOV     A,R0
                       ORL     A,R4
                       MOV     R4,A
                 R     MOV     DPTR,#intState
                 E     CALL    ?C?LSTXDATA
                                           ; SOURCE LINE # 1985
                 R     MOV     DPTR,#intState
                       MOVX    A,@DPTR
                       MOV     R0,A
                       INC     DPTR
                       MOVX    A,@DPTR
                       MOV     R1,A
                       INC     DPTR
                       MOVX    A,@DPTR
                       MOV     R2,A
                       INC     DPTR
                       MOVX    A,@DPTR
                       MOV     R3,A
                       PUSH    AR0
                       MOV     DPTR,#044CBH
                       MOVX    A,@DPTR
                       MOV     R7,A
C51 COMPILER V9.51   CYLIB                                                                 08/22/2026 15:14:02 PAGE 90  

                       CLR     A
                       MOV     R4,A
                       MOV     R5,A
                       MOV     R6,A
                       MOV     R0,#018H
                 E     CALL    ?C?LSHL
                       POP     AR0
                       MOV     A,R3
                       ORL     A,R7
                       MOV     R7,A
                       MOV     A,R2
                       ORL     A,R6
                       MOV     R6,A
                       MOV     A,R1
                       ORL     A,R5
                       MOV     R5,A
                       MOV     A,R0
                       ORL     A,R4
                       MOV     R4,A
                 R     MOV     DPTR,#intState
                 E     CALL    ?C?LSTXDATA
                                           ; SOURCE LINE # 1989
                       MOV     DPTR,#044C8H
                       MOV     A,#0FFH
                       MOVX    @DPTR,A
                                           ; SOURCE LINE # 1990
                       INC     DPTR
                       MOVX    @DPTR,A
                                           ; SOURCE LINE # 1991
                       INC     DPTR
                       MOVX    @DPTR,A
                                           ; SOURCE LINE # 1992
                       INC     DPTR
                       MOVX    @DPTR,A
                                           ; SOURCE LINE # 2004
                 R     MOV     DPTR,#interruptState
                       MOVX    A,@DPTR
                       MOV     R7,A
                 E     CALL    _CyExitCriticalSection
                                           ; SOURCE LINE # 2006
                 R     MOV     DPTR,#intState
                       MOVX    A,@DPTR
                       MOV     R4,A
                       INC     DPTR
                       MOVX    A,@DPTR
                       MOV     R5,A
                       INC     DPTR
                       MOVX    A,@DPTR
                       MOV     R6,A
                       INC     DPTR
                       MOVX    A,@DPTR
                       MOV     R7,A
                                           ; SOURCE LINE # 2007
             ?C0170:
                       RET     
             ; FUNCTION CyDisableInts (END)

             ; FUNCTION _CyEnableInts (BEGIN)
                                           ; SOURCE LINE # 2019
                 R     MOV     DPTR,#mask
                 E     CALL    ?C?LSTXDATA
                                           ; SOURCE LINE # 2020
C51 COMPILER V9.51   CYLIB                                                                 08/22/2026 15:14:02 PAGE 91  

                                           ; SOURCE LINE # 2024
                 E     CALL    CyEnterCriticalSection
;---- Variable 'interruptState' assigned to Register 'R3' ----
                       MOV     R3,AR7
                                           ; SOURCE LINE # 2029
                 R     MOV     DPTR,#mask
                       MOVX    A,@DPTR
                       MOV     R4,A
                       INC     DPTR
                       MOVX    A,@DPTR
                       MOV     R5,A
                       INC     DPTR
                       MOVX    A,@DPTR
                       MOV     R6,A
                       INC     DPTR
                       MOVX    A,@DPTR
                       MOV     R7,A
                       MOV     R0,#018H
                 E     CALL    ?C?ULSHR
                       MOV     DPTR,#044C3H
                       MOV     A,R7
                       MOVX    @DPTR,A
                                           ; SOURCE LINE # 2030
                 R     MOV     DPTR,#mask
                       MOVX    A,@DPTR
                       MOV     R4,A
                       INC     DPTR
                       MOVX    A,@DPTR
                       MOV     R5,A
                       INC     DPTR
                       MOVX    A,@DPTR
                       MOV     R6,A
                       INC     DPTR
                       MOVX    A,@DPTR
                       MOV     R7,A
                       MOV     R0,#010H
                 E     CALL    ?C?ULSHR
                       MOV     DPTR,#044C2H
                       MOV     A,R7
                       MOVX    @DPTR,A
                                           ; SOURCE LINE # 2031
                 R     MOV     DPTR,#mask
                       MOVX    A,@DPTR
                       MOV     R4,A
                       INC     DPTR
                       MOVX    A,@DPTR
                       MOV     R5,A
                       INC     DPTR
                       MOVX    A,@DPTR
                       MOV     R6,A
                       INC     DPTR
                       MOVX    A,@DPTR
                       MOV     R7,A
                       MOV     R0,#08H
                 E     CALL    ?C?ULSHR
                       MOV     DPTR,#044C1H
                       MOV     A,R7
                       MOVX    @DPTR,A
                                           ; SOURCE LINE # 2032
                 R     MOV     DPTR,#mask
                       MOVX    A,@DPTR
                       INC     DPTR
C51 COMPILER V9.51   CYLIB                                                                 08/22/2026 15:14:02 PAGE 92  

                       MOVX    A,@DPTR
                       INC     DPTR
                       MOVX    A,@DPTR
                       INC     DPTR
                       MOVX    A,@DPTR
                       MOV     DPTR,#044C0H
                       MOVX    @DPTR,A
                                           ; SOURCE LINE # 2040
                       MOV     R7,AR3
                 E     CALL    _CyExitCriticalSection
                                           ; SOURCE LINE # 2042
                       RET     
             ; FUNCTION _CyEnableInts (END)

             ; FUNCTION IntDefaultHandler (BEGIN)
                                           ; SOURCE LINE # 2304
             ?C0172:
                                           ; SOURCE LINE # 2310
                                           ; SOURCE LINE # 2311
                                           ; SOURCE LINE # 2316
                 R     xJMP    ?C0172
                       RETI    
             ; FUNCTION IntDefaultHandler (END)

             ; FUNCTION CyIntInitVectors (BEGIN)
                                           ; SOURCE LINE # 2328
                                           ; SOURCE LINE # 2329
                                           ; SOURCE LINE # 2332
                       CLR     A
                 R     MOV     DPTR,#i
                       MOVX    @DPTR,A
             ?C0175:
                 R     MOV     DPTR,#i
                       MOVX    A,@DPTR
                       MOV     R7,A
                       SETB    C
                       SUBB    A,#01FH
                 R     xJGE    ?C0178
                                           ; SOURCE LINE # 2333
                                           ; SOURCE LINE # 2334
                       MOV     A,R7
                       MOV     B,#02H
                       MUL     AB
                       ADD     A,#00H
                       MOV     R7,A
                       MOV     A,B
                       ADDC    A,#044H
                       MOV     R2,A
                       MOV     R1,AR7
                       MOV     R3,#01H
                 R     MOV     R4,#HIGH IntDefaultHandler
                 R     MOV     R5,#LOW IntDefaultHandler
                 E     CALL    _cywrite16_nodpx
                                           ; SOURCE LINE # 2335
                 R     MOV     DPTR,#i
                       MOVX    A,@DPTR
                       INC     A
                       MOVX    @DPTR,A
                 R     xJMP    ?C0175
                                           ; SOURCE LINE # 2336
             ?C0178:
                       RET     
C51 COMPILER V9.51   CYLIB                                                                 08/22/2026 15:14:02 PAGE 93  

             ; FUNCTION CyIntInitVectors (END)

             ; FUNCTION _CyIntSetVector (BEGIN)
                                           ; SOURCE LINE # 2352
                 R     MOV     DPTR,#address
                       MOV     A,R4
                       MOVX    @DPTR,A
                       INC     DPTR
                       MOV     A,R5
                       MOVX    @DPTR,A
                 R     MOV     DPTR,#number
                       MOV     A,R7
                       MOVX    @DPTR,A
                                           ; SOURCE LINE # 2353
                                           ; SOURCE LINE # 2354
                                           ; SOURCE LINE # 2356
                       SETB    C
                       SUBB    A,#01FH
                 R     xJGE    ?C0180
                 R     xJMP    ?C0181
             ?C0180:
                       CLR     C
             ?C0181:
                 R     xJC     ?C0179
                       MOV     R7,#00H
                 R     CALL    _?CyHalt
             ?C0179:
                                           ; SOURCE LINE # 2359
                 R     MOV     DPTR,#number
                       MOVX    A,@DPTR
                       ANL     A,#01FH
                       ADD     A,ACC
                       MOV     R7,A
                       CLR     A
                       RLC     A
                       MOV     R6,A
                       CLR     A
                       ADD     A,R7
                       MOV     R7,A
                       MOV     A,R6
                       ADDC    A,#044H
                       MOV     R2,A
                       MOV     R1,AR7
                       MOV     R3,#01H
                 E     CALL    _cyread16_nodpx
                 R     MOV     DPTR,#oldIsr
                       MOV     A,R6
                       MOVX    @DPTR,A
                       INC     DPTR
                       MOV     A,R7
                       MOVX    @DPTR,A
                                           ; SOURCE LINE # 2363
                 R     MOV     DPTR,#number
                       MOVX    A,@DPTR
                       MOV     B,#02H
                       MUL     AB
                       ADD     A,#00H
                       MOV     R7,A
                       MOV     A,B
                       ADDC    A,#044H
                       MOV     R2,A
                       MOV     R1,AR7
C51 COMPILER V9.51   CYLIB                                                                 08/22/2026 15:14:02 PAGE 94  

                       MOV     R3,#01H
                       INC     DPTR
                       MOVX    A,@DPTR
                       MOV     R6,A
                       INC     DPTR
                       MOVX    A,@DPTR
                       MOV     R7,A
                       MOV     R5,A
                       MOV     R4,AR6
                 E     CALL    _cywrite16_nodpx
                                           ; SOURCE LINE # 2365
                 R     MOV     DPTR,#oldIsr
                       MOVX    A,@DPTR
                       MOV     R6,A
                       INC     DPTR
                       MOVX    A,@DPTR
                       MOV     R7,A
                                           ; SOURCE LINE # 2366
             ?C0182:
                       RET     
             ; FUNCTION _CyIntSetVector (END)

             ; FUNCTION _CyIntGetVector (BEGIN)
                                           ; SOURCE LINE # 2381
                 R     MOV     DPTR,#number
                       MOV     A,R7
                       MOVX    @DPTR,A
                                           ; SOURCE LINE # 2382
                                           ; SOURCE LINE # 2383
                       SETB    C
                       SUBB    A,#01FH
                 R     xJGE    ?C0184
                 R     xJMP    ?C0185
             ?C0184:
                       CLR     C
             ?C0185:
                 R     xJC     ?C0183
                       MOV     R7,#00H
                 R     CALL    _?CyHalt
             ?C0183:
                                           ; SOURCE LINE # 2385
                 R     MOV     DPTR,#number
                       MOVX    A,@DPTR
                       ANL     A,#01FH
                       ADD     A,ACC
                       MOV     R7,A
                       CLR     A
                       RLC     A
                       MOV     R6,A
                       CLR     A
                       ADD     A,R7
                       MOV     R7,A
                       MOV     A,R6
                       ADDC    A,#044H
                       MOV     R2,A
                       MOV     R1,AR7
                       MOV     R3,#01H
                 E     CALL    _cyread16_nodpx
                                           ; SOURCE LINE # 2387
             ?C0186:
                       RET     
             ; FUNCTION _CyIntGetVector (END)
C51 COMPILER V9.51   CYLIB                                                                 08/22/2026 15:14:02 PAGE 95  


             ; FUNCTION _CyIntSetPriority (BEGIN)
                                           ; SOURCE LINE # 2400
                 R     MOV     DPTR,#number
                       MOV     A,R7
                       MOVX    @DPTR,A
                       INC     DPTR
                       MOV     A,R5
                       MOVX    @DPTR,A
                                           ; SOURCE LINE # 2401
                                           ; SOURCE LINE # 2402
                       SETB    C
                       SUBB    A,#07H
                 R     xJGE    ?C0188
                 R     xJMP    ?C0189
             ?C0188:
                       CLR     C
             ?C0189:
                 R     xJC     ?C0187
                       MOV     R7,#00H
                 R     CALL    _?CyHalt
             ?C0187:
                                           ; SOURCE LINE # 2404
                 R     MOV     DPTR,#number
                       MOVX    A,@DPTR
                       SETB    C
                       SUBB    A,#01FH
                 R     xJGE    ?C0191
                 R     xJMP    ?C0192
             ?C0191:
                       CLR     C
             ?C0192:
                 R     xJC     ?C0190
                       MOV     R7,#00H
                 R     CALL    _?CyHalt
             ?C0190:
                                           ; SOURCE LINE # 2406
                 R     MOV     DPTR,#priority
                       MOVX    A,@DPTR
                       ANL     A,#07H
                       MOV     B,#020H
                       MUL     AB
                       MOV     R7,A
                 R     MOV     DPTR,#number
                       MOVX    A,@DPTR
                       ANL     A,#01FH
                       ADD     A,#080H
                       MOV     DPL,A
                       CLR     A
                       ADDC    A,#044H
                       MOV     DPH,A
                       MOV     A,R7
                       MOVX    @DPTR,A
                                           ; SOURCE LINE # 2408
                       RET     
             ; FUNCTION _CyIntSetPriority (END)

             ; FUNCTION _CyIntGetPriority (BEGIN)
                                           ; SOURCE LINE # 2423
                 R     MOV     DPTR,#number
                       MOV     A,R7
                       MOVX    @DPTR,A
C51 COMPILER V9.51   CYLIB                                                                 08/22/2026 15:14:02 PAGE 96  

                                           ; SOURCE LINE # 2424
                                           ; SOURCE LINE # 2425
                                           ; SOURCE LINE # 2427
                       SETB    C
                       SUBB    A,#01FH
                 R     xJGE    ?C0195
                 R     xJMP    ?C0196
             ?C0195:
                       CLR     C
             ?C0196:
                 R     xJC     ?C0194
                       MOV     R7,#00H
                 R     CALL    _?CyHalt
             ?C0194:
                                           ; SOURCE LINE # 2429
                 R     MOV     DPTR,#number
                       MOVX    A,@DPTR
                       ANL     A,#01FH
                       ADD     A,#080H
                       MOV     DPL,A
                       CLR     A
                       ADDC    A,#044H
                       MOV     DPH,A
                       MOVX    A,@DPTR
                       MOV     R7,A
                       SWAP    A
                       RRC     A
                       ANL     A,#07H
                       MOV     R7,A
;---- Variable 'priority' assigned to Register 'R7' ----
                                           ; SOURCE LINE # 2431
                                           ; SOURCE LINE # 2432
             ?C0197:
                       RET     
             ; FUNCTION _CyIntGetPriority (END)

             ; FUNCTION _CyIntGetState (BEGIN)
                                           ; SOURCE LINE # 2447
                 R     MOV     DPTR,#number
                       MOV     A,R7
                       MOVX    @DPTR,A
                                           ; SOURCE LINE # 2448
                                           ; SOURCE LINE # 2449
                                           ; SOURCE LINE # 2451
                       SETB    C
                       SUBB    A,#01FH
                 R     xJGE    ?C0199
                 R     xJMP    ?C0200
             ?C0199:
                       CLR     C
             ?C0200:
                 R     xJC     ?C0198
                       MOV     R7,#00H
                 R     CALL    _?CyHalt
             ?C0198:
                                           ; SOURCE LINE # 2454
                 R     MOV     DPTR,#number
                       MOVX    A,@DPTR
                       MOV     R5,A
                       ANL     A,#01FH
                       MOV     R6,#00H
                       MOV     R0,#03H
C51 COMPILER V9.51   CYLIB                                                                 08/22/2026 15:14:02 PAGE 97  

             ?C0210:
                       XCH     A,R6
                       CLR     C
                       RRC     A
                       XCH     A,R6
                       RRC     A
                 R     DJNZ    R0,?C0210
                       ADD     A,#0C0H
                       MOV     R7,A
                       MOV     A,R6
                       ADDC    A,#044H
                       MOV     R6,A
;---- Variable 'stateReg' assigned to Register 'R6/R7' ----
                                           ; SOURCE LINE # 2457
                       MOV     A,R5
                       ANL     A,#07H
                       MOV     R5,A
                       MOV     A,#01H
                       MOV     R0,AR5
                       INC     R0
                 R     xJMP    ?C0212
             ?C0211:
                       CLR     C
                       RLC     A
             ?C0212:
                 R     DJNZ    R0,?C0211
                       MOV     R5,A
                       MOV     DPL,R7
                       MOV     DPH,R6
                       MOVX    A,@DPTR
                       ANL     A,R5
                 R     xJZ     ?C0201
                       MOV     R7,#01H
                 R     xJMP    ?C0202
             ?C0201:
                       MOV     R7,#00H
             ?C0202:
                                           ; SOURCE LINE # 2458
             ?C0203:
                       RET     
             ; FUNCTION _CyIntGetState (END)

             ; FUNCTION _CyGetUniqueId (BEGIN)
                                           ; SOURCE LINE # 2885
                 R     MOV     DPTR,#uniqueId
                       MOV     A,R3
                       MOVX    @DPTR,A
                       INC     DPTR
                       MOV     A,R2
                       MOVX    @DPTR,A
                       INC     DPTR
                       MOV     A,R1
                       MOVX    @DPTR,A
                                           ; SOURCE LINE # 2886
                                           ; SOURCE LINE # 2898
                       MOV     R3,#0CH
                       MOV     R2,#01H
                       MOV     R1,#03H
                 E     CALL    _cyread8
                       CLR     A
                       MOV     R4,A
                       MOV     R5,A
C51 COMPILER V9.51   CYLIB                                                                 08/22/2026 15:14:02 PAGE 98  

                       MOV     R6,A
                 R     MOV     DPTR,#uniqueId
                       MOVX    A,@DPTR
                       MOV     R3,A
                       INC     DPTR
                       MOVX    A,@DPTR
                       MOV     R2,A
                       INC     DPTR
                       MOVX    A,@DPTR
                       MOV     R1,A
                 E     CALL    ?C?LSTPTR
                                           ; SOURCE LINE # 2899
                 R     MOV     DPTR,#uniqueId
                       MOVX    A,@DPTR
                       MOV     R3,A
                       INC     DPTR
                       MOVX    A,@DPTR
                       MOV     R2,A
                       INC     DPTR
                       MOVX    A,@DPTR
                       MOV     R1,A
                       PUSH    AR3
                       PUSH    AR2
                       PUSH    AR1
                 E     CALL    ?C?LLDPTR
                       PUSH    AR4
                       PUSH    AR5
                       PUSH    AR6
                       PUSH    AR7
                       MOV     R3,#0CH
                       MOV     R2,#01H
                       MOV     R1,#04H
                 E     CALL    _cyread8
                       CLR     A
                       MOV     R4,A
                       MOV     R5,A
                       MOV     R6,A
                       MOV     R0,#08H
                 E     CALL    ?C?LSHL
                       MOV     R0,AR4
                       MOV     R1,AR5
                       MOV     R2,AR6
                       MOV     R3,AR7
                       POP     AR7
                       POP     AR6
                       POP     AR5
                       POP     AR4
                       MOV     A,R7
                       ORL     A,R3
                       MOV     R7,A
                       MOV     A,R6
                       ORL     A,R2
                       MOV     R6,A
                       MOV     A,R5
                       ORL     A,R1
                       MOV     R5,A
                       MOV     A,R4
                       ORL     A,R0
                       MOV     R4,A
                       POP     AR1
                       POP     AR2
                       POP     AR3
C51 COMPILER V9.51   CYLIB                                                                 08/22/2026 15:14:02 PAGE 99  

                 E     CALL    ?C?LSTPTR
                                           ; SOURCE LINE # 2900
                 R     MOV     DPTR,#uniqueId
                       MOVX    A,@DPTR
                       MOV     R3,A
                       INC     DPTR
                       MOVX    A,@DPTR
                       MOV     R2,A
                       INC     DPTR
                       MOVX    A,@DPTR
                       MOV     R1,A
                       PUSH    AR3
                       PUSH    AR2
                       PUSH    AR1
                 E     CALL    ?C?LLDPTR
                       PUSH    AR4
                       PUSH    AR5
                       PUSH    AR6
                       PUSH    AR7
                       MOV     R3,#00H
                       MOV     R2,#046H
                       MOV     R1,#0ECH
                 E     CALL    _cyread8
                       CLR     A
                       MOV     R4,A
                       MOV     R5,A
                       MOV     R6,A
                       MOV     R0,#010H
                 E     CALL    ?C?LSHL
                       MOV     R0,AR4
                       MOV     R1,AR5
                       MOV     R2,AR6
                       MOV     R3,AR7
                       POP     AR7
                       POP     AR6
                       POP     AR5
                       POP     AR4
                       MOV     A,R7
                       ORL     A,R3
                       MOV     R7,A
                       MOV     A,R6
                       ORL     A,R2
                       MOV     R6,A
                       MOV     A,R5
                       ORL     A,R1
                       MOV     R5,A
                       MOV     A,R4
                       ORL     A,R0
                       MOV     R4,A
                       POP     AR1
                       POP     AR2
                       POP     AR3
                 E     CALL    ?C?LSTPTR
                                           ; SOURCE LINE # 2901
                 R     MOV     DPTR,#uniqueId
                       MOVX    A,@DPTR
                       MOV     R3,A
                       INC     DPTR
                       MOVX    A,@DPTR
                       MOV     R2,A
                       INC     DPTR
                       MOVX    A,@DPTR
C51 COMPILER V9.51   CYLIB                                                                 08/22/2026 15:14:02 PAGE 100 

                       MOV     R1,A
                       PUSH    AR3
                       PUSH    AR2
                       PUSH    AR1
                 E     CALL    ?C?LLDPTR
                       PUSH    AR4
                       PUSH    AR5
                       PUSH    AR6
                       PUSH    AR7
                       MOV     R3,#0CH
                       MOV     R2,#01H
                       MOV     R1,#02H
                 E     CALL    _cyread8
                       CLR     A
                       MOV     R4,A
                       MOV     R5,A
                       MOV     R6,A
                       MOV     R0,#018H
                 E     CALL    ?C?LSHL
                       MOV     R0,AR4
                       MOV     R1,AR5
                       MOV     R2,AR6
                       MOV     R3,AR7
                       POP     AR7
                       POP     AR6
                       POP     AR5
                       POP     AR4
                       MOV     A,R7
                       ORL     A,R3
                       MOV     R7,A
                       MOV     A,R6
                       ORL     A,R2
                       MOV     R6,A
                       MOV     A,R5
                       ORL     A,R1
                       MOV     R5,A
                       MOV     A,R4
                       ORL     A,R0
                       MOV     R4,A
                       POP     AR1
                       POP     AR2
                       POP     AR3
                 E     CALL    ?C?LSTPTR
                                           ; SOURCE LINE # 2903
                       MOV     R3,#0CH
                       MOV     R2,#01H
                       MOV     R1,#01H
                 E     CALL    _cyread8
                       CLR     A
                       MOV     R4,A
                       MOV     R5,A
                       MOV     R6,A
                 R     MOV     DPTR,#uniqueId
                       MOVX    A,@DPTR
                       MOV     R3,A
                       INC     DPTR
                       MOVX    A,@DPTR
                       MOV     R2,A
                       INC     DPTR
                       MOVX    A,@DPTR
                       ADD     A,#04H
                       MOV     R1,A
C51 COMPILER V9.51   CYLIB                                                                 08/22/2026 15:14:02 PAGE 101 

                       CLR     A
                       ADDC    A,R2
                       MOV     R2,A
                 E     CALL    ?C?LSTPTR
                                           ; SOURCE LINE # 2904
                 R     MOV     DPTR,#uniqueId
                       MOVX    A,@DPTR
                       MOV     R3,A
                       INC     DPTR
                       MOVX    A,@DPTR
                       MOV     R2,A
                       INC     DPTR
                       MOVX    A,@DPTR
                       ADD     A,#04H
                       MOV     R1,A
                       CLR     A
                       ADDC    A,R2
                       MOV     R2,A
                       PUSH    AR3
                       PUSH    AR2
                       PUSH    AR1
                 E     CALL    ?C?LLDPTR
                       PUSH    AR4
                       PUSH    AR5
                       PUSH    AR6
                       PUSH    AR7
                       MOV     R3,#0CH
                       MOV     R2,#01H
                       MOV     R1,#00H
                 E     CALL    _cyread8
                       CLR     A
                       MOV     R4,A
                       MOV     R5,A
                       MOV     R6,A
                       MOV     R0,#08H
                 E     CALL    ?C?LSHL
                       MOV     R0,AR4
                       MOV     R1,AR5
                       MOV     R2,AR6
                       MOV     R3,AR7
                       POP     AR7
                       POP     AR6
                       POP     AR5
                       POP     AR4
                       MOV     A,R7
                       ORL     A,R3
                       MOV     R7,A
                       MOV     A,R6
                       ORL     A,R2
                       MOV     R6,A
                       MOV     A,R5
                       ORL     A,R1
                       MOV     R5,A
                       MOV     A,R4
                       ORL     A,R0
                       MOV     R4,A
                       POP     AR1
                       POP     AR2
                       POP     AR3
                 E     CALL    ?C?LSTPTR
                                           ; SOURCE LINE # 2905
                 R     MOV     DPTR,#uniqueId
C51 COMPILER V9.51   CYLIB                                                                 08/22/2026 15:14:02 PAGE 102 

                       MOVX    A,@DPTR
                       MOV     R3,A
                       INC     DPTR
                       MOVX    A,@DPTR
                       MOV     R2,A
                       INC     DPTR
                       MOVX    A,@DPTR
                       ADD     A,#04H
                       MOV     R1,A
                       CLR     A
                       ADDC    A,R2
                       MOV     R2,A
                       PUSH    AR3
                       PUSH    AR2
                       PUSH    AR1
                 E     CALL    ?C?LLDPTR
                       PUSH    AR4
                       PUSH    AR5
                       PUSH    AR6
                       PUSH    AR7
                       MOV     R3,#0CH
                       MOV     R2,#01H
                       MOV     R1,#05H
                 E     CALL    _cyread8
                       CLR     A
                       MOV     R4,A
                       MOV     R5,A
                       MOV     R6,A
                       MOV     R0,#010H
                 E     CALL    ?C?LSHL
                       MOV     R0,AR4
                       MOV     R1,AR5
                       MOV     R2,AR6
                       MOV     R3,AR7
                       POP     AR7
                       POP     AR6
                       POP     AR5
                       POP     AR4
                       MOV     A,R7
                       ORL     A,R3
                       MOV     R7,A
                       MOV     A,R6
                       ORL     A,R2
                       MOV     R6,A
                       MOV     A,R5
                       ORL     A,R1
                       MOV     R5,A
                       MOV     A,R4
                       ORL     A,R0
                       MOV     R4,A
                       POP     AR1
                       POP     AR2
                       POP     AR3
                 E     CALL    ?C?LSTPTR
                                           ; SOURCE LINE # 2906
                 R     MOV     DPTR,#uniqueId
                       MOVX    A,@DPTR
                       MOV     R3,A
                       INC     DPTR
                       MOVX    A,@DPTR
                       MOV     R2,A
                       INC     DPTR
C51 COMPILER V9.51   CYLIB                                                                 08/22/2026 15:14:02 PAGE 103 

                       MOVX    A,@DPTR
                       ADD     A,#04H
                       MOV     R1,A
                       CLR     A
                       ADDC    A,R2
                       MOV     R2,A
                       PUSH    AR3
                       PUSH    AR2
                       PUSH    AR1
                 E     CALL    ?C?LLDPTR
                       PUSH    AR4
                       PUSH    AR5
                       PUSH    AR6
                       PUSH    AR7
                       MOV     R3,#0CH
                       MOV     R2,#01H
                       MOV     R1,#06H
                 E     CALL    _cyread8
                       CLR     A
                       MOV     R4,A
                       MOV     R5,A
                       MOV     R6,A
                       MOV     R0,#018H
                 E     CALL    ?C?LSHL
                       MOV     R0,AR4
                       MOV     R1,AR5
                       MOV     R2,AR6
                       MOV     R3,AR7
                       POP     AR7
                       POP     AR6
                       POP     AR5
                       POP     AR4
                       MOV     A,R7
                       ORL     A,R3
                       MOV     R7,A
                       MOV     A,R6
                       ORL     A,R2
                       MOV     R6,A
                       MOV     A,R5
                       ORL     A,R1
                       MOV     R5,A
                       MOV     A,R4
                       ORL     A,R0
                       MOV     R4,A
                       POP     AR1
                       POP     AR2
                       POP     AR3
                 E     CALL    ?C?LSTPTR
                                           ; SOURCE LINE # 2908
                       RET     
             ; FUNCTION _CyGetUniqueId (END)



MODULE INFORMATION:   STATIC OVERLAYABLE
   CODE SIZE        =   4216    ----
   CONSTANT SIZE    =   ----    ----
   XDATA SIZE       =     15      71
   PDATA SIZE       =   ----    ----
   DATA SIZE        =   ----    ----
   IDATA SIZE       =   ----    ----
   BIT SIZE         =   ----    ----
C51 COMPILER V9.51   CYLIB                                                                 08/22/2026 15:14:02 PAGE 104 

   EDATA SIZE       =   ----    ----
   HDATA SIZE       =   ----    ----
   XDATA CONST SIZE =   ----    ----
   FAR CONST SIZE   =   ----    ----
END OF MODULE INFORMATION.


C51 COMPILATION COMPLETE.  0 WARNING(S),  0 ERROR(S)
