:400000000204AE008F828E83E0540100000070F82278FFE4F6D8FD020513BB010689828A83E0225002E722BBFE02E32289828A83E49322BB010689828A83F0225002F722EC
:40004000BBFE01F322C5F0F8A3E028F0C5F0F8E582158270021583E038F022BB010A89828A83E0F5F0A3E022500687F009E71922BBFE07E3F5F009E3192289828A83E4930C
:40008000F5F074019322BB010A89828A83F0E5F0A3F0225006F709A7F01922BBFE06F3E5F009F31922EF2BFFEE3AFEED39FDEC38FC22C3EF9BFFEE9AFEED99FDEC98FC2258
:4000C000E88FF0A4CC8BF0A42CFCE98EF0A42CFC8AF0EDA42CFCEA8EF0A4CDA8F08BF0A42DCC3825F0FDE98FF0A42CCD35F0FCEB8EF0A4FEA9F0EB8FF0A4CFC5F02ECD3919
:40010000FEE43CFCEAA42DCE35F0FDE43CFC2275F008758200EF2FFFEE33FECD33CDCC33CCC58233C5829BED9AEC99E58298400CF582EE9BFEED9AFDEC99FC0FD5F0D6E440
:40014000CEFBE4CDFAE4CCF9A88222B800C1B90059BA002DEC8BF084CFCECDFCE5F0CBF97818EF2FFFEE33FEED33FDEC33FCEB33FB10D703994004EB99FB0FD8E5E4F9FAB4
:40018000227818EF2FFFEE33FEED33FDEC33FCC933C910D7059BE99A4007EC9BFCE99AF90FD8E0E4C9FAE4CCFB2275F010EF2FFFEE33FEED33FDCC33CCC833C810D7079BE4
:4001C000EC9AE899400AED9BFDEC9AFCE899F80FD5F0DAE4CDFBE4CCFAE4C8F922EF4BFFEE4AFEED49FDEC48FC22C3E49FFFE49EFEE49DFDE49CFC22EB9FF5F0EA9E42F065
:40020000E99D42F0E89C45F022E8600FECC313FCED13FDEE13FEEF13FFD8F122E8600FEFC333FFEE33FEED33FDEC33FCD8F122BB010789828A830202695005E9F802046CC1
:40024000BBFE05E9F802047889828A83020275BB010789828A830202915005E9F8020484BBFE05E9F802049022E0FCA3E0FDA3E0FEA3E0FF22E493FC740193FD740293FE49
:40028000740393FF22E0F8A3E0F9A3E0FAA3E0FB22ECF0A3EDF0A3EEF0A3EFF022A42582F582E5F03583F58322E0FBA3E0FAA3E0F922EBF0A3EAF0A3E9F022E493FB740165
:4002C00093FA740293F922BB010789828A830202A95005E9F802049CBBFE05E9F80204A589828A830202BBD083D082F8E4937012740193700DA3A393F8740193F582888356
:40030000E4737402936860EFA3A3A380DFE5092582F582E5083583F583B508048582092210AF06858209F50822858209F508D2AF22EC8EF0A4CCC5F0CCCDF8EFA4CEC5F068
:400340002DFDE43CFCE8A42EC8C5F03DFDE43CFCEFA4FFE5F028FEE43DFDE43CFC22EF4E6012EF60010EEDBB010B89828A83F0A3DFFCDEFA2289F05007F709DFFCA9F0221A
:40038000BBFEFCF309DFFCA9F022E709F608DFFA8046E709F208DFFA803E88828C83E709F0A3DFFA8032E309F608DFFA806EE309F208DFFA806688828C83E309F0A3DFFAFA
:4003C000805A89828A83E0A3F608DFFA804E89828A83E0A3F208DFFA804280D280FA80C680D4805580F28029801080A680EA809A80A880DA80E280CA802988848C85898224
:400400008A83E493A30586F0A30586DFF5DEF3800B89828A83E493A3F608DFF9ECFAA9F0EDFB2288848C8589828A83E0A30586F0A30586DFF6DEF480E389828A83E493A38E
:40044000F208DFF980D688F0EF60010E4E60CD88F0ED2402B4040050C3F582EB2402B4040050B923234582239003DA73E6FC08E6FD08E6FE08E6FF22E2FC08E2FD08E2FEDF
:4004800008E2FF22ECF608EDF608EEF608EFF622ECF208EDF208EEF208EFF222E6FB08E6FA08E6F922E2FB08E2FA08E2F92275930078007583467582E8E04401F000904691
:4004C000ECE0F99046FAE0FA9003E0F0B903225420B40012B8001AEA901FFFF07401901FFEF09046F6F0901FFEE06005901FFFE0FA90480074C0F07581591217F990000073
:4005000078007920E4F0A3D8FCD9FAEA9003E0F002001175081F7509FD12259912148402055D020B10E493A3F8E493A34003F68001F208DFF48029E493A3F85407240CC859
:40054000C333C4540F4420C8834004F456800146F6DFE4800B01020408102040809005A2E47E019360BCA3FF543F30E509541FFEE493A360010ECF54C025E060A840B8E4B5
:4005800093A3FAE493A3F8E493A3C8C582C8CAC583CAF0A3C8C582C8CAC583CADFE9DEE780BE4103E5004103E6004203F209D04203F409D14103FD004403DC016E36004458
:4005C00003D700005DC04103DB184403E12EE000004103FE004303ED0000004103FF004104000000EC4D6011ED60010C8B938A838982E4F0A3DDFCDCFA759300220221C726
:40060000EC4D4E700D78FCEF24E950032840FD2200007BF178DA0000EF28FF78FFEE38FEED38FDEC38FC50E7EF2BFFEE38FEED38FDEC38FC40F22205020304758600EF4E6B
:400640006027EF60010E759300900005E0F595A3E0F585A3E0F5848B938A838982E0A30586F0A31586DFF6DEF4E4F593F59522ACEAADA08E838F82E493F9601CA3E493F564
:40068000EAA3E493F5A0A3E49360F1FAA3E493F8A3E493F2DAF6D9E48DA08CEA22323200EEFA9003DBE0F88FF0A4FFAEF0E88AF0A42EFEE5F03400FDEF24C9FF78FFEE38CA
:4006C000FEED38FDE438FC500302060022758600EF4E601BEF60010E8C838D828B958A858984E493A30586F0A31586DFF5DEF3E4F59522EF54016004D2AF8002C2AFEF5473
:4007000002FF9044F4E054FD4FF0229044F4E0F84402F0E85402FF10AF012274014FFF228B938A838982E0FFA3E0FE759300228B938A838982EDF0A3ECF075930022900375
:40074000E0E0FA8E838F827400758101738B938A838982E0759300FF228B938A838982EDF0759300221201000200000008B4041DB701300203800109022900010100C002EB
:400780000904000002030000030921110100012224000705010340000107058203400001040309040C03410045003900520042002C034300790070007200650073007300F0
:4007C0002000530065006D00690063006F006E0064007500630074006F0072002203500053006F0043003300200042006F006F0074006C006F006100640065007200000A98
:40080000033000300030003100240005010900A1000900A1000900150025FF7508954091020900150025FF750895408102C0C00000240005010900A1000900A1000900151C
:400840000025FF7508954091020900150025FF750895408102C0C00000004101028E0102D200410102D50102CF00FF085900FF08610000000001FF083101FF078901FF08AD
:400880006900000103004003000082030040030301FF077702FF088101FF087D00FF088F01FF07650000000001FF089001FF08A00001010001000000400000080800080093
:4008C000C000006F0B00400000000040600060000000170045017E02004F010A4B00520509400C20102011207C400064017D01010501EE010109019C80010B039C80AA40FE
:40090000B401010C05B880BE41D804DB04DF01010D0618011A80588068028802D608011701EE0A0119029C80EE0A011B01B080014004320433803640CC700141039608A6B6
:4009400040A78001420A12805B0296089B02A640A780AB02C410D640EE80014303A640A780AE8401450464048804D801E401014603A102B502EC0801470408080F40A1021F
:40098000C20C014803AE40AF80EE50014C070F406102A102AC08AF40C204D802014D02B340EA04015101003A004F00000C005100001000513000400100001000011400086D
:4009C000000140000A00014C000200015000002036000040006930091E033C010144E342830143009481424400C0E0C0F0C083C082C085C084C086758600C093759300C0F0
:400A0000D075D000C000C001C002C003C004C005C006C0079003E6E014604814607414700241C12403600241E19003EA1202A99003E5E0FF04F0E92FF9E43AFA12001A90EB
:400A400003E7F0E0FE5407A3F0EE70179003E5F09003E97402F09003E8E4F09003E67403F0807E9003E7E0FF30E7089003E97403F080069003E97401F0EF25E09003E7F0C4
:400A8000A3E014F0710AEF54FEFF71049003E67402F09003E9E070219003E67403F09003E8E07006A37402F080059003E9E4F0710AEF4401FF710480089003E9E014F08099
:400AC000209003E9E070149003E8E070069003E6F0800E9003E67401F080069003E9E014F0D007D006D005D004D003D002D001D000D0D0D093D086D084D085D082D083D057
:400B0000F0D0E03290647DEFF02290647DE0FF227BFF7A0979DD9003EA1202B21222C1EF30E01E12230EEF600E7BFF7A0979E49003EA1202B2800AE4FF7156EF7003FF91F4
:400B4000DD7E097FE9B1ECB1C8D2AF9044F474FDF0B14180FE228F46AD467F0312181AEF2401FFE43EFEE43DFDE43CFCE4FB7A01F9F81200C0C004C005C006C007AD467FB7
:400B80000412181AD003D002D001D0001200A58F4E8E4D8D4C8C4BC201E4F54FAD467F0312181AEF2401FFE43EFEE43DFDE43CFCE4FB7A01F9F81200C08F4A8E498D488C49
:400BC00047AF4EAE4DAD4CAC4BAB4AAA49A948A847C31201F85032854A82854983E493F5506005F46002D201E550254FF54FAF4AAE49AD48AC47E47B01FAF9F81200A58F6C
:400C00004A8E498D488C4780B8AD467F0312181AEF2401FFE43EFEE43DFDE43CFCE4FB7A01F9F81200C078031202098F4A8E498D488C47E47FC07EFFFDFCAB4EAA4DA94C02
:400C4000A84BC31201F87007FF7E20FDFC800DAF4EAE4DAD4CAC4B78031202098F4E8E4D8D4C8C4BAF4EAE4DAD4CAC4BAB4AAA49A948A847C31201F85039E4254AFFE435BF
:400C800049FEE5483408FDE43547A907AA06AB0512074DEF254FF54FAF4AAE49AD48AC47E47B01FAF9F81200A58F4A8E498D488C4780B1E54FF404F54FAD467F0112181A80
:400CC000A804A905AA06AB07AF4FE4FCFDFEC31201F870032001037F06227F00228F21E521B402079046FAE4F0804EAF217156EF7042F522E522C394015031AF227E007CD3
:400D0000017D00120331C374D09FFF74FF9EFE74109DFDE49CFCE522B521047B0180027B00900004EBF0D148052280C89046FA7480F080059046FAE4F09046F6E04401F092
:400D400022752106E4FF7156EF7002F521E4F54DF54CF54BF54A9003F4E0FEA3E0F5828E831202758F518E508D4F8C4EE4FFFE7D10FC1217949003F2E0FCA3E0F5828C83B0
:400D8000E493FEC3EF9EFFF404FFB506129003F4E0FEA3E0F5828E83120275EF4E70057F0012231D9046FAE054C064406004E52160099046FAE4F0FF121BB3E4FF121BB3AE
:400DC0009046FA7480F0A1399003FDE07008D10E9003FD7401F09043A3E04401F09043B3E04401F0904F00E04401F022900000EEF0A3EFF01222DE900000E0FEA3E0FF1269
:400E000022C77F071222D49044C07404F022904F00E05401F0904F02E054FCF0904F01E04401F0904F0BE054CFF0E04430F0E054F0F0E0440FF07FF01223017FF01222E59E
:400E4000E4FF904F03EFF022900000120291900000120269E42FFFE43EFEED34F0FDEC34FFFC900005120291E4FBFA7901F890000512026912014B900109EFF090000512FA
:400E80000269EFEEE4FDFCFB7A01F9F812014B90010AEEF0A3EFF0900000120269EFFBE4FAF9F89000001202691200B290010C120291E4FBC3EA9401502590010C120269C4
:400EC000EF2BFFEE3A8F82F583E493FF74092BF58274003AF583EFF00BEB70010A80D5900000120269EFE4FE74092FF582EE3400F583E0FD900004E0FCED6C601F74092F5C
:400F0000F582EE3400F583ECF0900109E0FFA3E0FCA3E0FD7B017A007909F11D22900110EFF0D3943F40067E007F1080047E017F00900111EEF0A3EFF0900111E0FFA3E0A3
:400F4000900265CFF0A3EFF0900110E0FF900260ECF0A3EDF0A31202B290025FEFF0E4900267F0EFD3943F500E90025FE0940140069002677401F090025FE0FFD3947F4072
:400F8000069002677401F0EFC39440400CEFD3944140069002677401F0EFD3943F501E900260E0FEA3E0FFE4FCFDFB7A01F9F8C31201F8502F9002677401F08027D3900270
:400FC00061E09480900260E0940040069002677401F0900265E07004A3E0641060069002677401F09002621202A9E94A4B700590026704F0900267E060030210C712118B38
:40100000EF600201C1900260E0FCA3E0FDA31202A9900265E0FFA3E090026ECFF0A3EFF090025FE0FF51B1900267EFF06407600201BD904722E0540270087F01FE1206A043
:4010400080F0904722E054026009E0FF1313543FFF80027FFFEF7006900267F0800690026774FFF0900267E0705390025FE0FFA3E0FCA3E0FD9003F0E0FBA3E090026CF067
:401080005107900267EFF064077032904722E0540270087F01FE1206A080F0904722E054026009E0FF1313543FFF80027FFFEF7006900267F0800690026774FFF011CD80E9
:4010C000069002677404F0900267E0FF2212070BE4900400F00206F331AA318BEF703931BE900260EFF06407702A904722E0540270087F01FE1206A080F0904722E0540298
:401100006009E0FF1313543FFF80027FFFEF7004900260F011CD80069002607404F0900260E0FF2211D890025FEFF07007313A90025FEFF090025FE0FF2231AA900260741B
:40114000FFF0318BEF70387F0131D9EF6407702B7B017A0379F07D02515BEFB40215E4900260F0904722E0540270107F01FE1206A080F0904722E0540260D511CD800690F4
:4011800002607404F0900260E0FF229002687404F012070B900400E0700704F0E4900268F01206F3900268E0FF2212070B9043A0E04408F09043B0E04408F00206F37F0766
:4011C000904722E05402600E90472074B6F074E0F0740DF080027F04227E07904722E05402601F90472074B6F074E1F0740EF0904722E054027007904720EFF080067E09E1
:4012000080027E04AF0622900269ECF0A3EDF0AC077D07904722E05402603B90472074B6F074D8F07405F0904722E054027023904720ECF0900269E0904720F0900269E093
:40124000A3E0904720F0EBF090026CE0904720F080067D0980027D04AF05229002611202B2900264EDF0E4A3F0900264E0FFA3E0C39F5037904722E054016003D38001C393
:4012800040097F017E001206A080E9904720E0FF9002611202A9900265E029F9E43AFAEF120033900265E004F080BE900265E0FF22900268EFF0A3ECF0A3EDF0A31202B2B9
:4012C0009002707407F0904722E05402700261BD90472074B6F074D5F07402F0904722E05402600261B5900268E0904720F0E4900271F0A3F090026EE0FEA3E0FF900271DD
:40130000E0FCA3E0FDC39FEC9E501F90026B1202A9E92DF9EA3CFA12001A904720F0900271E475F00112004580CB90026EE064017002A3E0600261C3900268E0FFD3943FCC
:40134000400261C37E007C207D00120331E42FFFE43EFEED3408FDE43CFCC004A905AA06AB07A3E0FEA3E0FF7C007D20120331D0001200A5900273120291E4900271F0A3D5
:40138000F0900271E0FEA3E0FFC39420EE94005032E4FCFDA31202851200A5A907AA06AB0512074D904720EFF0900271E475F00112004580CC9002707409F080069002705C
:4013C0007404F0900270E0FF227B007A4079807DBF7C5D12072F9040827419F09043007406F07B007A4279127D177C3312072F9042107405F0E0FFE47FC87E32FDFC900010
:4014000000120291900000120269D3EF9400EE94004029904210E054806021E47FE07E01FDFC12060090000012026974FFFBFAF9F81200A590000012029180C890420074EF
:4014400052F07B0C7A01790F12074D9046A1EFF07B007A407904E4FDFC12072F9040047407F0904006E4F09040087448F0904004E4F0904009F09040017402F09043A2E0A3
:401480004401F0227B007A4679E812074DEF4405FD7B007A4679E8120759E4F523E523C39408502CE52375F005A424A8F582E43409AF82F5218F22F5831202BB8F82852141
:4014C00083740393FC740493FD1205E4052380CD7E087FD212066F7B017A50790312074DEF4402FD7B017A5079031207597B017A50791312074DEF4402FD7B017A507913C3
:401500001207599043A0E04440F09043C2E04410F07C087DB07B007A5179C27F087E001206CD7C087DB87B007A5179F07F0A7E001206CD7C087DC27B007A5179127F087EB0
:40154000001206CD7C087DCA7B007A5179227F087E001206CD9044F47401F0904322E04408F09046ECE0C394055006904689743AF090480074F1F071C990480074B1F0B15C
:40158000A27B007A4379A0C00179B09000051202B2D0017F0E7E0012063B9043B0E054FDF0227B0C7A0179CF12074DEF540790586EF0EFC4540FA3F09058767444F0228B62
:4015C0004E8A4F89508C518D5274FFF553F554855157855258E552455170086354FF6353FFC16BC3E5589552FFE5579551FEAB4EE5502FF9E54F3EFA12001A755500F556EA
:40160000E4FDEDC39408503DE5565401FFE5545401FBE4EB6F6015E553C313FEE55413FFEE6484F553EF6408F554800BE553C313F553E55413F554E555C313F555E55613EE
:40164000F5560D80BDE552155270021551E552455170906354FF6353FF855355855456E554FCE555FFECF553EFF554AE53AF54228B478A4889497401120033AB472549F942
:40168000E43548FAEF120033E54BAB47E5492402F9E43548FAE54B120033E54AFFAB47E5492403F9E43548FAEF120033AB47AA48A949E54B2404FDE4354AFCB1BF8E4C8FFC
:4016C0004DEFAB47E54B2404FDE4354AFCE5492DF9E5483CFAEF120033E54CFFAB47E54B2405FDE4354AFCE5492DF9E5483CFAEF120033AB47E54B2406FFE4354AFEE54981
:401700002FF9E5483EFA7417120033E54B2407FDE4354AFC75530075540075554A755696AB47AA48A9498C518D52E55675F00AA485F058F559900263E4F0A37440F07F0203
:401740001227F97F02F183EF7019E55945586013E47F01FEFDFC122331E55915597002155880E07F02F183EF70057557108011AB53AA54A955E5518552F0120086E4F5574B
:40178000AF5722EF75F00BA42431F582E43403F583E0FF228F498E488D478C46E4F552D3E5519400E5509400404CAF51AE50AD4FAC4E74FFFBFAF9F81200A58F518E508DDE
:4017C0004F8C4EE549254DFFE548354CFEE547354BFDE546354AFCEF2551FFEE3550FEED354FFDEC354EA907AA06AB0512074DEF2552F55280A9AF52229046FAE054C064DD
:40180000807016F521F0AD217F02111AEF4E6009AD217F02111A12073E2290025FEDF0AB079002647402F0E4FFFEFDFCA3120291EB1202E7185C0118880218AC0318D004DB
:4018400018F405191E06196C0719480819900919B40A19DE0B1A080C00001A3290025FE0FF7E007C017D001203311201EAEF24C0FFEE34FFFEED3410FDE43CFCA312029112
:401880009002647401F0413D90025FE0FF7E007C017D00120331C374C39FFF74FF9EFE74109DFDE49CFCA3120291413D90025FE0FF7E007C017D00120331C374C79FFF741C
:4018C000FF9EFE74109DFDE49CFCA3120291413D90025FE0FF7E007C017D00120331C374CB9FFF74FF9EFE74109DFDE49CFCA3120291413D90025FE0FF7E007C017D0012F6
:401900000331C374D09FFF74FF9EFE74109DFDE49CFCA31202919002647401F0413D90025FE0FF7E007C017D00120331C374D19FFF74FF9EFE74109DFDE49CFCA3120291DF
:401940009002647401F0413D90025FE0FF7E007C017D00120331C374D69FFF74FF9EFE74109DFDE49CFCA3120291413D90025FE0FF7E007C017D00120331C374D29FFF743D
:40198000FF9EFE74109DFDE49CFCA3120291413D90025FE0FF7E007C017D00120331C374D49FFF74FF9EFE74109DFDE49CFCA3120291413D90025FE0FF7E007C017D00122C
:4019C0000331C374D89FFF74FF9EFE74109DFDE49CFCA31202919002647404F0805F90025FE0FF7E007C017D00120331C374DC9FFF74FF9EFE74109DFDE49CFCA3120291A8
:401A00009002647401F0803590025FE0FF7E007C017D00120331C374E09FFF74FF9EFE74109DFDE49CFCA31202919002647404F0800BE4FFFEFDFC90026012029190026412
:401A4000E0B40119900260120269A907AA06AB0512074DE4FCFDFE900265120291900264E06402705C900260120269EF2401FFE43EFEE43DFDE43CA907AA06AB0512074DFE
:401A8000E4FCFDFE900265120291900265120285C000C001C002C003900260120269A907AA06AB0512074DE4FCFDFE780812021CD003D002D001D0001201DD900265120268
:401AC00091900264E06404600261AD900260120269EF2403FFE43EFEE43DFDE43CA907AA06AB0512074DE4FCFDFE900265120291900265120285C000C001C002C0039002B0
:401B000060120269EF2402FFE43EFEE43DFDE43CA907AA06AB0512074DE4FCFDFE780812021CD003D002D001D0001201DD900265120291900265120285C000C001C002C0F0
:401B400003900260120269EF2401FFE43EFEE43DFDE43CA907AA06AB0512074DE4FCFDFE781012021CD003D002D001D0001201DD900265120291900265120285C000C00196
:401B8000C002C003900260120269A907AA06AB0512074DE4FCFDFE781812021CD003D002D001D0001201DD900265120291900265020269900000EFF0E4F541F54275430A68
:401BC000C200F544F545121124EF60057F0012231D1227ADD2AF9044F474FDF0E4F53D754B00754C00754D39900000E0FF70067EFF7FFF80008F4E7B017A0079017D2C7C50
:401C0000011223958F40900000E060021543E5436004E54070C9E54060030221B7C3E53A9407E53994004008900001E064016005753D0481BB900004E0FE900003E0FDEE20
:401C4000F541EDF542E5422407FFE43541FED3EF953AEE95395008EF942CEE94014005753D03805774062542F58274003541F583E0FE74052542F58274003541F583E0FD8B
:401C8000EEF53EEDF53F74072542F58274003541F583E064176005753D04801F7B017A007901E5422404FDE43541FC1215BFEF653F7003EE653E6003753D08E4F53BF53C21
:401CC000E53D60030221A6900005E0F538753D04900002E01202E71CF6311D23321DA9341F4A351F58371FA4381DA9391FE63A218D3B000021A32000030221A6E542454157
:401D000060030221A6FF120B56EF70047F0180027F00900005EFF0753B00753C01E4F53D0221A62000030221A6E5426401454160030221A6E538C3940140030221A690032E
:401D4000F4E0FEA3E0F5828E83120275E4FBFA7901F812014B8F24E538B5241E9003F4E0FEA3E0F5828E83120275E4FB7A01F9F812014B7522008F238014E538D395244025
:401D800007E4F522F5238006752201752300E523900005F0E522A3F0A374FFF0E4A3F0F53B753C04F53D0221A6900002E06434703C2000030221A6E54264034541600302B4
:401DC00021A6E538C39440400FE538D3947F50087544007545108006754401754520AE44AF457D007B017A01792D12035E2000030221A6C3E5429403E54194005003022111
:401E0000A6E54224FDFFE54134FFFE742D2545F974013544A801FC7D017B017A007908120446E54224FDFFE54134FFFEEF2545F545EE3544F544E538C39440401BE538D3A6
:401E4000947F501412222E754100754210900259E4F0A37480F0800F7541017542209002597401F0A3E4F0E54565427004E54465416002E13F900007E0FE900006E0FDEE76
:401E8000F544EDF545D390025AE09545900259E0954440047F0080027F0A8F3DE53D60030221A6E538D3943F506FE5387F00FEEF2545FFE5443E90025BF0A3EFF09003F4FC
:401EC000E0FEA3E0F5828E83120275E4FB7A01F9F812014B90025DEEF0A3EFF09003F4E0FEA3E0F5828E83120275EFE4EF600A90025DE475F00112004590025DE0FEA3E073
:401F0000FFC390025CE09F90025BE09E500B753D0AE4F544F5450221A67B017A01792D900265E541F0A3E542F0AD45AC44AF38120F4DEF60047F0A80027F008F3D80037594
:401F40003D03E4F544F5450221A62000030221A6E4F544F5450221B72000030221A6E5452542FFE5443541FED3EF942CEE9401502DE4F53DAE41AF42742D2545F9740135A5
:401F800044A801FC7D017B017A007905120446E5422545F545E5413544F5440221A6753D030221A6E5424541703678257C00FD7BFF7A0979D5FE7F08120446D200753B00E9
:401FC000753C08E4F544F545AE3BAF3C78057C007D01FB7A007925120446E4F53D0221A6753D040221A62000030221A6E5426403454160030221A6900007E0FE900006E0A2
:40200000FDEEF52FEDF530E538C394404057E538D3947F5050512EAE2FAF307C007D101203318F368E358D348C33C3E5309480E52F940050047F0080027F0A8F3DE53D603F
:402040000221A685364D85354C85344B85334AE4755110F550F54FF54EFF7E80FDFC1217948F378069AE2FAF307C017D00120331C004C005C006C007AF38E4FCFDFEFBFAD2
:402080007901F81200C0D003D002D001D0001200A58F368E358D348C33C3E52F940150047F0080027F0A8F3DE53D600221A685364D85354C85344B85334AE4F55175500172
:4020C000F54FF54EFFFE7D10FC1217948F37E538D3943F5072AF387E007C207D00120331E42FFFE43EFEED3408FDE43CFCC004A905AA06AB07AE2FAF307C007D20120331A4
:40210000D0001200A58F368E358D348C33E4F52DF52EC3E52E9420E52D9400502AE4E52E2536FFE52D3535FEE43534FDE43533A907AA06AB0512074DEF2537F537052EE5D7
:402140002E7002052D80CB852F31853032E538702AAE31AF32FCFD7BFFFAF9F8C31201F87019FD7F0512181AC3E5379FF537E4FD7F0612181AC3E5379FF537E537F40490E3
:402180000005F0E4F53DF53B753C018019E4FF120B56EF70069046FA7480F01205FD120D398003753D057B017A007901853B4A853C4BAF3D121670900000E07003021BDC9E
:4021C000300003021BDC2212070B906008E0547FF0906012E054FBF09043A5E054FEF09043B5E054FEF09051F8E04480F0E04440F01206F39044CA7480F0A37401F0904443
:40220000CA7420F09044C87401F004F0515E9044D97410F0E4900323F090032BF090031FF0900325F090032AF09003FFF02212070B9043A0E04408F09043B0E04408F090D6
:40224000470174C8F09043ACE04410F09043BCE04410F0904700E0542060F80206F390458FE054407E007806CEC313CE13D8F9FF22C0E0C0F0C083C082C085C084C08675B2
:402280008600C093759300C0D075D000C000C001C002C003C004C005C006C007515ED007D006D005D004D003D002D001D000D0D0D093D086D084D085D082D083D0F0D0E0EA
:4022C0003290646DE0FF227B027A447904AD07AC06020731EFC43354E0904482F0229044C87404F0229043A3E04401F07B027A4F7906EFFD7C001207319043A3E054FEF0B0
:40230000227B027A4F7904EFFD7C00020731904210E0548060047F0180027F002290FFFF12030DEFF09046EA7401F090000102030D90FFFC12030D120291850883850982B0
:40234000120269D3EF9400EE9480402E9003E1120269120600850883850982C083C082120269E42FFFEE3480FEED34FFFDEC34FFFCD082D08312029180C09003D712026994
:402380008508838509821202851200C012060090000402030D8B468A4789488C498D4AE54E75F00AA485F050F551D3E54A9440E54994004006754900754A409003FEE060F8
:4023C0002D9167EF7018E55145506012E47F01FEFDFC7131E55115517002155080E39167EF601791A7916DE49003FEF0800C91A7EF60079167EF6002916DE54E75F00AA491
:4024000085F050F5517F01121783EF64016018E55145506012E47F01FEFDFC7131E55115517002155080DE7F01121783EFB40125AB46AA47A948900263E549F0A3E54AF0F1
:402440007F0191B4AB4BAA4CA94DEE8FF0120086E4F54F800FAB4BAA4CA94DE4F5F0120086754F10AF4F2290032BE0FF227F01EFD394004031EF9409502CEF75F00BA4248D
:4024800031F582E43403F583E4F0EF75F00BA42435F582E43403F583E0FE75F010EF905FFE12029DEEF022E4FF900323E06004E0FFE4F02290025FEFF0A31202B2900260EA
:4024C0001202A9E94A4B7002A14E90025FE0FFD39400407AEF94095075B15ED3900264E09F900263E09E400990025FE0FFB15E8008900263E0FEA3E0FF900263EEF0A3EFCA
:40250000F0E4A3F0A3F0900263E0FEA3E0FFA3E0FCA3E0FDC39FEC9E502B90025FE075F01090607812029DE0FF9002601202A9E92DF9EA3CFAEF120033900265E475F00155
:4025400012004580C190025FE0FF916F8007E4900263F0A3F0900263E0FEA3E0FF22E4FDFCEFD39400402AEF9409502575F010EF905FFC12029DE0540FFD75F010EF905F68
:40258000FD12029DE0FBEDFCEBFD24FEFD74FF3CFCAE04AF052280FE32E4900000F0900000E0FFD3941F5020EF75F002A42400FFE5F03444FAA9077B017C257D9612073168
:4025C000900000E004F080D622900263ECF0A3EDF0900262EFF0541F25E0FFE433FEE42FFFEE3444FAA9077B01120722900265EEF0A3EFF0900262E075F002A42400FFE538
:40260000F03444FAA9077B01A3E0FEA3E0FFFDAC06120731900265E0FEA3E0FF2212070B900261EFF09043A5E04401F09043B5E04401F090609D7401F090600904F09060A8
:4026400010E0547FF0E4FFFE1206A0904394E054F9F0906012E054DFF0904394E04401F07F017E001206A07F287E001206A09051F8E0547FF0E054BFF0904394E04402F09A
:402680007F027E001206A0904394E04404F0906084E4F0A3F0900261E0FF1206F37D077F17D1F17C377D937F17B1C97D077F18D1F17C297D1F7F18B1C97D077F15D1F17CF8
:4026C000067D9E7F15B1C97D07E4FFD1F17C367DF3E4FFB1C97D077F01D1F17C377D437F01B1C97D077F0CD1F17C227D717F0CA1C9AC07ED540775F020A4FFEC541F248058
:40270000F582E43444F583EFF02290025FEFF0A3EDF09003FFE07008D11D9003FF7401F090025FE0FFA3E0FDE4FE7E019003F87401F0A3DEFC7E01900329EFF0E490032857
:40274000F0900323F090032BF090031FF0900325F090032AF0900320F09044C27480F0A37401F09044C27420F09044C07401F004F0ED14600C047012906009E054FEF08064
:4027800010906009E04401F08007906009E04401F09060287403F09060087480F0E47F01FEFDFC1206009060127404F022D2AF9044F474FDF07D02E4FFF10A9003FE7401FF
:4027C000F022E4FF7F019003F87401F0A3DFFCE4900328F0900323F090032BF090031FF0900325F090032AF0900320F09060287403F09060087480F0229002601202B290B4
:40280000025FEFF0D394005002211EE0FF94094002211EEF75F00BA42436F582E43403F583E0FEA3E0FFC3E49FFF74029EFED3900264E09F900263E09E402490025FE075E0
:40284000F00BA42436F582E43403F583E0FEA3E0FFC3E49F900264F074029E900263F0900263E0FCA3E0FDECFF90025FE0FE75F00BA42433F582E43403F583E04FFF75F0BD
:4028800010EE905FFC12029DEFF0ED90025FE075F010905FFD12029DEDF09002601202A9E94A4B6046E4900265F0A3F0900263E0FEA3E0FFA3E0FCA3E0FDC39FEC9E502B06
:4028C0009002601202A9E92DF9EA3CFA12001AFF90025FE075F01090607812029DEFF0900265E475F00112004580C190025FE0FF75F00BA42431F582E43403F583E4F0EFB2
:4029000075F00BA42435F582E43403F583E0FF90025FE075F010905FFE12029DEFF022C0E0C0F0C083C082C085C084C086758600C093759300C0D075D000C000C001C0024A
:40294000C003C004C005C006C007906028E0900277F0E0FF5410700221FEA37401F0EF54806020900277E0540F64016005A3E4F0802FD1DB90032CE054806025900278E4A0
:40298000F0801E900277E05440600451218012900277E05420600512301A8005900278E4F0900278E06057906028E0900277F0E05480704A90032FE0FF900327E04F900207
:4029C00077F0E0FF906029F0E0FEEF6E703090032CE0900278F0906028E05480900277F0E0700F90032CE0906028F0E0540F900278F090032CE0FF900278E0B507D0D00721
:402A0000D006D005D004D003D002D001D000D0D0D093D086D084D085D082D083D0F0D0E032900328E024FC600A24FE6008240470068005E1ABF1BB22E4FD900320E0FF9059
:402A4000032DE48FF0120045D3900318E09400900317E09400403AED940850359003191202A912001AFFE42DF582E43460F583EFF09003191202A9E92401F9E43AFA9003CE
:402A8000191202B20D90031774FFF5F012004580B7900320E064086006EDD394004015900327E06480F090032C740FF09003287402F0800A90032C7402F0900328F09003DE
:402AC0002FEDF0900320F0221202B2900317E07002A3E070051230CE802F9003287402F0E4900327F01235FA906007E0FE906006E0FDEEEDFFD3900318E09F900317E09EF5
:402B00004005EEF0A3EFF051387F0122E490027AF0906000E090027CF07B007A007900A31202B2E4900317F0A3F090027CE0548064806002A125906001E07002817424F80D
:402B4000700281E624FE7002A10224046002C1BD906003E0B4012B123E55900280EEF0A3EFF0F5828E83A31202BB9003191202B2900317E4F0A37412F051CB90027AEFF069
:402B8000C1BD906003E064027060906002E0FF123432900280EEF0A3EFF04E7002C1BD900280E0FEA3E0F5828E83A31202BB9003191202B29003191202A9E92403F9E43A26
:402BC000FA12001AFE9003191202A9E92402F9E43AFA12001AFDEEEDFF900317EEF0A3EFF051CB90027AEFF0C1BD906003E064037079FF7BFF7A0779A090027D1202B290FB
:402C00006002E0D39F401F90027D1202A912001A601412001AFE7C0029F9EC3AFA90027D1202B20F80D9906002E0FF6016900775E493FEEFB5060C7BFF7A0779FF90027DF0
:402C40001202B290027D1202A912001A7002C1BD12001AFF900317E4F0A3EFF09003191202B251CB90027AEFF0C1BDF13D90027AEFF0C1BD90027CE05403603F24FE600285
:402C8000C1BD900317E4F0A37402F0906004E0547F75F00BA42432F582E43403F583E09003FBF0E4A3F07B017A0379FB9003191202B251CB90027AEFF0C1BD900317E4F03D
:402CC000A37402F090032AE09003FBF0E4A3F07B017A0379FB9003191202B251CB90027AEFF0C1BDC1BD900317E4F0A304F0FB7A03792B9003191202B251CB90027AEFF0AD
:402D0000C1BD900317E4F0A304F0906004E02416F9E43403FA7B0190031951C890027AEFF0C1BDC1BD906001E0147002A1E924FE7002C15924FA601B24FE60702406600216
:402D4000C1BD906002E0900325F0D1C390027AEFF0C1BD906002E090027BF0D39400400EE014FF123432900280EEF0A3EFF090027BE0FFD39400400A900280E07002A3E079
:402D80007005EF6002C1BD90032BE0FF90027BE0FE6F600F90032BEEF09003237401F0FF1238CAD1C390027AEFF0C1BD123687EF7002C1BD906004E0FE90031FF074162EC8
:402DC000F582E43403F583E0FF74242EF582E43403F583E06F60099003237401F0123C52D1C390027AEFF0C1BD90027CE05403601A146031146002C1BD906002E06002C15D
:402E0000BD123EF590027AEFF0C1BD906002E064016002C1BD90032AE054FDF0D1C390027AEFF0C1BD906004E0FFC394014002C1BD74262FF582E43403F583C083C082E012
:402E4000FF906002E0F4FEEF5ED082D083F0D1C390027AEFF08066806490027CE05403601614602B147056906002E07050123E6E90027AEFF08046906002E06401703E90BA
:402E8000032AE04402F0D1C390027AEFF0802E906004E0FFC39401502474262FF582E43403F583C083C082E0FF906002E0F4FEEF5ED082D083F0D1C390027AEFF090027A9B
:402EC000E0FF229003287406F090032CF09003277480F0E490032FF07F0122906028E0900279F0E0906028F0E0900279F0E0FF5480600690032CEFF0227F02F1DD90600059
:402F0000E0546024E0601124E060162440701C710C900279EFF08018F13D900279EFF0800F123FD0900279EFF08005E4900279F0900279E0700690032C7403F022E49002EA
:402F400083F0906000E0540324FE600D047024906004E0900282F0801F906004E0547F75F00BA4243AF582E43403F583E0900282F08005E4900282F0900282E0FFD394014A
:402F80005023900321E0FCA3E02FF582E43CF583E49324FD700A123122900283EFF08005E4900283F0900283E0FF22E4900328F07F01F1DD90032C7403F022900325E06041
:402FC0000CE04480906008F0E4900325F0E4900328F07F01F1DD90032C7403F02290031C1202A9E94A4B603190031C1202A9EF12003390032DE0FEA3E0FF90031C1202A9E1
:40300000E92401F9E43AFAEE8FF01200867B007A00790090031C1202B222900328E024FC600A24FE60082404700F800E802B7F03122FDD90032C7403F022900320E0FF90CE
:40304000032DE48FF0120045E4900328F07F01122FDD90032C7403F022E4FF906029E0540F24FEFEFD90032DE48DF0120045D3900318E09400900317E09400403CEED3943C
:40308000004036E42FF582E43460F583E0FD9003191202A9ED1200339003191202A9E92401F9E43AFA9003191202B20F1E90031774FFF5F012004580B5AF0690032FEEF09E
:4030C000900327E06480F090032C740BF0229003287402F09003277480F090032C740FF0E4900320F090032FF07F01229003287404F09003277480F0B1FA906007E0FE9075
:403100006006E0FDEEEDFFD3900318E09F900317E09E4005EEF0A3EFF090032C740BF07F0122E4900284F0906004E0900285F0906000E0548070024107A3E014604F1460FB
:403140006414700221D724FD600241DD906003E0B42118917F900317E07002A3E0700241DD122ACB900284EFF041DD906003E06422600241DDB128900317E07002A3E07032
:403180000241DD122ACB900284EFF041DD51E3900317E07002A3E0700241DD122ACB900284EFF041DD900285E0FFC39401400241DD906002E0600241DD900317F0A304F047
:4031C00074F72FF9E43403FA7B01900319122AC8900284EFF041DD900285E0FFC39401400241DD900317E4F0A304F074F82FF9E43403FA7B019003191202B2122ACB9002F5
:4032000084EFF041DD41DD906001E024F6602214700241B62402600241DD51E3900317E07002A3E0700241DD11EC900284EFF041DD900285E0FFC39401400241DD9060026C
:40324000E0600241DDA3E0FE74F72FF582E43403F583EEF074F62FF582E43403F583E0FE74F72FF582E43403F583E0C39E5011900285E024F6F582E43403F583E4F0802C89
:40328000900285E0FF24F6F582E43403F583E0D39401401874F72FF582E43403F583E0FE74F62FF582E43403F583EEF0122EC3900284EFF08027900285E0FFC39401501DF7
:4032C000906002E0FE9401501474F82FF582E43403F583EEF0122EC3900284EFF0900284E0FF22E4900317F0A3F090032BE014FF9132900286EEF0A3EFF0906003E0900211
:403300008BF0906004E090028CF02402FFE433FEEF7802C333CE33CED8F9FF900287E02FFF900286E03EFEF0A3EFF0F5828E83A31202BBAF01900286EAF0A3EFF090028CEF
:40334000E0FFC394014002813174162FF582E43403F583E075F004A4FFAEF0900287E02FF0900286E03EF0E0FEA3E0F5828E83A31202BBAF01900286EAF0A3EFF090028BFB
:40338000E0FFC3940150028131EFD3940340028131EF24FFFFE434FFFEEF7802C333CE33CED8F9FF900287E02FFF900286E03EFEF0A3EFF0906002E0FD90028BF08F828E19
:4033C00083E493C39D406A900286E0FEA3E0F5828E83A31202BB9002881202B290028BE075F008A4FF9002881202A9E92FF9EA35F0FA9002881202B29002881202A9E924B4
:4034000002F9E43AFA1202C79003191202B29002881202A912005BFF900317E5F0F0A3EFF0E92405F9E43AFA1202C790031C1202B22290028DEFF0900329E025E025E0249B
:40344000ADF582E43408F5831202BBAE02AF01EF2408FFE43EFE8F82F583E493FD90028DE0FCC39D4005E4FEFF80138F828E8375F004EC12029DA31202BBAE02AF0122906A
:40348000032BE014FF9132900286EEF0A3EFF0906004E0900288F02402FFE433FEEF7802C333CE33CED8F9FF900287E02FFF900286E03EFEF0A3EFF0F5828E83A31202BBD3
:4034C000AF01900286EAF0A3EFF0A3E02416F582E43403F583E075F004A4FFAEF0900287E02FF0900286E03EF0E0FEA3E0F5828E83A31202BBAE02AF01900286EEF0A3EFD6
:40350000F02410FFE43EFE900286F0A3EFF0F5828E83A31202BB12001AFF900317E4F0A3EFF09003190202B290032BE014FF9132900286EEF0A3EFF0906004E090028BF06A
:403540002402FFE433FEEF7802C333CE33CED8F9FF900287E02FFF900286E03EFEF0A3EFF0F5828E83A31202BBAF01900286EAF0A3EFF090028BE02416F582E43403F583E7
:40358000E075F004A4FFAEF0900287E02FF0900286E03EF0E0FEA3E0F5828E83A31202BBAE02AF01900286EEF0A3EFF0240CFFE43EFE900286F0A3EFF0F5828E83A31202F8
:4035C000BB9002881202B29002881202A9E92401F9E43AFA12001AFE9002881202A912001AFDEEEDFF900317EEF0A3EFF0E92402F9E43AFA9003190202B2E490032DF0A373
:40360000F090031C1202A9E94A4B601D90031C1202A9E412003390031C1202A9E92401F9E43AFAE4F5F01200862290032BE014FF9132AD07AC06ED4C603D8D828C83A3120D
:4036400002BBE92404F9E43AFA12001A2402FFE433FEEF7802C333CE33CED8F92DFDEE3CFCAF058D82F583A31202BBAF0190028AEAF0A3EFF08007E490028AF0A3F0900245
:403680008AE0FEA3E0FF22E4900282F0906004E0900283F090032BE014FF91328F828E83A31202BBE92404F9E43AFA12001AFF900283E0FED39F4006EED39401502F7416DE
:4036C0002EF582E43403F583E0FF74242EF582E43403F583EFF0906002E0FF74162EF582E43403F583EFF09002827401F0900282E0FF22C0E0C083C082C085C084C086759B
:403700008600C093759300C0D075D000C00790600B7401F090600EE0FF90033BE054036401600790033EE06480F090033C7401F0D007D0D0D093D086D084D085D082D083C7
:40374000D0E032C0E0C083C082C085C084C086758600C093759300C0D075D000C00790600B7402F090601EE0FF900346E0540364016007900349E06480F09003477401F088
:40378000D007D0D0D093D086D084D085D082D083D0E032C0E0C0F0C083C082C085C084C086758600C093759300C0D075D000C000C001C002C003C004C005C006C007122785
:4037C000C2D007D006D005D004D003D002D001D000D0D0D093D086D084D085D082D083D0F0D0E0327D01EDC3940940030238C375F010ED90607012029D740CF0ED75F00BD7
:40380000A42435F582E43403F583E06031ED75F00BA42434F582E43403F583E05480600F75F010ED905FFE12029D740CF0801C75F010ED905FFE12029D7408F0800D75F020
:4038400010ED905FFE12029D7480F0ED75F00BA42436F582E43403F583E0A3E0FF75F010ED90607612029DEFF0ED75F00BA42436F582E43403F583E0FF75F010ED9060779D
:4038800012029DEFF0ED75F00BA42436F582E43403F583E0A3E0FF75F010ED90607412029DEFF0ED75F00BA42436F582E43403F583E0FF75F010ED90607512029DEFF00DB3
:4038C0000237E690600A74FFF022E4900284F0A3F0900282F0900282E0FEC39409507AEE75F00BA42430F582E43403F583E4F0EE75F00BA42432F582E43403F583E4F0EE35
:4039000075F00BA42433F582E43403F583E4F0EE75F00BA42438F582E43403F583E4F0A3F0EE75F00BA4243AF582E43403F583E4F0EE75F00BA42431F582E43403F583E4EC
:40394000F0EE75F00BA42435F582E43403F583E4F0900282E004F001D5EF602FE4900283F0900283E0FFC39401502074162FF582E43403F583E4F074242FF582E43403F558
:4039800083E4F0900283E004F080D690032BE0D3940050028151E014FF123432900286EEF0A3EFF0900286E0FCA3E0FDF5828C83A31202BBE92407F9E43AFA12001A544014
:4039C000600990032AE04401F0800790032AE054FEF0ED2404FFE43CFE900286F0A3EFF0F5828E83E493900282F0A37401F0900283E0C394094002618D900286E0FEA3E061
:403A0000F5828E83A31202BBAF01900288EAF0A3EFF0E4FF900282E0FEEFC39E40026185900288E0FCA3E0F5828C83740293547FFD900283E0FE6D7001E4600261749002C3
:403A400088E0A3E0F5828C83740493FC740593FDEE75F00BA42438F582E43403F583E0FAA3E0C39DEA9C5029900288E0FCA3E0F5828C83740493FC740593FD900283E07528
:403A8000F00BA42438F582E43403F583ECF0A3EDF0900288E0FCA3E0FDF5828C83E4932416F582E43403F583E0FE8D828C83740193FDEE6D60026174900288E0A3E0FDF5EC
:403AC000828C83740293FE900283E0FB75F00BA42434F582E43403F583EEF08D828C83740393FEEB75F00BA42430F582E43403F583EEF0900288E0FCA3E0F5828C83740313
:403B0000935403FE900288E0A3E0F5828C8374029354806031EEB401047D0780027D0D900283E0FC75F00BA42435F582E43403F583EDF0EC75F00BA42431F582E43403F5D4
:403B4000837401F0802EEEB401047E0580027E09900283E0FD75F00BA42435F582E43403F583EEF0ED75F00BA42431F582E43403F583E4F0900289E02407F0900288E034BD
:403B800000F00F4114900283E004F021EE900286E0FEA3E0F5828E83A31202BBAF01900288EAF0A3EFF0E4900283F0900282E0FFA3E0C39F5038900288E0FEA3E0F5828E57
:403BC00083E493FD740293547F75F00BA4243AF582E43403F583EDF0900289E02407F0900288E03400F0900283E004F080BD12362A900321EEF0A3EFF0E4900284F0A3F03C
:403C000090028204F0900282E0FFC39409503F900284E0FCA3E0FDEF75F00BA42436F582E43403F583ECF0A3EDF0EF75F00BA42438F582E43403F583E0FEA3E0FF90028486
:403C4000EE8FF0120045900282E004F080B71237E42290032BE0D394005002C154E014FF123432EF2404FFE43EFE8F82F583E493900282F08F828E83A31202BBAD01AC0211
:403C800090031FE0900283F0E4FB900282E0FFEBC39F4002C1548D828C83E493FF900283E0FE6F6002C14A8D828C830493FF74162EF582E43403F583E06F6002C14A8D8253
:403CC0008C83740293547FFA7403935403F9EA75F00BA42433F582E43403F583E4F08D828C83740293FFEA75F00BA42434F582E43403F583EFF08D828C83740393FFEA7567
:403D0000F00BA42430F582E43403F583EFF08D828C83740493FE740593FFEA75F00BA42438F582E43403F583EEF0A3EFF08D828C837402935480602DE9B401047F0780027F
:403D40007F0DEA75F00BA42435F582E43403F583EFF0EA75F00BA42431F582E43403F5837401F0802AE9B401047F0580027F09EA75F00BA42435F582E43403F583EFF0EAB1
:403D800075F00BA42431F582E43403F583E4F075F010EA905FFE12029D7401F0EA75F00BA42438F582E43403F583E0FF75F010EA905FFC12029DEFF0EA75F00BA42438F5EE
:403DC00082E43403F583E0A3E0FF75F010EA905FFD12029DEFF0EA75F00BA42436F582E43403F583E0A3E0FF75F010EA90607612029DEFF0EA75F00BA42436F582E434036E
:403E0000F583E0FF75F010EA90607712029DEFF0EA75F00BA42436F582E43403F583E0A3E0FF75F010EA90607412029DEFF0EA75F00BA42436F582E43403F583E0FF75F018
:403E400010EA90607512029DEFF0ED2407FDE43CFC0B818A22900329E025E025E024ADF582E43408F5831202BBAE02AF0122E4900282F0906004E0547FFFD394004070EF7F
:403E80009409506BEF75F00BA42432F582E43403F583E04401F0EF75F00BA42433F582E43403F583E4F0EF75F00BA42431F582E43403F583E04402F0EF75F00BA42434F532
:403EC00082E43403F583E05480600F75F010EF905FFE12029D748DF0800D75F010EF905FFE12029D7489F0122EC3900282EFF0900282E0FF22E4900282F0906004E0547F81
:403F0000FFD394005002E1CAEF94094002E1CAEF75F00BA42432F582E43403F583E054FEF0EF75F00BA42433F582E43403F583E4F075F010EF905FFC12029DE0547FF0EF56
:403F400075F00BA42431F582E43403F583E054FDF0EF75F00BA42434F582E43403F583E054806030EF75F00BA42431F582E43403F583E0B4010F75F010EF905FFE12029DFC
:403F8000740CF0803D75F010EF905FFE12029D740DF0802EEF75F00BA42431F582E43403F583E0B4010F75F010EF905FFE12029D7408F0800D75F010EF905FFE12029D743C
:403FC00009F0122EC3900282EFF0900282E0FF22E4FF906000E054806005A3E0FE8000220000000000000000000000000000000000000000000000000000000000000000AE
:404000000000000000000000000000000000000000000000000000000000000000000000000000000000000000000000000000000000000000000000000000000000000080
:404040000000000000000000000000000000000000000000000000000000000000000000000000000000000000000000000000000000000000000000000000000000000040
:404080000000000000000000000000000000000000000000000000000000000000000000000000000000000000000000000000000000000000000000000000000000000000
:4040C00000000000000000000000000000000000000000000000000000000000000000000000000000000000000000000000000000000000000000000000000000000000C0
:40410000024A43008F828E83E0540100000070F82278FFE4F6D8FD024AD1024462E86480F8E933E83360110460F0ED33EC337009E8FCE9FDEAFEEBFF220460DED3EB9FEA65
:404140009EE99DE8C2E78CF0C2F795F0400CE8CCF8E9CDF9EACEFAEBCFFB12442D85D0F05804700320D5B3E80470075002B2D502446C92D5EC0460F7E4CCC0E0C398F860E4
:404180003B94186008400DD0E0FB024444E4FBFAC9FC8028E830E406E4C9FBE4CAFCE830E305E4C9CACBFCE854076010F8C3E913F9EA13FAEB13FBEC13FCD8F130F52FC328
:4041C000E49CFCEF9BFFEE9AFEED99FDD0E0FBEF4E4D4C701222DB03024469EC2CFCEF33FFEE33FEED33FDED30E7EB024444EF2BFFEE3AFEED39FDD0E0FB50130BBB0003DC
:4042000002446CED13FDEE13FEEF13FFEC13FC024444EC4D6011E8497017ED33EC3304600DE4FCFFFEFD22E933E8330470F802446212442D58046009E4CC24815006285086
:404240000902446C284003024469C0E0EB4A7044B98006D0E0FB024458EF4E701CBD8008EBFFEAFEE9FD80EBE98DF0A4FEE5F00242FBE9CDF9EAFEEBFFEF89F0A4FCE5F0AD
:40428000CE89F0A42EFFE435F0CD89F0A42DFEE435F08067EF4E7005BD80D780C3EF8BF0A4ACF0EE8BF0A42CFCE435F0F8EF8AF0A42CE5F038FCE433CB8DF0A42CFCE5F0AD
:4042C0003BF8EE8AF0A42CFCE5F038F8E433CF89F0A42CFCE5F038CF3400CE89F0A42FFFE5F03EFEE433C98DF0A42EFEE5F039CD8AF0A42FFFE5F03EFEE43DFD33D0E0FB8C
:4043000050070BBB000F02446CEC2CFCEF33FFEE33FEED33FD02444402446CEC5D046005E85904700302446212442D580460F6EC4860F2EC7004FDFEFF22C860DB2481C839
:404340005009C398600250060244699850CAF582E9294B4A7005AB8202445875F0007C1A7880C3EF9BEE9AED99400DC3EF9BFFEE9AFEED99FDE842F0DC23ACF0D0E0FFD0EE
:40438000E0FED0E0FDAB8220E7101BEB60BAEC2CFCEF33FFEE33FEED33FD024444E803F830E705C0F075F000EF2FFFEE33FEED33FD40B830E7C280AA75F020800E75F01023
:4043C000800575F0087D007E007F003392D530D503124629EC334010EF33FFEE33FEED33FDEC33FCD5F0ED22E5F0247EA2D513CC92E7CDCEFF22EDD2E7CD33EC3392D52421
:40440000814006E4FFFEFDFC22FCE4CFCECDCC24E0501174FF80EDC3CC13CCCD13CDCE13CECF13CF0470F030D5DE024629E9D2E7C933E833F892D5EDD2E7CD33EC33FC5002
:4044400002B2D522EC30E7100FBF000C0EBE00080DBD00040BEB6014A2D5EB13FCED92E7FD2274FFFCFDFEFF22E480F8A2D574FF13FC7D80E480EFBB010689828A83E02296
:404480005002E722BBFE02E32289828A83E49322BB010689828A83F0225002F722BBFE01F322EF8DF0A4A8F0CF8CF0A428CE8DF0A42EFE22C5F0F8A3E028F0C5F0F8E582B2
:4044C000158270021583E038F022A3F8E0C5F025F0F0E582158270021583E0C838F0E822BB010A89828A83F0E5F0A3F0225006F709A7F01922BBFE06F3E5F009F31922E8B4
:404500008FF0A4CC8BF0A42CFCE98EF0A42CFC8AF0EDA42CFCEA8EF0A4CDA8F08BF0A42DCC3825F0FDE98FF0A42CCD35F0FCEB8EF0A4FEA9F0EB8FF0A4CFC5F02ECD39FE7E
:40454000E43CFCEAA42DCE35F0FDE43CFC2275F008758200EF2FFFEE33FECD33CDCC33CCC58233C5829BED9AEC99E58298400CF582EE9BFEED9AFDEC99FC0FD5F0D6E4CEEC
:40458000FBE4CDFAE4CCF9A88222B800C1B90059BA002DEC8BF084CFCECDFCE5F0CBF97818EF2FFFEE33FEED33FDEC33FCEB33FB10D703994004EB99FB0FD8E5E4F9FA22DC
:4045C0007818EF2FFFEE33FEED33FDEC33FCC933C910D7059BE99A4007EC9BFCE99AF90FD8E0E4C9FAE4CCFB2275F010EF2FFFEE33FEED33FDCC33CCC833C810D7079BEC96
:404600009AE899400AED9BFDEC9AFCE899F80FD5F0DAE4CDFBE4CCFAE4C8F922CFF4CFCEF4CECDF4CDCCF4CC22C3E49FFFE49EFEE49DFDE49CFC22EB9FF5F0EA9E42F0E979
:404640009D42F0EC6480C864809845F022EB9FF5F0EA9E42F0E99D42F0E89C45F022E8600FECC313FCED13FDEE13FEEF13FFD8F122E8600FEFC333FFEE33FEED33FDEC33B1
:40468000FCD8F122BB010789828A830247665005E9F802475ABBFE05E9F802477289828A8302477EBB010789828A830246BE5005E9F802478EBBFE05E9F802479A22ECF009
:4046C000A3EDF0A3EEF0A3EFF022A42582F582E5F03583F58322D083D082F8E4937012740193700DA3A393F8740193F5828883E4737402936860EFA3A3A380DFE5092582C2
:40470000F582E5083583F583B508048582092210AF06858209F50822858209F508D2AF22E5092582F582E5083583F58322EC8EF0A4CCC5F0CCCDF8EFA4CEC5F02DFDE43C83
:40474000FCE8A42EC8C5F03DFDE43CFCEFA4FFE5F028FEE43DFDE43CFC22E6FC08E6FD08E6FE08E6FF22E0FCA3E0FDA3E0FEA3E0FF22E2FC08E2FD08E2FE08E2FF22E4934F
:40478000FC740193FD740293FE740393FF22ECF608EDF608EEF608EFF622ECF208EDF208EEF208EFF222410BE055410BD732410BCF00410BCE00410BDB01410BE612410B83
:4047C000D000410BD532410BDE00410BD100410BE500440BE100000000410BDF00410BDA02410BDC00410BD600410BDD00410BD900410BD200410BD300410BD400410BCB8F
:4048000000410C8400410C8300410C8800410C8700410C860060390B4B480707070778B5B60755CE865695FD7D3D1D0D0585C5E5F5E007078D0730684284A4830124C3048D
:404840000274A344C282E364D443038123146394B4C4440C6600001388410C5700420C4C3DF4420C4E0000410C5000420C510BB8420C530000420C550000440AF80000002A
:4048800000440AFC00000000410AC700410AD400440AEA00000000440AEE00000000410AF200410AF300410AF400410AF500440A3C713D0A07440A4D713D0A07410A2600FB
:4048C000440A2B00000000410A4C00410A3000440A2700000000440A51017D7840410A2500410A0E00420A31002A420A0C002A440A5600000000410A5E00410A5500420AB8
:404900000F00004409FE00000000410A0200440A0300000000440A0700000000410A0B00410C1100410C1200440C1300000000440C0000000000440C0400000000410C08BB
:404940000041090300440C2500000000440C2100000000410C2000440C2900000000410C1700420C182710440C1C000D4A58410BFD32410BFB00410BFE00410BFC00410B62
:40498000F615440BF700000000410BFF00410BE700410BE800410BE900410BEA00410BEB00410BEC00410BED00410BF000410BF100440BF200000000410A9E00410ABA0C2D
:4049C000490A5F000004040000000000410C8A00410C8F00410C90FF410C91FF410C92FF410C93FF410C94FF410C95FF410C6F80410C6E7F440C6A000000FF440C4302331C
:404A000066C4440C3E0000903C410C4225440C48481E0000410C9600460C70008102370300410C97FF410C98FF430C76000000410C9900420BA20180420BA4FF7F420BA0A0
:404A400001000075930078007583467582E8E04401F00090480074C0F07581099076BCE4F0A3F0A3F0A3F0907010F0907019F0907020F09076007410F0907604E4F0A3F035
:404A8000A3F0A3F09078007800087400F0A37408F0E8B8040274FFA3F0A37422F0A374BCF0A37476F0A3E4F0A3E81475F008A4F0A3B804D59070107401F0907014F07E700E
:404AC0007F18124104907010F0EA900C47F002411175081F7509FD12B15312A09B12B0F5024B1E026802E493A3F8E493A34003F68001F208DFF48029E493A3F85407240CB6
:404B0000C8C333C4540F4420C8834004F456800146F6DFE4800B01020408102040809047A6E47E019360BCA3FF543F30E509541FFEE493A360010ECF54C025E060A840B885
:404B4000E493A3FAE493A3F8E493A3C8C582C8CAC583CAF0A3C8C582C8CAC583CADFE9DEE780BEC2D5E830E70FB2D5E4C39BFBE49AFAE499F9E498F8EC30E717B2D5124B68
:404B80009912458AE4C39BFBE49AFAE499F9E498F8800312458A30D50DE4C39FFFE49EFEE49DFDE49CFC22758600EF4E6027EF60010E7593009009B8E0F595A3E0F585A305
:404BC000E0F5848B938A838982E0A30586F0A31586DFF6DEF4E4F593F59522EC4D6011ED60010C8B938A838982E4F0A3DDFCDCFA759300228B938A838982E0759300FF2262
:404C0000EC4D4E700D78FCEF24E950032840FD2200007BF178DA0000EF28FF78FFEE38FEED38FDEC38FC50E7EF2BFFEE38FEED38FDEC38FC40F2220502030432EEFA900CA7
:404C400042E0F88FF0A4FFAEF0E88AF0A42EFEE5F03400FDEF24C9FF78FFEE38FEED38FDE438FC5003024C0022758600EF4E601BEF60010E8C838D828B958A858984E493CD
:404C8000A30586F0A31586DFF5DEF3E4F59522EF54016004D2AF8002C2AFEF5402FF9044F4E054FD4FF0229044F4E0F84402F0E85402FF10AF012274014FFF228B938A83A4
:404CC0008982EFF0A3EEF0A3EDF0A3ECF075930022452020005020200053202000432020008B938A838982E0FFA3E0FE759300228B938A838982EDF0A3ECF0759300228BEE
:404D0000938A838982EDF075930022EC30E7031246292280000000000000000000000000000000000000000000000000000000000000000000000000400000000000000058
:404D40000000000000000000000000000000000000000000000000000000000000000000000000000000010000000000000000000000000000000000200000000000000012
:404D80000000000000000000000000000000000000000000008000000000000000000400000001000000000000040400000000000000000000000140404000000000001095
:404DC00000000000000000000000000000000000000000400000000000000020000000000000000000000080000000800000000000000000008000000000000000100000C3
:404E000000000000000000000000000000000000000000000000000000000000000000000000000000000000000000000000000000000000404000000000000000000000F2
:404E40000000000000000000000000000000000000000000000000000000000000000000000000000000000000000000000000000000002000000000000000000000000012
:404E800000000000000000000000000000000000000000010001000020000020000000000000000000000001808404000000000000000000000001506041000000000000B5
:404EC00000004000000400004000000000000000000000000000000000000010000000000000000000000000000000400000000000000000009000000080000000000000CE
:404F00000040000000000000000000000000000000000000000000000000000000000000000000100000000000000000000000000000000000000000000000000000000021
:404F400000000000000000000000000000000020000000000000000000000000000000000000000040000000000000000000000000000000000000000000000000000000D1
:404F800000000000000000000000000000000000000000000020000100000001000000000000000040000001008044000000001100200000000001416041000000001400A2
:404FC000000000000000000000000000000000000000000000000010000000000000000000200000000000200000000000000000000000000020000000100000000000A091
:40500000000000000000000000000000000000000000000000000000000000001000000000002A000000000000000000000000000000000000000000000000000000000036
:4050400000000000000000000000000400000000000044040000000000000000000000000000000000100001002000000080000000000001200000000020000000000000F2
:40508000000000000000000000000000000000000000000000100000001000400000000010000004401000000000000000000011000000000000000040410000000000009A
:4050C000000021000000000000000000000000000000000000E00000000000000000000000E00010000000E0006000C00000000000000080004000000000000000000000FF
:40510000000000000000000000000000000000000000000000000000000000000000000000000000400000000080000400000100001000000000000000000000000000009A
:40514000000000110000000000410000000000008000000000002000000000000000000000000000000000000000000000000000000000000000000000000000000000003D
:40518000000000000000000000000000000000000000000000800000000000000000000000000000000000000000000000000000000000000000000000000000000000006F
:4051C00000000000000000000000000000000000000000000000006000700000000000F000200010000000000000000000000000000000800000000000000000000000003F
:405200000000000000000000000000000000000000000001000000000000000100000000000100010000001000010001000000080000000100000008000100010000000144
:40524000000823025213760800082303521B7610000823045223762000082305522B7628000823065233763000052307523B702000052308523B703000052309523B7050F5
:405280000005230A523B7060000523FE523B70700015220C0C7F49C8004022FE0C7F51300180220E0C7F08000180220F0C7F0A00018022100C7F0C00018022110C7F0E005F
:4052C000010022120C7F4400008022130C7F4600008022FE0C7F4D00008023154D134800008023164D934880008023174E134300008023184E934380008023194F134200CE
:405300000080231A4F9342800080231B501341000080231C509341800080231D51134000008023FE519340800007231F08285200000723200830520800072321083852100A
:40534000000623220840526000072323084852780008232408504578000C232508604F0000202326106C6470002023FE108C6570000823280858510000802329086C000063
:405380000080232A08EC00800080232B096C02000080232C09EC02800080232D0A6C04000080232E0AEC04800080232F0B6C0600008023300BEC0680008023310C6C14008D
:4053C000008023320CEC1480008023330D6C1600008023340DEC1680008023350E6C1800008023360EEC1880008023370F6C1A00008023380FEC1A800010233910AC501045
:405400000010233A10BC50000080233B10CC4D800080233C114C4C000080233D11CC4C800080233E124C47000080233F12CC478000802340134C46800080234113CC45002E
:4054400000802342144C45800080234314CC1B0000802344154C1B800080234515CC150000802346164C15800080234716CC190000802348174C19800080234917CC1700EE
:405480000080234A184C17800080234B18CC09800080234C194C07000080234D19CC07800080234E1A4C0B800080234F1ACC0500008023501B4C0580008023511BCC0D80EC
:4054C000008023521C4C0300008023531CCC0380008023541D4C0F80008023551DCC0100008023561E4C0180008023571ECC4900008023FE1F4C4980000100000002000031
:405500000004000000050000000600001201000200000008C016DC0503000F0E80010902B700040100C0020904000000FF00000C0904010000010100090A240100013400C9
:405540000202030C24020103060002030000000924030201010001000C240203010100020300000009240304030600030009040200000102000A09040201010102000A07F1
:405580002401020201000B240201020210010077010905822D80010100000725018001000009040300000102000B09040301010102000B072401030101000B240201020270
:4055C00010010077010905032D800101000007250180010000040309040C03410045003900520042001A0350006500610062006500720072007900200053004400520022BC
:4056000003500065006100620065007200720079002000520065006300650069007600650024035000650061006200650072007200790020005400720061006E0073006D54
:4056400000690074001E0350006500610062006500720072007900200052006100640069006F0016034400470038005300410051002D004900320043001A037700770077B5
:40568000002E006F0062006400650076002E00610074001E034D0075006C00740075007300200043006F006E00740072006F006C0020034D0075006C007400750073002030
:4056C0000049005100200053006F0075006E00640024034D0075006C007400750073002000490051002000520065006300650069007600650026034D0075006C0074007559
:4057000000730020004900510020005400720061006E0073006D006900740026034D0075006C007400750073002000530044005200200043006F006E00740072006F006C0D
:405740000020034D0075006C0074007500730020005300440052002C004C004C0043002E001203500072006F0066006900630069006F0026037700770077002E006D007550
:40578000006C007400750073002D007300640072002E0063006F006D0000120350004500300046004B004F002D0030000201822D0180010301032D018001FF01010101FF3B
:4057C000551E02FF57AC0000000000000000000000000000000000FF57BA01FF550C0000000001FF57BE01FF57DA3031323334353637383941424344454600E49009BFF0AD
:40580000A3F0A3F0A3F0A3F07F64FEFDFC11BDD2AF9044F474FDF0127A8412A55B126FD57E9D7F3712B4C712961EE4FFFEFDFC9009C51246BE7FC031A89009BDEFF070091A
:4058400012AFAB12A55B12B04A1267E19009BEEFF09009BDE0700CA3E060087BFF7A4C79D131449009BEE060087BFF7A4C79D531449009BDE070087BFF7A4C79D931447F9C
:40588000807E9F7DD57C00900A271246BEE4900A2FF0900A27E0FCA3E0FDA3E0FEA3E0FF1286DDEF70ECE47FDC7E05FDFC11BDF1E3EF54FEFFF1DDE47F05FEFDFC90FFFCD4
:4058C0001246FC1246BE850883850982E0A3E0A3E0FEA3E0D39400EE9480403D900C48E0FCA3E0FDA3E0FEA3E0FF124C00850883850982C083C082E0FCA3E0FDA3E0FEA30B
:40590000E02400FFEE3480FEED34FFFDEC34FFFCD082D0831246BE80AD900C3EE0FCA3E0FDA3E0FEA3E0FF850883850982E0F8A3E0F9A3E0FAA3E0FB1244FF124C009000B9
:40594000040246FC9009C4EBF0A3EAF0A3E9F0E49009C8F0A3F0900A9EE0600312A638F1E3EF5401440AFFF1DD9009C4E0FBA3E0FAA3E0F91279421269ABEF5408FF900941
:40598000C7E06F60F2EFF0A374FFF5F01244CA45F070E49009C804F0A374E0F07B007A00790012794280D0229009C4EFF0E49009C9F0FF7ED77DA37C70126FF9900A4012DB
:4059C00046BE9009C4E0FD7FB751859009C9EFF07002417DE4FFFEFDFC9009C5E0F8A3E0F9A3E0FAA3E0FBC312464D60149009C5E0FCA3E0FDA3E0FEA3E0FF900A51124689
:405A0000BE7D807F1051859009C9EFF07D807F1151859009C9EFF07D807F1251859009C9EFF07D0C7F1051859009C9EFF07D0C7F1151859009C9EFF07D0C7F1251859009D4
:405A4000C9EFF0E4FDFF1294C0E4FF1296017F01129601E4FD7F0112925CE4FD7F0212925CE4FD7F0112912EE4FD7F0212912EE4FD7F0112902DE4FD7F0212902D9009C998
:405A8000E0FF7E00229009E97401F0E4A3F09009E7EFF0A3EDF07B017A0979E79009EF7402F0E4A3F07F601291AD9009EAEFF0129110EF30E1F91294BAEF64026005E4909B
:405AC00009E9F09009E9E0FF229009DDEFF0900AD4E0B40800400281DA905AE0F8282873025AF8025B64025B89025BCF025BFE025C24025C88025CB7E47F80FEFDFC90094E
:405B0000DEE0F8A3E0F9A3E0FAA3E0FB1244FFE42FFFEE34FEFEED34FFFDEC34FFFC900AC81246BEE4FFFEFDFC900ACC1246BEE47F01FEFDFC900AD01246BE900AD0E0FC8C
:405B4000A3E0FDA3E0FEA3E0E4FFEEE4FDFC780812465EAD079009DDE0FF5185900AD4E004F081DA9009DDE004FFC007900AD0E0FCA3E0FDA3E0FEA3E0FFE4AD07D0075198
:405B800085900AD4E004F081DA9009DDE02402FFC007900AC8E0FCA3E0FDA3E0FEA3E0E4FFFEED5403FDE4FC781012465EA804A905AA06AB079009E2E0FFE4EB4FFFEAE979
:405BC000E8AD07D0075185900AD4E004F081DA9009DDE02403FFC007900AC8E0FCA3E0FDA3E0FEA3E0E4FFEEE4FDFC780812465EAD07D0075185900AD4E004F081DA90093F
:405C0000DDE02404FFC007900AC8E0FCA3E0FDA3E0FEA3E0FFE4AD07D0075185900AD4E004F081DA9009DDE02405FFC007900ACCE0FCA3E0FDA3E0FEA3E0E4FFFEED540FDA
:405C4000FDE4FC781012465EC004C005C006C007A3E0FCA3E0FDA3E0FEA3E0E4FFFEED540FFDE4FC780C12465ED003D002D001D000EF4BFFEE4AED49EC48AD07D007518526
:405C8000900AD4E004F080529009DDE02406FFC007900ACCE0FCA3E0FDA3E0FEA3E0E4FFEEE4FDFC780812465EAD07D0075185900AD4E004F080239009DDE02407FFC00753
:405CC000900ACCE0FCA3E0FDA3E0FEA3E0FFE4AD07D0075185E4900AD4F0900AD4E0FF229009DDEFF0A3EDF0900AC7E0B408004002E1D7905CFAF8282873025D12025E7536
:405D0000025E9A025ECC025EFB025F21025F85025FB49009E3E0FCA3E0FDA3E0FEA3E0FFE41243B8C004C005C006C0079009DFE0FCA3E0FDA3E0FEA3E0FFE41243B8D003E8
:405D4000D002D001D00012431BE4FBFAF978431242121243F6900ABB1246BE9009DEE0FF7E007C007D8012472D900ABBE0F8A3E0F9A3E0FAA3E02FFFEA3EFEE93DFDE83C80
:405D8000FCE42FFFEE34FEFEED34FFFDEC34FFFC900ABB1246BE9009E3E0FCA3E0FDA3E0FEA3E0FFE41243B8C004C005C006C0079009DFE0FCA3E0FDA3E0FEA3E0FFE41265
:405DC00043B8D003D002D001D00012431BE4FBFAF978431242121243F6900ABF1246BE900ABFE0FCA3E0FDA3E0FEA3E0FF9009E3E0F8A3E0F9A3E0FAA3E0FB1244FFC004A9
:405E0000C005C006C007E47F80FEFDFC9009DFE0F8A3E0F9A3E0FAA3E0FB1244FFD003D002D001D000C3EF9BFFEE9AFEED99FDEC98FC900ABF1246BE9009E3E0FCA3E0FDB8
:405E4000A3E0FEA3E0FF900AC31246BE900AC3E0FCA3E0FDA3E0FEA3E0E4FFEEE4FDFC780812465EAD079009DDE0FF5185900AC7E004F0E1D79009DDE004FFC007900AC3C2
:405E8000E0FCA3E0FDA3E0FEA3E0FFE4AD07D0075185900AC7E004F0E1D79009DDE02402FFC007900ABBE0FCA3E0FDA3E0FEA3E0E4FFFEED5403FDE4FC781012465EAD0766
:405EC000D0075185900AC7E004F0E1D79009DDE02403FFC007900ABBE0FCA3E0FDA3E0FEA3E0E4FFEEE4FDFC780812465EAD07D0075185900AC7E004F0E1D79009DDE02464
:405F000004FFC007900ABBE0FCA3E0FDA3E0FEA3E0FFE4AD07D0075185900AC7E004F0E1D79009DDE02405FFC007900ABFE0FCA3E0FDA3E0FEA3E0E4FFFEED540FFDE4FCA5
:405F4000781012465EC004C005C006C007A3E0FCA3E0FDA3E0FEA3E0E4FFFEED540FFDE4FC780C12465ED003D002D001D000EF4BFFEE4AED49EC48AD07D0075185900AC79F
:405F8000E004F080529009DDE02406FFC007900ABFE0FCA3E0FDA3E0FEA3E0E4FFEEE4FDFC780812465EAD07D0075185900AC7E004F080239009DDE02407FFC007900ABF7F
:405FC000E0FCA3E0FDA3E0FEA3E0FFE4AD07D0075185E4900AC7F0900AC7E0FF22906474EFF022906474E0FF22F1E3EF54FBFFF1DD900BCE7401F0FF906477EFF02212A9C1
:4060000065EF6010900A9EE0701A7D02FF12A275F1970198900A9EE0600AE4900C88F0112512A638227DF07F4011CC9009C4EFF012B0D012B096900C91E0FF1165900C9093
:40604000E0FF1165900C93E0FF1165900C92E0FF1165900C94E0FF116512B0E412B0AA9009C4E0FF227E01EFC39418502875F010EFA42410F582E5F03470F583E054FEF0B4
:4060800075F010EFA42410F582E5F03470F583E054DFF0E41EAF06227DC07F4011CC7D807F4511CC7DFF7F4111CC7DFF7F4211CC9143314912B0BB124CA790659BE0441022
:4060C000F0124C8F906579E04401F0229009C5EFF0A3EDF0E49009C9F0A3F0A3F09009C9E0FFC39402505FEF14602F0470EF9009C5E09009C7F09009C6E09009C8F07B012D
:406100007A0979C79009EF7402F0E4A3F07F461291AD9009C9E004F080C3129110EF30E7089009C9E014F0800AEF30E1069009C9E004F09009CA74FFF5F01244B445F07072
:406140009C7F012280977F0022E49009BDF09009BDE0FFC39403400221F0EF6402703FE02407F582E43409F583E0FF900907E0FBE49009CCF07D01FC71BC9009BDE0240763
:40618000F582E43409F583E0FF7B017A097903E9EAE4AD01AC027B4B7A65B18C804A9009BDE0FE2407F582E43409F583E0FF74082EF582E43409F583E0FB9009CC7404F006
:4061C0007D017C0071BC9009BDE02407F582E43409F583E0FF7B017A09790BE9EAE4AD01AC027B4B7A65B18C9009BDE004F0214E900C93E0FFD122900C93E0FF900907E088
:40620000FDD104E49009BDF09009BDE0FFC3940340026128EF04A3F0C39403402EE4F09009BDE0240FF582E43409F583E0FF9009BEE0240FF582E43409F583E0FB9009CCD4
:406240007405F07D807C0171BC80299009BDE0240FF582E43409F583E0FF9009BEE0240FF582E43409F583E0FB9009CC7401F07D80FC71BC9009BDE0FB75F080A42483F572
:4062800082E5F03404F583EB2583F583FEE582EEE4AD82AC06C005740F2BF582E43409F583E0FF7B017A09790BE9EAE4AB01D005B18C9009BDE02400F582E43400F583E019
:4062C000FF9009BEE02400F582E43400F583E0FB9009CC7402F07D807C0171BC9009BDE0F975F080A42483F582E5F03404F583E92583F583FEE582EEE4AB82AA06C002C0F6
:4063000003740029F582E43400F583E0FF7B017A097903E9EAE4AD01AC02D003D002B18C9009BDE004F04108900C92E0FFD122900C92E0FF90090FE0FDD104900C94E0FF7E
:40634000D122900C94E0FF900000E0FDD104900C94E0FF7D017171900C92E0FF7D0112B12B900C92E0FF7D017171900C93E0FF7D017E01EFC394185040ED601575F010EFC5
:40638000A42410F582E5F03470F583E04420F0801375F010EFA42410F582E5F03470F583E054DFF075F010EFA42410F582E5F03470F583E04401F0E4FEAF06229009C9EC6F
:4063C000F0A3EDF0A3EBF09009C8EFF09009CD7401F0EFC3948050659009C9E054F0A3705C9009C8E075F008A42400FFE5F03478FE9009CEF0A3EFF0AA06F97B019009C9E0
:40640000E0FCA3E0FD124CF29009CBE0FF9009C8E0FE75F008A42402F582E5F03478F583EFF09009CCE0FF75F008EEA42403F582E5F03478F583EFF0E49009CDF09009CD4F
:40644000E0FF22E49009BDF09009BDE0FFC394035070EFB4021C2404F582E43409F583E0FF900904E0FBE49009CCF07D01FC71BC80289009BDE0FE2404F582E43409F5835E
:40648000E0FF74052EF582E43409F583E0FB9009CC7404F07D017C0071BC9009BDE02404F582E43409F583E0FF7B017A09790AE9EAE4AB017D497C65B18C9009BDE004F037
:4064C0008086900C91E0FFD122900C91E0FF900904E0FDD104E49009BDF09009BDE0FFC394034002A167EF04A3F0C394034002E4F09009BDE0240CF582E43409F583E0FFEE
:406500009009BEE0240CF582E43409F583E0FB9009CC7402F07D807C0171BC9009BDE0F975F080A42403F582E5F03400F583E92583F583FEE582EEE4AB82AA06C002C0031E
:40654000740C29F582E43409F583E0FF7B017A09790AE9EAE4AD01AC02D003D002B18C9009BDE004F081DA900C90E0FFD122900C90E0FF90090CE0FDD104900C90E0FF7D9F
:40658000017171900C91E0FF7D0161719009C9ECF0A3EDF0A3EAF0A3EBF09009C8EFF09009CD7401F0EFC3948050539009C8E075F008A42404FFE5F03478FE9009CEF0A37D
:4065C000EFF0AA06F97B019009C9E0FCA3E0FD124CF29009C8E075F008A42406FFE5F03478FE9009CEF0A3EFF0AA06F97B019009CBE0FCA3E0FD124CF2E49009CDF09009AE
:40660000CDE0FF227E01EFC39418501375F010EFA42419F582E5F03470F583EDF0E41EAF06227E01EFC39418502875F010EFA42414F582E5F03470F583E04404F075F0105F
:40664000EFA42410F582E5F03470F583E04401F0E41EAF06229009BEEBF0A3EAF0A3E9F09009BDEFF024FFFFE434FFFEEFC4F8540FC868FFEEC454F048EF2488FFE43460D9
:40668000FAA9079009C47401F0A3EAF0A3E9F0900C84E030E1089009C37492F080069009C374D2F09009BDE024B1F582E4340AF583E0FF11659009BDE02495F582E4340AF9
:4066C000F583E0FBFF9009C1E0FCA3E0FDA3E09009CCF071BC9009BDE02495F582E4340AF583E0FFC0079009C4E0FBA3E0FAA3E0F9FFAE02EAE4AD07AC06C0059009BEE0D7
:40670000FBA3E0FAA3E0F9FFEAE4AB07D005D007B18C9009BDE024B1F582E4340AF583E0FFD1229009BDE0FE24B1F582E4340AF583E0FF74952EF582E4340AF583E0FDD120
:40674000049009BDE024B1F582E4340AF583E0FF7D0161719009C4EFF07FF47E3D128319127C2F9009C5EFF0E0FBFFE49009CCF07D01FC71BC9009C5E0FF7B227A427D6685
:406780007C65B18C9009C4E0FFA3E0FDD1049009C4E0FF7D016171900A97E0B4FF07F1EC7F02127F1D900A98E0B4FF07F1C57F03127F1DE4900C85F0F1C5E49009C1F0A399
:4067C000F07F03C155F1DB7E007C017D801244A274832FF974043EFA7B0122906465E0FF2212B073127BC2127C6D0125F1DB7E007C017D801244A274032FF974003EFA7B67
:406800000122E49009B5F0A3F0A3F0A3F0A3F0A3F0A3F0A3740AF01257FB31BF128002900BE0E0FFB4430B9009B6E06F6002EFF0517831ABEF5408FF9009B3F0A3E06F60F0
:40684000D9A3E0FF04F0EFB407004002219A906855F828287302686A0268A50268F60269200269250269310269469009BCE014F070A8124CA79009BBEFF031AB9009B7EFCB
:40688000F09009BBE0FF124C8F9009B7E030E408900BD37401F08005E4900BD3F09009BC740AF0011A900BE0E0FF64437002011A9009B6E06F603B125FE3EF54FEFF125F38
:4068C000DD125FE3EF4402FF9161EF54FBFF71D4125FE39009BAEFF04408F04410F04404FFF0125FDDE4900C88F0900BE0E09009B6F071DA011A129A15900BD7E0FF900B8F
:40690000CBE06F600CEFF0E075F064A4FFAEF0F169900BE5E064016002011A12933A011A1283EF011A900BDDE06002011A91B4011A129B6AF1C6EF7002011A7BFF7A4C799B
:40694000DD125944011A900BE0E064436016900A27E0FCA3E0FDA3E0FEA3E0FF1286DD900BDDEFF031ABEF20E20231B1900BD4E0B4010FE4F07F2C7E01FDFC1258BD31B742
:40698000011A900BD4E064026002011AF07F2C7E01FDFC1258BD31B1011A125FFEE49009B5F09009B3E0A3F0011A22906460E0FF229046FA7440F09046F6E04401F0227F7B
:4069C00003F15CEF6012900C85E0701C7F03512A900C857401F08010900C85E0600A7F0312A947E4900C85F0F14FEF60047F03512A7F035167EFB401161267C59009C174D2
:406A000001F0A37480F07F031266557F03512A7F025167EFB401121267EC9009C17401F0A37480F07F021277D722EFD394004036EF94095031EF75F00BA42436F582E43430
:406A400009F583E4F0EF75F00BA4243AF582E43409F583E0FE75F010EFA424FEF582E5F0345FF583EEF022EF75F00BA42436F582E43409F583E0FF22900BF1E0B40B004018
:406A8000026185906A8AF8282873026AAB026B11026B28026B39026B85026B42026B4E026B58026B85026B85026B73900BF7E0FCA3E0FDA3E0FEA3E0FF900BF2E0F8A3E021
:406AC000F9A3E0FAA3E0FBC312464D602E900BF7E0FCA3E0FDA3E0FEA3E0FF1286DD900BFFEFF060026185900BF7E0FCA3E0FDA3E0FEA3E0FF900BF21246BE900C87E0608E
:406B0000026185900BE0E06443707A900BF104F0227186EF600C900BCF7401F0900BF104F022E4900BF1F022129D87900BFFEFF07053900BF17403F0229198900BF17405E5
:406B4000F0227186EF703E900BF17406F022125FE9900BF17407F022900BCEE0700E916A900BFFEFF0701E900BF1F022900BF1740AF0227186EF6007900BF17403F022906F
:406B80000BF17407F022124CA79009BEEFF031AB9009BDEFF0A3E0FF124C8F9009BDE0FF30E008900BCC7401F08005E4900BCCF0EF30E108900BCD7401F08005E4900BCD12
:406BC000F0900BCCE06006900BCDE070047F0180027F0022906576EFF022900C86E014603114603524F86042146066240B7071900C88E0606B900C87E07065900C8604F078
:406C0000125FE3EF54FDFF125FDD9164EF4404FF80C2900C867402F022125FE3EF54F7FF125FDD900C86740AF022900C88E07030900C87E0702A125FE3EF54FE4408FF129C
:406C40005FDD9164EF54FBFF71D4900C86740BF022125FE3EF4402FF125FDDE4900C86F022125FDD906576E0FF22900BF7E0FCA3E0FDA3E0FEA3E0FF1286DDEF600122919D
:406C800064EF54FBFF71D4125FE3EF441EFF125FDDE4900BCFF0FF22125FE3EF54F7FF54FDFF4404FF9161EF4404FF71D4900BCE7401F022900A27E0FCA3E0FDA3E0FEA3DB
:406CC000E0FF900C7BE0F8A3E0F9A3E0FAA3E0FBC312464D7002E14C900A27E0FCA3E0FDA3E0FEA3E0FF900C7B1246BE7FC07E3B7D477C03900C7BE0F8A3E0F9A3E0FAA335
:406D0000E0FBD312464D4008900C64740CF0C1A17FC07E057DD97C01900C7BE0F8A3E0F9A3E0FAA3E0FBD312464D4008900C64740BF0C1A17F807EBA7D8C7C01900C7BE0A6
:406D4000F8A3E0F9A3E0FAA3E0FBD312464D4008900C64740AF0C1A17F807EB17D4F7C01900C7BE0F8A3E0F9A3E0FAA3E0FBD312464D4008900C647409F0C1A17FC07EEA01
:406D80007D217C01900C7BE0F8A3E0F9A3E0FAA3E0FBD312464D4008900C647408F0C1A17F007E247DF47C00900C7BE0F8A3E0F9A3E0FAA3E0FBD312464D4008900C64741C
:406DC00007F0C1A17F007E1B7DB77C00900C7BE0F8A3E0F9A3E0FAA3E0FBD312464D4008900C647406F0C1A17F407E547D897C00900C7BE0F8A3E0F9A3E0FAA3E0FBD31222
:406E0000464D4008900C647405F0C1A17F807E8D7D5B7C00900C7BE0F8A3E0F9A3E0FAA3E0FBD312464D4008900C647404F080717F407E4B7D4C7C00900C7BE0F8A3E0F997
:406E4000A3E0FAA3E0FBD312464D4008900C647403F0804D7FC07EC67D2D7C00900C7BE0F8A3E0F9A3E0FAA3E0FBD312464D4008900C647402F080297F607EE37D167C00F6
:406E8000900C7BE0F8A3E0F9A3E0FAA3E0FBD312464D4008900C647401F08005E4900C64F07F807E1A7D067C00900C7BE0F8A3E0F9A3E0FAA3E0FBD312464D40067F027142
:406EC000D480047F0171D4900C877401F07FC07ED4FD7C00900C7BE0F8A3E0F9A3E0FAA3E0FBC312464D40247FE07E227D027C00900C7BE0F8A3E0A3E0A3E0D312464D5077
:406F00000BE4900BD8F0900C87F080407F807E1A7D067C00900C7BE0F8A3E0F9A3E0FAA3E0FBC312464D40247F207EA17D077C00900C7BE0F8A3E0A3E0A3E0D312464D5066
:406F40000B900BD87401F0E4900C87F07F0022E4FF900922E06004E0FFE4F02274122FF582E43409F583E0FF227B027A4F7904AD07AC06024CF2904F00E05401F0904F02CB
:406F8000E054FCF0904F00E04404F0904F0BE054CFF0E04430F0E054F0F0E0440FF0904F01E04401F07F317E00F1697F317E00F1B97F08904F03EFF0227B027A4F7906AD31
:406FC00007AC06024CF2904210E0548060047F0180027F0022900C96E07008F176900C967401F09043A3E04401F09043B3E04401F0904F00E04401F02290FFFC1246FC1246
:4070000046BE90FFF61246FC7B01900006124720A982AA83850883850982EBF0A3EAF0A3E9F07B0190000A124720A982AA83900003124720EBF0A3EAF0A3E9F09000031230
:407040004720E0FBA3E0FAA3E02403F9E43AFA124477FF850883850982E0FBA3E0FAA3E0F9EF124490900003124720E0FBA3E0FAA3E02402F9E43AFA124477FF8508838582
:407080000982E0FBA3E0FAA3E02401F9E43AFAEF124490900003124720E0FBA3E0FAA3E02401F9E43AFA124477FF850883850982E0FBA3E0FAA3E02402F9E43AFAEF1244FF
:4070C00090900003124720E0FBA3E0FAA3E0F9124477FF850883850982E0FBA3E0FAA3E02403F9E43AFAEF124490900006124720E0FCA3E0FDA3E0FEA3E0FF90000E0246F8
:40710000FCE490099BF0906000E090099CF0906001E090099DF090099CE05480648060026191A3E01246D6715500717F02734C06729420736C3371BC3A71E03C72113D72B2
:407140003A3F725A50726E5172D3A472F2A57315BF00007391900C09740CF0A374E0F09009187401F0A3740CF0A37409F0900916E4F0A37402F0F11E90099BEFF06191F146
:407180005E900C09EFF0E0FCA3E0FDA3E0FEA3E0FFEEEDEC4408FC900C091246BE9009187401F0A3740CF0A37409F0900916E4F0A304F0F11E90099BEFF061917A0A793C24
:4071C0009009187401F0A3740AF0A3743CF0900916E4F0A37404F0F11E90099BEFF061917F707E3D7D0A7C07126FF9900C091246BE9009187401F0A3740CF0A37409F090D1
:407200000916E4F0A37404F0F11E90099BEFF061917A0A79409009187401F0A3740AF0A37440F0900916E4F0A37404F0F11E90099BEFF0E4900C11F061919009187401F058
:40724000A3740AF0A37446F0900916E4F0A37406F0F11E90099BEFF06191906002E030E008900C887401F08005E4900C88F0F15E900C09EFF09009187401F0A3740CF0A37D
:407280007409F0900916E4F0A304F0F11E90099BEFF06191906003E06487600261917B027A607904124CE3EF64014E60026191900C09F07B0190091804F0A3740CF0A37436
:4072C00009F0900916E4F0A304F0F11E90099BEFF061919009187401F0A3740BF0A374CFF0900916E4F0A304F0F11E90099BEFF061917A0B79D39009187401F0A3740BF042
:40730000A374D3F0900916E4F0A304F0F11E90099BEFF0807C900C29E0FCA3E0FDA3E0FEA3E0FF129A62900C131246BE9009187401F0A3740CF0A37413F0900916E4F0A3DB
:407340007404F0F11E90099BEFF080459009187401F0A37409F0A3749EF0900916E4F0A37404F0F11E90099BEFF08025900A25E0900C08F09009187401F0A3740CF0A3742B
:4073800008F0900916E4F0A304F0F11E90099BEFF090099CE054806002C1E2A3E01246D676BE0E76980F73E630740632742A3374A03574653A753F7075BF71755E7275DED8
:4073C0007375FD75761C77757D7A763B7B76797D765A7F759C9074C3A074E2A97501F37520F7000076E29009187401F0A3740AF0A3741BF0900916E4F0A37406F0D1E890F1
:40740000099BEFF0C1E27A0A793C9009187401F0A3740AF0A3743CF0900916E4F0A37404F0D1E890099BEFF0C1E27A0A794C9009187401F0A3740AF0A3744CF0900916E430
:40744000F0A304F0D1E890099BEFF0900A4CE0FF3395E0FEFDFC900C041246BE900BDCE04401F0C1E27A0A79309009187401F0A3740AF0A37430F0900916E4F0A304F0D1FA
:40748000E890099BEFF0900A30E0FF3395E0FEFDFC900C001246BE900BDCE04402F0C1E27A0A79559009187401F0A3740AF0A37455F0900916E4F0A304F0D1E890099BEFDC
:4074C000F0C1E29009187401F0A3740CF0A37411F0900916E4F0A304F0D1E890099BEFF0C1E29009187401F0A3740BF0A374DFF0900916E4F0A304F0D1E890099BEFF0C17A
:40750000E29009187401F0A3740BF0A374DAF0900916E4F0A304F0D1E890099BEFF0C1E29009187401F0A3740BF0A374D9F0900916E4F0A304F0D1E890099BEFF0C1E290B6
:4075400009187401F0A3740BF0A374E0F0900916E4F0A304F0D1E890099BEFF0C1E29009187401F0A3740BF0A374D2F0900916E4F0A304F0D1E890099BEFF0C1E2900918C8
:407580007401F0A3740BF0A374D7F0900916E4F0A304F0D1E890099BEFF0C1E27A0A795E9009187401F0A3740AF0A3745EF0900916E4F0A304F0D1E890099BEFF0C1E290ED
:4075C00009187401F0A3740BF0A374DBF0900916E4F0A304F0D1E890099BEFF0C1E29009187401F0A3740BF0A374D1F0900916E4F0A304F0D1E890099BEFF0C1E29009184E
:407600007401F0A3740BF0A374D0F0900916E4F0A304F0D1E890099BEFF0C1E29009187401F0A3740BF0A374D5F0900916E4F0A304F0D1E890099BEFF0C1E29009187401C0
:40764000F0A3740BF0A374E6F0900916E4F0A304F0D1E890099BEFF0C1E29009187401F0A3740BF0A374DEF0900916E4F0A304F0D1E890099BEFF080699009187401F0A3FD
:40768000740BF0A374E5F0900916E4F0A304F0D1E890099BEFF0804A9009187401F0A3740CF0A3740DF0900916E4F0A37404F0D1E890099BEFF0900BD47401F08024900917
:4076C000187401F0A3740CF0A3740DF0900916E4F0A37404F0D1E890099BEFF0900BD47402F090099BE0FF2290092D7404F090092C7480F0F17E906007E0FE906006E0FD94
:40770000EEEDFFD3900917E09F900916E09E4005EEF0A3EFF0900931740BF07F0122900916E07002A3E07004F1B9802F90092D7402F0E490092CF0F17E906007E0FE906076
:4077400006E0FDEEEDFFD3900917E09F900916E09E4005EEF0A3EFF012AA8C7F0122E4FF900C88E060037410FF900BCFE0FE30E004EF4420FFEE30E104EF4402FF22E49046
:407780000932F0A3F090091BE0FBA3E0FAA3E04A4B602590091BE0FBA3E0FAA3E0F9E412449090091BE0FBA3E0FAA3E02401F9E43AFAE4F5F01244E02290092D7402F0906E
:4077C000092C7480F0900931740FF0E490091FF0900934F07F01229009BEEBF0A3EAF0A3E9F09009BDEFF024FFFFE434FFFEEFC4F8540FC868FFEEC454F0489009C3EFF0FB
:407800002488FFE43460FAA9079009C57401F0A3EAF0A3E9F0900C84E030E0089009C47491F080069009C474D1F09009C1E0FCA3E0FDECFF9009BDE0FE75F00BA42438F503
:4078400082E5F03409F583E04FFF9009C3E0FB240CF582E43460F583EFF0ED740D2BF582E43460F583EDF074B12EF582E4340AF583E0FF1260659009BDE02495F582E434AC
:407880000AF583E0FBFF9009C1E0FCA3E0FD9009C4E09009CCF01263BC9009BDE02495F582E4340AF583E0FFC0079009BEE0FBA3E0FAA3E0F9FFAE02EAE4AD07AC06C0057A
:4078C0009009C5E0FBA3E0FAA3E0F9FFEAE4AB07D005D00712658C9009BDE024B1F582E4340AF583E0FF1266229009BDE0FE24B1F582E4340AF583E0FF74952EF582E434D4
:407900000AF583E0FD1266049009BDE024B1F582E4340AF583E0FF7D011263719009BDE075F00BA42436F582E5F03409F583E4F09009C3E02480F582E43460F583E0440128
:40794000F022EA494B6015E4900B43F0900B46F0900B48EBF0A3EAF0A3E9F022900B46E0147002410414700241351470024167240360024183900B48E0FBA3E0FAA3E0F9EC
:40798000900B43E0FFE92FF9E43AFA1244777004900B43F0900B48E0FBA3E0FAA3E0F9900B43E0FF04F0E92FF9E43AFA124477FFC39461400AEFD3947A500474E02FFFEFDE
:4079C000C394224006EFD3945A4008900B447407F0800F74292FF582E4340BF583E0900B44F0900B44E0FF5407A3F070037406F0EFB40710900B477402F0E4900B45F0A388
:407A00007403F022900B44E0FF30E708900B477403F08006900B477401F0EF25E0900B44F0A3E014F0125FE3EF54FEFF125FDD900B467402F0900B47E07025900B467403A8
:407A4000F0900B45E07008900B477402F08005E4900B47F0125FE3EF4401FF125FDD8007900B47E014F022900B47E07010900B45E07003A3F022900B467401F022900B47A3
:407A8000E014F022E49009C8F0A3F0FBFA7D017F0151A112675451E5E47F01FEFDFC0258BD9009C6EAF0A3EBF0AE05E4900C95F0AD07AF06AB079009CEF0A3F0A3F0FFD1C7
:407AC00016900C95E0FF9009C6E0FCA3E0FDA3E0FAA3E0FBB157900C95E0FFE4FD51F4900C95E0FF229064957420F0906492F0906491F022AC077B01ECC39418503375F0AE
:407B000010ECA42410F582E5F03470F583E054F1FAED540725E0FFE433AE02EF4AFF75F010ECA42410F582E5F03470F583EFF0E41BAF03229009C7EAF0A3EBF0AE05900C45
:407B4000907403F0AD07AF06AB07E49009CEF0A3F0A3F07F03D116900C90E0FF9009C7E0FCA3E0FDA3E0FAA3E0FBB157900C90E0FF7D0151F4900C90E0FF229009C7EAF02A
:407B8000A3EBF0AE05900C917404F0AD07AF06AB079009CEF0E4A3F0A3F07F04D116900C91E0FF9009C7E0FCA3E0FDA3E0FAA3E0FBB157900C91E0FF7D0151F4900C91E072
:407BC000FF22E49009C9F0A3F0FBFA7D017F01717BE49009C9F0A3F0FBFA7D017F017134E49009C4F09009C4E0C394035019912F9009C4E02404F582E43409F583EFF09086
:407C000009C4E004F080DEE49009C4F09009C4E0C394035019912F9009C4E0240CF582E43409F583EFF09009C4E004F080DE229009C674FFF0124CA7900C6FE0D3941840D6
:407C400023900C6EE0FE9009C6F0900C6FE014F075F008EEA42400F582E5F03478F583E0900C6EF0124C8F9009C6E0FF22E49009C9F0A3F0FBFA7D017F01B110E49009C93E
:407C8000F0A3F0FBFA7D017F01B1CFE49009C9F0A3F0FBFA7D017F01D18FE49009C4F09009C4E0C394035019912F9009C4E02407F582E43409F583EFF09009C4E004F080B9
:407CC000DEE49009C4F09009C4E0C394035019912F9009C4E0240FF582E43409F583EFF09009C4E004F080DEE49009C4F09009C4E0C394035019912F9009C4E02400F582FE
:407D0000E43400F583EFF09009C4E004F080DE229009C7EAF0A3EBF0AE05900C927405F0AD07AF06AB079009CEF0E4A3F0A3F07F05D116900C92E0FF9009C7E0FCA3E0FD71
:407D4000A3E0FAA3E0FBB157900C92E0FF7D0151F4900C92E0FF229009CCECF0A3EDF0A3EAF0A3EBF09009CBEFF09009D07401F0EFC3941850539009CBE075F008A42404B6
:407D8000FFE5F03476FE9009D1F0A3EFF0AA06F97B019009CCE0FCA3E0FD124CF29009CBE075F008A42406FFE5F03476FE9009D1F0A3EFF0AA06F97B019009CEE0FCA3E073
:407DC000FD124CF2E49009D0F09009D0E0FF229009C7EAF0A3EBF0AE05900C937406F0AD07AF06AB079009CEF0E4A3F0A3F07F06D116900C93E0FF9009C7E0FCA3E0FDA336
:407E0000E0FAA3E0FBB157900C93E0FF7D0151F4900C93E0FF22AC077A01ECC39418506CEB540175F080A4FFED547F4FFF75F008ECA42400F582E5F03476F583EFF09009BF
:407E4000CFE0540F75F010A4FF9009CEE0540F4FFF75F008ECA42401F582E5F03476F583EFF09009D0E0540FFF75F008ECA42402F582E5F03476F583EFF075F008ECA42435
:407E800003F582E5F03476F583E4F01AAF02229009C7EAF0A3EBF0AE05900C947407F0AD07AF06AB07E49009CEF0A3F0A3F07F07D116900C94E0FF9009C7E0FCA3E0FDA333
:407EC000E0FAA3E0FBB157900C94E0FF7D0151F4900C94E0FF229009C4EAF0A3EBF0AE05900C977402F0AD07AF06AB079009CEF0E4A3F0A3F07F02D116900C97E0FF90098F
:407F0000C4E0FCA3E0FDA3E0FAA3E0FBB157900C97E0FF7D0251F4900C97E0FF229009BDEFF0E4A3F0A3F0A3F0A3F0EF24FD602F0470569009BEE0FAA3E0FBA3E0FFA3E092
:407F40009009C6CFF0A3EFF07D017F20F1BB9009BDE024B1F582E4340AF583EFF0802A9009BEE0FAA3E0FBA3E0FFA3E09009C6CFF0A3EFF07D017F20D1D69009BDE024B1D0
:407F8000F582E4340AF583EFF09009BDE0FFD394004027EF94095022912F9009BDE02495F582E4340AF583EFF0912F9009BDE0249FF582E4340AF583EFF0229009C4EAF02F
:407FC000A3EBF0AE05900C987401F0AD07AF06AB079009CEF0E4A3F0A3F07F01D116900C98E0FF9009C4E0FCA3E0FDA3E0FAA3E0FBB157900C98E0FF7D0251F4900C98E01A
:40800000FF22906461E0FD7C0020E00221DBA3E0FEE42DFDEC3EFCFEAF05ED2410FFEE34AA9009BDF0A3EFF0900C4EE0FEA3E0FF9009BDE0FCA3E0FDC39FFFEC9EA3F0A33B
:40804000EFF0EC1243BD7B177AB779D178391242121243F69009C1EEF0A3EFF09009BFE0FCA3E0FDEC1243BDE4FBFAF9783F1242121243F69009BDE0FDA3E0900C4ECDF0B1
:40808000A3EDF09009C2E02FFF9009C1E03EFE900C4DE02FF0900C4CE03EF0D3A3E094E8900C4CE0943F4007743FF0A374E8F0C3900C4DE0940C900C4CE0943A5007743A76
:4080C000F0A3740CF0900C51E07002A3E0700221D1900C50E0602FE4900C4CF0A3F0900C50E014F0600221D1125FE3EF54FEFF125FDD900C4C743DF0A374F4F07D017F0C1A
:408100007E0031DC21D1900C52E024FFF0900C51E034FFF09009BFE0FEA3E0FFC3EE64809480500FC3900C54E09FF0900C53E09EF080149009BFE0FEA3E0FF900C54E02F67
:40814000F0900C53E03EF0900C53E0C313FEA3E013FF900C53EEF0A3EFF0C39402EE94005018A3E07002A3E0602D900C56E024FFF0900C55E034FFF0801DD3900C54E09496
:4081800007900C53E09400400E900C56E004F07006900C55E004F0D3900C56E09432900C55E09400402BE4900C53F0A3F0A3F0A3F0900C5074C8F0A3740BF0A374B8F01254
:4081C0005FE3EF4401FF125FDD7D017F0D7E0031DC900C4CE0FEA3E0FF7119229009C3EEF0A3EFF0A3EDF071089009C7EFF071109009C8EEF0A3EFF09009C3E0FCA3E0FD45
:408200006F7002EC6E700261079043A2E054019009C6F0A3E0703AA3E0FEA3E0FF4E6004ED4C702DEF4E70117B027A407980124CF2904082E054BFF022904082E04440F03D
:408240007B027A4079809009C3E0FCA3E0FD024CF29009C6E06053904001E4F090401004F0904014E4F0904008E0547FF0904082E05408600A9009C3E07002A3E0702B7BF9
:40828000027A4079029009C8E0FCA3E0FD124CF29040017407F0904001E0540170F89043A2E054FEF0904001E4F09043A2E05401602F7B027A4079029009C3E0FCA3E0FDF1
:4082C000124CF29009C5E060047F0280027F00EF4401904001F0904001E05401602980F6227B027A4079809009C3E0FCA3E0FD124CF29043A2C083C082E0FF9009C6E0FEA0
:40830000EF4ED082D083F022904082E05407FF227B027A407980024CE3AD07AC06EC906575F0EF906574F0229009C11246BEE4FFFEFDFC9009D51246BE9009C1E0FCA3E09D
:40834000FDA3E0FEA3E0FF126FF9E41243B8E4FBFAF9784A12431B9009C51246BE9009C5E0FCA3E0FDA3E0FEA3E0FF1243F69009C91246BE7F007E247D747C499009C5E085
:40838000F8A3E0F9A3E0FAA3E0FB1242121243F67B407A42790F7800124B63AC00AD01AE02AF039009D11246BE7F407E427D0F7C009009C9E0F8A3E0F9A3E0FAA3E0FB12E0
:4083C00044FF9009D1E0F8A3E0F9A3E0FAA3E02FFFEA3EFEE93DFDE83CFC9009CD1246BE9009CDE0FCA3E0FDA3E0FEA3E0FF22900A02E0147002A11B147002A174240260A3
:4084000002C1DC900A3CE0FCA3E0FDA3E0FEA3E0FF900A03E0F8A3E0F9A3E0FAA3E0FBC312464D7002A114124CA7AB07900A3CE0FCA3E0FDA3E0FEA3E0FF900A031246BE4E
:40844000AF03124C8F900C11E014603804704C900A03E0FCA3E0FDA3E0FEA3E0FF71289009BD1246BE9009BDE0FCA3E0FDA3E0FEA3E0FFE47B04FAF9F812458A9009BD1217
:4084800046BE8017900A03E0FCA3E0FDA3E0FEA3E0FF126FF99009BD1246BEE47F64FEFDFC9009BDE0F8A3E0F9A3E0FAA3E0FBD312464D405F9009BDE0FCA3E0FDA3E0FE92
:4084C000A3E0FF900A27E0F8A3E0F9A3E0FAA3E0FB12464D603E9009BDE0FCA3E0FDA3E0FEA3E0FF900A271246BE900A27E0FCA3E0FDA3E0FEA3E0FF900BF71246BE900AB9
:4085000027E0FCA3E0FDA3E0FEA3E0FF128F04900A2FEFF0900A02E004F022900A5EE0FF900A0BE06F6047900A5EE014601614601F1460282403702E900A0F7401F0A374E9
:4085400090F08022900A0F7402F0A37458F08016900A0F7403F0A37420F0800A900A0F7403F0A374E8F0900A5EE0900A0BF0900A02E004F0900A27E0FCA3E0FDA3E0FEA3F7
:40858000E0FF900A07E0F8A3E0F9A3E0FAA3E0FBC312464D7002C1D7900A27E0FCA3E0FDA3E0FEA3E0FF900A561246BE900BE0E024BD7002C17D24F77002C14024F760431C
:4085C00024146002C1C3900A56E0FCA3E0FDA3E0FEA3E02454FFEE342EFEE43DFDE43CFCC007900A55E0FFFB3395E0FAF9F8D007C3EF9BFFEE9AFEED99FDEC98FCA3124644
:40860000BEC1C3900A56E0FCA3E0FDA3E0FEA3E024E0FFEE342EFEE43DFDE43CFCC007900A55E0FFFB3395E0FAF9F8D007C3EF9BFFEE9AFEED99FDEC98FCA31246BEC1C311
:40864000900A56E0FCA3E0FDA3E0FEA3E024E0FFEE342EFEE43DFDE43CFCC007900A55E0FFFB3395E0FAF9F8D007C3EF9BFFEE9AFEED99FDEC98FCA31246BE8046900A56E1
:40868000E0FCA3E0FDA3E0FEA3E024E0FFEE342EFEE43DFDE43CFCC006C007900A0FE0FEA3E0FFFBAA06EA3395E0F9F8D007D006C3EF9BFFEE9AFEED99FDEC98FC900A38B7
:4086C0001246BE900A27E0FCA3E0FDA3E0FEA3E0FF900A071246BEE4900A02F0229009C41246BE7F407E787D7D7C019009C81246BE900AF5E0147003028861147003028EED
:408700001B147003028E71147003028EA8147003028EE424056003028EFE900BD6E024FE601D146041240370569009C4E0FCA3E0FDA3E0FEA3E0FF900AFC1246BE80409078
:4087400009C4E0FCA3E0FDA3E0FEA3E02464FFE43EFEE43DFDE43CFC900AFC1246BE900BD67403F080199009C4E0FCA3E0FDA3E0FEA3E0FF900AFC1246BEE4900BD6F09091
:408780000C88E0600302880D900BE1E0FCA3E0FDA3E0FEA3E0FF900AFCE0F8A3E0F9A3E0FAA3E02FFFEA3EFEE93DFDE83CFC900AEAE0F8A3E0F9A3E0FAA3E0FBC312464DB4
:4087C0007003028EFE900BE1E0FCA3E0FDA3E0FEA3E0FF900AFCE0F8A3E0F9A3E0FAA3E02FFFEA3EFEE93DFDE83CFC900AF81246BE900AF8E0FCA3E0FDA3E0FEA3E0FF90F3
:408800000AEA1246BE900AF5E004F0C1FE900AFCE0FCA3E0FDA3E0FEA3E0FF900AEAE0F8A3E0F9A3E0FAA3E0FBC312464D7002C1FE900AFCE0FCA3E0FDA3E0FEA3E0FF9026
:408840000AF81246BE900AFCE0FCA3E0FDA3E0FEA3E0FF900AEA1246BE900AF5E004F0C1FE900A25E0900AF6F0900A0EE0900AF7F0E0FC1243C2E4FBFA79C8784212431BD0
:408880009009D01246BE9009D0E0F8A3E0F9A3E0FAA3E0FBC000C001C002C003900AF6E0FC1243C2D003D002D001D0001241219009D01246BE900AF8E0FCA3E0FDA3E0FE50
:4088C000A3E0FFE41243B87B007A247974784912431B9009CC1246BE9009D0E0FCA3E0FDA3E0FEA3E0FF9009CCE0F8A3E0F9A3E0FAA3E0FB124212E4FBFA798078C0124213
:40890000129009CC1246BE9009CCE0FCA3E0FDA3E0FEA3E0FF1243F69009D81246BEE4FFFEFDFC9009D8E0F8A3E0F9A3E0FAA3E0FBC31246375051E47B04FAF9F89009D8C8
:40894000E0FCA3E0FDA3E0FEA3E0FF124B63AC00AD01AE02AF03E4FBFAF9F8C3124637700221F39009D8E0FCA3E0FDA3E0FEA3E0FFE40BF8EF2BFFEA3EFEE93DFDE83CFC41
:408980009009D81246BE80AFE4FFFEFDFC9009D8E0F8A3E0F9A3E0FAA3E0FBD31246374052E47B04FAF9F89009D8E0FCA3E0FDA3E0FEA3E0FF124B63AC00AD01AE02AF03D9
:4089C000E4FBFAF9F8C312463760289009D8E0FCA3E0FDA3E0FEA3E0FF74FFEF24FFFFEE34FFFEED34FFFDEC34FFFC9009D81246BE80AE900AF8E0FCA3E0FDA3E0FEA3E081
:408A0000FFE47B04FAF9F81244FF900AF81246BE900AF8E0F8A3E0F9A3E0FAA3E0FB9009D8E0FCA3E0FDA3E0FEA3E0FFEB2FFFEA3EFEE93DFDE83CFC900AF81246BEE4909D
:408A40000AF2F09009DCF07F06FEFDFC900AEEE0F8A3E0F9A3E0FAA3E0FBC312464D50026120E4FFFEFDFC900AF8E0F8A3E0F9A3E0FAA3E0FBD312464D50026120900AEE89
:408A8000E0F8A3E0F9A3E0FAA3E0FB7F007EE97DA47C3512458A900AF8E0F8A3E0F9A3E0FAA3E0FBD312464D5076900AF8E0FCA3E0FDA3E0FEA3E0FF900AEEE0F8A3E0F9E2
:408AC000A3E0FAA3E0FB1244FF900AD51246BE7F007E467DC37C23900AD5E0F8A3E0F9A3E0FAA3E0FBC312464D40359009C8E0F8A3E0F9A3E0FAA3E0FB900AD5E0FCA3E066
:408B0000FDA3E0FEA3E0FF12458A900ADDEFF0C3940F400CE0D3945A50069009DC7401F09009DCE06020900AEEE0FCA3E0FDA3E0FEA3E0FF900AE61246BE900AF27401F038
:408B4000900A2FF0A122900AF8E0F8A3E0F9A3E0FAA3E0FB7F807E177DB47C2C12458A900AE61246BEE47F06FEFDFC900AE6E0F8A3E0F9A3E0FAA3E0FBC312464D500CE4DD
:408B80007F06FEFDFC900AE61246BEE47F087E07FDFC900AE6E0F8A3E0F9A3E0FAA3E0FBD312464D400DE47F087E07FDFC900AE61246BE900AE6E0FCA3E0FDA3E0FEA3E0C7
:408BC0005401FFE4FEFDFCEF6026900AE6E0FCA3E0FDA3E0FEA3E0FF74FFEF24FFFFEE34FFFEED34FFFDEC34FFFC900AE61246BEE47F06FEFDFC900AE6E0F8A3E0F9A3E0CA
:408C0000FAA3E0FBC312464D500CE47F06FEFDFC900AE61246BE900AF8E0FCA3E0FDA3E0FEA3E0FF900AE6E0F8A3E0F9A3E0FAA3E0FB1244FF900AD51246BE7F007EE97D05
:408C4000A47C35900AD5E0F8A3E0F9A3E0FAA3E0FBD312464D501B7F007E467DC37C23900AD5E0F8A3E0A3E0A3E0C312464D4002A119900AF8E0F8A3E0F9A3E0FAA3E0FBC7
:408C80007F007EE97DA47C3512458A900AE61246BE900AE6E0FCA3E0FDA3E0FEA3E05401FFE4FEFDFCEF6026900AE6E0FCA3E0FDA3E0FEA3E0FF74FFEF24FFFFEE34FFFE7F
:408CC000ED34FFFDEC34FFFC900AE61246BEE47F06FEFDFC900AE6E0F8A3E0F9A3E0FAA3E0FBC312464D500CE47F06FEFDFC900AE61246BE900AF8E0FCA3E0FDA3E0FEA3AB
:408D0000E0FF900AE6E0F8A3E0F9A3E0FAA3E0FB1244FF900AD51246BEE4900AF2F0900A2FF09009C8E0F8A3E0F9A3E0FAA3E0FB900AD5E0FCA3E0FDA3E0FEA3E0FF1245BD
:408D40008A900ADDEFF09009C8E0F8A3E0F9A3E0FAA3E0FB900AD5E0FCA3E0FDA3E0FEA3E0FF12458AAC00AD01AE02AF03900AD91246BE900AD9E0FCA3E0FDA3E0FEA3E09C
:408D8000FFE41243B89009D41246BE9009D4E0FCA3E0FDA3E0FEA3E0FF7BF07AFF797F78491242129009D41246BE9009D4E0FCA3E0FDA3E0FEA3E0FFC004C005C006C0070C
:408DC0009009C8E0FCA3E0FDA3E0FEA3E0FFE41243B8A804A905AA06AB07D007D006D005D00412431B9009D41246BE9009D4E0FCA3E0FDA3E0FEA3E0FF1243F6900ADE121C
:408E000046BE7FFF7EFF7D0F7C00900AE21246BEE4900AF4F0A3E004F0C1FE900AF2E07011A3E0700D7D807F10125A85900AF37401F0900ADEE0FCA3E0FDA3E0FEA3E0FFCE
:408E40009009DF1246BE900AE2E0FCA3E0FDA3E0FEA3E0FF9009E31246BE900ADDE0FD7F1A125CE0EF6002C1FE900AF5E004F0C1FE900AF2E06008900AF5E004F0807F90C4
:408E80000AE6E0FCA3E0FDA3E0FEA3E0FF9009DE1246BEE49009E2F07F2A125AC9EF705E900AF5E004F08056900A2FE070157DA07FB1125A85900A2F7401F0900AF4740611
:408EC000F08005E4900AF4F0900AE6E0FCA3E0FDA3E0FEA3E0FF900AEE1246BE900AF57405F0801A900AF4E0600414F080107D4F7F10125A85E4900AF3F0900AF5F0900A60
:408F0000F5E0FF229009C11246BE9009C57401F0E4FFFEFDFC9009FEE0F8A3E0F9A3E0FAA3E0FBC312464D70179009C1E0FCA3E0FDA3E0FEA3E0FF9009FE1246BE7F002252
:408F40009009FEE0FCA3E0FDA3E0FEA3E0FFFBAA06A905A8049009C1E0FCA3E0FDA3E0FEA3E0C39BFFEE9AFEED99FDEC98FC124D0B9009C61246BE7F807E847D1E7C0090CF
:408F800009C6E0F8A3E0F9A3E0FAA3E0FBC312464D4007E49009C5F08079E47BE87A03F9F89009C1E0FCA3E0FDA3E0FEA3E0FF12458AE47B107A27F9F81244FFE47BE87A53
:408FC00003F9F812458A9009CA1246BE9009CAE0A3E0A3E0FEA3E0C394F4EE9401500DE47FF47E01FDFC9009CA1246BE9009CAE0FCA3E0FDA3E0FEA3E0FF9009C6E0F8A34A
:40900000E0F9A3E0FAA3E0FBD312464D4005E49009C5F09009C1E0FCA3E0FDA3E0FEA3E0FF9009FE1246BE9009C5E0FF229009CAEFF0A3EDF07B017A0979CC7F031189EF97
:4090400070469009CBE0B4011BA3E0FF9009CAE0FE7401A806088002C333D8FCF45F9009CCF0801A9009CCE0FF9009CAE0FE7401A806088002C333D8FC4F9009CCF0900971
:40908000CCE0FD7F03125A85229009CEEFF0A3EBF0A3EAF0A3E9F0E4A3F0A3F07B01A304F0A37409F0A374CEF031109009D3EFF064806056A3E0FBA3E0FAA3E0F99009EF8E
:4090C0007401F0E4A3F07F6031AD9009D3EFF03110EF30E1FA9009D3E0702F9009CFE0FBA3E0FAA3E0F99009DB7401F0E4A3F07F60B1509009D3EFF03110EF30E0FA9009DC
:40910000D3E060069009D27401F09009D2E0FF229044C97480F0900C60E0FF900C89E054406004EF4404FF9044C17480F0229009CBEDF09009CAEFF02410FF7B017A097982
:40914000CC11899009CBE0B40107A3E0547FF080079009CCE04440F09009CAE02410FF9009CCE0FD025A85E49009BEF0A304F0E4A3F0A3F09009BEEFF07B017A0979BE90A2
:4091800009EF7401F0E4A3F07F4031AD9009C0EFF03110EF30E1FA91BA9009C1EFF064016005E49009BFF09009BFE0FF229009ECEBF0A3EAF0A3E9F0AC077D029009ECE008
:4091C000FBA3E0FAA3E04A4B70024159900C89E0B4100F9049D9E054087003FD801A7D018016900C89E0B4600FE4FD9044D97480F0900C60E054F7F0ED705E900C897445A5
:40920000F0E4900C5CF09009EFE0900C5FF09009ECE0F9A3E0FAA3E0900C58C9F0A3EAF0A3E9F09009F0E0FF900C5DF0900C60E054FDF0AE04EE25E09049D8F0EF540160C3
:409240000CA37412F09049D77404F080069049D97401F09044C17480F0AF05229009CBEDF09009CAEFF0E49009CDF0EFC3940040119009CAE0D3940350089009CD7418F08A
:4092800080169009CAE0FFC39400400CEFD3940350069009CD7419F09009CDE0FF7B017A0979CC11899009CAE0FFC39400403AEFD3940350349009CCE0FF9009CAE025E002
:4092C000FE7403A806088002C333D8FCF45F9009CCF0E0FF9009CBE0FDA806088002C333D8FC4F9009CCF080449009CAE0FFC39400403AEFD3940350349009CCE0FF9009F8
:40930000CAE024FC25E0FE7403A806088002C333D8FCF45F9009CCF0E0FF9009CBE0FDA806088002C333D8FC4F9009CCF09009CDE0FF9009CCE0FD025A85E49009BDF09057
:409340000BE7E014604714606B14700261DD1470028106147002812F24FB70028157240A600281B4900BDBE0FF900BE8E06F6015900BEE7471F0A3EFF0900BE8F0900BE7DB
:40938000740AF081B4900BE7E004F081B4900BD1E0FF900BEDE06F6013A37473F0A3EFF0900BEDF0900BE7740AF081B4900BE7E004F081B4900BD0E0FF900BEAE06F601533
:4093C000900BEE7475F0A3EFF0900BEAF0900BE7740AF081B4900BE7E004F081B4900BD5E0FF900BEBE06F6015900BEE7477F0A3EFF0900BEBF0900BE7740AF081B4900BAF
:40940000E7E004F081B4900BDEE0FF900BECE06F6015900BEE747FF0A3EFF0900BECF0900BE7740AF081B4900BE7E004F081B4900BE6E0FF900BE9E06F6015900BEE747B64
:40944000F0A3EFF0900BE9F0900BE7740AF08064E4900BE7F0805D900BF0E014602F047053900BEEE0FF31679009BDEFF0B4010E900BF0E004F0900BE7740AF08036E490B9
:409480000BE7F0900BF0F0900BE5F08027900BEFE0FF31679009BDEFF0B4010BE4900BF0F0900BE7F0800DE4900BE7F0900BF0F0900BE5F0900BE7E0FF22900C5CE0FF2227
:4094C0009009CBEDF09009CAEFF09009CD7403F0EF2410FF7B017A0979CC1189EF70709009CBE014601D14602F146041240370509009CCE0FFA3E0F4FEEF5E9009CCF0E0FE
:40950000F0803D9009CCE0FFA3E0F4FEEF5E9009CCF0E04401F080289009CCE0FFA3E0F4FEEF5E9009CCF0E04402F080139009CCE0FFA3E0F4FEEF5E9009CCF0E04403F0F0
:409540009009CAE02410FF9009CCE0FD125A85229009D8EBF0A3EAF0A3E9F0AC077D029009D8E0FBA3E0FAA3E04A4B7002A1FE900C89E0B4100F9049D9E054087003FD8001
:409580001A7D018016900C89E0B4600FE4FD9044D97480F0900C60E054F7F0ED7060900C897449F0E4900C5BF09009DBE0900C5EF09009D8E0F9A3E0FAA3E0900C61C9F034
:4095C000A3EAF0A3E9F09009DCE0FF900C5DF0900C60E054FEF0AE04EE25E044019049D8F0EF5401600CA37412F09049D77404F080069049D97401F09044C17480F0AF05E1
:40960000229009CAEFF070077D207FB1025A859009CAE0B401077D807FB1125A8522D14EE47F64FEFDFC1258BD7F007E808F828E83E0900A25F08F828E83A3E0900A0EF0F3
:409640008F828E83A3A3E0900C84F0E4F022D180124CA79043A0E04408F09043B0E04408F090470174C8F09043ACE04410F09043BCE04410F0904700E0542060F8024C8F5E
:40968000D1969009C4EFF07007D1E29009C4EFF09009C4E0FF22F13FF153EF7039F1CB9009C5EFF06407702A904722E0540270087F01FE124C3C80F0904722E05402600972
:4096C000E0FF1313543FFF80027FFFEF70049009C5F0F13480069009C57404F09009C5E0FF22F13F9009C574FFF0F153EF70397F01F19DEF6407702C7B017A0C79797D020E
:4097000012C79CEFB40215E49009C5F0904722E0540270107F01FE124C3C80F0904722E0540260D4F13480069009C57404F09009C5E0FF22124CA7E4900C99F0024C8F1261
:409740004CA79043A0E04408F09043B0E04408F0024C8F9009CC7404F0124CA7900C99E0700704F0E49009CCF0124C8F9009CCE0FF229009BE74FFF0F13FF153EF70127FEF
:4097800001F19DEFB407069009BE7407F0F13480069009BE7404F09009BEE0FF227E07904722E05402601F90472074B6F074E1F0740EF0904722E054027007904720EFF06F
:4097C00080067E0980027E04AF06227F07904722E05402600E90472074B6F074E0F0740DF080027F0422E49009C2F09009C5F0A3F09009C37480F0A3E4F01299139009C291
:40980000EFF0E0640760519009C57403F09009C5E0FFC394105014742D2FF582E4340CF583E4F09009C5E004F080E2900A25E0900C2DF0900A0EE0900C2EF0900C84E0900B
:409840000C2FF07B017A0C792DE4FD1160E4900BDCF0900BD67402F09009C2E0FF7E00229009C7EBF0A3EAF0A3E9F0A3EDF012973F9009CAE0C3948040022107129753EFBC
:40988000707D9009CB74FFF09009C7E0FBA3E0FAA3E0F99009D0E4F0A37410F07F4031A2EF64077068904722E0540260F8904722E054026009E0FF1313543FFF80027FFFF2
:4098C000EF70049009CBF09009CBE0702A9009CAE0FD7C00900C79E0FBA3E09009D0F07F40314EEFB407089009CB7407F0801E9009CB74FFF080169009CB74FFF0800E90AC
:4099000009CB7404F080069009CB7401F09009CBE0FF2212973F904722E054026024E054026009E0FF1313543FFF80027FFFEF70069009C7F080069009C774FFF01297348B
:4099400080069009C77407F09009C7E0FF229009CDECF0A3EDF0AC077D07904722E05402603B90472074B6F074D8F07405F0904722E054027023904720ECF09009CDE09051
:409980004720F09009CDE0A3E0904720F0EBF09009D0E0904720F080067D0980027D04AF05229009CDEBF0A3EAF0A3E9F09009D27407F0904722E05402604E90472074B6A2
:4099C000F074D5F07402F0904722E054027032904720EFF0E4FFFED39009D1E09F9009D0E09E402B9009CDE0FBA3E0FAA3E02FF9EA3EFA124477904720F00FEF70010E8006
:409A0000D69009D27409F080069009D27404F09009D2E0FF22E49009BFF0A3F0A3F09009BD7480F0A3E4F0900A25E09009C0F0900A0EE09009C1F0900BDCE0B40323900A2B
:409A40004CE09009C0F0900A30E09009C1F09009C0E0900A25F09009C1E0900A0EF01297E62290FFFC1246FC1246BE90FFF61246FC7B01900006124720A982AA8385088351
:409A8000850982EBF0A3EAF0A3E9F07B0190000A124720A982AA83900003124720EBF0A3EAF0A3E9F0900003124720E0FBA3E0FAA3E02403F9E43AFA124477FF850883857B
:409AC0000982E0FBA3E0FAA3E0F9EF124490900003124720E0FBA3E0FAA3E02402F9E43AFA124477FF850883850982E0FBA3E0FAA3E02401F9E43AFAEF124490900003129D
:409B00004720E0FBA3E0FAA3E02401F9E43AFA124477FF850883850982E0FBA3E0FAA3E02402F9E43AFAEF124490900003124720E0FBA3E0FAA3E0F9124477FF8508838599
:409B40000982E0FBA3E0FAA3E02403F9E43AFAEF124490900006124720E0FCA3E0FDA3E0FEA3E0FF90000E0246FCE49009BDF0FFFEFDFC900C1CE0F8A3E0F9A3E0FAA3E0F6
:409B8000FBC312464D60028154900C18E07002A3E060028145900C17E0146042147002812224026002817A1297729009BDEFF024FC601724F4600D24096002817A900C17BC
:409BC000E004F022E4900C17F0227B017A0C791A917B9009BDEFF0E4900C17F022227B017A0C791A917B9009BDEFF024F9602524F7602824106002817A900C1AE0FEA3E062
:409C0000FFEE3395E0FDFC900C251246BE900C17E004F022900C177401F022E4900C17F02222900C25E0FCA3E0FDA3E0FEA3E0FFA31246BE900C187427F0A37410F0E4906E
:409C40000C17F02222900C19E024FFF0900C18E034FFF022900C1CE0FCA3E0FDA3E0FEA3E0FF74FFEF24FFFFEE34FFFEED34FFFDEC34FFFC900C1C1246BE229009BEEBF0F8
:409C8000A3EAF0A3E9F0904722E054026002A120E0FF1313543F6002A118E05401602C904720E09009C1F0904722E054016003D38001C340097F017E00124C3C80E99047FB
:409CC00020E09009C2F0E4A3F080069009C37407F09009C3E0704F9009C1E0B40116A3E0FF9009BEE0FBA3E0FAA3E0F9E48FF01244E0801D9009C2E0FFC3E49FFFE494007B
:409D0000F99009BEE0FBA3E0FAA3E0C98FF01244E0E49009C3F0800E9009C37407F080069009C37410F09009C3E0640760031297349009C3E0FF22C0E0C083C082C085C031
:409D400084C086758600C093759300900BCEE4F0D093D086D084D085D082D083D0E032C0E0C083C082C085C084C086758600C093759300900BFBE4F0D093D086D084D08587
:409D8000D082D083D0E032125FE3EF54EFFF54FBFF125FDD900A0FE0FEA3E0FFEE3395E0FDFC900BF7E0F8A3E0F9A3E0FAA3E02FFFEA3EFEE93DFDE83CFC0286DD80FE22E1
:409DC0007B007A4079807D0C7C00124CF0904082741AF07B007A4079847D027C00124CF09040867418F07B007A4079887D6B7C0E124CF090408A7418F07B007A40798C7D42
:409E0000BF7C5D124CF090408E7419F07B007A40799074FFFDFC124CF09040927418F09043007406F09042007452F07B0C7A01790F124BF49046A1EFF07B007A4279127D56
:409E4000137C33124CF09042107401F0E0FFE47FC87E32FDFC9009B31246BE9009B3E0A3E0A3E0FEA3E0D39400EE9400403A904210E054806032E47FE07E01FDFC124C001F
:409E80009009B3E0FCA3E0FDA3E0FEA3E0FF74FFEF24FFFFEE34FFFEED34FFFDEC34FFFC9009B31246BE80B39009B3E0A3E0A3E0FEA3E04E70047F01B1BD904210E04440DE
:409EC000F07B007A4279227D147C0C124CF09040007401F07B007A4279207D517C12124CF0E49009B7F07F19FEFDFC9009B31246BE9009B3E0A3E0A3E0FEA3E0D39400EE6D
:409F00009400404AA3E0FF64036043904225E05401FEEF25E04E54039009B7F0E47FE07E01FDFC124C009009B3E0FCA3E0FDA3E0FEA3E0FF74FFEF24FFFFEE34FFFEED34EC
:409F4000FFFDEC34FFFC9009B31246BE80A39009B3E0A3E0A3E0FEA3E04E70047F03B1BD7B007A4079047D007C01124CF09040047407F0904006E4F09040087448F09040A9
:409F800004E4F0904009F09040017402F09043A2E0441FF022E4FFFEFDFC900C7F1246BE9076007410F09070107401F0907019E4F07B027A78F97DB87C02124CF2907802A3
:409FC0007401F0A374A3F07B027A787904C003C002C0017BFF7A527940E9EAE4AD01AC02D001D002D003124CF27B027A7879067D087C78124CF27B027A7679047D107C009E
:40A00000124CF27B027A767906E4FDFC124CF2907029740BF0907039740DF09070597414F0907069741EF09070797427F09070147401F0907018E0540170F8907028E0542B
:40A040000170F8907038E0540170F8907058E0540170F8907068E0540170F8907078E0540170F87B087A0879209009B87401F0A37451F0A37410F07F067E00024BA77B0C52
:40A080007A0179CF124BF4EF540790586EF0EFC4540FA3F09058767444F0227B007A4679E8124BF4EF4405FD7B007A4679E8124CFF129F957B007A7679007D047C00124B8C
:40A0C000DB7C547DF87B007A7679087F047E00124C697C547DFC7B007A7679107F047E00124C697B007A7679187D047C00124BDB7C557D007B007A7679207F047E00124CA5
:40A10000697C557D047B007A7679287F047E00124C697C557D087B007A7679307F047E00124C697B007A7679387D047C00124BDB7B017A0079D87F047E047D007C44124C26
:40A14000BC7B017A0279587F047E047D007C48124CBC7B017A0479D87F447E447D007C48124CBC7B017A507903124BF4EF4402FD7B017A507903124CFF7B017A5079131287
:40A180004BF4EF4402FD7B017A507913124CFF9043A0E04440F09043C2E04410F07B087A1F79CC9009B8E4F0A37451F0A37402F07F087E00124BA77B087A1F79D49009B8D5
:40A1C000E4F0A37451F0A374C2F07F087E00124BA77B087A1F79DC9009B8E4F0A37451F0A374F0F07F0A7E00124BA77B087A1F79E89009B8E4F0A37451F0A37410F07F0AD7
:40A200007E00124BA77B087A1F79F49009B8E4F0A37451F0A37420F07F0A7E00124BA79044F47401F0904322E04408F09046ECE0C394055006904689743AF090480074F198
:40A24000F0129DC090480074B1F0117E7B007A4379A0C003C0029009B8EBF0A3EAF0A374B0F0D002D0037F0E7E00124BA79043B0E054FDF0229009BDEFF0A3EDF0900A9E66
:40A28000E07008712E900A9E7401F09009BDE0FFA3E0FD9009BFEDF090092EEFF0E490092DF0900922F0900930F090091EF0900927F090092FF090091FF09044C27480F04B
:40A2C000A37401F09044C27420F09044C07404F07408F090609E7406F09044C27440F090609C7450F07EB67FE891F9B183B19D9009BFE014600C047012906009E054FEF062
:40A300008010906009E04401F08007906009E04401F09060287403F09060087480F0E47F01FEFDFC124C009060127404F022124CA79009BFEFF09043A5E04401F09043B5F9
:40A34000E04401F090609D7401F090600904F0906010E0547FF0E4FFFE124C3C904394E054F9F0906012E054DFF0904394E04401F07F017E00124C3C7F287E00124C3C90DF
:40A3800051F8E0547FF0E054BFF0904394E04402F07F027E00124C3C904394E04404F0906084E4F0A3F0FFFEC3EF9409EE9400502174952FF582740A3EF58374FFF0749FC6
:40A3C0002FF582740A3EF58374FFF00FEF70010E80D69009BFE0FF124C8F7D057F1791A07CA57DE87F17913A7D057F1891A07CA97D747F18913A7D057F1591A07CB57DA59D
:40A400007F15913A7D057F0291A07CB57D057F02913A7D057F0391A07CB57D557F03913AE4FD7F1691A07CB57DA67F16913A7D057F0C91A07CA77D857F0C9009C5ECF0A3DF
:40A44000EDF09009C4EFF0D3941F50028001C340047F0091E59009C4E0541F25E0FFE433FEE42FFFEE3444FAA9077B01124CE39009C7EEF0A3EFF09009C4E075F002A4249A
:40A4800000FFE5F03444FAA9077B01A3E0FEA3E0FFFDAC06124CF29009C7E0FEA3E0FF229009C4EFF0A3EDF0D3940750028001C340047F0091E59009C4E0D3941F500280B8
:40A4C00001C340047F0091E59009C5E0540775F020A4FF9009C4E0541F2480F582E43444F583EFF02290FFFF1246FCEFF09046EA7401F09000010246FC9009C0EEF0A3EF7A
:40A50000F0B1729009C0E0FEA3E0FFB1907F05B1799044C07402F0229049D67402F09049C87481F09049CA7437F09049DB7403F0A3E4F09044C97480F07D077F0F91A07C99
:40A54000C47DDA7F0F913A900C897410F0E4900C60F0900C5BF0900C5CF022900C8AE07008B118900C8A7401F0B1AA9044C17480F0229044C87402F022EFC43354E0904433
:40A5800081F022124CA7906597E04410F0024C8F7B027A447902AD07AC06024CF2124CA7906594E04410F0024C8F124CA79043A5E04404F09043B5E04404F0024C8FE49005
:40A5C000092DF0900922F0900930F090091EF0900927F090092FF090091FF09060287403F09060087480F022C0E0C0F0C083C082C085C084C086758600C093759300C0D013
:40A6000075D000C000C001C002C003C004C005C006C007B1BED007D006D005D004D003D002D001D000D0D0D093D086D084D085D082D083D0F0D0E0327F09D1A4124CA790D3
:40A640006008E0547FF0906012E054FBF09043A5E054FEF09043B5E054FEF09051F8E04480F0E04440F0124C8F9044CA7480F0A37401F09044CA7420F09044C87404F07498
:40A6800008F0F1729044D97410F0E4900922F0900930F090091EF0900927F090092FF0900A9EF0229009CAEFF0C394095004E0FF80027F019009CBEFF09009CBE0FF249567
:40A6C000F582E4340AF583E0F4603074B12FF582E4340AF583E0FF1260659009CBE02495F582E4340AF583E0FFF1349009CBE02495F582E4340AF58374FFF09009CBE024DF
:40A700009FF582E4340AF583E0FFF46012F1349009CBE0249FF582E4340AF58374FFF09009CBE004F0E0C3940950089009CAE064096086229009CCEFF0C394805033124C00
:40A74000A79009CDEFF0900C6EE0FF9009CCE0FE75F008A42400F582E5F03478F583EFF0900C6EEEF0A3E004F09009CDE0FF124C8F2290458FE054407E007806CEC313CE44
:40A7800013D8F9FF22C0E0C0F0C083C082C085C084C086758600C093759300C0D075D000C000C001C002C003C004C005C006C007F172D007D006D005D004D003D002D0017A
:40A7C000D000D0D0D093D086D084D085D082D083D0F0D0E0329009FAEFF0ED600302A88FE0FD2495F582E4340AF583E075F008A42400FEE5F034789009FBF0A3CEF0ED2513
:40A80000E02483F582E4340AF583E0FEA3E024E0FDEE34FFFC9009FBE0FEA3E0AA06F97B01124CF29009FAE0FD2495F582E4340AF583E075F008A42404FEE5F0347890092C
:40A84000FBF0A3CEF0ED75F003A42468F582E4340AF583E0FBA3E0FAA3E0F92420FFE43AFEE43BFDE433FCEFEEE4AD07AC069009FBE0FEA3E0AA06F97B01124CF29009FA70
:40A88000E024A8F582E4340AF5837401F0211B9009FAE02495F582E4340AF583E075F008A42400FEE5F034789009FBF0A3CEF09009FBE0FEA3E0AA06F97B017D027C00125D
:40A8C0004CF29009FAE0FD2495F582E4340AF583E075F008A42404FEE5F034789009FBF0A3CEF0ED75F003A42468F582E4340AF583E0FBA3E0FAA3E0F9241EFFE43AFEE4B8
:40A900003BFDE433FCEFEEE4AD07AC069009FBE0FEA3E0AA06F97B01124CF29009FAE0FF2495F582E4340AF583E0FE74B12FF582E4340AF583E075F010A42419F582E5F03A
:40A940003470F583EEF022EFD394004017EF9409501275F010EFA424FEF582E5F0345FF5837408F022905111E0548060047F0180027F0022C0E0C0F0C083C082C085C08406
:40A98000C086758600C093759300C0D075D000C000C001C002C003C004C005C006C007906028E0900998F0E0FF541070024152A37401F0EF54806020900998E0540F640185
:40A9C0006005A3E4F0802E71C7900931E054806024900999E4F0801D900998E05440600451758011900998E05420600471418005900999E4F0900999E06057906028E09019
:40AA00000998F0E05480704A900934E0FF90092CE04F900998F0E0FF906029F0E0FEEF6E7030900931E0900999F0906028E05480900998F0E0700F900931E0906028F0E0E9
:40AA4000540F900999F0900931E0FF900999E0B507D0D007D006D005D004D003D002D001D000D0D0D093D086D084D085D082D083D0F0D0E03290092DE024FC600A24FE6073
:40AA8000082404700680056131912A22E4FD90091FE0FF900933E02FF0900932E03400F0D3900917E09400900916E09400404BED94085046900918E0FBA3E0FAA3E0F9128F
:40AAC0004477FFE42DF582E43460F583EFF0900918E0FBA3E0FAA3E02401F9E43AFA900918EBF0A3EAF0A3E9F00D900917E024FFF0900916E034FFF080A690091FE0640872
:40AB00006006EDD39400401590092CE06480F0900931740FF090092D7402F0800A9009317402F090092DF0900934EDF090091FF022E490092DF07F0171829009317403F002
:40AB40002290092DE024FC600A24FE60082404700E800D81B87F0371829009317403F02290091FE0FF900933E02FF0900932E03400F0E490092DF07F017182900931740346
:40AB8000F02290091BE0FBA3E0FAA3E04A4B603690091BE0FBA3E0FAA3E0F9EF124490900932E0FEA3E0FF90091BE0FBA3E0FAA3E02401F9E43AFAEE8FF01244E090091B25
:40ABC000E4F0A3F0A3F022906028E090099AF0E0906028F0E090099AF0E0FF54806006900931EFF0227F027182906000E0546024E0601224E060172440701D12B801900911
:40AC00009AEFF08018914C90099AEFF0800F12710190099AEFF08005E490099AF090099AE070069009317403F022900927E0600CE04480906008F0E4900927F0E490092DB1
:40AC4000F07F0171829009317403F022E49009A4F0906000E0540324FE600D047024906004E09009A3F0801F906004E0547F75F00BA4243FF582E43409F583E09009A3F0E6
:40AC80008005E49009A3F09009A3E0FFD394045021900920E0FCA3E02FF582E43CF583E493147009B1429009A4EFF08005E49009A4F09009A4E0FF22E4FF906029E0540F8C
:40ACC00024FEFEFD900933E02DF0900932E03400F0D3900917E09400900916E09400404DEED394004047E42FF582E43460F583E0FD900918E0FBA3E0FAA3E0F9ED1244906D
:40AD0000900918E0FBA3E0FAA3E02401F9E43AFA900918EBF0A3EAF0A3E9F00F1E900917E024FFF0900916E034FFF080A4AF06900934EEF090092CE06480F0900931740B04
:40AD4000F022E49009A5F0906000E0FE54039009A6F0906003E09009A7F0906004E0547F9009A8F0EE54807002C1D79009A6E064027044906001E0247F6002E18D9009A7F7
:40AD8000E064016002E18D900916F0A37403F09009A8E075F003A42485F9740B35F0FA9009187401F0A3EAF0A3E9F012771E9009A5EFF0E18DE18D9009A6E064016002E1F2
:40ADC0008D906001E0247E606E147002C166147002C19524857002C1C4247E6002E18D9009A7E0B40122900916E4F0A304F07A0B7984900918F0A3740BF0A37484F0127790
:40AE00001E9009A5EFF0E18D9009A7E064026002E18D900916F0A37402F07B017A0B79A690091814F0A3740BF0A374A6F012771E9009A5EFF0E18D9009A7E064026002E1DC
:40AE40008D900916F0A37402F07B017A0B79A290091814F0A3740BF0A374A2F012771E9009A5EFF0E18D9009A7E064026002E18D900916F0A37402F07B017A0B79A490092A
:40AE80001814F0A3740BF0A374A4F012771E9009A5EFF0E18D9009A7E064026002E18D900916F0A37402F07B017A0B79A090091814F0A3740BF0A374A0F012771E9009A51C
:40AEC000EFF0E18DE4900916F0A3F01276E89009A5EFF0E18DE18D9009A6E06402704B906001E0146002E18D9009A7E064016002E18D900916F0A37403F09009A8E075F00D
:40AF000003A42485F9740B35F0FA9009187401F0A3EAF0A3E9F09009A8E0900BA8F01276E89009A5EFF0806580639009A6E06401705B906001E01470549009A7E0B4012283
:40AF4000900916E4F0A304F07A0B7984900918F0A3740BF0A37484F01276E89009A5EFF0802B9009A7E0B40224900916E4F0A37402F07B017A0B79A690091814F0A3740B42
:40AF8000F0A374A6F01276E89009A5EFF09009A5E0FF2290092D7406F0900931F090092C7480F0E4900934F07F01229044C97480F09049CAE0900C73F09049DBE0900C74AB
:40AFC000F09049DCE0900C75F09049DCE0FE9049DBE0FDEEED2401FFE43E9009C5F0A3EFF09049D6E054FEF09009C5E0FEA3E0FFE4FCFD124C00124CA79009C4EFF09043D8
:40B00000A5E054FBF09043B5E054FBF09009C4E0FF124C8F9049D6E04402F0900C73E0FF9049CAF0EFF0900C74E09049DBF0900C75E09049DCF09049D6E054EFF09044D9BE
:40B040007480F0900C897410F0229044C97480F0900C60E0FFE4F09044C17480F022124CA790659AE04420F0124C8F906579E04404F022900C8FE070081183900C8F740152
:40B08000F080DB90658BE054F8F0E0F0906589E054F8F0E0F022906579E054FEF0124CA790659BE054EFF0024C8F124CA790659BE04403F0E054FCF0024C8F124CA7906595
:40B0C00099E04410F0124C8F906579E04402F022906579E054FDF0124CA7906599E054EFF0024C8F124CA7906599E04403F0E054FCF0024C8F900C6E747FF0A304F07F7FC5
:40B10000EF601614FE75F008EFA42400F582E5F03478F583EEF01F80E775F008EFA42400F582E5F03478F583E4F0227E01EFC39418501A75F010EFA42414F582E5F034709F
:40B14000F583E0FFED5407FDEF4DF0E41EAF062280FE32E49009B3F09009B3E0FFD3941F5020EF75F002A42400FFE5F03444FAA9077B017CB17D50124CF29009B3E004F043
:40B1800080D6229009B0EBF0A3EAF0A3E9F07B0C7A017903124BF4E4FCFDFE9009B0E0FBA3E0FAA3E0F91246A49009B0E0FBA3E0FAA3E0F9C003C002C001124684C004C074
:40B1C00005C006C0077B0C7A017904124BF4E4FCFDFE7808124671A804A905AA06AB07D007D006D005D004EF4BFFEE4AFEED49FDEC48FCD001D002D0031246A49009B0E04A
:40B20000FBA3E0FAA3E0F9C003C002C001124684C004C005C006C0077B007A4679EC124BF4E4FCFDFE7810124671A804A905AA06AB07D007D006D005D004EF4BFFEE4AFE44
:40B24000ED49FDEC48FCD001D002D0031246A49009B0E0FBA3E0FAA3E0F9C003C002C001124684C004C005C006C0077B0C7A017902124BF4E4FCFDFE7818124671A804A94D
:40B2800005AA06AB07D007D006D005D004EF4BFFEE4AFEED49FDEC48FCD001D002D0031246A47B0C7A017901124BF4E4FCFDFE9009B0E0FBA3E0FAA3E02404F9E43AFA1276
:40B2C00046A49009B0E0FBA3E0FAA3E02404F9E43AFAC003C002C001124684C004C005C006C0077B0C7A017900124BF4E4FCFDFE7808124671A804A905AA06AB07D007D07C
:40B3000006D005D004EF4BFFEE4AFEED49FDEC48FCD001D002D0031246A49009B0E0FBA3E0FAA3E02404F9E43AFAC003C002C001124684C004C005C006C0077B0C7A01790A
:40B3400005124BF4E4FCFDFE7810124671A804A905AA06AB07D007D006D005D004EF4BFFEE4AFEED49FDEC48FCD001D002D0031246A49009B0E0FBA3E0FAA3E02404F9E4CC
:40B380003AFAC003C002C001124684C004C005C006C0077B0C7A017906124BF4E4FCFDFE7818124671A804A905AA06AB07D007D006D005D004EF4BFFEE4AFEED49FDEC4833
:40B3C000FCD001D002D0030246A49009A3EBF0A3EAF0A3E9F0E49009A7F09009A3E0FBA3E0FAA3E04A4B700281C69009A3E0A3E0A3E0F974221244909009A3E0FBA3E0FA3B
:40B40000A3E02401F9E43AFA74031244907B017A0979A831839009A67402F09009A6E0FFC39422400281C6A3E024A8F582E43409F583E0FEC4540F9057EA93FE9009A3E07B
:40B44000FBA3E0FAA3E02FF9E43AFAEE1244907E00EF2401FDEE33FC9009A3E0FBA3E0FAA3E02DF9EA3CFAE41244909009A7E024A8F582E43409F583E0540F9057EA93FD4A
:40B48000EF2402FFEE33FE9009A3E0FBA3E0FAA3E02FF9EA3EFAED1244909009A6E02403FFE433FE9009A3E0FBA3E0FAA3E02FF9EA3EFAE41244909009A7E004F09009A64D
:40B4C000E02404F0811B229009C4EEF0A3EFF091E69009C4E0FEA3E0FF91F77F0691ED9044C07401F0229044C87401F022EFC43354E0904480F0227B027A447900AD07AC48
:40B5000006024CF232C0E0C083C082C085C084C086758600C093759300C0D075D000C00790600B7402F090601EE0FF90094BE054036401600790094EE06480F090094C7484
:40B5400001F0D007D0D0D093D086D084D085D082D083D0E032C0E0C083C082C085C084C086758600C093759300C0D075D000C00790600B7404F090602EE0FF900956E05411
:40B580000364016007900959E06480F09009577401F0D007D0D0D093D086D084D085D082D083D0E03232C0E0C0F0C083C082C085C084C086758600C093759300C0D075D060
:40B5C00000C000C001C002C003C004C005C006C0079009F37401F090609FE09009F1F09009F1E0FF7002C1C554017002C1B59009F3E0FF75F010A42471F582E5F03460F5C9
:40B6000083E0FE75F010EFA42472F582E5F03460F583E05E9009F2F0E020E002C19EA3E0FF75F00BA42439F582E43409F583E05480606B9009F3E0FE75F010A42470F582A9
:40B64000E5F03460F583E054FEF0EE25E02483F582E4340AF583E0FCA3E0D39420EC94004007E4FD12A7D580109009F3E024A8F582E4340AF5837401F09009F3E0FF75F0F2
:40B680000BA4243AF582E43409F583E0FE75F010EFA424FEF582E5F0345FF583EEF09009F2E0FFA3E075F010A42472F582E5F03460F583EFF09009F3E004F09009F1E0FF94
:40B6C000C313F0A1DFD007D006D005D004D003D002D001D000D0D0D093D086D084D085D082D083D0F0D0E032C0E0C0F0C083C082C085C084C086758600C093759300C0D095
:40B7000075D000C000C001C002C003C004C005C006C0079009F97401F012C78FEF547F9009F8F012C796EF54039009F7F09009F7E07002E1DE9009F8E0FF7002E1C2540156
:40B740006070A3E0FF75F010A42472F582E5F03460F583E0FE5401705974A82FF582E4340AF583E0704C9009F9E075F010A42475F582E5F03460F583E4F0EFC43354E024EE
:40B78000FEFE9009F9E0FF75F010A42474F582E5F03460F583EEF07D0112A7D59009F9E075F010A42470F582E5F03460F583E04401F09009F9E004F09009F8E0FFC313F001
:40B7C000E1359009F7E0FFC313F07002E12D9009F97408F09009F7E05401A3F0E12DD007D006D005D004D003D002D001D000D0D0D093D086D084D085D082D083D0F0D0E067
:40B8000032E490099BF0906000E090099DF0A3E4F0A3F0A3F0900916F0A3F090099DE05480648060024179906001E0700221AA24F87002412C24FE7002414E2404600281E8
:40B8400014906003E0B40137D1C49009A1EEF0A3EFF0F5828E83A3E493F9740193FA740293900918C9F0A3EAF0A3E9F0900916E4F0A37412F012771E90099BEFF081149042
:40B880006003E064027072906002E0FF911A9009A1EEF0A3EFF04E700281149009A1E0FEA3E0F5828E83A3E493F9740193FA740293900918C9F0A3EAF0A3E9F0900918E05D
:40B8C000FBA3E0FAA3E02403F9E43AFA124477FE900918E0FBA3E0FAA3E02402F9E43AFA124477FDEEEDFF900916EEF0A3EFF012771E90099BEFF08114906003E0640360EB
:40B900000221A0FF90099E74FFF0A37455F0A374D5F0906002E0D39F402B90099EE0FBA3E0FAA3E0F9124477601B124477FEFD7C00E92DF9EC3AFA90099EEBF0A3EAF0A3CC
:40B94000E9F00F80CD906002E0FF602190551CE493FEEFB506177B017A0B79A912B3CA90099E7401F0A3740BF0A374A9F090099EE0FBA3E0FAA3E0F9124477700281141208
:40B980004477FF900916E4F0A3EFF0900918EBF0A3EAF0A3E9F012771E90099BEFF0811412AC4C90099BEFF0811490099DE05403604724FE60028114900916E4F0A3740279
:40B9C000F0906004E0547F75F00BA42437F582E43409F583E0900C8DF0E4A3F07B017A0C798D90091804F0A3740CF0A3748DF012771E90099BEFF08114900916E4F0A37484
:40BA000002F090092FE0900C8DF0E4A3F07B017A0C798D90091804F0A3740CF0A3748DF012771E90099BEFF081148114900916E4F0A304F07A097930900918F0A37409F0AD
:40BA4000A37430F012771E90099BEFF08114900916E4F0A304F0906004E02412F9E43409FA9009187401F0A3EAF0A3E9F012771E90099BEFF081148114906001E0147002BE
:40BA8000613D24FE700261AF24FA601C24FE6071240660028114906002E0900927F012AF9390099BEFF08114906002E090099CF0D39400400DE014FF911A9009A1EEF0A314
:40BAC000EFF090099CE0FFD39400400A9009A1E07002A3E07005EF60028114900930E0FF90099CE0FE6F600F900930EEF09009227401F0FF12C0A812AF9390099BEFF08177
:40BB0000149172EF70028114906004E0FE90091EF074122EF582E43409F583E0FF74232EF582E43409F583E06F60089009227401F091E412AF9390099BEFF0811490099D89
:40BB4000E05403601A1460321460028114906002E06002811412C3E690099BEFF08114906002E064016002811490092FE054FDF012AF9390099BEFF08114906004E0FFC38E
:40BB800094044002811474282FF582E43409F583C083C082E0FF906002E0F4FEEF5ED082D083F012AF9390099BEFF08067806590099DE05403601514602B147057906002B0
:40BBC000E07051F14A90099BEFF08048906002E06401704090092FE04402F012AF9390099BEFF0802F906004E0FFC39404502574282FF582E43409F583C083C082E0FF9041
:40BC00006002E0F4FEEF5ED082D083F012AF9390099BEFF090099BE0FF229009ABEFF090092EE025E025E024E7F582E43457F583E493740193FA740293AE02FF2408FFE4D5
:40BC40003EFE8F82F583E493FD9009ABE0FCC39D4005E4FEFF801A8F828E8375F004EC1246CAA3E493740193FA740293AC02AE04FF22E49009A3F0906004E09009A4F0906B
:40BC80000930E014FF911A8F828E83A3E493FB740193FA7402932404F9E43AFA124477FF9009A4E0FED39F4006EED39404502F74122EF582E43409F583E0FF74232EF582DC
:40BCC000E43409F583EFF0906002E0FF74122EF582E43409F583EFF09009A37401F09009A3E0FF22900930E0D394005002C1C3E014FF911AEF2404FFE43EFE8F82F583E453
:40BD0000939009A3F08F828E83A3E493740193FA740293AE02FDAC0690091EE09009A4F0E4FB9009A3E0FFEBC39F4002C1C38D828C83E493FF9009A4E0FE6F6002C1B98D46
:40BD4000828C830493FF74122EF582E43409F583E06F6002C1B98D828C83740293547FFA7403935403F9EA75F00BA42438F582E43409F583E4F08D828C83740293FFEA759C
:40BD8000F00BA42439F582E43409F583EFF08D828C83740393FFEA75F00BA42435F582E43409F583EFF08D828C83740493FE740593FFEA75F00BA4243DF582E43409F5838A
:40BDC000EEF0A3EFF08D828C837402935480602DE9B401047F0780027F0DEA75F00BA4243AF582E43409F583EFF0EA75F00BA42436F582E43409F5837401F0802AE9B401C5
:40BE0000047F0580027F09EA75F00BA4243AF582E43409F583EFF0EA75F00BA42436F582E43409F583E4F075F010EAA424FEF582E5F0345FF5837401F075F010EAA4247071
:40BE4000F582E5F03460F583E054FEF0EA24FFFFE434FFFEEF25E0FFEE33906014EFF0E04401F0906014E030E4F98D828C837402935480602090608FC083C082E0FFEA14CE
:40BE8000FE7401A806088002C333D8FCF45FD082D083F0801D90608FC083C082E0FFEA14FE7401A806088002C333D8FC4FD082D083F0906014E054FEF0ED2407FDE43CFCF7
:40BEC0000BA1222290092EE025E025E024E7F582E43457F583E493740193FA740293AE02FF22900930E014FF911AAD07AC06ED4C60488D828C83A3E493FB740193FA74028C
:40BF0000932404F9E43AFA1244772402FFE433FEEF7802C333CE33CED8F92DFDEE3CFCAF058D82F583A3E493740193FA740293FF9009A9EAF0A3EFF08007E49009A9F0A3A2
:40BF4000F09009A9E0FEA3E0FF22E49009A3F0906004E0547FFFD39400407AEF94095075EF75F00BA42437F582E43409F583E04401F0EF75F00BA42438F582E43409F583F3
:40BF8000E4F0EF75F00BA42436F582E43409F583E04402F0EF75F00BA42439F582E43409F583E05480601475F010EFA424FEF582E5F0345FF583748DF0801275F010EFA486
:40BFC00024FEF582E5F0345FF5837489F012AF939009A3EFF09009A3E0FF22E4FF7E01EEC39409400302C07E75F010EEA42470F582E5F03460F583740CF075F010EEA4246E
:40C0000071F582E5F03460F583741DF0EE75F00BA4243AF582E43409F583E0604BEE75F00BA42439F582E43409F583E05480601475F010EEA424FEF582E5F0345FF5837430
:40C040000CF0803675F010EEA424FEF582E5F0345FF5837408F0EE14FD7401A805088002C333D8FC4FFF801275F010EEA424FEF582E5F0345FF5837480F00E02BFDF9060CB
:40C080008C7455F09060BC7420F0A3E4F090608E7406F0A3EFF090609CE04480F0E0547FF090600A74FFF022E49009A3F09009A3E0FEC39409507AEE75F00BA42435F582C2
:40C0C000E43409F583E4F0EE75F00BA42437F582E43409F583E4F0EE75F00BA42438F582E43409F583E4F0EE75F00BA4243DF582E43409F583E4F0A3F0EE75F00BA4243F11
:40C10000F582E43409F583E4F0EE75F00BA42436F582E43409F583E4F0EE75F00BA4243AF582E43409F583E4F09009A3E004F001ADEF602FE49009A4F09009A4E0FFC394D7
:40C1400004502074122FF582E43409F583E4F074232FF582E43409F583E4F09009A4E004F080D6900930E0D39400500261E5E014FF12BC1A9009A5EEF0A3EFF09009A5E062
:40C18000FCA3E0FDF5828C83A3E493FB740193FA740293F92407F9E43AFA1244775440600990092FE04401F0800790092FE054FEF0ED2404FFE43CFE9009A5F0A3EFF0F539
:40C1C000828E83E4939009A3F0A37401F09009A4E0C3940940026171A3E0FEA3E0F5828E83A3E493740193FA740293FF9009A7EAF0A3EFF0E4FF9009A3E0FEEFC39E400295
:40C2000061699009A7E0FCA3E0F5828C83740293547FFD9009A4E0FE6D7001E4600261589009A7E0A3E0F5828C83740493FC740593FDEE75F00BA4243DF582E43409F58392
:40C24000E0FAA3E0C39DEA9C50299009A7E0FCA3E0F5828C83740493FC740593FD9009A4E075F00BA4243DF582E43409F583ECF0A3EDF09009A7E0FCA3E0FDF5828C83E4C9
:40C28000932412F582E43409F583E0FE8D828C83740193FDEE6D600261589009A7E0A3E0FDF5828C83740293FE9009A4E0FB75F00BA42439F582E43409F583EEF08D828CEF
:40C2C00083740393FEEB75F00BA42435F582E43409F583EEF09009A7E0FCA3E0F5828C837403935403FE9009A7E0A3E0F5828C8374029354806031EEB401047D0780027D28
:40C300000D9009A4E0FC75F00BA4243AF582E43409F583EDF0EC75F00BA42436F582E43409F5837401F08041EEB401047E0580027E099009A4E0FD75F00BA4243AF582E4CE
:40C340003409F583EEF0ED75F00BA42436F582E43409F583E4F080119009A8E02407F09009A7E03400F00F21F69009A4E004F021CD9009A5E0FEA3E0F5828E83A3E4937400
:40C380000193FA740293FF9009A7EAF0A3EFF0E49009A4F09009A3E0FFA3E0C39F50389009A7E0FEA3E0F5828E83E493FD740293547F75F00BA4243FF582E43409F583EDC5
:40C3C000F09009A8E02407F09009A7E03400F09009A4E004F080BD12BEE2900920EEF0A3EFF012BFDB22E49009A3F0906004E0547FFFD39400500281D4EF9409400281D4FF
:40C40000EF75F00BA42437F582E43409F583E054FEF0EF75F00BA42438F582E43409F583E4F075F010EFA424FCF582E5F0345FF583E0547FF0EF75F00BA42436F582E4341B
:40C4400009F583E054FDF0EF75F00BA42439F582E43409F583E05480603AEF75F00BA42436F582E43409F583E0B4011475F010EFA424FEF582E5F0345FF583740CF0804C89
:40C4800075F010EFA424FEF582E5F0345FF583740DF08038EF75F00BA42436F582E43409F583E0B4011475F010EFA424FEF582E5F0345FF5837408F0801275F010EFA42411
:40C4C000FEF582E5F0345FF5837409F012AF939009A3EFF09009A3E0FF22C0E0C0F0C083C082C085C084C086758600C093759300C0D075D000C000C001C002C003C004C075
:40C5000005C006C0079049D7E09009FDF0900C89E054407002E15E9009FDE0FF54017002E12E900C89E024BA7002C11B24FD600B147002C1C624056002E129EF54DF9009A4
:40C54000FDF0540AFD7C0064087076900C89E064457061900C5FE0D394004026900C58E0FBA3E0FAA3E0F91244779049D8F09049D77404F0900C5C7401F0900C897446F004
:40C58000E12E900C5DE054026015900C60E0440AF0900C897460F09044C97480F0E12E9049D6E04410F09049D97410F09049D77404F0E12E9049D7E4F0900C89744AF0E1DD
:40C5C0002EED640A4C704D900C60E044A0F0900C5DE054026029900C60E0FF900C89E0540860047E0180027E02EE44084F900C60F0900C897460F09044C97480F0E12E90A2
:40C6000049D6E04410F09049D97410F09049D77404F0E12E7F0012A4E5E12E9009FDE05402706A900C5FE0FF900C5CE0C39F502B900C58E0FBA3E0FAA3E0F9900C5CE0FF6D
:40C64000E92FF9E43AFA1244779049D8F09049D77404F0900C5CE004F0E12E900C5DE054026015900C60E0440AF0900C897460F09044C97480F0E12E9049D6E04410F09096
:40C6800049D97410F09049D77404F0E12E900C5DE054026015900C60E0449AF0900C897460F09044C97480F0E12E9049D6E04410F09049D97410F09049D77404F0900C60E9
:40C6C000E04490F080689049D8E0FF900C61E0FBA3E0FAA3E0F9900C5BE0FEE92EF9E43AFAEF124490900C5BE004F0900C5EE0FF900C5BE0C39F50089049D77410F0802E74
:40C70000900C5DE054026015900C60E04409F0900C897460F09044C97480F080119049D6E04410F0A3E4F080057F0012A4E59009FDE054206036900C60E0FF900C89E054A4
:40C740000860047E0180027E02EF4E900C60F09049D6E054EFF0900C897410F0800E900C89E054107006900C897410F0D007D006D005D004D003D002D001D000D0D0D093A3
:40C78000D086D084D085D082D083D0F0D0E032906567E0FF2232906564E0FF229009C6EBF0A3EAF0A3E9F0A3EDF0E4A3F09009C9E0FFA3E0C39F503E904722E054016003DB
:40C7C000D38001C340097F017E00124C3C80E9904720E0FF9009C6E0FBA3E0FAA3E0F99009CAE0FEE92EF9E43AFAEF1244909009CAE004F080B79009CAE0FF2200000000BF
:40C8000000000000000000000000000000000000000000000000000000000000000000000000000000000000000000000000000000000000000000000000000000000000F8
:40C8400000000000000000000000000000000000000000000000000000000000000000000000000000000000000000000000000000000000000000000000000000000000B8
:40C880000000000000000000000000000000000000000000000000000000000000000000000000000000000000000000000000000000000000000000000000000000000078
:40C8C0000000000000000000000000000000000000000000000000000000000000000000000000000000000000000000000000000000000000000000000000000000000038
:40C9000000000000000000000000000000000000000000000000000000000000000000000000000000000000000000000000000000000000000000000000000000000000F7
:40C9400000000000000000000000000000000000000000000000000000000000000000000000000000000000000000000000000000000000000000000000000000000000B7
:40C980000000000000000000000000000000000000000000000000000000000000000000000000000000000000000000000000000000000000000000000000000000000077
:40C9C0000000000000000000000000000000000000000000000000000000000000000000000000000000000000000000000000000000000000000000000000000000000037
:40CA000000000000000000000000000000000000000000000000000000000000000000000000000000000000000000000000000000000000000000000000000000000000F6
:40CA400000000000000000000000000000000000000000000000000000000000000000000000000000000000000000000000000000000000000000000000000000000000B6
:40CA80000000000000000000000000000000000000000000000000000000000000000000000000000000000000000000000000000000000000000000000000000000000076
:40CAC0000000000000000000000000000000000000000000000000000000000000000000000000000000000000000000000000000000000000000000000000000000000036
:40CB000000000000000000000000000000000000000000000000000000000000000000000000000000000000000000000000000000000000000000000000000000000000F5
:40CB400000000000000000000000000000000000000000000000000000000000000000000000000000000000000000000000000000000000000000000000000000000000B5
:40CB80000000000000000000000000000000000000000000000000000000000000000000000000000000000000000000000000000000000000000000000000000000000075
:40CBC0000000000000000000000000000000000000000000000000000000000000000000000000000000000000000000000000000000000000000000000000000000000035
:40CC000000000000000000000000000000000000000000000000000000000000000000000000000000000000000000000000000000000000000000000000000000000000F4
:40CC400000000000000000000000000000000000000000000000000000000000000000000000000000000000000000000000000000000000000000000000000000000000B4
:40CC80000000000000000000000000000000000000000000000000000000000000000000000000000000000000000000000000000000000000000000000000000000000074
:40CCC0000000000000000000000000000000000000000000000000000000000000000000000000000000000000000000000000000000000000000000000000000000000034
:40CD000000000000000000000000000000000000000000000000000000000000000000000000000000000000000000000000000000000000000000000000000000000000F3
:40CD400000000000000000000000000000000000000000000000000000000000000000000000000000000000000000000000000000000000000000000000000000000000B3
:40CD80000000000000000000000000000000000000000000000000000000000000000000000000000000000000000000000000000000000000000000000000000000000073
:40CDC0000000000000000000000000000000000000000000000000000000000000000000000000000000000000000000000000000000000000000000000000000000000033
:40CE000000000000000000000000000000000000000000000000000000000000000000000000000000000000000000000000000000000000000000000000000000000000F2
:40CE400000000000000000000000000000000000000000000000000000000000000000000000000000000000000000000000000000000000000000000000000000000000B2
:40CE80000000000000000000000000000000000000000000000000000000000000000000000000000000000000000000000000000000000000000000000000000000000072
:40CEC0000000000000000000000000000000000000000000000000000000000000000000000000000000000000000000000000000000000000000000000000000000000032
:40CF000000000000000000000000000000000000000000000000000000000000000000000000000000000000000000000000000000000000000000000000000000000000F1
:40CF400000000000000000000000000000000000000000000000000000000000000000000000000000000000000000000000000000000000000000000000000000000000B1
:40CF80000000000000000000000000000000000000000000000000000000000000000000000000000000000000000000000000000000000000000000000000000000000071
:40CFC0000000000000000000000000000000000000000000000000000000000000000000000000000000000000000000000000000000000000000000000000000000000031
:40D0000000000000000000000000000000000000000000000000000000000000000000000000000000000000000000000000000000000000000000000000000000000000F0
:40D0400000000000000000000000000000000000000000000000000000000000000000000000000000000000000000000000000000000000000000000000000000000000B0
:40D080000000000000000000000000000000000000000000000000000000000000000000000000000000000000000000000000000000000000000000000000000000000070
:40D0C0000000000000000000000000000000000000000000000000000000000000000000000000000000000000000000000000000000000000000000000000000000000030
:40D1000000000000000000000000000000000000000000000000000000000000000000000000000000000000000000000000000000000000000000000000000000000000EF
:40D1400000000000000000000000000000000000000000000000000000000000000000000000000000000000000000000000000000000000000000000000000000000000AF
:40D18000000000000000000000000000000000000000000000000000000000000000000000000000000000000000000000000000000000000000000000000000000000006F
:40D1C000000000000000000000000000000000000000000000000000000000000000000000000000000000000000000000000000000000000000000000000000000000002F
:40D2000000000000000000000000000000000000000000000000000000000000000000000000000000000000000000000000000000000000000000000000000000000000EE
:40D2400000000000000000000000000000000000000000000000000000000000000000000000000000000000000000000000000000000000000000000000000000000000AE
:40D28000000000000000000000000000000000000000000000000000000000000000000000000000000000000000000000000000000000000000000000000000000000006E
:40D2C000000000000000000000000000000000000000000000000000000000000000000000000000000000000000000000000000000000000000000000000000000000002E
:40D3000000000000000000000000000000000000000000000000000000000000000000000000000000000000000000000000000000000000000000000000000000000000ED
:40D3400000000000000000000000000000000000000000000000000000000000000000000000000000000000000000000000000000000000000000000000000000000000AD
:40D38000000000000000000000000000000000000000000000000000000000000000000000000000000000000000000000000000000000000000000000000000000000006D
:40D3C000000000000000000000000000000000000000000000000000000000000000000000000000000000000000000000000000000000000000000000000000000000002D
:40D4000000000000000000000000000000000000000000000000000000000000000000000000000000000000000000000000000000000000000000000000000000000000EC
:40D4400000000000000000000000000000000000000000000000000000000000000000000000000000000000000000000000000000000000000000000000000000000000AC
:40D48000000000000000000000000000000000000000000000000000000000000000000000000000000000000000000000000000000000000000000000000000000000006C
:40D4C000000000000000000000000000000000000000000000000000000000000000000000000000000000000000000000000000000000000000000000000000000000002C
:40D5000000000000000000000000000000000000000000000000000000000000000000000000000000000000000000000000000000000000000000000000000000000000EB
:40D5400000000000000000000000000000000000000000000000000000000000000000000000000000000000000000000000000000000000000000000000000000000000AB
:40D58000000000000000000000000000000000000000000000000000000000000000000000000000000000000000000000000000000000000000000000000000000000006B
:40D5C000000000000000000000000000000000000000000000000000000000000000000000000000000000000000000000000000000000000000000000000000000000002B
:40D6000000000000000000000000000000000000000000000000000000000000000000000000000000000000000000000000000000000000000000000000000000000000EA
:40D6400000000000000000000000000000000000000000000000000000000000000000000000000000000000000000000000000000000000000000000000000000000000AA
:40D68000000000000000000000000000000000000000000000000000000000000000000000000000000000000000000000000000000000000000000000000000000000006A
:40D6C000000000000000000000000000000000000000000000000000000000000000000000000000000000000000000000000000000000000000000000000000000000002A
:40D7000000000000000000000000000000000000000000000000000000000000000000000000000000000000000000000000000000000000000000000000000000000000E9
:40D7400000000000000000000000000000000000000000000000000000000000000000000000000000000000000000000000000000000000000000000000000000000000A9
:40D780000000000000000000000000000000000000000000000000000000000000000000000000000000000000000000000000000000000000000000000000000000000069
:40D7C0000000000000000000000000000000000000000000000000000000000000000000000000000000000000000000000000000000000000000000000000000000000029
:40D8000000000000000000000000000000000000000000000000000000000000000000000000000000000000000000000000000000000000000000000000000000000000E8
:40D8400000000000000000000000000000000000000000000000000000000000000000000000000000000000000000000000000000000000000000000000000000000000A8
:40D880000000000000000000000000000000000000000000000000000000000000000000000000000000000000000000000000000000000000000000000000000000000068
:40D8C0000000000000000000000000000000000000000000000000000000000000000000000000000000000000000000000000000000000000000000000000000000000028
:40D9000000000000000000000000000000000000000000000000000000000000000000000000000000000000000000000000000000000000000000000000000000000000E7
:40D9400000000000000000000000000000000000000000000000000000000000000000000000000000000000000000000000000000000000000000000000000000000000A7
:40D980000000000000000000000000000000000000000000000000000000000000000000000000000000000000000000000000000000000000000000000000000000000067
:40D9C0000000000000000000000000000000000000000000000000000000000000000000000000000000000000000000000000000000000000000000000000000000000027
:40DA000000000000000000000000000000000000000000000000000000000000000000000000000000000000000000000000000000000000000000000000000000000000E6
:40DA400000000000000000000000000000000000000000000000000000000000000000000000000000000000000000000000000000000000000000000000000000000000A6
:40DA80000000000000000000000000000000000000000000000000000000000000000000000000000000000000000000000000000000000000000000000000000000000066
:40DAC0000000000000000000000000000000000000000000000000000000000000000000000000000000000000000000000000000000000000000000000000000000000026
:40DB000000000000000000000000000000000000000000000000000000000000000000000000000000000000000000000000000000000000000000000000000000000000E5
:40DB400000000000000000000000000000000000000000000000000000000000000000000000000000000000000000000000000000000000000000000000000000000000A5
:40DB80000000000000000000000000000000000000000000000000000000000000000000000000000000000000000000000000000000000000000000000000000000000065
:40DBC0000000000000000000000000000000000000000000000000000000000000000000000000000000000000000000000000000000000000000000000000000000000025
:40DC000000000000000000000000000000000000000000000000000000000000000000000000000000000000000000000000000000000000000000000000000000000000E4
:40DC400000000000000000000000000000000000000000000000000000000000000000000000000000000000000000000000000000000000000000000000000000000000A4
:40DC80000000000000000000000000000000000000000000000000000000000000000000000000000000000000000000000000000000000000000000000000000000000064
:40DCC0000000000000000000000000000000000000000000000000000000000000000000000000000000000000000000000000000000000000000000000000000000000024
:40DD000000000000000000000000000000000000000000000000000000000000000000000000000000000000000000000000000000000000000000000000000000000000E3
:40DD400000000000000000000000000000000000000000000000000000000000000000000000000000000000000000000000000000000000000000000000000000000000A3
:40DD80000000000000000000000000000000000000000000000000000000000000000000000000000000000000000000000000000000000000000000000000000000000063
:40DDC0000000000000000000000000000000000000000000000000000000000000000000000000000000000000000000000000000000000000000000000000000000000023
:40DE000000000000000000000000000000000000000000000000000000000000000000000000000000000000000000000000000000000000000000000000000000000000E2
:40DE400000000000000000000000000000000000000000000000000000000000000000000000000000000000000000000000000000000000000000000000000000000000A2
:40DE80000000000000000000000000000000000000000000000000000000000000000000000000000000000000000000000000000000000000000000000000000000000062
:40DEC0000000000000000000000000000000000000000000000000000000000000000000000000000000000000000000000000000000000000000000000000000000000022
:40DF000000000000000000000000000000000000000000000000000000000000000000000000000000000000000000000000000000000000000000000000000000000000E1
:40DF400000000000000000000000000000000000000000000000000000000000000000000000000000000000000000000000000000000000000000000000000000000000A1
:40DF80000000000000000000000000000000000000000000000000000000000000000000000000000000000000000000000000000000000000000000000000000000000061
:40DFC0000000000000000000000000000000000000000000000000000000000000000000000000000000000000000000000000000000000000000000000000000000000021
:40E0000000000000000000000000000000000000000000000000000000000000000000000000000000000000000000000000000000000000000000000000000000000000E0
:40E0400000000000000000000000000000000000000000000000000000000000000000000000000000000000000000000000000000000000000000000000000000000000A0
:40E080000000000000000000000000000000000000000000000000000000000000000000000000000000000000000000000000000000000000000000000000000000000060
:40E0C0000000000000000000000000000000000000000000000000000000000000000000000000000000000000000000000000000000000000000000000000000000000020
:40E1000000000000000000000000000000000000000000000000000000000000000000000000000000000000000000000000000000000000000000000000000000000000DF
:40E14000000000000000000000000000000000000000000000000000000000000000000000000000000000000000000000000000000000000000000000000000000000009F
:40E18000000000000000000000000000000000000000000000000000000000000000000000000000000000000000000000000000000000000000000000000000000000005F
:40E1C000000000000000000000000000000000000000000000000000000000000000000000000000000000000000000000000000000000000000000000000000000000001F
:40E2000000000000000000000000000000000000000000000000000000000000000000000000000000000000000000000000000000000000000000000000000000000000DE
:40E24000000000000000000000000000000000000000000000000000000000000000000000000000000000000000000000000000000000000000000000000000000000009E
:40E28000000000000000000000000000000000000000000000000000000000000000000000000000000000000000000000000000000000000000000000000000000000005E
:40E2C000000000000000000000000000000000000000000000000000000000000000000000000000000000000000000000000000000000000000000000000000000000001E
:40E3000000000000000000000000000000000000000000000000000000000000000000000000000000000000000000000000000000000000000000000000000000000000DD
:40E34000000000000000000000000000000000000000000000000000000000000000000000000000000000000000000000000000000000000000000000000000000000009D
:40E38000000000000000000000000000000000000000000000000000000000000000000000000000000000000000000000000000000000000000000000000000000000005D
:40E3C000000000000000000000000000000000000000000000000000000000000000000000000000000000000000000000000000000000000000000000000000000000001D
:40E4000000000000000000000000000000000000000000000000000000000000000000000000000000000000000000000000000000000000000000000000000000000000DC
:40E44000000000000000000000000000000000000000000000000000000000000000000000000000000000000000000000000000000000000000000000000000000000009C
:40E48000000000000000000000000000000000000000000000000000000000000000000000000000000000000000000000000000000000000000000000000000000000005C
:40E4C000000000000000000000000000000000000000000000000000000000000000000000000000000000000000000000000000000000000000000000000000000000001C
:40E5000000000000000000000000000000000000000000000000000000000000000000000000000000000000000000000000000000000000000000000000000000000000DB
:40E54000000000000000000000000000000000000000000000000000000000000000000000000000000000000000000000000000000000000000000000000000000000009B
:40E58000000000000000000000000000000000000000000000000000000000000000000000000000000000000000000000000000000000000000000000000000000000005B
:40E5C000000000000000000000000000000000000000000000000000000000000000000000000000000000000000000000000000000000000000000000000000000000001B
:40E6000000000000000000000000000000000000000000000000000000000000000000000000000000000000000000000000000000000000000000000000000000000000DA
:40E64000000000000000000000000000000000000000000000000000000000000000000000000000000000000000000000000000000000000000000000000000000000009A
:40E68000000000000000000000000000000000000000000000000000000000000000000000000000000000000000000000000000000000000000000000000000000000005A
:40E6C000000000000000000000000000000000000000000000000000000000000000000000000000000000000000000000000000000000000000000000000000000000001A
:40E7000000000000000000000000000000000000000000000000000000000000000000000000000000000000000000000000000000000000000000000000000000000000D9
:40E740000000000000000000000000000000000000000000000000000000000000000000000000000000000000000000000000000000000000000000000000000000000099
:40E780000000000000000000000000000000000000000000000000000000000000000000000000000000000000000000000000000000000000000000000000000000000059
:40E7C0000000000000000000000000000000000000000000000000000000000000000000000000000000000000000000000000000000000000000000000000000000000019
:40E8000000000000000000000000000000000000000000000000000000000000000000000000000000000000000000000000000000000000000000000000000000000000D8
:40E840000000000000000000000000000000000000000000000000000000000000000000000000000000000000000000000000000000000000000000000000000000000098
:40E880000000000000000000000000000000000000000000000000000000000000000000000000000000000000000000000000000000000000000000000000000000000058
:40E8C0000000000000000000000000000000000000000000000000000000000000000000000000000000000000000000000000000000000000000000000000000000000018
:40E9000000000000000000000000000000000000000000000000000000000000000000000000000000000000000000000000000000000000000000000000000000000000D7
:40E940000000000000000000000000000000000000000000000000000000000000000000000000000000000000000000000000000000000000000000000000000000000097
:40E980000000000000000000000000000000000000000000000000000000000000000000000000000000000000000000000000000000000000000000000000000000000057
:40E9C0000000000000000000000000000000000000000000000000000000000000000000000000000000000000000000000000000000000000000000000000000000000017
:40EA000000000000000000000000000000000000000000000000000000000000000000000000000000000000000000000000000000000000000000000000000000000000D6
:40EA40000000000000000000000000000000000000000000000000000000000000000000000000000000000000000000000000000000000000000000000000000000000096
:40EA80000000000000000000000000000000000000000000000000000000000000000000000000000000000000000000000000000000000000000000000000000000000056
:40EAC0000000000000000000000000000000000000000000000000000000000000000000000000000000000000000000000000000000000000000000000000000000000016
:40EB000000000000000000000000000000000000000000000000000000000000000000000000000000000000000000000000000000000000000000000000000000000000D5
:40EB40000000000000000000000000000000000000000000000000000000000000000000000000000000000000000000000000000000000000000000000000000000000095
:40EB80000000000000000000000000000000000000000000000000000000000000000000000000000000000000000000000000000000000000000000000000000000000055
:40EBC0000000000000000000000000000000000000000000000000000000000000000000000000000000000000000000000000000000000000000000000000000000000015
:40EC000000000000000000000000000000000000000000000000000000000000000000000000000000000000000000000000000000000000000000000000000000000000D4
:40EC40000000000000000000000000000000000000000000000000000000000000000000000000000000000000000000000000000000000000000000000000000000000094
:40EC80000000000000000000000000000000000000000000000000000000000000000000000000000000000000000000000000000000000000000000000000000000000054
:40ECC0000000000000000000000000000000000000000000000000000000000000000000000000000000000000000000000000000000000000000000000000000000000014
:40ED000000000000000000000000000000000000000000000000000000000000000000000000000000000000000000000000000000000000000000000000000000000000D3
:40ED40000000000000000000000000000000000000000000000000000000000000000000000000000000000000000000000000000000000000000000000000000000000093
:40ED80000000000000000000000000000000000000000000000000000000000000000000000000000000000000000000000000000000000000000000000000000000000053
:40EDC0000000000000000000000000000000000000000000000000000000000000000000000000000000000000000000000000000000000000000000000000000000000013
:40EE000000000000000000000000000000000000000000000000000000000000000000000000000000000000000000000000000000000000000000000000000000000000D2
:40EE40000000000000000000000000000000000000000000000000000000000000000000000000000000000000000000000000000000000000000000000000000000000092
:40EE80000000000000000000000000000000000000000000000000000000000000000000000000000000000000000000000000000000000000000000000000000000000052
:40EEC0000000000000000000000000000000000000000000000000000000000000000000000000000000000000000000000000000000000000000000000000000000000012
:40EF000000000000000000000000000000000000000000000000000000000000000000000000000000000000000000000000000000000000000000000000000000000000D1
:40EF40000000000000000000000000000000000000000000000000000000000000000000000000000000000000000000000000000000000000000000000000000000000091
:40EF80000000000000000000000000000000000000000000000000000000000000000000000000000000000000000000000000000000000000000000000000000000000051
:40EFC0000000000000000000000000000000000000000000000000000000000000000000000000000000000000000000000000000000000000000000000000000000000011
:40F0000000000000000000000000000000000000000000000000000000000000000000000000000000000000000000000000000000000000000000000000000000000000D0
:40F040000000000000000000000000000000000000000000000000000000000000000000000000000000000000000000000000000000000000000000000000000000000090
:40F080000000000000000000000000000000000000000000000000000000000000000000000000000000000000000000000000000000000000000000000000000000000050
:40F0C0000000000000000000000000000000000000000000000000000000000000000000000000000000000000000000000000000000000000000000000000000000000010
:40F1000000000000000000000000000000000000000000000000000000000000000000000000000000000000000000000000000000000000000000000000000000000000CF
:40F14000000000000000000000000000000000000000000000000000000000000000000000000000000000000000000000000000000000000000000000000000000000008F
:40F18000000000000000000000000000000000000000000000000000000000000000000000000000000000000000000000000000000000000000000000000000000000004F
:40F1C000000000000000000000000000000000000000000000000000000000000000000000000000000000000000000000000000000000000000000000000000000000000F
:40F2000000000000000000000000000000000000000000000000000000000000000000000000000000000000000000000000000000000000000000000000000000000000CE
:40F24000000000000000000000000000000000000000000000000000000000000000000000000000000000000000000000000000000000000000000000000000000000008E
:40F28000000000000000000000000000000000000000000000000000000000000000000000000000000000000000000000000000000000000000000000000000000000004E
:40F2C000000000000000000000000000000000000000000000000000000000000000000000000000000000000000000000000000000000000000000000000000000000000E
:40F3000000000000000000000000000000000000000000000000000000000000000000000000000000000000000000000000000000000000000000000000000000000000CD
:40F34000000000000000000000000000000000000000000000000000000000000000000000000000000000000000000000000000000000000000000000000000000000008D
:40F38000000000000000000000000000000000000000000000000000000000000000000000000000000000000000000000000000000000000000000000000000000000004D
:40F3C000000000000000000000000000000000000000000000000000000000000000000000000000000000000000000000000000000000000000000000000000000000000D
:40F4000000000000000000000000000000000000000000000000000000000000000000000000000000000000000000000000000000000000000000000000000000000000CC
:40F44000000000000000000000000000000000000000000000000000000000000000000000000000000000000000000000000000000000000000000000000000000000008C
:40F48000000000000000000000000000000000000000000000000000000000000000000000000000000000000000000000000000000000000000000000000000000000004C
:40F4C000000000000000000000000000000000000000000000000000000000000000000000000000000000000000000000000000000000000000000000000000000000000C
:40F5000000000000000000000000000000000000000000000000000000000000000000000000000000000000000000000000000000000000000000000000000000000000CB
:40F54000000000000000000000000000000000000000000000000000000000000000000000000000000000000000000000000000000000000000000000000000000000008B
:40F58000000000000000000000000000000000000000000000000000000000000000000000000000000000000000000000000000000000000000000000000000000000004B
:40F5C000000000000000000000000000000000000000000000000000000000000000000000000000000000000000000000000000000000000000000000000000000000000B
:40F6000000000000000000000000000000000000000000000000000000000000000000000000000000000000000000000000000000000000000000000000000000000000CA
:40F64000000000000000000000000000000000000000000000000000000000000000000000000000000000000000000000000000000000000000000000000000000000008A
:40F68000000000000000000000000000000000000000000000000000000000000000000000000000000000000000000000000000000000000000000000000000000000004A
:40F6C000000000000000000000000000000000000000000000000000000000000000000000000000000000000000000000000000000000000000000000000000000000000A
:40F7000000000000000000000000000000000000000000000000000000000000000000000000000000000000000000000000000000000000000000000000000000000000C9
:40F740000000000000000000000000000000000000000000000000000000000000000000000000000000000000000000000000000000000000000000000000000000000089
:40F780000000000000000000000000000000000000000000000000000000000000000000000000000000000000000000000000000000000000000000000000000000000049
:40F7C0000000000000000000000000000000000000000000000000000000000000000000000000000000000000000000000000000000000000000000000000000000000009
:40F8000000000000000000000000000000000000000000000000000000000000000000000000000000000000000000000000000000000000000000000000000000000000C8
:40F840000000000000000000000000000000000000000000000000000000000000000000000000000000000000000000000000000000000000000000000000000000000088
:40F880000000000000000000000000000000000000000000000000000000000000000000000000000000000000000000000000000000000000000000000000000000000048
:40F8C0000000000000000000000000000000000000000000000000000000000000000000000000000000000000000000000000000000000000000000000000000000000008
:40F9000000000000000000000000000000000000000000000000000000000000000000000000000000000000000000000000000000000000000000000000000000000000C7
:40F940000000000000000000000000000000000000000000000000000000000000000000000000000000000000000000000000000000000000000000000000000000000087
:40F980000000000000000000000000000000000000000000000000000000000000000000000000000000000000000000000000000000000000000000000000000000000047
:40F9C0000000000000000000000000000000000000000000000000000000000000000000000000000000000000000000000000000000000000000000000000000000000007
:40FA000000000000000000000000000000000000000000000000000000000000000000000000000000000000000000000000000000000000000000000000000000000000C6
:40FA40000000000000000000000000000000000000000000000000000000000000000000000000000000000000000000000000000000000000000000000000000000000086
:40FA80000000000000000000000000000000000000000000000000000000000000000000000000000000000000000000000000000000000000000000000000000000000046
:40FAC0000000000000000000000000000000000000000000000000000000000000000000000000000000000000000000000000000000000000000000000000000000000006
:40FB000000000000000000000000000000000000000000000000000000000000000000000000000000000000000000000000000000000000000000000000000000000000C5
:40FB40000000000000000000000000000000000000000000000000000000000000000000000000000000000000000000000000000000000000000000000000000000000085
:40FB80000000000000000000000000000000000000000000000000000000000000000000000000000000000000000000000000000000000000000000000000000000000045
:40FBC0000000000000000000000000000000000000000000000000000000000000000000000000000000000000000000000000000000000000000000000000000000000005
:40FC000000000000000000000000000000000000000000000000000000000000000000000000000000000000000000000000000000000000000000000000000000000000C4
:40FC40000000000000000000000000000000000000000000000000000000000000000000000000000000000000000000000000000000000000000000000000000000000084
:40FC80000000000000000000000000000000000000000000000000000000000000000000000000000000000000000000000000000000000000000000000000000000000044
:40FCC0000000000000000000000000000000000000000000000000000000000000000000000000000000000000000000000000000000000000000000000000000000000004
:40FD000000000000000000000000000000000000000000000000000000000000000000000000000000000000000000000000000000000000000000000000000000000000C3
:40FD40000000000000000000000000000000000000000000000000000000000000000000000000000000000000000000000000000000000000000000000000000000000083
:40FD80000000000000000000000000000000000000000000000000000000000000000000000000000000000000000000000000000000000000000000000000000000000043
:40FDC0000000000000000000000000000000000000000000000000000000000000000000000000000000000000000000000000000000000000000000000000000000000003
:40FE000000000000000000000000000000000000000000000000000000000000000000000000000000000000000000000000000000000000000000000000000000000000C2
:40FE40000000000000000000000000000000000000000000000000000000000000000000000000000000000000000000000000000000000000000000000000000000000082
:40FE80000000000000000000000000000000000000000000000000000000000000000000000000000000000000000000000000000000000000000000000000000000000042
:40FEC0000000000000000000000000000000000000000000000000000000000000000000000000000000000000000000000000000000000000000000000000000000000002
:40FF000000000000000000000000000000000000000000000000000000000000000000000000000000000000000000000000000000000000000000000000000000000000C1
:40FF40000000000000000000000000000000000000000000000000000000000000000000000000000000000000000000000000000000000000000000000000000000000081
:40FF80000000000000000000000000000000000000000000000000000000000000000000000000000000000000000000000000000000000000000000000000000000000041
:40FFC0008300004A43000000400000BEC000000000000000000000000000000000000000000000000000000000000000000000000000000000000000000000000000000033
:0200000480007A
:4000000000000000000000000000000000000000000000000000000000000000000000000000000000000000000000000000000000000000000000000000000000000000C0
:400040000000000000000000000000000000000000000000000000000000000000000000000000000000000000000000000000000000000000000000000000000000000080
:400080000000000000000000000000000000000000000000000000000000000000000000000000000000000000000000000000000000000000000000000000000000000040
:4000C0000000000000000000000000000000000000000000000000000000000000000000000000000000000000000000000000000000000000000000000000000000000000
:4001000000000000000000000000000000000000000000000000000000000000000000000000000000000000000000000000000000000000000000000000000000000000BF
:40014000000000000000000000000000000000000000000000000000000000000000000000000000000000000000000000000000000000000000000000000000000000007F
:40018000000000000000000000000000000000000000000000000000000000000000000000000000000000000000000000000000000000000000000000000000000000003F
:4001C00000000000000000000000000000000000000000000000000000000000000000000000000000000000000000000000000000000000000000000000000000000000FF
:4002000000000000000000000000000000000000000000000000000000000000000000000000000000000000000000000000000000000000000000000000000000000000BE
:40024000000000000000000000000000000000000000000000000000000000000000000000000000000000000000000000000000000000000000000000000000000000007E
:40028000000000000000000000000000000000000000000000000000000000000000000000000000000000000000000000000000000000000000000000000000000000003E
:4002C00000000000000000000000000000000000000000000000000000000000000000000000000000000000000000000000000000000000000000000000000000000000FE
:4003000000000000000000000000000000000000000000000000000000000000000000000000000000000000000000000000000000000000000000000000000000000000BD
:40034000000000000000000000000000000000000000000000000000000000000000000000000000000000000000000000000000000000000000000000000000000000007D
:40038000000000000000000000000000000000000000000000000000000000000000000000000000000000000000000000000000000000000000000000000000000000003D
:4003C00000000000000000000000000000000000000000000000000000000000000000000000000000000000000000000000000000000000000000000000000000000000FD
:4004000000000000000000000000000000000000000000000000000000000000000000000000000000000000000000000000000000000000000000000000000000000000BC
:40044000000000000000000000000000000000000000000000000000000000000000000000000000000000000000000000000000000000000000000000000000000000007C
:40048000000000000000000000000000000000000000000000000000000000000000000000000000000000000000000000000000000000000000000000000000000000003C
:4004C00000000000000000000000000000000000000000000000000000000000000000000000000000000000000000000000000000000000000000000000000000000000FC
:4005000000000000000000000000000000000000000000000000000000000000000000000000000000000000000000000000000000000000000000000000000000000000BB
:40054000000000000000000000000000000000000000000000000000000000000000000000000000000000000000000000000000000000000000000000000000000000007B
:40058000000000000000000000000000000000000000000000000000000000000000000000000000000000000000000000000000000000000000000000000000000000003B
:4005C00000000000000000000000000000000000000000000000000000000000000000000000000000000000000000000000000000000000000000000000000000000000FB
:4006000000000000000000000000000000000000000000000000000000000000000000000000000000000000000000000000000000000000000000000000000000000000BA
:40064000000000000000000000000000000000000000000000000000000000000000000000000000000000000000000000000000000000000000000000000000000000007A
:40068000000000000000000000000000000000000000000000000000000000000000000000000000000000000000000000000000000000000000000000000000000000003A
:4006C00000000000000000000000000000000000000000000000000000000000000000000000000000000000000000000000000000000000000000000000000000000000FA
:4007000000000000000000000000000000000000000000000000000000000000000000000000000000000000000000000000000000000000000000000000000000000000B9
:400740000000000000000000000000000000000000000000000000000000000000000000000000000000000000000000000000000000000000000000000000000000000079
:400780000000000000000000000000000000000000000000000000000000000000000000000000000000000000000000000000000000000000000000000000000000000039
:4007C00000000000000000000000000000000000000000000000000000000000000000000000000000000000000000000000000000000000000000000000000000000000F9
:40080000000000000000000000000000000000000000000000000000000000000000000082990000000000001653000000000000004000008000000080C000000000000034
:40084000040800000000000000080000400000000000000000000200AE0000C000000000002000000000000000007200000000000000000000000000000000000000000022
:400880000001000000000002000000000000000000000000000000000000000000020000000000010000000000000000000000000000000000000000000000000000000032
:4008C0000000000000040004400000010000000000000000000000000000000000000000000000000000000000000000000000022A001580000000200000000100000008C5
:400900000000081000AA2055000002000000010000001000000004040000004000030C3030C0030C00000000000000000000000000000000000000000000000000000000E7
:40094000010002000404000499900801000000000000000000000000000000000000000000000000000000000000000000000000AA0055010000800000000208001000207C
:4009800000004002000A200500000800000000040020041000001000000001000300C03030030C0C0000000000000000000000000000000000000000000000000000000037
:4009C00000000200040400089990080100000000000000000000000000000000000000000000000000000000000000000000000000000001000000000000000000000002B0
:400A000000000000000000000000000000000000000000000000000100000000000100000002000000000000000000010000000000000000000000000000000000000000B1
:400A40000000080000040004409000010000000000000000000000000000000000000000000000000000000000000000000000000000080000000400000002001000000077
:400A80001000000005000A000000010000000100000100000000000000000000100000010C00030000000000000000000000000000000000000000000000000000000000F4
:400AC000000008000404000411900001000000000000000000000000000000000000000000000000000000000000000000000100000020000000000000000000000210010C
:400B000000030000000002000004080800000400000800042A001500000000000000300C03010C020000000300600004000000000000000000000000000000000000000098
:400B40000000020004040008899008210000000000000000000000000000000000000000000000000000000000000000028001400820041020081004000200018002400120
:400B80000820041020081004808040400200010000000000000000000000000003030C0C3030C0C0FFFF545500000000000000000000000000000000000000000000000095
:400BC000000008000404000400900001000000000000000000000000000000000000000000000000000000000000000080104010201010500818041402120111021001105F
:400C00000818041420101010801240110010001000100010001000100010001003030C0C3020C040FF2F5515000000100000000000000000000000000000000000000101B1
:400C4000000018000404000400200001000000000000000000000000000000000000000000000000000000000000000002000100002000100808040480024001000200011E
:400C80000008000420201010008000408080404020001000080004000200010003030C0C3030C0C0FFFF5455000000000000000000000000000000000000000000000000A4
:400CC000030004000404000400900001000000000000000000000000000000000000000000000000000000000000000000100010001800140018001402100110021201118F
:400D00000810041020101010801240118010401008100410201010100010001003030C0C3020C000FF2F551500000010000000000000000000000000000000000000000002
:400D400000000800040400040090000100000000000000000000000000000000000000000000000000000000000000000200010000000000000800048002400100000000FC
:400D8000202010100800040000000000000000000000000000000000AA2A551503030C0C3030C000FF3F5415000000000000000000000000000000000000000000000000A4
:400DC0000000000004040004000000010000000000000000000000000000000000000000000000000000000000000000545754575457545754575457545754575457545738
:400E0000545754575457545754575457545754575657555775575E5754575457030008A820A880A8FFBF545500005555000000000000000000000000000000000000000076
:400E40007F000400040400040090000100000000000000000000000000000000000000000000000000000000000000000100200001000400FF0000000000FE00000000002F
:400E800001008000010008000100100001000200010040000000FE0000000100000000000000FF000000000000000000000000000000000000000000000000000000000055
:400EC00000000800040000040190000100000000000000000000000000000000000000000000000000000000000000000000001000000000670088186000900C0000FF003E
:400F000063000001210000004200000C0000630000006300E8010402000200011F188000E00400030200000000000010640305000200EC000CFFFFFF0220000504000700E1
:400F400001000000040404041111000100004001400150014001701040100000000000000000000000000000000000000000FD000000FC00030080002000030004000300B3
:400F8000000000004000030010000300010002000800030000000200FF000000FF00000000000000200000000000100000000000000000000000000000000000000000009D
:400FC0000000022404000004011000010000000000000000000000000000000000000000000000000000000000000000F30008000000000510000100040000060000000096
:40100000F3000802F300080010000200000000004000030580050300200503000400F4010F060000000000000000000432040000000CE00B19FFFFFF000000000400000055
:401040000100000004040404111100010000C0004001800030004010100040A800000000000000000000000000000000000000001F0000000000000000000000003F3F00A6
:4010800000080000000000000000000000000000F43D00000000000000000000000000000300007F00007F00000000000301000000000000000001010201000017010000D5
:4010C000000000001001070100000000000000000000000000000000000000000000000000000000000000000000000000000000000000000000000400000080040000004F
:4011000000000000000000000000000000000000000000000000000000000000000000000000000000000000000000000000000000000000000000000000010000000000AE
:40114000000000000000000000000000000000000000000000000000040000000000001100002000000000000000000000000000000000000000000000000000000000003A
:401180000000000000000000000000000000000000000000000000000000000000000000000000000000000000000000000000080000000000000000000000000000000027
:4011C000000000000000008001000000000000000000000000000000000000000100000000000011000000000000200000000000000000000000000000000010000000002C
:40120000000000000000000000000000000004000E000000000000000000000000000000000000000200000000000300000000000000000000000000000000000000000097
:4012400000000000000000000000000010000000000000008000000008000000000000000000000000000000000000000000000000000000000000000000000000000000D6
:40128000000000000000000000000000000000000000000000000000000000000000000000000000000000000000000000000000000000000000000000000000000000002E
:4012C00000000000000000000000000080000001000020000000000000200000010000001000000000000000000000000000000008200000000000000000000000000000F4
:40130000100000000000000000000000020006000000000000000000000000000000000000000000000000000000000000000000020000000000080000000000000000008B
:4013400000000000000000000000000000000000000000000800000000000002010000000000000000000000000000020000000000200000000000000000004000000801F7
:401380000000000000000000000000000000000000000000000000000000000000000000000000000000000000000000080000000000040004000000000004000000000019
:4013C00000000000000000000000000000000000000000010000004000000000000000000000000000000000000000000000000000000000000000000000000000000000AC
:401400000000000000000000000000000000000000000000000000000000000000000000000000000000000200000000002000000000080000000000000000000000000082
:40144000000000000000000000000000000000000000000000000000010000000000000000000000000000000000000000000000000000000000000000000000000000006B
:401480000000000000000000000000000100080000000000000000000000000000000000000002000300000000000000000000000800000000000000000000000000000016
:4014C00000000000000000000000000084120010204100000200050000280100080000460018004000024010002B001A0000000000040004000000000000001A0000000056
:4015000000000004100010000040000800000000002A00000000000000000008000000000400100000000000108000000400000000000000C118144300000000100401041C
:4015400000000000000000000000000002040000000000000100000000840010004000400008510400400010000410050800000084000000020000000000000004000000F8
:40158000008000080000000000000000DF00EB00EF0000000000700040005000E00000000000300004000000000000000000900000000000000020000C008000000000009A
:4015C00000000000000000000000000000820008000000010000040000021900AA0000000001001400A60448000219A0AAA0090010100040000100004002000000A0090036
:4016000000000042A80000001000080000000000000000000000000000000000000000000000000080100000000000000000004000000002AA0000000001001554010000C1
:40164000000008020000000000000000000100000000000000000440001000010000000010001800800000004024004000000000551300E00000500000000000040400001E
:401680000000000000000000000000008B00F2007F000000000001009F006E000000000000000C0011000000000000000000B00000000100000000000C0001000000000045
:4016C0000000000000000000000000000000000A00444004000051040000110494004000104800110020000A0040000002014048000000000420000200000000000040084E
:401700000000000080120000000000000800000A000000000120000000000000400020000000000000802000000000010000000002002A0008500810000000000000000047
:4017400000000000000000000000300000002A00000000000000140000000000000000010000000008000000000000000000000000002000000000000000000000000000D2
:40178000000000000000000000000000F300EF00FE00000000000C000A000D0007000C0000008C00F0000000000000000000800000002000000008000000000000000000EF
:4017C000000000000000000000000000000000000041000000000000000000280020000400C00000004100140000AA00000000598804000000000000004000000000000078
:40180000000000088800440000000051000000000004200000000000000000000000000000000000091080000000AA0080A00800000064000000000001000014000000007B
:4018400000000000000000000000000000B000040000000020000000010000000080200410041800090000006424005000000800550300E0000000000000000000000000A2
:401880000000000000000000000000009000600086000000000010004000B000000000000000FF007F000000000000000000440000002500000008000000000000000000C3
:4018C0000000000000000000000000000000000000000000000000000000000000000001000000000800000000000000000000000000200000000000080020000000000097
:40190000000000000000000000000000000000000000000000000000000000000000000000000000000000000000000000000900400001000000100000000000000000004D
:40194000000000000000000000000000400000A800250000000215000020228000000000400000004000050800212200004800440000422800000000000000000008004073
:401980000000422810000044AA00000000000000000000000000000000000000000000000000000000008000000000000000000201000000000080000000000000000000BC
:4019C0000000000000000000000000000000000000000000000000010000001000002000000408000800000024000000000008000001000000000000004000000100000034
:401A00000010200000000000000000007F00FF001000000000000000FA00FE00000000000000080018000000000000000000890000000100400000002800020000000000DC
:401A40000000000000000000000000000000000000000000000000000000000000000001000000000000000000000000000000000000000000000000000000000000000065
:401A800000000000000000000000000000000000000000000000000000000000000000000000000000000000000000001000000000002000200000000000220000000000B4
:401AC00000000000000000000000000000A40000000400800089080000004500800000000001002000E100000004055000080000000052AA200000000000001000000000D9
:401B00000000008A0000000000000000000000000000000000000000000000000000000000000000001000000000A0000800400000000000000AA0000801401080000000A0
:401B40000000000000000000002021000001000000004C00000000000000400000000200000A00A000000000052400300090000008000200009048000010A00000810009E6
:401B80000000000000000000000000003700DF005800000000004200D000000000000000000034000C000000000070000000000000002000000000000000020000000000D3
:401BC00000000000000000000000000000000000000000000000000000000000000000010000000000000000000000000000000000000000000000000000000000000000E4
:401C00000000000000000000000000000000000000000000000000000000000000000000000000000000000000000000000000001000000000000000000000000000000094
:401C400000000000000000000000000000000000500000200000000018000A0000000000000002140000000050000A048000100000408808002000000000011000000001CC
:401C800000000228000800000080040000000000000000000000000000000000000000000000000000120280089002000000000012000088000000000000050A0000000097
:401CC0000002020400000000006004000010000040000000000800004A04008000400000000068000000000005000020000000000008200A00000000000000000000000053
:401D0000000000000000000000000000E000E000E00000000000C400E1005200000000000000FC00F0000000000030000000000030000000000000000000000000000000C0
:401D40000000000000000000000000000000000100000000000000000000000000000000000000000000000000000000000000000000000000000000000000000000000062
:401D80000000000000000000000000000000000000000000000000000000000000000000000000000000000000000000000000000000000000000000000000000000000023
:401DC00000000000000000000000000000000000000000200000000000001500000000000015000000000000000015000100008014010001000000000000000A00082000BB
:401E000000010029004040009402280000000000000000000000000000000000000000000000000005002080000055000100000002012800000000000015000000000000FF
:401E400040004008000000000202040000000000000000000000000000000000000000000000000000000000000000000000000000000000000000000000000000000000D2
:401E80000000000000000000000000002000E0007000000000003000E600F000000000000000FF00F800000000002000010000000000000000000000000000000000000094
:401EC00000000000000000000000000000000000000000000000000000000000000000000000000000000400000000000000000000000000000000000000000000000000DE
:401F00000000000000000000000000000000000000000000000000000000000000000000000000000000000000000000000000000000000000000000000000000000800021
:401F4000010000000000000000000000000000000000000001004000002000000000000000000400000080000020000000000000000040000000000000000001000000001A
:401F80000000000000000000000000000000000000004000000000000000000000000000000000000000000080002000000000000000000000000000100000000000000031
:401FC000000000000000000000000000201FDF00DF000000000D0D000D0000004400000C08000800C00000006000806F0B4040000000000018000058E000E0000000000093
:0200000490006A
:040000000800C0052F
:0200000490105A
:04000000BC90ACAF55
:0200000490303A
:02000000F74BBC
:0200000490501A
:0C00000000011E09306903011E6C27B4CA
:0200000490402A
:4000000000000000000000000000000000000000000000000000000000000000000000000000000000000000000000000000000000000000000000000000000000000000C0
:00000001FF
