:400000000204AE008F828E83E0540100000070F82278FFE4F6D8FD020513BB010689828A83E0225002E722BBFE02E32289828A83E49322BB010689828A83F0225002F722EC
:40004000BBFE01F322C5F0F8A3E028F0C5F0F8E582158270021583E038F022BB010A89828A83E0F5F0A3E022500687F009E71922BBFE07E3F5F009E3192289828A83E4930C
:40008000F5F074019322BB010A89828A83F0E5F0A3F0225006F709A7F01922BBFE06F3E5F009F31922EF2BFFEE3AFEED39FDEC38FC22C3EF9BFFEE9AFEED99FDEC98FC2258
:4000C000E88FF0A4CC8BF0A42CFCE98EF0A42CFC8AF0EDA42CFCEA8EF0A4CDA8F08BF0A42DCC3825F0FDE98FF0A42CCD35F0FCEB8EF0A4FEA9F0EB8FF0A4CFC5F02ECD3919
:40010000FEE43CFCEAA42DCE35F0FDE43CFC2275F008758200EF2FFFEE33FECD33CDCC33CCC58233C5829BED9AEC99E58298400CF582EE9BFEED9AFDEC99FC0FD5F0D6E440
:40014000CEFBE4CDFAE4CCF9A88222B800C1B90059BA002DEC8BF084CFCECDFCE5F0CBF97818EF2FFFEE33FEED33FDEC33FCEB33FB10D703994004EB99FB0FD8E5E4F9FAB4
:40018000227818EF2FFFEE33FEED33FDEC33FCC933C910D7059BE99A4007EC9BFCE99AF90FD8E0E4C9FAE4CCFB2275F010EF2FFFEE33FEED33FDCC33CCC833C810D7079BE4
:4001C000EC9AE899400AED9BFDEC9AFCE899F80FD5F0DAE4CDFBE4CCFAE4C8F922EF4BFFEE4AFEED49FDEC48FC22C3E49FFFE49EFEE49DFDE49CFC22EB9FF5F0EA9E42F065
:40020000E99D42F0E89C45F022E8600FECC313FCED13FDEE13FEEF13FFD8F122E8600FEFC333FFEE33FEED33FDEC33FCD8F122BB010789828A830202695005E9F802046CC1
:40024000BBFE05E9F802047889828A83020275BB010789828A830202915005E9F8020484BBFE05E9F802049022E0FCA3E0FDA3E0FEA3E0FF22E493FC740193FD740293FE49
:40028000740393FF22E0F8A3E0F9A3E0FAA3E0FB22ECF0A3EDF0A3EEF0A3EFF022A42582F582E5F03583F58322E0FBA3E0FAA3E0F922EBF0A3EAF0A3E9F022E493FB740165
:4002C00093FA740293F922BB010789828A830202A95005E9F802049CBBFE05E9F80204A589828A830202BBD083D082F8E4937012740193700DA3A393F8740193F582888356
:40030000E4737402936860EFA3A3A380DFE5092582F582E5083583F583B508048582092210AF06858209F50822858209F508D2AF22EC8EF0A4CCC5F0CCCDF8EFA4CEC5F068
:400340002DFDE43CFCE8A42EC8C5F03DFDE43CFCEFA4FFE5F028FEE43DFDE43CFC22EF4E6012EF60010EEDBB010B89828A83F0A3DFFCDEFA2289F05007F709DFFCA9F0221A
:40038000BBFEFCF309DFFCA9F022E709F608DFFA8046E709F208DFFA803E88828C83E709F0A3DFFA8032E309F608DFFA806EE309F208DFFA806688828C83E309F0A3DFFAFA
:4003C000805A89828A83E0A3F608DFFA804E89828A83E0A3F208DFFA804280D280FA80C680D4805580F28029801080A680EA809A80A880DA80E280CA802988848C85898224
:400400008A83E493A30586F0A30586DFF5DEF3800B89828A83E493A3F608DFF9ECFAA9F0EDFB2288848C8589828A83E0A30586F0A30586DFF6DEF480E389828A83E493A38E
:40044000F208DFF980D688F0EF60010E4E60CD88F0ED2402B4040050C3F582EB2402B4040050B923234582239003DA73E6FC08E6FD08E6FE08E6FF22E2FC08E2FD08E2FEDF
:4004800008E2FF22ECF608EDF608EEF608EFF622ECF208EDF208EEF208EFF222E6FB08E6FA08E6F922E2FB08E2FA08E2F92275930078007583467582E8E04401F000904691
:4004C000ECE0F99046FAE0FA9003E0F0B903225420B40012B8001AEA901FFFF07401901FFEF09046F6F0901FFEE06005901FFFE0FA90480074C0F075815912181B90000050
:4005000078007920E4F0A3D8FCD9FAEA9003E0F002001175081F7509FD1227FE1210FE02055D020B10E493A3F8E493A34003F68001F208DFF48029E493A3F85407240CC87C
:40054000C333C4540F4420C8834004F456800146F6DFE4800B01020408102040809005A2E47E019360BCA3FF543F30E509541FFEE493A360010ECF54C025E060A840B8E4B5
:4005800093A3FAE493A3F8E493A3C8C582C8CAC583CAF0A3C8C582C8CAC583CADFE9DEE780BE4103E5004103E6004203F209D04203F409D14103FD004403DC016E36004458
:4005C00003D700005DC04103DB184403E12EE000004103FE004303ED0000004103FF004104000000EC4D6011ED60010C8B938A838982E4F0A3DDFCDCFA759300220221EA03
:40060000EC4D4E700D78FCEF24E950032840FD2200007BF178DA0000EF28FF78FFEE38FEED38FDEC38FC50E7EF2BFFEE38FEED38FDEC38FC40F22205020304758600EF4E6B
:400640006027EF60010E759300900005E0F595A3E0F585A3E0F5848B938A838982E0A30586F0A31586DFF6DEF4E4F593F59522ACEAADA08E838F82E493F9601CA3E493F564
:40068000EAA3E493F5A0A3E49360F1FAA3E493F8A3E493F2DAF6D9E48DA08CEA22323200EEFA9003DBE0F88FF0A4FFAEF0E88AF0A42EFEE5F03400FDEF24C9FF78FFEE38CA
:4006C000FEED38FDE438FC500302060022758600EF4E601BEF60010E8C838D828B958A858984E493A30586F0A31586DFF5DEF3E4F59522EF54016004D2AF8002C2AFEF5473
:4007000002FF9044F4E054FD4FF0229044F4E0F84402F0E85402FF10AF012274014FFF228B938A838982E0FFA3E0FE759300228B938A838982EDF0A3ECF075930022900375
:40074000E0E0FA8E838F827400758101738B938A838982E0759300FF228B938A838982EDF0759300221201000200000008B4041DB701300203800109022900010100C002EB
:400780000904000002030000030921110100012224000705010340000107058203400001040309040C03410045003900520042002C034300790070007200650073007300F0
:4007C0002000530065006D00690063006F006E0064007500630074006F0072002203500053006F0043003300200042006F006F0074006C006F006100640065007200000A98
:40080000033000300030003100240005010900A1000900A1000900150025FF7508954091020900150025FF750895408102C0C00000240005010900A1000900A1000900151C
:400840000025FF7508954091020900150025FF750895408102C0C00000004101028E0102D200410102D50102CF00FF085900FF08610000000001FF083101FF078901FF08AD
:400880006900000103004003000082030040030301FF077702FF088101FF087D00FF088F01FF07650000000001FF089001FF08A00001010001000000400000080800080093
:4008C000C000006F0B00400000000040600060000000170045017E02004F010A4B00520509400C20102011207C400064017D01010501EE010109019C80010B039C80AA40FE
:40090000B401010C05B880BE41D804DB04DF01010D0618011A80588068028802D608011701EE0A0119029C80EE0A011B01B080014004320433803640CC700141039608A6B6
:4009400040A78001420A12805B0296089B02A640A780AB02C410D640EE80014303A640A780AE8401450464048804D801E401014603A102B502EC0801470408080F40A1021F
:40098000C20C014803AE40AF80EE50014C070F406102A102AC08AF40C204D802014D02B340EA04015101003A004F00000C005100001000513000400100001000011400086D
:4009C000000140000A00014C0002000150000020CD000041006930091E033C010144E342830143009481424400C0E0C0F0C083C082C085C084C086758600C093759300C058
:400A0000D075D000C000C001C002C003C004C005C006C0079003E6E014604814607414700241C12403600241E19003EA1202A99003E5E0FF04F0E92FF9E43AFA12001A90EB
:400A400003E7F0E0FE5407A3F0EE70179003E5F09003E97402F09003E8E4F09003E67403F0807E9003E7E0FF30E7089003E97403F080069003E97401F0EF25E09003E7F0C4
:400A8000A3E014F0710AEF54FEFF71049003E67402F09003E9E070219003E67403F09003E8E07006A37402F080059003E9E4F0710AEF4401FF710480089003E9E014F08099
:400AC000209003E9E070149003E8E070069003E6F0800E9003E67401F080069003E9E014F0D007D006D005D004D003D002D001D000D0D0D093D086D084D085D082D083D057
:400B0000F0D0E03290647DEFF02290647DE0FF227BFF7A0979DD9003EA1202B212274CEF30E01E1227ECEF600E7BFF7A0979E49003EA1202B2800AE4FF7156EF7003FF9182
:400B4000DD7E097FE9F17EB1C8D2AF9044F474FDF0B14280FE228F46AD467F0312183CEF2401FFE43EFEE43DFDE43CFCE4FB7A01F9F81200C0C004C005C006C007AD467FC2
:400B80000412183CD003D002D001D0001200A58F4E8E4D8D4C8C4BC201E4F54FAD467F0312183CEF2401FFE43EFEE43DFDE43CFCE4FB7A01F9F81200C08F4A8E498D488C05
:400BC00047AF4EAE4DAD4CAC4BAB4AAA49A948A847C31201F85032854A82854983E493F5506005F46002D201E550254FF54FAF4AAE49AD48AC47E47B01FAF9F81200A58F6C
:400C00004A8E498D488C4780B8AD467F0312183CEF2401FFE43EFEE43DFDE43CFCE4FB7A01F9F81200C078031202098F4A8E498D488C47E47FC07EFFFDFCAB4EAA4DA94CE0
:400C4000A84BC31201F87007FF7E20FDFC800DAF4EAE4DAD4CAC4B78031202098F4E8E4D8D4C8C4BAF4EAE4DAD4CAC4BAB4AAA49A948A847C31201F85039E4254AFFE435BF
:400C800049FEE5483408FDE43547A907AA06AB0512074DEF254FF54FAF4AAE49AD48AC47E47B01FAF9F81200A58F4A8E498D488C4780B1E54FF404F54FAD467F0112183C5E
:400CC000A804A905AA06AB07AF4FE4FCFDFEC31201F870032001037F06227F00228F21E521B402079046FAE4F0804FAF217156EF7043F522E522C394015032AF227E007CD0
:400D0000017D00120331C374D09FFF74FF9EFE74109DFDE49CFCE522B521047B0180027B00900004EBF01222E4052280C79046FA7480F080059046FAE4F09046F6E0440184
:400D4000F022752106E4FF7156EF7002F521E4F54DF54CF54BF54A9003F4E0FEA3E0F5828E831202758F518E508D4F8C4EE4FFFE7D10FC1217959003F2E0FCA3E0F5828C42
:400D800083E493FEC3EF9EFFF404FFB506129003F4E0FEA3E0F5828E83120275EF4E70047F00B1ED9046FAE054C064406004E52160099046FAE4F0FF121BDAE4FF121BDA92
:400DC0009046FA7480F0A13A9003FDE070091227709003FD7401F09043A3E04401F09043B3E04401F0904F00E04401F02290FFFF12030DEFF09046EA7401F0900001020357
:400E00000D900262EFF0A3EDF0D3940750028001C340047F00B1ED900262E0D3941F50028001C340047F00B1ED900263E0540775F020A4FF900262E0541F2480F582E434CA
:400E400044F583EFF02212070B900261EFF09043A5E04401F09043B5E04401F090609D7401F090600904F0906010E0547FF0E4FFFE1206A0904394E054F9F0906012E054C0
:400E8000DFF0904394E04401F07F017E001206A07F287E001206A09051F8E0547FF0E054BFF0904394E04402F07F027E001206A0904394E04404F0906084E4F0A3F09002D5
:400EC00061E0FF1206F37D077F17D1017C287D7B7F17F1187D077F18D1017C297DE37F18F1187D077F15D1017C067D9E7F15F1187D07E4FFD1017C377DC9E4FFF1187D0728
:400F00007F01D1017C387D197F01F1187D077F0CD1017C227D947F0C900263ECF0A3EDF0900262EFF0D3941F50028001C340047F00B1ED900262E0541F25E0FFE433FEE48C
:400F40002FFFEE3444FAA9077B01120722900265EEF0A3EFF0900262E075F002A42400FFE5F03444FAA9077B01A3E0FEA3E0FFFDAC06120731900265E0FEA3E0FF229000AB
:400F800000EEF0A3EFF0122769900000E0FEA3E0FF1227527F0712275F9044C07404F02290025FEFF0A3EDF09003FFE07008D1469003FF7401F090025FE0FFA3E0FDE4FEFE
:400FC0007E019003F87401F0A3DEFC7E01900329EFF0E4900328F0900323F090032BF090031FF0900325F090032AF0900320F09044C27480F0A37401F09044C27420F09042
:4010000044C07401F004F0ED14600C047012906009E054FEF08010906009E04401F08007906009E04401F09060287403F09060087480F0E47F01FEFDFC12060090601274CE
:4010400004F0227B007A4079807DBF7C5D12072F9040827419F09043007406F07B007A4279127D177C3312072F9042107405F0E0FFE47FC87E32FDFC9000001202919000B3
:4010800000120269D3EF9400EE94004029904210E054806021E47FE07E01FDFC12060090000012026974FFFBFAF9F81200A590000012029180C89042007452F07B0C7A0164
:4010C000790F12074D9046A1EFF07B007A407904E4FDFC12072F9040047407F0904006E4F09040087448F0904004E4F0904009F09040017402F09043A2E04401F0227B0099
:401100007A4679E812074DEF4405FD7B007A4679E8120759E4F523E523C39408502CE52375F005A424A8F582E43409AF82F5218F22F5831202BB8F82852183740393FC7499
:401140000493FD1205E4052380CD7E087FD212066F7B017A50790312074DEF4402FD7B017A5079031207597B017A50791312074DEF4402FD7B017A5079131207599043A05E
:40118000E04440F09043C2E04410F07C087DB07B007A5179C27F087E001206CD7C087DB87B007A5179F07F0A7E001206CD7C087DC27B007A5179127F087E001206CD7C08B0
:4011C0007DCA7B007A5179227F087E001206CD9044F47401F0904322E04408F09046ECE0C394055006904689743AF090480074F1F0114390480074B1F0511C7B007A4379C2
:40120000A0C00179B09000051202B2D0017F0E7E0012063B9043B0E054FDF0227B0C7A0179CF12074DEF540790586EF0EFC4540FA3F09058767444F0228B4E8A4F89508CAC
:40124000518D5274FFF553F554855157855258E552455170086354FF6353FF41E5C3E5589552FFE5579551FEAB4EE5502FF9E54F3EFA12001A755500F556E4FDEDC39408D2
:40128000503DE5565401FFE5545401FBE4EB6F6015E553C313FEE55413FFEE6484F553EF6408F554800BE553C313F553E55413F554E555C313F555E55613F5560D80BDE525
:4012C00052155270021551E552455170906354FF6353FF855355855456E554FCE555FFECF553EFF554AE53AF54228B478A4889497401120033AB472549F9E43548FAEF12E4
:401300000033E54BAB47E5492402F9E43548FAE54B120033E54AFFAB47E5492403F9E43548FAEF120033AB47AA48A949E54B2404FDE4354AFC51398E4C8F4DEFAB47E54B63
:401340002404FDE4354AFCE5492DF9E5483CFAEF120033E54CFFAB47E54B2405FDE4354AFCE5492DF9E5483CFAEF120033AB47E54B2406FFE4354AFEE5492FF9E5483EFAD5
:401380007417120033E54B2407FDE4354AFC75530075540075554A755696AB47AA48A9498C518D52E55675F00AA485F058F559900263E4F0A37440F07F02D16F7F0271FBE7
:4013C000EF7018E55945586012E47F01FEFDFC910CE55915597002155880E17F0271FBEF70057557108011AB53AA54A955E5518552F0120086E4F557AF5722EF75F00BA49D
:401400002431F582E43403F583E0FF2290FFFC12030D120291850883850982120269D3EF9400EE9480402E9003E1120269120600850883850982C083C082120269E42FFF5A
:40144000EE3480FEED34FFFDEC34FFFCD082D08312029180C09003D71202698508838509821202851200C012060090000402030D8B468A4789488C498D4AE54E75F00AA475
:4014800085F050F551D3E54A9440E54994004006754900754A409003FEE0602DB140EF7018E55145506012E47F01FEFDFC910CE55115517002155080E3B140EF6017B1808D
:4014C000B146E49003FEF0800CB180EF6007B140EF6002B146E54E75F00AA485F050F5517F0171FBEF64016018E55145506012E47F01FEFDFC910CE5511551700215508013
:40150000DF7F0171FBEFB40125AB46AA47A948900263E549F0A3E54AF07F01B18DAB4BAA4CA94DEE8FF0120086E4F54F800FAB4BAA4CA94DE4F5F0120086754F10AF4F22DC
:4015400090032BE0FF227F01EFD394004031EF9409502CEF75F00BA42431F582E43403F583E4F0EF75F00BA42435F582E43403F583E0FE75F010EF905FFE12029DEEF022E1
:40158000E4FF900323E06004E0FFE4F02290025FEFF0A31202B29002601202A9E94A4B7002C12790025FE0FFD39400407AEF94095075D137D3900264E09F900263E09E4074
:4015C0000990025FE0FFD1378008900263E0FEA3E0FF900263EEF0A3EFF0E4A3F0A3F0900263E0FEA3E0FFA3E0FCA3E0FDC39FEC9E502B90025FE075F01090607812029DB4
:40160000E0FF9002601202A9E92DF9EA3CFAEF120033900265E475F00112004580C190025FE0FFB1488007E4900263F0A3F0900263E0FEA3E0FF22E4FDFCEFD39400402A20
:40164000EF9409502575F010EF905FFC12029DE0540FFD75F010EF905FFD12029DE0FBEDFCEBFD24FEFD74FF3CFCAE04AF05229002601202B290025FEFF0D394005002E108
:4016800094E0FF94094002E194EF75F00BA42436F582E43403F583E0FEA3E0FFC3E49FFF74029EFED3900264E09F900263E09E402490025FE075F00BA42436F582E4340355
:4016C000F583E0FEA3E0FFC3E49F900264F074029E900263F0900263E0FCA3E0FDECFF90025FE0FE75F00BA42433F582E43403F583E04FFF75F010EE905FFC12029DEFF061
:40170000ED90025FE075F010905FFD12029DEDF09002601202A9E94A4B6046E4900265F0A3F0900263E0FEA3E0FFA3E0FCA3E0FDC39FEC9E502B9002601202A9E92DF9EA68
:401740003CFA12001AFF90025FE075F01090607812029DEFF0900265E475F00112004580C190025FE0FF75F00BA42431F582E43403F583E4F0EF75F00BA42435F582E434EF
:4017800003F583E0FF90025FE075F010905FFE12029DEFF0228F498E488D478C46E4F552EF7003EE64806019E4FFFE7D10FCAB49AA48A947A846C31201F860057F00120DBF
:4017C000EDD3E5519400E5509400404CAF51AE50AD4FAC4E74FFFBFAF9F81200A58F518E508D4F8C4EE549254DFFE548354CFEE547354BFDE546354AFCEF2551FFEE355021
:40180000FEED354FFDEC354EA907AA06AB0512074DEF2552F55280A9AF52229046FAE054C064807016F521F0AD217F02113CEF4E6009AD217F02113C12073E2290025FEDF5
:40184000F0AB079002647402F0E4FFFEFDFCA3120291EB1202E7187E0118AA0218CE0318F204191605194006198E07196A0819B20919D60A1A000B1A2A0C00001A54900202
:401880005FE0FF7E007C017D001203311201EAEF24C0FFEE34FFFEED3410FDE43CFCA31202919002647401F0416490025FE0FF7E007C017D00120331C374C39FFF74FF9E75
:4018C000FE74109DFDE49CFCA3120291416490025FE0FF7E007C017D00120331C374C79FFF74FF9EFE74109DFDE49CFCA3120291416490025FE0FF7E007C017D0012033115
:40190000C374CB9FFF74FF9EFE74109DFDE49CFCA3120291416490025FE0FF7E007C017D00120331C374D09FFF74FF9EFE74109DFDE49CFCA31202919002647401F041644D
:4019400090025FE0FF7E007C017D00120331C374D19FFF74FF9EFE74109DFDE49CFCA31202919002647401F0416490025FE0FF7E007C017D00120331C374D69FFF74FF9EF8
:40198000FE74109DFDE49CFCA3120291416490025FE0FF7E007C017D00120331C374D29FFF74FF9EFE74109DFDE49CFCA3120291416490025FE0FF7E007C017D0012033149
:4019C000C374D49FFF74FF9EFE74109DFDE49CFCA3120291416490025FE0FF7E007C017D00120331C374D89FFF74FF9EFE74109DFDE49CFCA31202919002647404F080643A
:401A000090025FE0FF7E007C017D00120331C374DC9FFF74FF9EFE74109DFDE49CFCA31202919002647401F0803A90025FE0FF7E007C017D00120331C374E09FFF74FF9E0D
:401A4000FE74109DFDE49CFCA31202919002647404F080107F00120DEDE4FFFEFDFC900260120291900264E0B40119900260120269A907AA06AB0512074DE4FCFDFE9002A6
:401A800065120291900264E06402705C900260120269EF2401FFE43EFEE43DFDE43CA907AA06AB0512074DE4FCFDFE900265120291900265120285C000C001C002C0039021
:401AC0000260120269A907AA06AB0512074DE4FCFDFE780812021CD003D002D001D0001201DD900265120291900264E06404600261D4900260120269EF2403FFE43EFEE4D7
:401B00003DFDE43CA907AA06AB0512074DE4FCFDFE900265120291900265120285C000C001C002C003900260120269EF2402FFE43EFEE43DFDE43CA907AA06AB0512074D71
:401B4000E4FCFDFE780812021CD003D002D001D0001201DD900265120291900265120285C000C001C002C003900260120269EF2401FFE43EFEE43DFDE43CA907AA06AB0582
:401B800012074DE4FCFDFE781012021CD003D002D001D0001201DD900265120291900265120285C000C001C002C003900260120269A907AA06AB0512074DE4FCFDFE781874
:401BC00012021CD003D002D001D0001201DD900265120291900265020269900000EFF0E4F541F54275430AC200F544F545122643EF60057F00120DED12282ED2AF9044F4BD
:401C000074FDF0E4F53D754B00754C00754D39900000E0FF70067EFF7FFF80008F4E7B017A0079017D2C7C011214708F40900000E060021543E5436004E54070C9E54060E0
:401C4000030221DAC3E53A9407E53994004008900001E064016005753D0481E2900004E0FE900003E0FDEEF541EDF542E5422407FFE43541FED3EF953AEE95395008EF949E
:401C80002CEE94014005753D03805774062542F58274003541F583E0FE74052542F58274003541F583E0FDEEF53EEDF53F74072542F58274003541F583E064176005753D07
:401CC00004801F7B017A007901E5422404FDE43541FC121239EF653F7003EE653E6003753D08E4F53BF53CE53D60030221C9900005E0F538753D04900002E01202E71D1D69
:401D0000311D4A321DD0341F71351F7F371FCB381DD039200B3A21B03B000021C62000030221C9E542454160030221C9FF120B56EF70047F0180027F00900005EFF0753BF9
:401D400000753C01E4F53D0221C92000030221C9E5426401454160030221C9E538C3940140030221C99003F4E0FEA3E0F5828E83120275E4FBFA7901F812014B8F24E53829
:401D8000B5241E9003F4E0FEA3E0F5828E83120275E4FB7A01F9F812014B7522008F238014E538D395244007E4F522F5238006752201752300E523900005F0E522A3F0A32A
:401DC00074FFF0E4A3F0F53B753C04F53D0221C9900002E06434703C2000030221C9E5426403454160030221C9E538C39440400FE538D3947F500875440075451080067502
:401E00004401754520AE44AF457D007B017A01792D12035E2000030221C9C3E5429403E541940050030221C9E54224FDFFE54134FFFE742D2545F974013544A801FC7D01D4
:401E40007B017A007908120446E54224FDFFE54134FFFEEF2545F545EE3544F544E538C39440401BE538D3947F5014122251754100754210900259E4F0A37480F0800F75FC
:401E800041017542209002597401F0A3E4F0E54565427004E54465416002E166900007E0FE900006E0FDEEF544EDF545D390025AE09545900259E0954440047F0080027F6E
:401EC0000A8F3DE53D60030221C9E538D3943F506FE5387F00FEEF2545FFE5443E90025BF0A3EFF09003F4E0FEA3E0F5828E83120275E4FB7A01F9F812014B90025DEEF0F2
:401F0000A3EFF09003F4E0FEA3E0F5828E83120275EFE4EF600A90025DE475F00112004590025DE0FEA3E0FFC390025CE09F90025BE09E500B753D0AE4F544F5450221C926
:401F40007B017A01792D900265E541F0A3E542F0AD45AC44AF381223E9EF60047F0A80027F008F3D8003753D03E4F544F5450221C92000030221C9E4F544F5450221DA206F
:401F800000030221C9E5452542FFE5443541FED3EF942CEE9401502DE4F53DAE41AF42742D2545F974013544A801FC7D017B017A007905120446E5422545F545E54135443E
:401FC000F5440221C9753D030221C9E5424541703578257C00FD7BFF7A0979D5FE7F08120446D200753B00753C08E4F544F545AE3BAF3C78057C007D01FB7A007925120481
:4020000046E4F53D21C9753D0421C920000221C9E54264034541600221C9900007E0FE900006E0FDEEF52FEDF530E538C394404057E538D3947F50505151AE2FAF307C007A
:402040007D101203318F368E358D348C33C3E5309480E52F940050047F0080027F0A8F3DE53D600221C985364D85354C85344B85334AE4755110F550F54FF54EFF7E80FD45
:40208000FC1217958F378069AE2FAF307C017D00120331C004C005C006C007AF38E4FCFDFEFBFA7901F81200C0D003D002D001D0001200A58F368E358D348C33C3E52F943A
:4020C0000150047F0080027F0A8F3DE53D600221C985364D85354C85344B85334AE4F551755001F54FF54EFFFE7D10FC1217958F37E538D3943F5072AF387E007C207D002F
:40210000120331E42FFFE43EFEED3408FDE43CFCC004A905AA06AB07AE2FAF307C007D20120331D0001200A58F368E358D348C33E4F52DF52EC3E52E9420E52D9400502A94
:40214000E4E52E2536FFE52D3535FEE43534FDE43533A907AA06AB0512074DEF2537F537052EE52E7002052D80CB852F31853032E538702AAE31AF32FCFD7BFFFAF9F8C378
:402180001201F87019FD7F0512183CC3E5379FF537E4FD7F0612183CC3E5379FF537E537F404900005F0E4F53DF53B753C018019E4FF120B56EF70069046FA7480F01205D4
:4021C000FD120D3A8003753D057B017A007901853B4A853C4BAF3D1212EA900000E07003021C03300003021C032212070B906008E0547FF0906012E054FBF09043A5E054C9
:40220000FEF09043B5E054FEF09051F8E04480F0E04440F01206F39044CA7480F0A37401F09044CA7420F09044C87401F004F051819044D97410F0E4900323F090032BF06E
:4022400090031FF0900325F090032AF09003FFF02212070B9043A0E04408F09043B0E04408F090470174C8F09043ACE04410F09043BCE04410F0904700E0542060F802068C
:40228000F390458FE054407E007806CEC313CE13D8F9FF22C0E0C0F0C083C082C085C084C086758600C093759300C0D075D000C000C001C002C003C004C005C006C00751A4
:4022C00081D007D006D005D004D003D002D001D000D0D0D093D086D084D085D082D083D0F0D0E032900000120291900000120269E42FFFE43EFEED34F0FDEC34FFFC90004B
:4023000005120291E4FBFA7901F890000512026912014B900109EFF0900005120269EFEEE4FDFCFB7A01F9F812014B90010AEEF0A3EFF0900000120269EFFBE4FAF9F890DD
:4023400000001202691200B290010C120291E4FBC3EA9401502590010C120269EF2BFFEE3A8F82F583E493FF74092BF58274003AF583EFF00BEB70010A80D590000012025C
:4023800069EFE4FE74092FF582EE3400F583E0FD900004E0FCED6C601F74092FF582EE3400F583ECF0900109E0FFA3E0FCA3E0FD7B017A00790971B922900110EFF0D39445
:4023C0003F40067E007F1080047E017F00900111EEF0A3EFF0900111E0FFA3E0900265CFF0A3EFF0900110E0FF900260ECF0A3EDF0A31202B290025FEFF0E4900267F0EFC8
:40240000D3943F500E90025FE0940140069002677401F090025FE0FFD3947F40069002677401F0EFC39440400CEFD3944140069002677401F0EFD3943F501E900260E0FE54
:40244000A3E0FFE4FCFDFB7A01F9F8C31201F8502F9002677401F08027D3900261E09480900260E0940040069002677401F0900265E07004A3E0641060069002677401F07A
:402480009002621202A9E94A4B700590026704F0900267E06002A162B1BFEF6002A15C900260E0FCA3E0FDA31202A9900265E0FFA3E090026ECFF0A3EFF090025FE0FF1265
:4024C00028CB900267EFF064076002A158904722E0540270087F01FE1206A080F0904722E054026009E0FF1313543FFF80027FFFEF7006900267F0800690026774FFF0900F
:402500000267E0705390025FE0FFA3E0FCA3E0FD9003F0E0FBA3E090026CF0D1A2900267EFF064077032904722E0540270087F01FE1206A080F0904722E054026009E0FFD5
:402540001313543FFF80027FFFEF7006900267F0800690026774FFF0B16880069002677404F0900267E0FF2212070BE4900400F00206F3D12FB1BFEF7039D159900260EFDF
:40258000F06407702A904722E0540270087F01FE1206A080F0904722E054026009E0FF1313543FFF80027FFFEF7004900260F0B16880069002607404F0900260E0FF2290E9
:4025C00002687404F012070B900400E0700704F0E4900268F01206F3900268E0FF22D12F90026074FFF0B1BFEF70387F01D174EF6407702B7B017A0379F07D02D1F6EFB4D1
:402600000215E4900260F0904722E0540270107F01FE1206A080F0904722E0540260D5B16880069002607404F0900260E0FF2212070B9043A0E04408F09043B0E04408F0C6
:402640000206F3B17390025FEFF07007B1DE90025FEFF090025FE0FF227F07904722E05402600E90472074B6F074E0F0740DF080027F04227E07904722E05402601F904789
:402680002074B6F074E1F0740EF0904722E054027007904720EFF080067E0980027E04AF0622900269ECF0A3EDF0AC077D07904722E05402603B90472074B6F074D8F074AC
:4026C00005F0904722E054027023904720ECF0900269E0904720F0900269E0A3E0904720F0EBF090026CE0904720F080067D0980027D04AF05229002611202B2900264ED28
:40270000F0E4A3F0900264E0FFA3E0C39F5037904722E054016003D38001C340097F017E001206A080E9904720E0FF9002611202A9900265E029F9E43AFAEF120033900284
:4027400065E004F080BE900265E0FF2290646DE0FF227B027A447904AD07AC06020731EFC43354E0904482F0229044C87404F022904F00E05401F0904F02E054FCF0904FA4
:4027800001E04401F0904F0BE054CFF0E04430F0E054F0F0E0440FF07FF0F1A87FF0F1B5E4FF904F03EFF0227B027A4F7904EFFD7C00020731900000EFF09043A3E0540149
:4027C0007003D38001C340057F00120DED9043A3E04401F07B027A4F7906900000E0FD7C001207319043A3E054FEF022904210E0548060047F0180027F002280FE32E49081
:402800000000F0900000E0FFD3941F5020EF75F002A42400FFE5F03444FAA9077B017C277DFB120731900000E004F080D622D2AF9044F474FDF07D02E4FF120FA09003FE14
:402840007401F022E4FF7F019003F87401F0A3DFFCE4900328F0900323F090032BF090031FF0900325F090032AF0900320F09060287403F09060087480F022C0E0C0F0C0F6
:4028800083C082C085C084C086758600C093759300C0D075D000C000C001C002C003C004C005C006C0071144D007D006D005D004D003D002D001D000D0D0D093D086D0849F
:4028C000D085D082D083D0F0D0E032900268EFF0A3ECF0A3EDF0A31202B29002707407F0904722E05402700221D790472074B6F074D5F07402F0904722E05402600221CFC4
:40290000900268E0904720F0E4900271F0A3F090026EE0FEA3E0FF900271E0FCA3E0FDC39FEC9E501F90026B1202A9E92DF9EA3CFA12001A904720F0900271E475F00112F7
:40294000004580CB90026EE064017002A3E0600221DD900268E0FFD3943F400221DD7E007C207D00120331E42FFFE43EFEED3408FDE43CFCC004A905AA06AB07A3E0FEA325
:40298000E0FF7C007D20120331D0001200A5900273120291E4900271F0A3F0900271E0FEA3E0FFC39420EE94005032E4FCFDA31202851200A5A907AA06AB0512074D904743
:4029C00020EFF0900271E475F00112004580CC9002707409F080069002707404F0900270E0FF22C0E0C0F0C083C082C085C084C086758600C093759300C0D075D000C000F7
:402A0000C001C002C003C004C005C006C007906028E0900277F0E0FF5410700241C3A37401F0EF54806021900277E0540F64016005A3E4F0803012301090032CE0548060E2
:402A400025900278E4F0801E900277E05440600451E68012900277E0542060051236F78005900278E4F0900278E06057906028E0900277F0E05480704A90032FE0FF900373
:402A800027E04F900277F0E0FF906029F0E0FEEF6E703090032CE0900278F0906028E05480900277F0E0700F90032CE0906028F0E0540F900278F090032CE0FF900278E0DB
:402AC000B507D0D007D006D005D004D003D002D001D000D0D0D093D086D084D085D082D083D0F0D0E032900328E024FC600A24FE6008240470068005E1A1F1B122E4FD90DC
:402B00000320E0FF90032DE48FF0120045D3900318E09400900317E09400403AED940850359003191202A912001AFFE42DF582E43460F583EFF09003191202A9E92401F926
:402B4000E43AFA9003191202B20D90031774FFF5F012004580B7900320E064086006EDD394004015900327E06480F090032C740FF09003287402F0800A90032C7402F09020
:402B80000328F090032FEDF0900320F0221202B2900317E07002A3E070051237AB802F9003287402F0E4900327F01235FE906007E0FE906006E0FDEEEDFFD3900318E09FC6
:402BC000900317E09E4005EEF0A3EFF051FD7F0122E490027AF0906000E090027CF07B007A007900A31202B2E4900317F0A3F090027CE0548064806002A1EB906001E070AD
:402C000002A13A24F87002A1AC24FE7002A1C824046002E183906003E0B4012B123ED7900280EEF0A3EFF0F5828E83A31202BB9003191202B2900317E4F0A37412F07190A1
:402C400090027AEFF0E183906003E064027060906002E0FF123426900280EEF0A3EFF04E7002E183900280E0FEA3E0F5828E83A31202BB9003191202B29003191202A9E9F8
:402C80002403F9E43AFA12001AFE9003191202A9E92402F9E43AFA12001AFDEEEDFF900317EEF0A3EFF0719090027AEFF0E183906003E064037079FF7BFF7A0779A0900204
:402CC0007D1202B2906002E0D39F401F90027D1202A912001A601412001AFE7C0029F9EC3AFA90027D1202B20F80D9906002E0FF6016900775E493FEEFB5060C7BFF7A07E4
:402D000079FF90027D1202B290027D1202A912001A7002E18312001AFF900317E4F0A3EFF09003191202B2719090027AEFF0E18312307390027AEFF0E18390027CE0540342
:402D4000603F24FE6002E183900317E4F0A37402F0906004E0547F75F00BA42432F582E43403F583E09003FBF0E4A3F07B017A0379FB9003191202B2719090027AEFF0E1A9
:402D800083900317E4F0A37402F090032AE09003FBF0E4A3F07B017A0379FB9003191202B2719090027AEFF0E183E183900317E4F0A304F0FB7A03792B9003191202B271D0
:402DC0009090027AEFF0E183900317E4F0A304F0906004E02416F9E43403FA7B01900319718D90027AEFF0E183E183906001E0147002C1AF24FE7002E11F24FA601B24FED4
:402E0000607024066002E183906002E0900325F0F18990027AEFF0E183906002E090027BF0D39400400EE014FF123426900280EEF0A3EFF090027BE0FFD39400400A90020B
:402E400080E07002A3E07005EF6002E18390032BE0FF90027BE0FE6F600F90032BEEF09003237401F0FF12394DF18990027AEFF0E18312368BEF7002E183906004E0FE905C
:402E8000031FF074162EF582E43403F583E0FF74242EF582E43403F583E06F60099003237401F0123CD4F18990027AEFF0E18390027CE05403601A146031146002E1839003
:402EC0006002E06002E183123F7790027AEFF0E183906002E064016002E18390032AE054FDF0F18990027AEFF0E183906004E0FFC394014002E18374262FF582E43403F5EE
:402F000083C083C082E0FF906002E0F4FEEF5ED082D083F0F18990027AEFF08066806490027CE05403601614602B147056906002E07050123EF090027AEFF080469060022C
:402F4000E06401703E90032AE04402F0F18990027AEFF0802E906004E0FFC39401502474262FF582E43403F583C083C082E0FF906002E0F4FEEF5ED082D083F0F1899002F0
:402F80007AEFF090027AE0FF229003287406F090032CF09003277480F0E490032FF07F0122E4900328F07F01F1D390032C7403F022900325E0600CE04480906008F0E490E2
:402FC0000325F0E4900328F07F01F1D390032C7403F02290031C1202A9E94A4B603190031C1202A9EF12003390032DE0FEA3E0FF90031C1202A9E92401F9E43AFAEE8FF06B
:403000001200867B007A00790090031C1202B222906028E0900279F0E0906028F0E0900279F0E0FF5480600690032CEFF0227F02122FD3906000E0546024E0601224E06071
:40304000172440701C122BD1900279EFF080171173900279EFF0800EB1EE900279EFF08005E4900279F0900279E0700690032C7403F022E4900283F0906000E0540324FEF6
:40308000600D047024906004E0900282F0801F906004E0547F75F00BA4243AF582E43403F583E0900282F08005E4900282F0900282E0FFD394015022900321E0FCA3E02F11
:4030C000F582E43CF583E49324FD700911E0900283EFF08005E4900283F0900283E0FF22E4900284F0906004E0900285F0906000E05480700221C5A3E014604F1460641454
:403100007002219524FD6002419B906003E0B421189173900317E07002A3E07002419B122B90900284EFF0419B906003E064226002419BB11C900317E07002A3E070024143
:403140009B122B90900284EFF0419B51A1900317E07002A3E07002419B122B90900284EFF0419B900285E0FFC394014002419B906002E06002419B900317F0A304F074F7A1
:403180002FF9E43403FA7B01900319122B8D900284EFF0419B900285E0FFC394014002419B900317E4F0A304F074F82FF9E43403FA7B019003191202B2122B90900284EF25
:4031C000F0419B419B906001E024F66022147002417424026002419B51A1900317E07002A3E07002419B71F0900284EFF0419B900285E0FFC394014002419B906002E0608C
:4032000002419BA3E0FE74F72FF582E43403F583EEF074F62FF582E43403F583E0FE74F72FF582E43403F583E0C39E5011900285E024F6F582E43403F583E4F0802C9002B9
:4032400085E0FF24F6F582E43403F583E0D39401401874F72FF582E43403F583E0FE74F62FF582E43403F583EEF0122F89900284EFF08027900285E0FFC39401501D906012
:4032800002E0FE9401501474F82FF582E43403F583EEF0122F89900284EFF0900284E0FF22E4900317F0A3F090032BE014FF9126900286EEF0A3EFF0906003E090028BF00B
:4032C000906004E090028CF02402FFE433FEEF7802C333CE33CED8F9FF900287E02FFF900286E03EFEF0A3EFF0F5828E83A31202BBAF01900286EAF0A3EFF090028CE0FFCC
:40330000C39401400261EF74162FF582E43403F583E075F004A4FFAEF0900287E02FF0900286E03EF0E0FEA3E0F5828E83A31202BBAF01900286EAF0A3EFF090028BE0FF9D
:40334000C39401500261EFEFD39403400261EFEF24FFFFE434FFFEEF7802C333CE33CED8F9FF900287E02FFF900286E03EFEF0A3EFF0906002E0FD90028BF08F828E83E495
:4033800093C39D406A900286E0FEA3E0F5828E83A31202BB9002881202B290028BE075F008A4FF9002881202A9E92FF9EA35F0FA9002881202B29002881202A9E92402F960
:4033C000E43AFA1202C79003191202B29002881202A912005BFF900317E5F0F0A3EFF0E92405F9E43AFA1202C790031C1202B2229003287404F09003277480F0B1FE90603F
:4034000007E0FE906006E0FDEEEDFFD3900318E09F900317E09E4005EEF0A3EFF090032C740BF07F012290028DEFF0900329E025E025E024ADF582E43408F5831202BBAE5F
:4034400002AF01EF2408FFE43EFE8F82F583E493FD90028DE0FCC39D4005E4FEFF80138F828E8375F004EC12029DA31202BBAE02AF012290032BE014FF9126900286EEF0D5
:40348000A3EFF0906004E0900288F02402FFE433FEEF7802C333CE33CED8F9FF900287E02FFF900286E03EFEF0A3EFF0F5828E83A31202BBAF01900286EAF0A3EFF0A3E006
:4034C0002416F582E43403F583E075F004A4FFAEF0900287E02FF0900286E03EF0E0FEA3E0F5828E83A31202BBAE02AF01900286EEF0A3EFF02410FFE43EFE900286F0A38F
:40350000EFF0F5828E83A31202BB12001AFF900317E4F0A3EFF09003190202B290032BE014FF9126900286EEF0A3EFF0906004E090028BF02402FFE433FEEF7802C333CEFD
:4035400033CED8F9FF900287E02FFF900286E03EFEF0A3EFF0F5828E83A31202BBAF01900286EAF0A3EFF090028BE02416F582E43403F583E075F004A4FFAEF0900287E0CB
:403580002FF0900286E03EF0E0FEA3E0F5828E83A31202BBAE02AF01900286EEF0A3EFF0240CFFE43EFE900286F0A3EFF0F5828E83A31202BB9002881202B29002881202B2
:4035C000A9E92401F9E43AFA12001AFE9002881202A912001AFDEEEDFF900317EEF0A3EFF0E92402F9E43AFA9003190202B2E4FF906000E054806005A3E0FE800022E490F0
:40360000032DF0A3F090031C1202A9E94A4B601D90031C1202A9E412003390031C1202A9E92401F9E43AFAE4F5F01200862290032BE014FF9126AD07AC06ED4C603D8D821A
:403640008C83A31202BBE92404F9E43AFA12001A2402FFE433FEEF7802C333CE33CED8F92DFDEE3CFCAF058D82F583A31202BBAF0190028AEAF0A3EFF08007E490028AF0A6
:40368000A3F090028AE0FEA3E0FF22E4900282F0906004E0900283F090032BE014FF91268F828E83A31202BBE92404F9E43AFA12001AFF900283E0FED39F4006EED39401CE
:4036C000502F74162EF582E43403F583E0FF74242EF582E43403F583EFF0906002E0FF74162EF582E43403F583EFF09002827401F0900282E0FF22900328E024FC600A24B2
:40370000FE60082404700F800E802B7F03122FD390032C7403F022900320E0FF90032DE48FF0120045E4900328F07F01122FD390032C7403F022E4FF906029E0540F24FE8D
:40374000FEFD90032DE48DF0120045D3900318E09400900317E09400403CEED394004036E42FF582E43460F583E0FD9003191202A9ED1200339003191202A9E92401F9E439
:403780003AFA9003191202B20F1E90031774FFF5F012004580B5AF0690032FEEF0900327E06480F090032C740BF0229003287402F09003277480F090032C740FF0E490032D
:4037C00020F090032FF07F0122C0E0C083C082C085C084C086758600C093759300C0D075D000C00790600B7401F090600EE0FF90033BE054036401600790033EE06480F0EC
:4038000090033C7401F0D007D0D0D093D086D084D085D082D083D0E032C0E0C083C082C085C084C086758600C093759300C0D075D000C00790600B7402F090601EE0FF9030
:403840000346E0540364016007900349E06480F09003477401F0D007D0D0D093D086D084D085D082D083D0E0327D01EDC394094002214675F010ED90607012029D740CF076
:40388000ED75F00BA42435F582E43403F583E06031ED75F00BA42434F582E43403F583E05480600F75F010ED905FFE12029D740CF0801C75F010ED905FFE12029D7408F035
:4038C000800D75F010ED905FFE12029D7480F0ED75F00BA42436F582E43403F583E0A3E0FF75F010ED90607612029DEFF0ED75F00BA42436F582E43403F583E0FF75F0107F
:40390000ED90607712029DEFF0ED75F00BA42436F582E43403F583E0A3E0FF75F010ED90607412029DEFF0ED75F00BA42436F582E43403F583E0FF75F010ED906075120267
:403940009DEFF00D016B90600A74FFF022E4900284F0A3F0900282F0900282E0FEC39409507AEE75F00BA42430F582E43403F583E4F0EE75F00BA42432F582E43403F583A0
:40398000E4F0EE75F00BA42433F582E43403F583E4F0EE75F00BA42438F582E43403F583E4F0A3F0EE75F00BA4243AF582E43403F583E4F0EE75F00BA42431F582E4340306
:4039C000F583E4F0EE75F00BA42435F582E43403F583E4F0900282E004F02158EF602FE4900283F0900283E0FFC39401502074162FF582E43403F583E4F074242FF582E405
:403A00003403F583E4F0900283E004F080D690032BE0D39400500281D3E014FF123426900286EEF0A3EFF0900286E0FCA3E0FDF5828C83A31202BBE92407F9E43AFA12009F
:403A40001A5440600990032AE04401F0800790032AE054FEF0ED2404FFE43CFE900286F0A3EFF0F5828E83E493900282F0A37401F0900283E0C3940940028110900286E010
:403A8000FEA3E0F5828E83A31202BBAF01900288EAF0A3EFF0E4FF900282E0FEEFC39E40028108900288E0FCA3E0F5828C83740293547FFD900283E0FE6D7001E460026125
:403AC000F7900288E0A3E0F5828C83740493FC740593FDEE75F00BA42438F582E43403F583E0FAA3E0C39DEA9C5029900288E0FCA3E0F5828C83740493FC740593FD9002F7
:403B000083E075F00BA42438F582E43403F583ECF0A3EDF0900288E0FCA3E0FDF5828C83E4932416F582E43403F583E0FE8D828C83740193FDEE6D600261F7900288E0A3E2
:403B4000E0FDF5828C83740293FE900283E0FB75F00BA42434F582E43403F583EEF08D828C83740393FEEB75F00BA42430F582E43403F583EEF0900288E0FCA3E0F5828CBA
:403B8000837403935403FE900288E0A3E0F5828C8374029354806031EEB401047D0780027D0D900283E0FC75F00BA42435F582E43403F583EDF0EC75F00BA42431F582E486
:403BC0003403F5837401F0802EEEB401047E0580027E09900283E0FD75F00BA42435F582E43403F583EEF0ED75F00BA42431F582E43403F583E4F0900289E02407F09002AD
:403C000088E03400F00F4197900283E004F04171900286E0FEA3E0F5828E83A31202BBAF01900288EAF0A3EFF0E4900283F0900282E0FFA3E0C39F5038900288E0FEA3E019
:403C4000F5828E83E493FD740293547F75F00BA4243AF582E43403F583EDF0900289E02407F0900288E03400F0900283E004F080BD12362E900321EEF0A3EFF0E490028435
:403C8000F0A3F090028204F0900282E0FFC39409503F900284E0FCA3E0FDEF75F00BA42436F582E43403F583ECF0A3EDF0EF75F00BA42438F582E43403F583E0FEA3E0FF99
:403CC000900284EE8FF0120045900282E004F080B711692290032BE0D394005002C1D6E014FF123426EF2404FFE43EFE8F82F583E493900282F08F828E83A31202BBAD0166
:403D0000AC0290031FE0900283F0E4FB900282E0FFEBC39F4002C1D68D828C83E493FF900283E0FE6F6002C1CC8D828C830493FF74162EF582E43403F583E06F6002C1CCAD
:403D40008D828C83740293547FFA7403935403F9EA75F00BA42433F582E43403F583E4F08D828C83740293FFEA75F00BA42434F582E43403F583EFF08D828C83740393FF36
:403D8000EA75F00BA42430F582E43403F583EFF08D828C83740493FE740593FFEA75F00BA42438F582E43403F583EEF0A3EFF08D828C837402935480602DE9B401047F0722
:403DC00080027F0DEA75F00BA42435F582E43403F583EFF0EA75F00BA42431F582E43403F5837401F0802AE9B401047F0580027F09EA75F00BA42435F582E43403F583EF89
:403E0000F0EA75F00BA42431F582E43403F583E4F075F010EA905FFE12029D7401F0EA75F00BA42438F582E43403F583E0FF75F010EA905FFC12029DEFF0EA75F00BA424C0
:403E400038F582E43403F583E0A3E0FF75F010EA905FFD12029DEFF0EA75F00BA42436F582E43403F583E0A3E0FF75F010EA90607612029DEFF0EA75F00BA42436F582E4F7
:403E80003403F583E0FF75F010EA90607712029DEFF0EA75F00BA42436F582E43403F583E0A3E0FF75F010EA90607412029DEFF0EA75F00BA42436F582E43403F583E0FFC6
:403EC00075F010EA90607512029DEFF0ED2407FDE43CFC0BA10C22900329E025E025E024ADF582E43408F5831202BBAE02AF0122E4900282F0906004E0547FFFD394004057
:403F000070EF9409506BEF75F00BA42432F582E43403F583E04401F0EF75F00BA42433F582E43403F583E4F0EF75F00BA42431F582E43403F583E04402F0EF75F00BA4247B
:403F400034F582E43403F583E05480600F75F010EF905FFE12029D748DF0800D75F010EF905FFE12029D7489F0122F89900282EFF0900282E0FF22E4900282F0906004E0E3
:403F8000547FFFD39400500302404EEF9409400302404EEF75F00BA42432F582E43403F583E054FEF0EF75F00BA42433F582E43403F583E4F075F010EF905FFC12029DE0E9
:403FC000547FF0EF75F00BA42431F582E43403F583E054FDF0EF75F00BA42434F582E43403F583E054806030EF75F00BA42431F582E43403F583E0B4010F75F010EF905F79
:40400000FE12029D740CF0803D75F010EF905FFE12029D740DF0802EEF75F00BA42431F582E43403F583E0B4010F75F010EF905FFE12029D7408F0800D75F010EF905FFE31
:4040400012029D7409F0122F89900282EFF0900282E0FF22000000000000000000000000000000000000000000000000000000000000000000000000000000000000000050
:404080000000000000000000000000000000000000000000000000000000000000000000000000000000000000000000000000000000000000000000000000000000000000
:4040C00000000000000000000000000000000000000000000000000000000000000000000000000000000000000000000000000000000000000000000000000000000000C0
:40410000024A6E008F828E83E0540100000070F82278FFE4F6D8FD024AFC024462E86480F8E933E83360110460F0ED33EC337009E8FCE9FDEAFEEBFF220460DED3EB9FEA0F
:404140009EE99DE8C2E78CF0C2F795F0400CE8CCF8E9CDF9EACEFAEBCFFB12442D85D0F05804700320D5B3E80470075002B2D502446C92D5EC0460F7E4CCC0E0C398F860E4
:404180003B94186008400DD0E0FB024444E4FBFAC9FC8028E830E406E4C9FBE4CAFCE830E305E4C9CACBFCE854076010F8C3E913F9EA13FAEB13FBEC13FCD8F130F52FC328
:4041C000E49CFCEF9BFFEE9AFEED99FDD0E0FBEF4E4D4C701222DB03024469EC2CFCEF33FFEE33FEED33FDED30E7EB024444EF2BFFEE3AFEED39FDD0E0FB50130BBB0003DC
:4042000002446CED13FDEE13FEEF13FFEC13FC024444EC4D6011E8497017ED33EC3304600DE4FCFFFEFD22E933E8330470F802446212442D58046009E4CC24815006285086
:404240000902446C284003024469C0E0EB4A7044B98006D0E0FB024458EF4E701CBD8008EBFFEAFEE9FD80EBE98DF0A4FEE5F00242FBE9CDF9EAFEEBFFEF89F0A4FCE5F0AD
:40428000CE89F0A42EFFE435F0CD89F0A42DFEE435F08067EF4E7005BD80D780C3EF8BF0A4ACF0EE8BF0A42CFCE435F0F8EF8AF0A42CE5F038FCE433CB8DF0A42CFCE5F0AD
:4042C0003BF8EE8AF0A42CFCE5F038F8E433CF89F0A42CFCE5F038CF3400CE89F0A42FFFE5F03EFEE433C98DF0A42EFEE5F039CD8AF0A42FFFE5F03EFEE43DFD33D0E0FB8C
:4043000050070BBB000F02446CEC2CFCEF33FFEE33FEED33FD02444402446CEC5D046005E85904700302446212442D580460F6EC4860F2EC7004FDFEFF22C860DB2481C839
:404340005009C398600250060244699850CAF582E9294B4A7005AB8202445875F0007C1A7880C3EF9BEE9AED99400DC3EF9BFFEE9AFEED99FDE842F0DC23ACF0D0E0FFD0EE
:40438000E0FED0E0FDAB8220E7101BEB60BAEC2CFCEF33FFEE33FEED33FD024444E803F830E705C0F075F000EF2FFFEE33FEED33FD40B830E7C280AA75F020800E75F01023
:4043C000800575F0087D007E007F003392D530D503124629EC334010EF33FFEE33FEED33FDEC33FCD5F0ED22E5F0247EA2D513CC92E7CDCEFF22EDD2E7CD33EC3392D52421
:40440000814006E4FFFEFDFC22FCE4CFCECDCC24E0501174FF80EDC3CC13CCCD13CDCE13CECF13CF0470F030D5DE024629E9D2E7C933E833F892D5EDD2E7CD33EC33FC5002
:4044400002B2D522EC30E7100FBF000C0EBE00080DBD00040BEB6014A2D5EB13FCED92E7FD2274FFFCFDFEFF22E480F8A2D574FF13FC7D80E480EFBB010689828A83E02296
:404480005002E722BBFE02E32289828A83E49322BB010689828A83F0225002F722BBFE01F322EF8DF0A4A8F0CF8CF0A428CE8DF0A42EFE22C5F0F8A3E028F0C5F0F8E582B2
:4044C000158270021583E038F022A3F8E0C5F025F0F0E582158270021583E0C838F0E822BB010A89828A83F0E5F0A3F0225006F709A7F01922BBFE06F3E5F009F31922E8B4
:404500008FF0A4CC8BF0A42CFCE98EF0A42CFC8AF0EDA42CFCEA8EF0A4CDA8F08BF0A42DCC3825F0FDE98FF0A42CCD35F0FCEB8EF0A4FEA9F0EB8FF0A4CFC5F02ECD39FE7E
:40454000E43CFCEAA42DCE35F0FDE43CFC2275F008758200EF2FFFEE33FECD33CDCC33CCC58233C5829BED9AEC99E58298400CF582EE9BFEED9AFDEC99FC0FD5F0D6E4CEEC
:40458000FBE4CDFAE4CCF9A88222B800C1B90059BA002DEC8BF084CFCECDFCE5F0CBF97818EF2FFFEE33FEED33FDEC33FCEB33FB10D703994004EB99FB0FD8E5E4F9FA22DC
:4045C0007818EF2FFFEE33FEED33FDEC33FCC933C910D7059BE99A4007EC9BFCE99AF90FD8E0E4C9FAE4CCFB2275F010EF2FFFEE33FEED33FDCC33CCC833C810D7079BEC96
:404600009AE899400AED9BFDEC9AFCE899F80FD5F0DAE4CDFBE4CCFAE4C8F922CFF4CFCEF4CECDF4CDCCF4CC22C3E49FFFE49EFEE49DFDE49CFC22EB9FF5F0EA9E42F0E979
:404640009D42F0EC6480C864809845F022EB9FF5F0EA9E42F0E99D42F0E89C45F022E8600FECC313FCED13FDEE13FEEF13FFD8F122E8600FEFC333FFEE33FEED33FDEC33B1
:40468000FCD8F122BB010789828A830247665005E9F802475ABBFE05E9F802477289828A8302477EBB010789828A830246BE5005E9F802478EBBFE05E9F802479A22ECF009
:4046C000A3EDF0A3EEF0A3EFF022A42582F582E5F03583F58322D083D082F8E4937012740193700DA3A393F8740193F5828883E4737402936860EFA3A3A380DFE5092582C2
:40470000F582E5083583F583B508048582092210AF06858209F50822858209F508D2AF22E5092582F582E5083583F58322EC8EF0A4CCC5F0CCCDF8EFA4CEC5F02DFDE43C83
:40474000FCE8A42EC8C5F03DFDE43CFCEFA4FFE5F028FEE43DFDE43CFC22E6FC08E6FD08E6FE08E6FF22E0FCA3E0FDA3E0FEA3E0FF22E2FC08E2FD08E2FE08E2FF22E4934F
:40478000FC740193FD740293FE740393FF22ECF608EDF608EEF608EFF622ECF208EDF208EEF208EFF222410A03554109A73241099C0041099B004109FE01410A09124109BC
:4047C0009D004109FA004109A532410A010041099E00410A08014209A000004109A4004109FD004109FC00440A0400000000410A02004109FB024109FF004109A600410A5F
:4048000000004109F90041099F004109A2004109A30041099800410CE400410CE300410CE800410CE700410CE60060390BBD480707070778B5B60755CE865695FD7D3D1D7D
:404840000D0585C5E5F5E007078D0730684284A4830124C3040274A344C282E364D443038123146394B4C4440CC600001388410CB700420CAC3DF4420CAE0000410CB0000D
:40488000420CB10BB8420CB30000420CB50000440B6A00000000440B6E00000000410B3900410B4600440B5C00000000440B6000000000410B6400410B6500410B660041F7
:4048C0000B6700440AAE713D0A07440ABF713D0A07410A9800440A9D00000000410ABE00410AA200440A9900000000440AC3017D7840410A9700410A8000420AA3002A42C5
:404900000A7E002A440AC800000000410AD000410AC700420A810000440A7000000000410A7400440A7500000000440A7900000000410A7D00440C5400000000440C4600AC
:40494000000000410C5200410C5300440C5800000000440C3D00000000440C4100000000410C450041090300440C8500000000440C8100000000410C8000440C8900000007
:4049800000410C7700420C782710440C7C000D4A58410C7432410C7200410C7500410C7300410C6D15440C6E00000000410C7600410C5C00410C5D00410C5E00410C5F008D
:4049C000410C6000410C6100410C6200410C6300410C6600410C6700410C6800440C6900000000410B1000410B2C0C490AD1000004040000000000410CEA00410CEF004168
:404A00000CF0FF410CF1FF410CF2FF410CF3FF410CF4FF410CF5FF410CCF80410CCE7F440CCA000000FF440CA3023366C4440C9E0000903C410CA225440CA8481E00004132
:404A40000CF600460CD0008102370300410CF7FF410CF8FF430CD6000000410CF900420C140180420C16FF7F420C1201000075930078007583467582E8E04401F0009048B3
:404A80000074C0F07581099076BCE4F0A3F0A3F0A3F0907010F0907019F0907020F09076007410F0907604E4F0A3F0A3F0A3F09078007800087400F0A37408F0E8B80402B9
:404AC00074FFA3F0A37422F0A374BCF0A37476F0A3E4F0A3E81475F008A4F0A3B804D59070107401F0907014F07E707F18124104907010F0EA900CA7F002411175081F7525
:404B000009FD12B94912A61212B8DC024B49025D20E493A3F8E493A34003F68001F208DFF48029E493A3F85407240CC8C333C4540F4420C8834004F456800146F6DFE480BB
:404B40000B01020408102040809047A6E47E019360BCA3FF543F30E509541FFEE493A360010ECF54C025E060A840B8E493A3FAE493A3F8E493A3C8C582C8CAC583CAF0A3E1
:404B8000C8C582C8CAC583CADFE9DEE780BEC2D5E830E70FB2D5E4C39BFBE49AFAE499F9E498F8EC30E717B2D5124BC412458AE4C39BFBE49AFAE499F9E498F88003124590
:404BC0008A30D50DE4C39FFFE49EFEE49DFDE49CFC22758600EF4E601BEF60010E8C838D828B958A858984E493A30586F0A31586DFF5DEF3E4F59522EC30E703124629221C
:404C0000EC4D4E700D78FCEF24E950032840FD2200007BF178DA0000EF28FF78FFEE38FEED38FDEC38FC50E7EF2BFFEE38FEED38FDEC38FC40F22205020304758600EF4E25
:404C40006027EF60010E759300900A2AE0F595A3E0F585A3E0F5848B938A838982E0A30586F0A31586DFF6DEF4E4F593F5952232EEFA900CA2E0F88FF0A4FFAEF0E88AF09D
:404C8000A42EFEE5F03400FDEF24C9FF78FFEE38FEED38FDE438FC5003024C0022EC4D6011ED60010C8B938A838982E4F0A3DDFCDCFA75930022EF54016004D2AF8002C2B4
:404CC000AFEF5402FF9044F4E054FD4FF0229044F4E0F84402F0E85402FF10AF012274014FFF228B938A838982EFF0A3EEF0A3EDF0A3ECF0759300224520200050202000B9
:404D000053202000432020008B938A838982E0FFA3E0FE759300228B938A838982EDF0A3ECF0759300228B938A838982E0759300FF228B938A838982EDF0759300228000E5
:404D400000000000000000000000000000000000000000000000000000000000000000000000004000000000000000000000000000000000000000000000000000000000F3
:404D800000000000000000000000000000000000000100000000000000000000000000000000002000000000000000000000000000000000000000000000000000000000D2
:404DC0008000000000000000000400000001000000000000040400000000000000000000000140404000000000001000000000000000000000000000000000000000400015
:404E000000000000000020000000000000000000000080000000800000000000000000008000000000000000100000000000000000000000000000000000000000000000C2
:404E400000000000000000000000000000000000000000000000000000000000000000404000000000000000000000000000000000000000000000000000000000000000B2
:404E800000000000000000000000000000000000000000000000000000000000000020000000000000000000000000000000000000000000000000000000000000000100D1
:404EC00001000020000020000000000000000000000001808404000000000000000000000001506041000000000000000040000004000040000000000000000000000000F2
:404F000000000000000010000000000000000000000000000000400000000000000000009000000080000000000000004000000000000000000000000000000000000000D1
:404F40000000000000000000000000000000100000000000000000000000000000000000000000000000000000000000000000000000000000000000000020000000000001
:404F800000000000000000000000000000000040000000000000000000000000000000000000000000000000000000000000000000000000000000000000000000000000B1
:404FC0002000010000000100000000000000004000000100804400000000110020000000000141604100000000140000000000000000000000000000000000000000000062
:40500000000010000000000000000000200000000000200000000000000000000000000020000000100000000000A000000000000000000000000000000000000000000050
:40504000000000000000001000000000002A0000000000000000000000000000000000000000000000000000000000000000000000000000000004000000000000440400AA
:4050800000000000000000000000000000000000100001002000000080000000000001200000000020000000000000000000000000000000000000000000000000000000FE
:4050C0001000000010004000000000100000044010000000000000000000110000000000000000404100000000000000002100000000000000000000000000000000000039
:40510000E00000000000000000000000E00010000000E0006000C00000000000000080004000000000000000000000000000000000000000000000000000000000000000DF
:405140000000000000000000000000000000004000000000800004000001000010000000000000000000000000000000000011000000000041000000000000800000000088
:4051800000200000000000000000000000000000000000000000000000000000000000000000000000000000000000000000000000000000000000000000000000000000CF
:4051C000800000000000000000000000000000000000000000000000000000000000000000000000000000000000000000000000000000000000000000000000000000002F
:4052000000006000700000000000F00020001000000000000000000000000000000080000000000000000000000000000000000000000000000000000000000000000100FD
:405240000000000000000100000000000100010000001000010001000000080000000100000008000100010000000100082302523E760800082303524676100008230452FD
:405280004E7620000823055256762800082306525E76300005230752667020000523085266703000052309526670500005230A52667060000523FE526670700015220C0C9E
:4052C000DF49C8004022FE0CDF51300180220E0CDF08000180220F0CDF0A00018022100CDF0C00018022110CDF0E00010022120CDF4400008022130CDF4600008022FE0C5A
:40530000DF4D00008023154D3E4800008023164DBE4880008023174E3E4300008023184EBE4380008023194F3E42000080231A4FBE42800080231B503E41000080231C5064
:40534000BE41800080231D513E4000008023FE51BE40800007231F082852000007232008305208000723210838521000062322084052600007232308485278000823240818
:40538000504578000C232508604F0000202326106C6470002023FE108C6570000823280858510000802329086C00000080232A08EC00800080232B096C02000080232C09C8
:4053C000EC02800080232D0A6C04000080232E0AEC04800080232F0B6C0600008023300BEC0680008023310C6C1400008023320CEC1480008023330D6C1600008023340D01
:40540000EC1680008023350E6C1800008023360EEC1880008023370F6C1A00008023380FEC1A800010233910AC50100010233A10BC50000080233B10CC4D800080233C11AE
:405440004C4C000080233D11CC4C800080233E124C47000080233F12CC478000802340134C46800080234113CC450000802342144C45800080234314CC1B00008023441507
:405480004C1B800080234515CC150000802346164C15800080234716CC190000802348174C19800080234917CC17000080234A184C17800080234B18CC09800080234C194A
:4054C0004C07000080234D19CC07800080234E1A4C0B800080234F1ACC0500008023501B4C0580008023511BCC0D80008023521C4C0300008023531CCC0380008023541D22
:405500004C0F80008023551DCC0100008023561E4C0180008023571ECC4900008023FE1F4C498000010000000200000004000000050000000600001201000200000008C0D9
:4055400016DC0503000F0E80010902B700040100C0020904000000FF00000C0904010000010100090A2401000134000202030C2402010306000203000000092403020101F9
:405580000001000C240203010100020300000009240304030600030009040200000102000A09040201010102000A072401020201000B240201020210010077010905822D87
:4055C00080010100000725018001000009040300000102000B09040301010102000B072401030101000B240201020210010077010905032D800101000007250180010000DF
:40560000040309040C03410045003900520042001A0350006500610062006500720072007900200053004400520022035000650061006200650072007200790020005200C3
:4056400065006300650069007600650024035000650061006200650072007200790020005400720061006E0073006D00690074001E03500065006100620065007200720004
:405680007900200052006100640069006F0016034400470038005300410051002D004900320043001A037700770077002E006F0062006400650076002E00610074001E03D2
:4056C0004D0075006C00740075007300200043006F006E00740072006F006C0020034D0075006C00740075007300200049005100200053006F0075006E00640024034D001B
:4057000075006C007400750073002000490051002000520065006300650069007600650026034D0075006C0074007500730020004900510020005400720061006E007300FA
:405740006D006900740026034D0075006C007400750073002000530044005200200043006F006E00740072006F006C0020034D0075006C00740075007300200053004400BE
:4057800052002C004C004C0043002E001203500072006F0066006900630069006F0026037700770077002E006D0075006C007400750073002D007300640072002E006300A5
:4057C0006F006D0000120350004500300046004B004F002D0030000201822D0180010301032D018001FF01010101FF554902FF57D7000000000000000000000000000000FD
:405800000000FF57E501FF55370000000001FF57E901FF58053031323334353637383941424344454600E4900A31F0A3F0A3F0A3F0A3F07F64FEFDFC11E8D2AF9044F474E7
:40584000FDF0126C9412ABD712BD007E9F7FF512BD3E1287CDE4FFFEFDFC900A371246BE7FC031D2900A2FEFF0700912B6FE12ABD712B79D126F22900A30EFF0900A2FE0E9
:40588000700CA3E060087BFF7A4C79F8316F900A30E060087BFF7A4C79FC316F900A2FE070087BFF7A4D7900316F7F807E9F7DD57C00900A991246BEE4900AA1F0900A99D9
:4058C000E0FCA3E0FDA3E0FEA3E0FF127A45EF70ECE47FDC7E05FDFC11E8D1CAEF54FEFFD1C4E47F05FEFDFC90FFFC1246FC1246BE850883850982E0A3E0A3E0FEA3E0D35B
:405900009400EE9480403D900CA8E0FCA3E0FDA3E0FEA3E0FF124C00850883850982C083C082E0FCA3E0FDA3E0FEA3E02400FFEE3480FEED34FFFDEC34FFFCD082D083129C
:4059400046BE80AD900C9EE0FCA3E0FDA3E0FEA3E0FF850883850982E0F8A3E0F9A3E0FAA3E0FB1244FF124C009000040246FC900A36EBF0A3EAF0A3E9F0E4900A3AF0A374
:40598000F0900B10E0600312AF67D1CAEF5401440AFFD1C4900A36E0FBA3E0FAA3E0F9126B52F157EF5408FF900A39E06F60F3EFF0A374FFF5F01244CA45F070E5900A3A4E
:4059C00004F0A374E0F07B007A007900126B5280D122900A36EFF0E4900A3BF0FF7ED77DA37C701267F0900AB21246BE900A36E0FD7FB751AB900A3BEFF0700241A3E4FFCD
:405A0000FEFDFC900A37E0F8A3E0F9A3E0FAA3E0FBC312464D6014900A37E0FCA3E0FDA3E0FEA3E0FF900AC31246BE7D807F1051AB900A3BEFF07D807F1151AB900A3BEF47
:405A4000F07D807F1251AB900A3BEFF07D0C7F1051AB900A3BEFF07D0C7F1151AB900A3BEFF07D0C7F1251AB900A3BEFF0E4FDFF12868CE4FFB1057F01B105E4FD7F011257
:405A800085AEE4FD7F021285AEE4FD7F01F1AAE4FD7F02F1AAE4FD7F01128398E4FD7F02128398900A3BE0FF7E0022900A5B7401F0E4A3F0900A59EFF0A3EDF07B017A0A7F
:405AC0007959900A617402F0E4A3F07F601284FF900A5CEFF012847BEF30E1F9F1F1EF64026005E4900A5BF0900A5BE0FF22900A4FEFF0900B46E0B40800400281FF905B5C
:405B000005F8282873025B1D025B89025BAE025BF4025C23025C49025CAD025CDCE47F80FEFDFC900A50E0F8A3E0F9A3E0FAA3E0FB1244FFE42FFFEE34FEFEED34FFFDECDB
:405B400034FFFC900B3A1246BEE4FFFEFDFC900B3E1246BEE47F01FEFDFC900B421246BE900B42E0FCA3E0FDA3E0FEA3E0E4FFEEE4FDFC780812465EAD07900A4FE0FF5106
:405B8000AB900B46E004F081FF900A4FE004FFC007900B42E0FCA3E0FDA3E0FEA3E0FFE4AD07D00751AB900B46E004F081FF900A4FE02402FFC007900B3AE0FCA3E0FDA30D
:405BC000E0FEA3E0E4FFFEED5403FDE4FC781012465EA804A905AA06AB07900A54E0FFE4EB4FFFEAE9E8AD07D00751AB900B46E004F081FF900A4FE02403FFC007900B3A5C
:405C0000E0FCA3E0FDA3E0FEA3E0E4FFEEE4FDFC780812465EAD07D00751AB900B46E004F081FF900A4FE02404FFC007900B3AE0FCA3E0FDA3E0FEA3E0FFE4AD07D00751B9
:405C4000AB900B46E004F081FF900A4FE02405FFC007900B3EE0FCA3E0FDA3E0FEA3E0E4FFFEED540FFDE4FC781012465EC004C005C006C007A3E0FCA3E0FDA3E0FEA3E0EE
:405C8000E4FFFEED540FFDE4FC780C12465ED003D002D001D000EF4BFFEE4AED49EC48AD07D00751AB900B46E004F08052900A4FE02406FFC007900B3EE0FCA3E0FDA3E0FC
:405CC000FEA3E0E4FFEEE4FDFC780812465EAD07D00751AB900B46E004F08023900A4FE02407FFC007900B3EE0FCA3E0FDA3E0FEA3E0FFE4AD07D00751ABE4900B46F090BE
:405D00000B46E0FF22900A3CEFF070067D207FB141AB900A3CE0B401067D807FB151AB22E4900A27F0A3F0A3F0A3F0A3F0A3F0A3F0A3740AF01126126A63127064900A03C0
:405D4000E0FFB4430C900A28E06F6002EFF012A2DFF157EF5408FF900A25F0A3E06F60D7A3E0FF04F0EFB407004002C1B4905D74F8282873025D89025DC4025E10025E3BE9
:405D8000025E40025E4D025E62900A2EE014F070A6124CCE900A2DEFF0F157900A29EFF0900A2DE0FF124CB6900A29E030E4089009A27401F08005E49009A2F0900A2E746D
:405DC0000AF0A137900A03E0FF64437002A137900A28E06F6036D1CAEF54FEFFD1C4D1CAEF4402FFF14FEF54FBFFF15DD1CA900A2CEFF04408F04410F04404FFF0D1C4E443
:405E0000900CE8F0900A03E0900A28F0D1D0A137128D729009A7E0FF900998E06F600DEFF0E075F064A4FFAEF012BD24900A08E064016002A13712A045A137127451A137CE
:405E4000900A00E06002A137128EE5A137128C4512B937EF7002A1377BFF7A4D7904316FA137900A03E064436016900A99E0FCA3E0FDA3E0FEA3E0FF127A45900A00EFF047
:405E8000F157EF20E202F1E39009A3E0B4010EE4F07F2C7E01FDFC11E8F1E9A1379009A3E064026002A137F07F2C7E01FDFC11E8F1E3A137F1F7E4900A27F0900A25E0A31F
:405EC000F0A13722906474EFF022906474E0FF22900CE6E014602F14603324F8603E146060240B7069900CE8E06063900CE7E0705D900CE604F0D1CAEF54FDFFD1C4F15126
:405F0000EF4404FF8057900CE67402F022D1CAEF54F7FFD1C4900CE6740AF022900CE8E0702C900CE7E07026D1CAEF54FE4408FFD1C4F151EF54FBFFF15D900CE6740BF05C
:405F400022D1CAEF4402FFD1C4E4900CE6F022D1C4906576E0FF22906460E0FF22906576EFF022D1CAEF54F7FF54FDFF4404FFF14FEF4404FFF15D90099B7401F022900CDB
:405F80006EE0FCA3E0FDA3E0FEA3E0FF127A45EF600122F151EF54FBFFF15DD1CAEF441EFFD1C4E490099CF0FF22900A3DEDF0900A3CEFF02410FF7B017A0A793E1283F47E
:405FC000900A3DE0B40107A3E0547FF08007900A3EE04440F0900A3CE02410FF900A3EE0FD41AB9046FA7440F09046F6E04401F022900CBCE0FF2212B5BDEF6010900B104D
:40600000E0701A7D02FF12A8F1F1900191900B10E0600AE4900CE8F0111E12AF67227DF07F4011C5900A36EFF012B82312B7E9900CF1E0FF115E900CF0E0FF115E900CF360
:40604000E0FF115E900CF2E0FF115E900CF4E0FF115E12B83712B7FD900A36E0FF227E01EFC39418502875F010EFA42410F582E5F03470F583E054FEF075F010EFA4241029
:40608000F582E5F03470F583E054DFF0E41EAF06227DC07F4011C57D807F4511C57DFF7F4111C57DFF7F4211C5913C314212B80E124CCE90659BE04410F0124CB690657994
:4060C000E04401F022900A37EFF0A3EDF0E4900A3BF0A3F0A3F0900A3BE0FFC39402505FEF14602F0470EF900A37E0900A39F0900A38E0900A3AF07B017A0A7939900A6122
:406100007402F0E4A3F07F461284FF900A3BE004F080C312847BEF30E708900A3BE014F0800AEF30E106900A3BE004F0900A3C74FFF5F01244B445F0709C7F012280977F7A
:406140000022E4900A2FF0900A2FE0FFC39403400221E9EF6402703FE02407F582E43409F583E0FF900907E0FBE4900A3EF07D01FC71B5900A2FE02407F582E43409F58369
:40618000E0FF7B017A097903E9EAE4AD01AC027B4B7A65B185804A900A2FE0FE2407F582E43409F583E0FF74082EF582E43409F583E0FB900A3E7404F07D017C0071B59087
:4061C0000A2FE02407F582E43409F583E0FF7B017A09790BE9EAE4AD01AC027B4B7A65B185900A2FE004F02147900CF3E0FFD11B900CF3E0FF900907E0FDB1FDE4900A2F56
:40620000F0900A2FE0FFC3940340026121EF04A3F0C39403402EE4F0900A2FE0240FF582E43409F583E0FF900A30E0240FF582E43409F583E0FB900A3E7405F07D807C0138
:4062400071B58029900A2FE0240FF582E43409F583E0FF900A30E0240FF582E43409F583E0FB900A3E7401F07D80FC71B5900A2FE0FB75F080A42483F582E5F03404F58390
:40628000EB2583F583FEE582EEE4AD82AC06C005740F2BF582E43409F583E0FF7B017A09790BE9EAE4AB01D005B185900A2FE02400F582E43400F583E0FF900A30E02400E7
:4062C000F582E43400F583E0FB900A3E7402F07D807C0171B5900A2FE0F975F080A42483F582E5F03404F583E92583F583FEE582EEE4AB82AA06C002C003740029F582E476
:406300003400F583E0FF7B017A097903E9EAE4AD01AC02D003D002B185900A2FE004F04101900CF2E0FFD11B900CF2E0FF90090FE0FDB1FD900CF4E0FFD11B900CF4E0FFC7
:40634000900000E0FDB1FD900CF4E0FF7D01716A900CF2E0FF7D0112B912900CF2E0FF7D01716A900CF3E0FF7D017E01EFC394185040ED601575F010EFA42410F582E5F069
:406380003470F583E04420F0801375F010EFA42410F582E5F03470F583E054DFF075F010EFA42410F582E5F03470F583E04401F0E4FEAF0622900A3BECF0A3EDF0A3EBF032
:4063C000900A3AEFF0900A3F7401F0EFC394805065900A3BE054F0A3705C900A3AE075F008A42400FFE5F03478FE900A40F0A3EFF0AA06F97B01900A3BE0FCA3E0FD124D61
:4064000019900A3DE0FF900A3AE0FE75F008A42402F582E5F03478F583EFF0900A3EE0FF75F008EEA42403F582E5F03478F583EFF0E4900A3FF0900A3FE0FF22E4900A2FF5
:40644000F0900A2FE0FFC394035070EFB4021C2404F582E43409F583E0FF900904E0FBE4900A3EF07D01FC71B58028900A2FE0FE2404F582E43409F583E0FF74052EF5824A
:40648000E43409F583E0FB900A3E7404F07D017C0071B5900A2FE02404F582E43409F583E0FF7B017A09790AE9EAE4AB017D497C65B185900A2FE004F08086900CF1E0FF77
:4064C000D11B900CF1E0FF900904E0FDB1FDE4900A2FF0900A2FE0FFC394034002A160EF04A3F0C394034002E4F0900A2FE0240CF582E43409F583E0FF900A30E0240CF5AD
:4065000082E43409F583E0FB900A3E7402F07D807C0171B5900A2FE0F975F080A42403F582E5F03400F583E92583F583FEE582EEE4AB82AA06C002C003740C29F582E43463
:4065400009F583E0FF7B017A09790AE9EAE4AD01AC02D003D002B185900A2FE004F081D3900CF0E0FFD11B900CF0E0FF90090CE0FDB1FD900CF0E0FF7D01716A900CF1E037
:40658000FF7D01616A900A3BECF0A3EDF0A3EAF0A3EBF0900A3AEFF0900A3F7401F0EFC394805053900A3AE075F008A42404FFE5F03478FE900A40F0A3EFF0AA06F97B0131
:4065C000900A3BE0FCA3E0FD124D19900A3AE075F008A42406FFE5F03478FE900A40F0A3EFF0AA06F97B01900A3DE0FCA3E0FD124D19E4900A3FF0900A3FE0FF227E01EF74
:40660000C39418501375F010EFA42419F582E5F03470F583EDF0E41EAF06227E01EFC39418502875F010EFA42414F582E5F03470F583E04404F075F010EFA42410F582E578
:40664000F03470F583E04401F0E41EAF0622900A30EBF0A3EAF0A3E9F0900A2FEFF024FFFFE434FFFEEFC4F8540FC868FFEEC454F048EF2488FFE43460FAA907900A367428
:4066800001F0A3EAF0A3E9F0900CE4E030E108900A357492F08006900A3574D2F0900A2FE02423F582E4340BF583E0FF115E900A2FE02407F582E4340BF583E0FBFF900A7D
:4066C00033E0FCA3E0FDA3E0900A3EF071B5900A2FE02407F582E4340BF583E0FFC007900A36E0FBA3E0FAA3E0F9FFAE02EAE4AD07AC06C005900A30E0FBA3E0FAA3E0F924
:40670000FFEAE4AB07D005D007B185900A2FE02423F582E4340BF583E0FFD11B900A2FE0FE2423F582E4340BF583E0FF74072EF582E4340BF583E0FDB1FD900A2FE0242316
:40674000F582E4340BF583E0FF7D01616A900A36EFF07FF47E3D12737B126E3F900A37EFF0E0FBFFE4900A3EF07D01FC71B5900A37E0FF7B227A427D667C65B185900A369A
:40678000E0FFA3E0FDB1FD900A36E0FF7D01616A900B09E0B4FF07F1DA7F0212AFE7900B0AE0B4FF07F1BE7F0312AFE7E4900CE5F0F1BEE4900A33F0A3F07F03C14EF1D4FC
:4067C0007E007C017D801244A274832FF974043EFA7B0122906465E0FF22F1D47E007C017D801244A274032FF974003EFA7B012290FFFC1246FC1246BE90FFF61246FC7BFB
:4068000001900006124720A982AA83850883850982EBF0A3EAF0A3E9F07B0190000A124720A982AA83900003124720EBF0A3EAF0A3E9F0900003124720E0FBA3E0FAA3E04E
:406840002403F9E43AFA124477FF850883850982E0FBA3E0FAA3E0F9EF124490900003124720E0FBA3E0FAA3E02402F9E43AFA124477FF850883850982E0FBA3E0FAA3E066
:406880002401F9E43AFAEF124490900003124720E0FBA3E0FAA3E02401F9E43AFA124477FF850883850982E0FBA3E0FAA3E02402F9E43AFAEF124490900003124720E0FBF6
:4068C000A3E0FAA3E0F9124477FF850883850982E0FBA3E0FAA3E02403F9E43AFAEF124490900006124720E0FCA3E0FDA3E0FEA3E0FF90000E0246FC900A30EBF0A3EAF059
:40690000A3E9F0900A2FEFF024FFFFE434FFFEEFC4F8540FC868FFEEC454F048900A35EFF02488FFE43460FAA907900A377401F0A3EAF0A3E9F0900CE4E030E008900A368F
:406940007491F08006900A3674D1F0900A33E0FCA3E0FDECFF900A2FE0FE75F00BA42438F582E5F03409F583E04FFF900A35E0FB240CF582E43460F583EFF0ED740D2BF58F
:4069800082E43460F583EDF074232EF582E4340BF583E0FF12605E900A2FE02407F582E4340BF583E0FBFF900A33E0FCA3E0FD900A36E0900A3EF01263B5900A2FE02407A3
:4069C000F582E4340BF583E0FFC007900A30E0FBA3E0FAA3E0F9FFAE02EAE4AD07AC06C005900A37E0FBA3E0FAA3E0F9FFEAE4AB07D005D007126585900A2FE02423F58266
:406A0000E4340BF583E0FF12661B900A2FE0FE2423F582E4340BF583E0FF74072EF582E4340BF583E0FD1265FD900A2FE02423F582E4340BF583E0FF7D0112636A900A2F57
:406A4000E075F00BA42436F582E5F03409F583E4F0900A35E02480F582E43460F583E04401F0227F037127EF6012900CE5E0701B7F0351CC900CE57401F0800F900CE5E026
:406A800060097F037134E4900CE5F0711AEF60047F0351CC7F037109EFB401161267BE900A337401F0A37480F07F0312664E7F0351CC7F027109EFB401111267DA900A3317
:406AC0007401F0A37480F07F0211F822EFD394004036EF94095031EF75F00BA42436F582E43409F583E4F0EF75F00BA4243AF582E43409F583E0FE75F010EFA424FEF582F4
:406B0000E5F0345FF583EEF022EF75F00BA42436F582E43409F583E0FF22E4FF900922E06004E0FFE4F02274122FF582E43409F583E0FF22EFD394004017EF94095012757A
:406B4000F010EFA424FEF582E5F0345FF5837408F022EA494B6015E4900BB5F0900BB8F0900BBAEBF0A3EAF0A3E9F022900BB8E0147002811414700281451470028177249A
:406B80000360028193900BBAE0FBA3E0FAA3E0F9900BB5E0FFE92FF9E43AFA1244777004900BB5F0900BBAE0FBA3E0FAA3E0F9900BB5E0FF04F0E92FF9E43AFA124477FF19
:406BC000C39461400AEFD3947A500474E02FFFEFC394224006EFD3945A4008900BB67407F0800F749B2FF582E4340BF583E0900BB6F0900BB6E0FF5407A3F070037406F090
:406C0000EFB40710900BB97402F0E4900BB7F0A37403F022900BB6E0FF30E708900BB97403F08006900BB97401F0EF25E0900BB6F0A3E014F0125ECAEF54FEFF125EC4904B
:406C40000BB87402F0900BB9E07025900BB87403F0900BB7E07008900BB97402F08005E4900BB9F0125ECAEF4401FF125EC48007900BB9E014F022900BB9E07010900BB7CF
:406C8000E07003A3F022900BB87401F022900BB9E014F022E4900A3AF0A3F0FBFA7D017F0191B112674D91F5E47F01FEFDFC0258E8900A38EAF0A3EBF0AE05E4900CF5F0FD
:406CC000AD07AF06AB07900A40F0A3F0A3F0FFF1EB900CF5E0FF900A38E0FCA3E0FDA3E0FAA3E0FBF173900CF5E0FFE4FDB104900CF5E0FF229064957420F0906492F09006
:406D00006491F022AC077B01ECC39418503375F010ECA42410F582E5F03470F583E054F1FAED540725E0FFE433AE02EF4AFF75F010ECA42410F582E5F03470F583EFF0E4D0
:406D40001BAF0322900A39EAF0A3EBF0AE05900CF07403F0AD07AF06AB07E4900A40F0A3F0A3F07F03F1EB900CF0E0FF900A39E0FCA3E0FDA3E0FAA3E0FBF173900CF0E0A1
:406D8000FF7D01B104900CF0E0FF22900A39EAF0A3EBF0AE05900CF17404F0AD07AF06AB07900A40F0E4A3F0A3F07F04F1EB900CF1E0FF900A39E0FCA3E0FDA3E0FAA3E058
:406DC000FBF173900CF1E0FF7D01B104900CF1E0FF22E4900A3BF0A3F0FBFA7D017F01B18BE4900A3BF0A3F0FBFA7D017F01B144E4900A36F0900A36E0C394035019D13F51
:406E0000900A36E02404F582E43409F583EFF0900A36E004F080DEE4900A36F0900A36E0C394035019D13F900A36E0240CF582E43409F583EFF0900A36E004F080DE2290DF
:406E40000A3874FFF0124CCE900CCFE0D394184023900CCEE0FE900A38F0900CCFE014F075F008EEA42400F582E5F03478F583E0900CCEF0124CB6900A38E0FF22E4900A89
:406E80003BF0A3F0FBFA7D017F01F12CE4900A3BF0A3F0FBFA7D017F0112B848E4900A3BF0A3F0FBFA7D017F0112B892E4900A36F0900A36E0C394035019D13F900A36E061
:406EC0002407F582E43409F583EFF0900A36E004F080DEE4900A36F0900A36E0C394035019D13F900A36E0240FF582E43409F583EFF0900A36E004F080DEE4900A36F09047
:406F00000A36E0C394035019D13F900A36E02400F582E43400F583EFF0900A36E004F080DE2212B7C6B1D2D17D02601E900A39EAF0A3EBF0AE05900CF27405F0AD07AF0662
:406F4000AB07900A40F0E4A3F0A3F07F05F1EB900CF2E0FF900A39E0FCA3E0FDA3E0FAA3E0FBF173900CF2E0FF7D01B104900CF2E0FF22900A3EECF0A3EDF0A3EAF0A3EBC2
:406F8000F0900A3DEFF0900A427401F0EFC394185053900A3DE075F008A42404FFE5F03476FE900A43F0A3EFF0AA06F97B01900A3EE0FCA3E0FD124D19900A3DE075F00839
:406FC000A42406FFE5F03476FE900A43F0A3EFF0AA06F97B01900A40E0FCA3E0FD124D19E4900A42F0900A42E0FF22AC077A01ECC39418506CEB540175F080A4FFED547FCB
:407000004FFF75F008ECA42400F582E5F03476F583EFF0900A41E0540F75F010A4FF900A40E0540F4FFF75F008ECA42401F582E5F03476F583EFF0900A42E0540FFF75F001
:4070400008ECA42402F582E5F03476F583EFF075F008ECA42403F582E5F03476F583E4F01AAF0222906461E0FD7C0020E002413DA3E0FEE42DFDEC3EFCFEAF05ED2410FFFD
:40708000EE34AA900A2FF0A3EFF0900CAEE0FEA3E0FF900A2FE0FCA3E0FDC39FFFEC9EA3F0A3EFF0EC1243BD7B177AB779D178391242121243F6900A33EEF0A3EFF0900AC6
:4070C00031E0FCA3E0FDEC1243BDE4FBFAF9783F1242121243F6900A2FE0FDA3E0900CAECDF0A3EDF0900A34E02FFF900A33E03EFE900CADE02FF0900CACE03EF0D3A3E062
:4071000094E8900CACE0943F4007743FF0A374E8F0C3900CADE0940C900CACE0943A5007743AF0A3740CF0900CB1E07002A3E070024133900CB0E0602FE4900CACF0A3F003
:40714000900CB0E014F060024133125ECAEF54FEFF125EC4900CAC743DF0A374F4F07D017F0C7E00513E4133900CB2E024FFF0900CB1E034FFF0900A31E0FEA3E0FFC3EE80
:4071800064809480500FC3900CB4E09FF0900CB3E09EF08014900A31E0FEA3E0FF900CB4E02FF0900CB3E03EF0900CB3E0C313FEA3E013FF900CB3EEF0A3EFF0C39402EE40
:4071C00094005018A3E07002A3E0602D900CB6E024FFF0900CB5E034FFF0801DD3900CB4E09407900CB3E09400400E900CB6E004F07006900CB5E004F0D3900CB6E094321D
:40720000900CB5E09400402BE4900CB3F0A3F0A3F0A3F0900CB074C8F0A3740BF0A374B8F0125ECAEF4401FF125EC47D017F0D7E00513E900CACE0FEA3E0FF717B22900AF1
:4072400035EEF0A3EFF0A3EDF0716A900A39EFF07172900A3AEEF0A3EFF0900A35E0FCA3E0FD6F7002EC6E700261699043A2E05401900A38F0A3E0703AA3E0FEA3E0FF4EC9
:407280006004ED4C702DEF4E70117B027A407980124D19904082E054BFF022904082E04440F07B027A407980900A35E0FCA3E0FD024D19900A38E06053904001E4F0904094
:4072C0001004F0904014E4F0904008E0547FF0904082E05408600A900A35E07002A3E0702B7B027A407902900A3AE0FCA3E0FD124D199040017407F0904001E0540170F81C
:407300009043A2E054FEF0904001E4F09043A2E05401602F7B027A407902900A35E0FCA3E0FD124D19900A37E060047F0280027F00EF4401904001F0904001E05401602968
:4073400080F6227B027A407980900A35E0FCA3E0FD124D199043A2C083C082E0FF900A38E0FEEF4ED082D083F022904082E05407FF227B027A407980024D0AAD07AC06EC9C
:40738000906575F0EF906574F022900A331246BEE4FFFEFDFC900A471246BE900A33E0FCA3E0FDA3E0FEA3E0FF1267F0E41243B8E4FBFAF9784A12431B900A371246BE9054
:4073C0000A37E0FCA3E0FDA3E0FEA3E0FF1243F6900A3B1246BE7F007E247D747C49900A37E0F8A3E0F9A3E0FAA3E0FB1242121243F67B407A42790F7800124B8EAC00AD54
:4074000001AE02AF03900A431246BE7F407E427D0F7C00900A3BE0F8A3E0F9A3E0FAA3E0FB1244FF900A43E0F8A3E0F9A3E0FAA3E02FFFEA3EFEE93DFDE83CFC900A3F1243
:4074400046BE900A3FE0FCA3E0FDA3E0FEA3E0FF22900A74E0147002A17D147002A1D624026002E13E900AAEE0FCA3E0FDA3E0FEA3E0FF900A75E0F8A3E0F9A3E0FAA3E06E
:40748000FBC312464D7002A176124CCEAB07900AAEE0FCA3E0FDA3E0FEA3E0FF900A751246BEAF03124CB6900C52E014603804704C900A75E0FCA3E0FDA3E0FEA3E0FF7157
:4074C0008A900A2F1246BE900A2FE0FCA3E0FDA3E0FEA3E0FFE47B04FAF9F812458A900A2F1246BE8017900A75E0FCA3E0FDA3E0FEA3E0FF1267F0900A2F1246BEE47F64D9
:40750000FEFDFC900A2FE0F8A3E0F9A3E0FAA3E0FBD312464D405F900A2FE0FCA3E0FDA3E0FEA3E0FF900A99E0F8A3E0F9A3E0FAA3E0FB12464D603E900A2FE0FCA3E0FD13
:40754000A3E0FEA3E0FF900A991246BE900A99E0FCA3E0FDA3E0FEA3E0FF900C6E1246BE900A99E0FCA3E0FDA3E0FEA3E0FF12826F900AA1EFF0900A74E004F022900AD0F0
:40758000E0FF900A7DE06F6047900AD0E014601614601F1460282403702E900A817401F0A37490F08022900A817402F0A37458F08016900A817403F0A37420F0800A900A1B
:4075C000817403F0A374E8F0900AD0E0900A7DF0900A74E004F0900A99E0FCA3E0FDA3E0FEA3E0FF900A79E0F8A3E0F9A3E0FAA3E0FBC312464D7002E139900A99E0FCA3E7
:40760000E0FDA3E0FEA3E0FF900AC81246BE900A03E024BD7002C1DF24F77002C1A224F7604324146002E125900AC8E0FCA3E0FDA3E0FEA3E02454FFEE342EFEE43DFDE4AB
:407640003CFCC007900AC7E0FFFB3395E0FAF9F8D007C3EF9BFFEE9AFEED99FDEC98FCA31246BEE125900AC8E0FCA3E0FDA3E0FEA3E024E0FFEE342EFEE43DFDE43CFCC0C5
:4076800007900AC7E0FFFB3395E0FAF9F8D007C3EF9BFFEE9AFEED99FDEC98FCA31246BEE125900AC8E0FCA3E0FDA3E0FEA3E024E0FFEE342EFEE43DFDE43CFCC007900ADC
:4076C000C7E0FFFB3395E0FAF9F8D007C3EF9BFFEE9AFEED99FDEC98FCA31246BE8046900AC8E0FCA3E0FDA3E0FEA3E024E0FFEE342EFEE43DFDE43CFCC006C007900A8136
:40770000E0FEA3E0FFFBAA06EA3395E0F9F8D007D006C3EF9BFFEE9AFEED99FDEC98FC900AAA1246BE900A99E0FCA3E0FDA3E0FEA3E0FF900A791246BEE4900A74F0229090
:407740000A4FEFF0A3EDF0900B39E0B408004003027A3F90775AF82828730277720278D60278FC02792F02795F0279860279EB027A1B900A55E0FCA3E0FDA3E0FEA3E0FF46
:40778000E41243B8C004C005C006C007900A51E0FCA3E0FDA3E0FEA3E0FFE41243B8D003D002D001D00012431BE4FBFAF978431242121243F6900B2D1246BE900A50E0FFEC
:4077C0007E007C007D8012472D900B2DE0F8A3E0F9A3E0FAA3E02FFFEA3EFEE93DFDE83CFCE42FFFEE34FEFEED34FFFDEC34FFFC900B2D1246BE900A55E0FCA3E0FDA3E045
:40780000FEA3E0FFE41243B8C004C005C006C007900A51E0FCA3E0FDA3E0FEA3E0FFE41243B8D003D002D001D00012431BE4FBFAF978431242121243F6900B311246BE9020
:407840000B31E0FCA3E0FDA3E0FEA3E0FF900A55E0F8A3E0F9A3E0FAA3E0FB1244FFC004C005C006C007E47F80FEFDFC900A51E0F8A3E0F9A3E0FAA3E0FB1244FFD003D0B8
:4078800002D001D000C3EF9BFFEE9AFEED99FDEC98FC900B311246BE900A55E0FCA3E0FDA3E0FEA3E0FF900B351246BE900B35E0FCA3E0FDA3E0FEA3E0E4FFEEE4FDFC78E4
:4078C0000812465EAD07900A4FE0FF125AAB900B39E004F0413F900A4FE004FFC007900B35E0FCA3E0FDA3E0FEA3E0FFE4AD07D007125AAB900B39E004F0413F900A4FE0D6
:407900002402FFC007900B2DE0FCA3E0FDA3E0FEA3E0E4FFFEED5403FDE4FC781012465EAD07D007125AAB900B39E004F0413F900A4FE02403FFC007900B2DE0FCA3E0FD4F
:40794000A3E0FEA3E0E4FFEEE4FDFC780812465EAD07D007125AAB900B39E004F0413F900A4FE02404FFC007900B2DE0FCA3E0FDA3E0FEA3E0FFE4AD07D007125AAB900B56
:4079800039E004F0413F900A4FE02405FFC007900B31E0FCA3E0FDA3E0FEA3E0E4FFFEED540FFDE4FC781012465EC004C005C006C007A3E0FCA3E0FDA3E0FEA3E0E4FFFE10
:4079C000ED540FFDE4FC780C12465ED003D002D001D000EF4BFFEE4AED49EC48AD07D007125AAB900B39E004F08054900A4FE02406FFC007900B31E0FCA3E0FDA3E0FEA3DC
:407A0000E0E4FFEEE4FDFC780812465EAD07D007125AAB900B39E004F08024900A4FE02407FFC007900B31E0FCA3E0FDA3E0FEA3E0FFE4AD07D007125AABE4900B39F090F1
:407A40000B39E0FF22900A361246BE7F407E787D7D7C01900A3A1246BE900B67E014700261CA1470030281861470030281DC14700302821314700302824F24056003028234
:407A8000699009A6E024FE601D14604124037056900A36E0FCA3E0FDA3E0FEA3E0FF900B6E1246BE8040900A36E0FCA3E0FDA3E0FEA3E02464FFE43EFEE43DFDE43CFC904E
:407AC0000B6E1246BE9009A67403F08019900A36E0FCA3E0FDA3E0FEA3E0FF900B6E1246BEE49009A6F0900CE8E060026174900A04E0FCA3E0FDA3E0FEA3E0FF900B6EE0D6
:407B0000F8A3E0F9A3E0FAA3E02FFFEA3EFEE93DFDE83CFC900B5CE0F8A3E0F9A3E0FAA3E0FBC312464D7003028269900A04E0FCA3E0FDA3E0FEA3E0FF900B6EE0F8A3E0CB
:407B4000F9A3E0FAA3E02FFFEA3EFEE93DFDE83CFC900B6A1246BE900B6AE0FCA3E0FDA3E0FEA3E0FF900B5C1246BE900B67E004F0028269900B6EE0FCA3E0FDA3E0FEA39D
:407B8000E0FF900B5CE0F8A3E0F9A3E0FAA3E0FBC312464D7003028269900B6EE0FCA3E0FDA3E0FEA3E0FF900B6A1246BE900B6EE0FCA3E0FDA3E0FEA3E0FF900B5C12469E
:407BC000BE900B67E004F0028269900A97E0900B68F0900A80E0900B69F0E0FC1243C2E4FBFA79C8784212431B900A421246BE900A42E0F8A3E0F9A3E0FAA3E0FBC000C03E
:407C000001C002C003900B68E0FC1243C2D003D002D001D000124121900A421246BE900B6AE0FCA3E0FDA3E0FEA3E0FFE41243B87B007A247974784912431B900A3E124660
:407C4000BE900A42E0FCA3E0FDA3E0FEA3E0FF900A3EE0F8A3E0F9A3E0FAA3E0FB124212E4FBFA798078C0124212900A3E1246BE900A3EE0FCA3E0FDA3E0FEA3E0FF124394
:407C8000F6900A4A1246BEE4FFFEFDFC900A4AE0F8A3E0F9A3E0FAA3E0FBC31246375051E47B04FAF9F8900A4AE0FCA3E0FDA3E0FEA3E0FF124B8EAC00AD01AE02AF03E4B8
:407CC000FBFAF9F8C31246377002A15C900A4AE0FCA3E0FDA3E0FEA3E0FFE40BF8EF2BFFEA3EFEE93DFDE83CFC900A4A1246BE80AFE4FFFEFDFC900A4AE0F8A3E0F9A3E073
:407D0000FAA3E0FBD31246374052E47B04FAF9F8900A4AE0FCA3E0FDA3E0FEA3E0FF124B8EAC00AD01AE02AF03E4FBFAF9F8C31246376028900A4AE0FCA3E0FDA3E0FEA397
:407D4000E0FF74FFEF24FFFFEE34FFFEED34FFFDEC34FFFC900A4A1246BE80AE900B6AE0FCA3E0FDA3E0FEA3E0FFE47B04FAF9F81244FF900B6A1246BE900B6AE0F8A3E09F
:407D8000F9A3E0FAA3E0FB900A4AE0FCA3E0FDA3E0FEA3E0FFEB2FFFEA3EFEE93DFDE83CFC900B6A1246BEE4900B64F0900A4EF07F06FEFDFC900B60E0F8A3E0F9A3E0FAFC
:407DC000A3E0FBC312464D5002C189E4FFFEFDFC900B6AE0F8A3E0F9A3E0FAA3E0FBD312464D5002C189900B60E0F8A3E0F9A3E0FAA3E0FB7F007EE97DA47C3512458A904C
:407E00000B6AE0F8A3E0F9A3E0FAA3E0FBD312464D5076900B6AE0FCA3E0FDA3E0FEA3E0FF900B60E0F8A3E0F9A3E0FAA3E0FB1244FF900B471246BE7F007E467DC37C2323
:407E4000900B47E0F8A3E0F9A3E0FAA3E0FBC312464D4035900A3AE0F8A3E0F9A3E0FAA3E0FB900B47E0FCA3E0FDA3E0FEA3E0FF12458A900B4FEFF0C3940F400CE0D394ED
:407E80005A5006900A4E7401F0900A4EE06021900B60E0FCA3E0FDA3E0FEA3E0FF900B581246BE900B647401F0900AA1F002808D900B6AE0F8A3E0F9A3E0FAA3E0FB7F8028
:407EC0007E177DB47C2C12458A900B581246BEE47F06FEFDFC900B58E0F8A3E0F9A3E0FAA3E0FBC312464D500CE47F06FEFDFC900B581246BEE47F087E07FDFC900B58E09F
:407F0000F8A3E0F9A3E0FAA3E0FBD312464D400DE47F087E07FDFC900B581246BE900B58E0FCA3E0FDA3E0FEA3E05401FFE4FEFDFCEF6026900B58E0FCA3E0FDA3E0FEA3B1
:407F4000E0FF74FFEF24FFFFEE34FFFEED34FFFDEC34FFFC900B581246BEE47F06FEFDFC900B58E0F8A3E0F9A3E0FAA3E0FBC312464D500CE47F06FEFDFC900B581246BE6F
:407F8000900B6AE0FCA3E0FDA3E0FEA3E0FF900B58E0F8A3E0F9A3E0FAA3E0FB1244FF900B471246BE7F007EE97DA47C35900B47E0F8A3E0F9A3E0FAA3E0FBD312464D501D
:407FC0001C7F007E467DC37C23900B47E0F8A3E0A3E0A3E0C312464D4003028084900B6AE0F8A3E0F9A3E0FAA3E0FB7F007EE97DA47C3512458A900B581246BE900B58E086
:40800000FCA3E0FDA3E0FEA3E05401FFE4FEFDFCEF6026900B58E0FCA3E0FDA3E0FEA3E0FF74FFEF24FFFFEE34FFFEED34FFFDEC34FFFC900B581246BEE47F06FEFDFC90F6
:408040000B58E0F8A3E0F9A3E0FAA3E0FBC312464D500CE47F06FEFDFC900B581246BE900B6AE0FCA3E0FDA3E0FEA3E0FF900B58E0F8A3E0F9A3E0FAA3E0FB1244FF900B8B
:40808000471246BEE4900B64F0900AA1F0900A3AE0F8A3E0F9A3E0FAA3E0FB900B47E0FCA3E0FDA3E0FEA3E0FF12458A900B4FEFF0900A3AE0F8A3E0F9A3E0FAA3E0FB90A4
:4080C0000B47E0FCA3E0FDA3E0FEA3E0FF12458AAC00AD01AE02AF03900B4B1246BE900B4BE0FCA3E0FDA3E0FEA3E0FFE41243B8900A461246BE900A46E0FCA3E0FDA3E04B
:40810000FEA3E0FF7BF07AFF797F7849124212900A461246BE900A46E0FCA3E0FDA3E0FEA3E0FFC004C005C006C007900A3AE0FCA3E0FDA3E0FEA3E0FFE41243B8A804A9F8
:4081400005AA06AB07D007D006D005D00412431B900A461246BE900A46E0FCA3E0FDA3E0FEA3E0FF1243F6900B501246BE7FFF7EFF7D0F7C00900B541246BEE4900B66F074
:40818000A3E004F04169900B64E07011A3E0700D7D807F10125AAB900B657401F0900B50E0FCA3E0FDA3E0FEA3E0FF900A511246BE900B54E0FCA3E0FDA3E0FEA3E0FF900D
:4081C0000A551246BE900B4FE0FD7F1A12773FEF60024169900B67E004F04169900B64E06008900B67E004F0807F900B58E0FCA3E0FDA3E0FEA3E0FF900A501246BEE49085
:408200000A54F07F2A125AEEEF705E900B67E004F08056900AA1E070157DA07FB1125AAB900AA17401F0900B667406F08005E4900B66F0900B58E0FCA3E0FDA3E0FEA3E0C8
:40824000FF900B601246BE900B677405F0801A900B66E0600414F080107D4F7F10125AABE4900B65F0900B67F0900B67E0FF22900A331246BE900A377401F0E4FFFEFDFCE2
:40828000900A70E0F8A3E0F9A3E0FAA3E0FBC312464D7017900A33E0FCA3E0FDA3E0FEA3E0FF900A701246BE7F0022900A70E0FCA3E0FDA3E0FEA3E0FFFBAA06A905A8041B
:4082C000900A33E0FCA3E0FDA3E0FEA3E0C39BFFEE9AFEED99FDEC98FC124BF8900A381246BE7F807E847D1E7C00900A38E0F8A3E0F9A3E0FAA3E0FBC312464D4007E490D2
:408300000A37F08079E47BE87A03F9F8900A33E0FCA3E0FDA3E0FEA3E0FF12458AE47B107A27F9F81244FFE47BE87A03F9F812458A900A3C1246BE900A3CE0A3E0A3E0FEBF
:40834000A3E0C394F4EE9401500DE47FF47E01FDFC900A3C1246BE900A3CE0FCA3E0FDA3E0FEA3E0FF900A38E0F8A3E0F9A3E0FAA3E0FBD312464D4005E4900A37F0900A42
:4083800033E0FCA3E0FDA3E0FEA3E0FF900A701246BE900A37E0FF22900A3CEFF0A3EDF07B017A0A793E7F0371F4EF7046900A3DE0B4011BA3E0FF900A3CE0FE7401A806E1
:4083C000088002C333D8FCF45F900A3EF0801A900A3EE0FF900A3CE0FE7401A806088002C333D8FC4F900A3EF0900A3EE0FD7F03125AAB22900A40EFF0A3EBF0A3EAF0A3B4
:40840000E9F0E4A3F0A3F07B01A304F0A3740AF0A37440F0917B900A45EFF064806056A3E0FBA3E0FAA3E0F9900A617401F0E4A3F07F6091FF900A45EFF0917BEF30E1FA09
:40844000900A45E0702F900A41E0FBA3E0FAA3E0F9900A4D7401F0E4A3F07F60F11C900A45EFF0917BEF30E0FA900A45E06006900A447401F0900A44E0FF229044C97480A5
:40848000F0900CC0E0FF900CE9E054406004EF4404FF9044C17480F022E4900A30F0A3F0A3F0A3F0900A30EFF0E4900A34F0900A34E0C3940850427B017A0A7930900A617E
:4084C0007401F0E4A3F07F4091FF900A32EFF0917BEF30E1FA125FF1900A33EFF0B40108900A317401F08011E47F05FEFDFC1258E8900A34E004F080B5900A31E0FF229030
:408500000A5EEBF0A3EAF0A3E9F0AC077D02900A5EE0FBA3E0FAA3E04A4B7002A1AB900CE9E0B4100F9049D9E054087003FD801A7D018016900CE9E0B4600FE4FD9044D94D
:408540007480F0900CC0E054F7F0ED705E900CE97445F0E4900CBCF0900A61E0900CBFF0900A5EE0F9A3E0FAA3E0900CB8C9F0A3EAF0A3E9F0900A62E0FF900CBDF0900CCE
:40858000C0E054FDF0AE04EE25E09049D8F0EF5401600CA37412F09049D77404F080069049D97401F09044C17480F0AF0522900A3DEDF0900A3CEFF0E4900A3FF0EFC3946B
:4085C000004011900A3CE0D394035008900A3F7418F08016900A3CE0FFC39400400CEFD394035006900A3F7419F0900A3FE0FF7B017A0A793E71F4900A3CE0FFC39400404A
:408600003AEFD394035034900A3EE0FF900A3CE025E0FE7403A806088002C333D8FCF45F900A3EF0E0FF900A3DE0FDA806088002C333D8FC4F900A3EF08044900A3CE0FFFA
:40864000C39400403AEFD394035034900A3EE0FF900A3CE024FC25E0FE7403A806088002C333D8FCF45F900A3EF0E0FF900A3DE0FDA806088002C333D8FC4F900A3EF090EC
:408680000A3FE0FF900A3EE0FD025AAB900A3DEDF0900A3CEFF0900A3F7403F0EF2410FF7B017A0A793E71F4EF7070900A3DE014601D14602F14604124037050900A3EE0E1
:4086C000FFA3E0F4FEEF5E900A3EF0E0F0803D900A3EE0FFA3E0F4FEEF5E900A3EF0E04401F08028900A3EE0FFA3E0F4FEEF5E900A3EF0E04402F08013900A3EE0FFA3E042
:40870000F4FEEF5E900A3EF0E04403F0900A3CE02410FF900A3EE0FD125AAB22900A4AEBF0A3EAF0A3E9F0AC077D02900A4AE0FBA3E0FAA3E04A4B7002E1CA900CE9E0B4D0
:40874000100F9049D9E054087003FD801A7D018016900CE9E0B4600FE4FD9044D97480F0900CC0E054F7F0ED7060900CE97449F0E4900CBBF0900A4DE0900CBEF0900A4A4E
:40878000E0F9A3E0FAA3E0900CC1C9F0A3EAF0A3E9F0900A4EE0FF900CBDF0900CC0E054FEF0AE04EE25E044019049D8F0EF5401600CA37412F09049D77404F08006904978
:4087C000D97401F09044C17480F0AF0522E4900A36F0A3F0128D55E47F64FEFDFC1258E87B007A808B828A83E0900A97F08B828A83A3E0900A80F08B828A83A3A3A3E09007
:408800000A36F0EB2404F582E43AF583E0900A37F0900A36E0B40112900A97E0FF3395E0FE7CFF7DFF1244A2EFF0900A37E0B40112900A80E0FF3395E0FE7CFF7DFF1244E8
:40884000A2EFF0AE02AF038F828E83A3A3E0900CE4F0E4F022E4900A34F0900A37F0A3F0900A357480F0A3E4F03124900A34EFF0E064077002211C900A377405F0900A3740
:40888000E0FFC394105014748D2FF582E4340CF583E4F0900A37E004F080E2900A97E0C364809480501AE0FF3395E0FE7CFF7DFF1244A2900C8DEFF0900C907401F0800D20
:4088C000900A97E0900C8DF0E4900C90F0900A80E0C364809480501AE0FF3395E0FE7CFF7DFF1244A2900C8EEFF0900C917401F0800D900A80E0900C8EF0E4900C91F090EE
:408900000CE4E0900C8FF07B017A0C798DE4FD315DE49009FFF09009A67402F0900A34E0FF7E0022510E904722E054026023E054026009E0FF1313543FFF80027FFFEF70D1
:4089400006900A39F08006900A3974FFF0514D8006900A397407F0900A39E0FF22900A39EBF0A3EAF0A3E9F0A3EDF0510E900A3CE0C394804002410251A4EF707D900A3DFC
:4089800074FFF0900A39E0FBA3E0FAA3E0F9900A42E4F0A37410F07F40D172EF64077068904722E0540260F8904722E054026009E0FF1313543FFF80027FFFEF7004900AFF
:4089C0003DF0900A3DE0702A900A3CE0FD7C00900CD9E0FBA3E0900A42F07F40B1BEEFB40708900A3D7407F0801E900A3D74FFF08016900A3D74FFF0800E900A3D7404F094
:408A00008006900A3D7401F0900A3DE0FF22124CCE9043A0E04408F09043B0E04408F0024CB6900A3074FFF0510E51A4EF70127F01715CEFB40706900A307407F0514D80FC
:408A400006900A307404F0900A30E0FF22124CCEE4900CF9F0024CB6510E51A4EF7039B157900A39EFF06407702A904722E0540270087F01FE124C7080F0904722E054021D
:408A80006009E0FF1313543FFF80027FFFEF7004900A39F0514D8006900A397404F0900A39E0FF22900A3E7404F0124CCE900CF9E0700704F0E4900A3EF0124CB6900A3E79
:408AC000E0FF22510E900A3974FFF051A4EF70387F01715CEF6407702B7B017A0C79D97D02D112EFB40215E4900A39F0904722E0540270107F01FE124C7080F0904722E0B7
:408B0000540260D5514D8006900A397404F0900A39E0FF225158900A38EFF0700751C3900A38EFF0900A38E0FF227114124CCE9043A0E04408F09043B0E04408F090470157
:408B400074C8F09043ACE04410F09043BCE04410F0904700E0542060F8024CB67E07904722E05402601F90472074B6F074E1F0740EF0904722E054027007904720EFF080F5
:408B8000067E0980027E04AF0622900A30EBF0A3EAF0A3E9F0904722E054026002812FE0FF1313543F60028127E05401602C904720E0900A33F0904722E054016003D38093
:408BC00001C340097F017E00124C7080E9904720E0900A34F0E4A3F08006900A357407F0900A35E0704F900A33E0B40116A3E0FF900A30E0FBA3E0FAA3E0F9E48FF01244A8
:408C0000E0801D900A34E0FFC3E49FFFE49400F9900A30E0FBA3E0FAA3E0C98FF01244E0E4900A35F0800E900A357407F08006900A357410F0900A35E064076002514D9053
:408C40000A35E0FF22E4900A2FF0FFFEFDFC900C7CE0F8A3E0F9A3E0FAA3E0FBC312464D6002A12E900C78E07002A3E06002A11F900C77E014604114700281FC24026002E3
:408C8000A1545122900A2FEFF024FC601724F4600D24096002A154900C77E004F022E4900C77F0227B017A0C797A718A900A2FEFF0E4900C77F022227B017A0C797A718A3F
:408CC000900A2FEFF024F9602524F7602824106002A154900C7AE0FEA3E0FFEE3395E0FDFC900C851246BE900C77E004F022900C777401F022E4900C77F02222900C85E0F1
:408D0000FCA3E0FDA3E0FEA3E0FFA31246BE900C787427F0A37410F0E4900C77F02222900C79E024FFF0900C78E034FFF022900C7CE0FCA3E0FDA3E0FEA3E0FF74FFEF24DC
:408D4000FFFFEE34FFFEED34FFFDEC34FFFC900C7C1246BE22612A7F07904722E05402600E90472074B6F074E0F0740DF080027F0422E4900A31F0A3F0A3F0900A2F748031
:408D8000F0A3E4F0900A97E0900A32F0900A80E0900A33F09009FFE0B40322900ABEE0900A32F0900AA2E0900A33F0900A32E0900A97F0900A33E0900A80F0115522900A04
:408DC0003FECF0A3EDF0AC077D07904722E05402603B90472074B6F074D8F07405F0904722E054027023904720ECF0900A3FE0904720F0900A3FE0A3E0904720F0EBF0905E
:408E00000A42E0904720F080067D0980027D04AF0522900A3AEBF0A3EAF0A3E9F0A3EDF0E4A3F0900A3DE0FFA3E0C39F503E904722E054016003D38001C340097F017E0083
:408E4000124C7080E9904720E0FF900A3AE0FBA3E0FAA3E0F9900A3EE0FEE92EF9E43AFAEF124490900A3EE004F080B7900A3EE0FF22900A3FEBF0A3EAF0A3E9F0900A4443
:408E80007407F0904722E05402604E90472074B6F074D5F07402F0904722E054027032904720EFF0E4FFFED3900A43E09F900A42E09E402B900A3FE0FBA3E0FAA3E02FF962
:408EC000EA3EFA124477904720F00FEF70010E80D6900A447409F08006900A447404F0900A44E0FF22900A99E0FCA3E0FDA3E0FEA3E0FF900CDBE0F8A3E0F9A3E0FAA3E076
:408F0000FBC312464D7003029186900A99E0FCA3E0FDA3E0FEA3E0FF900CDB1246BE7FC07E3B7D477C03900CDBE0F8A3E0F9A3E0FAA3E0FBD312464D4009900CC4740CF091
:408F40000290D97FC07E057DD97C01900CDBE0F8A3E0F9A3E0FAA3E0FBD312464D4009900CC4740BF00290D97F807EBA7D8C7C01900CDBE0F8A3E0F9A3E0FAA3E0FBD312C8
:408F8000464D4009900CC4740AF00290D97F807EB17D4F7C01900CDBE0F8A3E0F9A3E0FAA3E0FBD312464D4009900CC47409F00290D97FC07EEA7D217C01900CDBE0F8A3B2
:408FC000E0F9A3E0FAA3E0FBD312464D4009900CC47408F00290D97F007E247DF47C00900CDBE0F8A3E0F9A3E0FAA3E0FBD312464D4009900CC47407F00290D97F007E1BC2
:409000007DB77C00900CDBE0F8A3E0F9A3E0FAA3E0FBD312464D4008900CC47406F001D97F407E547D897C00900CDBE0F8A3E0F9A3E0FAA3E0FBD312464D4008900CC474E9
:4090400005F001D97F807E8D7D5B7C00900CDBE0F8A3E0F9A3E0FAA3E0FBD312464D4008900CC47404F080717F407E4B7D4C7C00900CDBE0F8A3E0F9A3E0FAA3E0FBD3120C
:40908000464D4008900CC47403F0804D7FC07EC67D2D7C00900CDBE0F8A3E0F9A3E0FAA3E0FBD312464D4008900CC47402F080297F607EE37D167C00900CDBE0F8A3E0F989
:4090C000A3E0FAA3E0FBD312464D4008900CC47401F08005E4900CC4F07F807E1A7D067C00900CDBE0F8A3E0F9A3E0FAA3E0FBD312464D40077F02125F5D80057F01125F57
:409100005D900CE77401F07FC07ED4FD7C00900CDBE0F8A3E0F9A3E0FAA3E0FBC312464D40247FE07E227D027C00900CDBE0F8A3E0A3E0A3E0D312464D500BE49009F8F044
:40914000900CE7F080407F807E1A7D067C00900CDBE0F8A3E0F9A3E0FAA3E0FBC312464D40247F207EA17D077C00900CDBE0F8A3E0A3E0A3E0D312464D500B9009F8740125
:40918000F0E4900CE7F07F002290FFFC1246FC1246BE90FFF61246FC7B01900006124720A982AA83850883850982EBF0A3EAF0A3E9F07B0190000A124720A982AA839000AB
:4091C00003124720EBF0A3EAF0A3E9F0900003124720E0FBA3E0FAA3E02403F9E43AFA124477FF850883850982E0FBA3E0FAA3E0F9EF124490900003124720E0FBA3E0FA07
:40920000A3E02402F9E43AFA124477FF850883850982E0FBA3E0FAA3E02401F9E43AFAEF124490900003124720E0FBA3E0FAA3E02401F9E43AFA124477FF85088385098299
:40924000E0FBA3E0FAA3E02402F9E43AFAEF124490900003124720E0FBA3E0FAA3E0F9124477FF850883850982E0FBA3E0FAA3E02403F9E43AFAEF12449090000612472044
:40928000E0FCA3E0FDA3E0FEA3E0FF90000E0246FCE4FF900CE8E060037410FF90099CE0FE30E004EF4420FFEE30E104EF4402FF22E4900A0DF0906000E0900A0EF090609B
:4092C00001E0900A0FF0900A0EE0548064806002A1E4A3E01246D6930B00933702950D06945220952E3393753A939A3C93CC3D93F63F941750942B51955694959E95949287
:40930000A494B2A594D6BF000095E4900C4A7497F0A37402F07B0190091814F0A3740CF0A3744AF0900916E4F0A37402F0129C18900A0DEFF0A1E45191900C4AEFF0E0FC9D
:40934000A3E0FDA3E0FEA3E0FFEEEDEC4408FC900C4A1246BE9009187401F0A3740CF0A3744AF0900916E4F0A304F0129C18900A0DEFF0A1E47A0A79AE9009187401F0A396
:40938000740AF0A374AEF0900916E4F0A37404F0129C18900A0DEFF0A1E47F707E3D7D0A7C071267F0900C4A1246BE9009187401F0A3740CF0A3744AF0900916E4F0A374FE
:4093C00004F0129C18900A0DEFF0A1E47A0A79B29009187401F0A3740AF0A374B2F0900916E4F0A37404F0129C18900A0DEFF0E4900C52F0A1E49009187401F0A3740AF0D1
:40940000A374B8F0900916E4F0A37406F0129C18900A0DEFF0A1E4906002E030E008900CE87401F08005E4900CE8F05191900C4AEFF09009187401F0A3740CF0A3744AF03B
:40944000900916E4F0A304F0129C18900A0DEFF0A1E4906003E064876002A1E47B027A607904124D0AEF64014E6002A1E4900C4AF07B0190091804F0A3740CF0A3744AF03B
:40948000900916E4F0A304F0129C18900A0DEFF0A1E49009187401F0A37409F0A3749CF0900916E4F0A304F0129C18900A0DEFF0A1E47A0979A29009187401F0A37409F049
:4094C000A374A2F0900916E4F0A304F0129C18900A0DEFF0A1E4900C89E0FCA3E0FDA3E0FEA3E0FF3189900C581246BE9009187401F0A3740CF0A37458F0900916E4F0A3E2
:409500007404F0129C18900A0DEFF0A1E49009187401F0A3740AF0A37410F0900916E4F0A37404F0129C18900A0DEFF0A1E4900A97E0900C45F09009187401F0A3740CF04A
:40954000A37445F0900916E4F0A304F0129C18900A0DEFF0A1E4900A97E0FF3395E0FEFDFC900C461246BE900C46E0FCA3E0FDA3E0FEA3E0FF3189900C541246BE9009185B
:409580007401F0A3740CF0A37454F0900916E4F0A37402F0129C18900A0DEFF08046900A80E0FF3395E0FEFDFC900C461246BE900C46E0FCA3E0FDA3E0FEA3E0FF3189901F
:4095C0000C541246BE9009187401F0A3740CF0A37454F0900916E4F0A37402F0129C18900A0DEFF0900A0EE054806003029995A3E01246D699710E994B0F964030966232BE
:4096000096883397023596C53A97AB70982F7197CC72984E73986D75988C7698AB7797ED7A98CA7B99087D98E97F980C9099279C9727A09748A99769F3978AF700009995E8
:409640009009187401F0A3740AF0A3748DF0900916E4F0A37406F012999B900A0DEFF00299957A0A79AE9009187401F0A3740AF0A374AEF0900916E4F0A37404F012999B48
:40968000900A0DEFF00299957A0A79BE9009187401F0A3740AF0A374BEF0900916E4F0A304F012999B900A0DEFF0900ABEE0FF3395E0FEFDFC900C411246BE9009FFE044E2
:4096C00001F00299957A0A79A29009187401F0A3740AF0A374A2F0900916E4F0A304F012999B900A0DEFF0900AA2E0FF3395E0FEFDFC900C3D1246BE9009FFE04402F0029B
:4097000099957A0A79C79009187401F0A3740AF0A374C7F0900916E4F0A304F012999B900A0DEFF00299959009187401F0A3740CF0A37452F0900916E4F0A304F012999B4A
:40974000900A0DEFF00299959009187401F0A3740AF0A37402F0900916E4F0A304F012999B900A0DEFF00299959009187401F0A37409F0A374FBF0900916E4F0A304F01299
:40978000999B900A0DEFF00299959009187401F0A37409F0A374F9F0900916E4F0A304F012999B900A0DEFF00299959009187401F0A3740AF0A37403F0900916E4F0A30428
:4097C000F012999B900A0DEFF00299959009187401F0A37409F0A3749FF0900916E4F0A304F012999B900A0DEFF00299959009187401F0A37409F0A374A7F0900916E4F044
:40980000A304F0319B900A0DEFF021957A0A79D09009187401F0A3740AF0A374D0F0900916E4F0A304F0319B900A0DEFF021959009187401F0A37409F0A374FEF0900916C2
:40984000E4F0A304F0319B900A0DEFF021959009187401F0A37409F0A3749EF0900916E4F0A304F0319B900A0DEFF021959009187401F0A37409F0A3749DF0900916E4F03B
:40988000A304F0319B900A0DEFF021959009187401F0A37409F0A374FAF0900916E4F0A304F0319B900A0DEFF021959009187401F0A37409F0A374A5F0900916E4F0A304C4
:4098C000F0319B900A0DEFF021959009187401F0A3740AF0A37409F0900916E4F0A304F0319B900A0DEFF021959009187401F0A3740AF0A37401F0900916E4F0A304F0319D
:409900009B900A0DEFF021959009187401F0A3740AF0A37408F0900916E4F0A304F0319B900A0DEFF0806E7A0979A09009187401F0A37409F0A374A0F0900916E4F0A374BD
:4099400002F0319B900A0DEFF0804A9009187401F0A3740CF0A3744EF0900916E4F0A37404F0319B900A0DEFF09009A37401F080249009187401F0A3740CF0A3744EF09028
:409980000916E4F0A37404F0319B900A0DEFF09009A37402F0900A0DE0FF2290092D7404F090092C7480F09157906007E0FE906006E0FDEEEDFFD3900917E09F900916E03B
:4099C0009E4005EEF0A3EFF0900931740BF07F0122E4900A17F0906000E0FE5403900A18F0906003E0900A19F0906004E0547F900A1AF0EE54807002615F900A18E0640250
:409A00007043906001E0247F60028112900A19E0640160028112900916F0A37403F0900A1AE075F003A424F7F9740B35F0FA9009187401F0A3EAF0A3E9F09118900A17EFCA
:409A4000F081128112900A18E0640160028112906001E0247E606C14700241F1147002611F24857002614D247E60028112900A19E0B40121900916E4F0A304F07A0B79F610
:409A8000900918F0A3740BF0A374F6F09118900A17EFF08112900A19E0640260028112900916F0A37402F07B017A0C791890091814F0A3740CF0A37418F09118900A17EFD1
:409AC000F08112900A19E0640260028112900916F0A37402F07B017A0C791490091814F0A3740CF0A37414F09118900A17EFF08112900A19E0640260028112900916F0A3DF
:409B00007402F07B017A0C791690091814F0A3740CF0A37416F09118900A17EFF08112900A19E0640260028112900916F0A37402F07B017A0C791290091814F0A3740CF092
:409B4000A37412F09118900A17EFF08112E4900916F0A3F0319B900A17EFF081128112900A18E06402704A906001E01460028112900A19E0640160028112900916F0A37439
:409B800003F0900A1AE075F003A424F7F9740B35F0FA9009187401F0A3EAF0A3E9F0900A1AE0900C1AF0319B900A17EFF080638061900A18E064017059906001E014705290
:409BC000900A19E0B40121900916E4F0A304F07A0B79F6900918F0A3740BF0A374F6F0319B900A17EFF0802A900A19E0B40223900916E4F0A37402F07B017A0C7918900914
:409C00001814F0A3740CF0A37418F0319B900A17EFF0900A17E0FF22900916E07002A3E070049192802E90092D7402F0E490092CF09157906007E0FE906006E0FDEEEDFFD0
:409C4000D3900917E09F900916E09E4005EEF0A3EFF0F11E7F0122E4900932F0A3F090091BE0FBA3E0FAA3E04A4B602590091BE0FBA3E0FAA3E0F9E412449090091BE0FBA3
:409C8000A3E0FAA3E02401F9E43AFAE4F5F01244E02290092D7402F090092C7480F0900931740FF0E490091FF0900934F07F0122E4900A16F0906000E0540324FE600D0412
:409CC0007024906004E0900A15F0801F906004E0547F75F00BA4243FF582E43409F583E0900A15F08005E4900A15F0900A15E0FFD394045021900920E0FCA3E02FF582E4FD
:409D00003CF583E49314700931D1900A16EFF08005E4900A16F0900A16E0FF22906028E0900A0CF0E0906028F0E0900A0CF0E0FF54806006900931EFF0227F02B17F9060AF
:409D400000E0546024E0601224E060172440701D12BE6E900A0CEFF0801891B0900A0CEFF0800F1292B1900A0CEFF08005E4900A0CF0900A0CE070069009317403F0229005
:409D8000091BE0FBA3E0FAA3E04A4B603690091BE0FBA3E0FAA3E0F9EF124490900932E0FEA3E0FF90091BE0FBA3E0FAA3E02401F9E43AFAEE8FF01244E090091BE4F0A35E
:409DC000F0A3F02290092DE024FC600A24FE60092404700F800E02B5CC7F03B17F9009317403F02290091FE0FF900933E02FF0900932E03400F0E490092DF07F01B17F903B
:409E000009317403F022C0E0C0F0C083C082C085C084C086758600C093759300C0D075D000C000C001C002C003C004C005C006C007906028E0900A0AF0E0FF54107002C172
:409E4000E4A37401F0EF54806020900A0AE0540F64016005A3E4F0802EB11C900931E054806024900A0BE4F0801D900A0AE054406004F1078011900A0AE054206004B1C422
:409E80008005900A0BE4F0900A0BE06057906028E0900A0AF0E05480704A900934E0FF90092CE04F900A0AF0E0FF906029F0E0FEEF6E7030900931E0900A0BF0906028E040
:409EC0005480900A0AF0E0700F900931E0906028F0E0540F900A0BF0900931E0FF900A0BE0B507D0D007D006D005D004D003D002D001D000D0D0D093D086D084D085D08267
:409F0000D083D0F0D0E03290092DE024FC600A24FE6008240470068005E1C3F1D322E4FD90091FE0FF900933E02FF0900932E03400F0D3900917E09400900916E094004059
:409F40004BED94085046900918E0FBA3E0FAA3E0F9124477FFE42DF582E43460F583EFF0900918E0FBA3E0FAA3E02401F9E43AFA900918EBF0A3EAF0A3E9F00D900917E0EB
:409F800024FFF0900916E034FFF080A690091FE064086006EDD39400401590092CE06480F0900931740FF090092D7402F0800A9009317402F090092DF0900934EDF090090E
:409FC0001FF022E490092DF07F01B17F9009317403F022900927E0600CE04480906008F0E4900927F0E490092DF07F01B17F9009317403F022C0E0C083C082C085C084C05C
:40A0000086758600C09375930090099BE4F0D093D086D084D085D082D083D0E032C0E0C083C082C085C084C086758600C093759300900C72E4F0D093D086D084D085D08273
:40A04000D083D0E032E4900A2FF09009A0E0FFA3E0FE9009A0E0FDA3E0FCEE603C6C7039EF6D7035900C67E0FDEE6D602CEEF09009FCE0C3945050219009A4E024A8F582AE
:40A08000E43409F583EFF09009A4E00475F05084E5F0F09009FCE004F0900C5CE0B40B004002418A90A0ABF828287302A0CC02A0F502A11C02A14502A16E02A19702A1C00C
:40A0C00002A1E902A28A02A28A02A22B9009FEE0FF900C5DE06F6015900C647471F0A3EFF0900C5DF0900C5C740AF0418A900C5CE004F0418A90099EE0FF900C63E06F60AA
:40A1000013A37473F0A3EFF0900C63F0900C5C740AF0418A900C5CE004F0418A90099DE0FF900C5FE06F6015900C647475F0A3EFF0900C5FF0900C5C740AF0418A900C5C16
:40A14000E004F0418A9009A5E0FF900C61E06F6015900C647477F0A3EFF0900C61F0900C5C740AF0418A900C5CE004F0418A900A01E0FF900C62E06F6015900C64747FF031
:40A18000A3EFF0900C62F0900C5C740AF0418A900C5CE004F0418A900A09E0FF900C5EE06F6015900C64747BF0A3EFF0900C5EF0900C5C740AF0418A900C5CE004F0418A14
:40A1C0009009FAE0FF900C60E06F6015900C647476F0A3EFF0900C60F0900C5C740AF0418A900C5CE004F0418A9009FCE0D394004032900C64749CF09009FDE024A8F58216
:40A20000E43409F583E0900C65F09009FDE00475F05084E5F0F09009FCE014F0900C5C740AF08066E4900C5CF0805F900C66E0146030047055900C64E0FF128499900A2FA6
:40A24000EFF0B4010E900C66E004F0900C5C740AF08037E4900C5CF0900C66F0900A08F08028900C65E0FF128499900A2FEFF0B4010BE4900C66F0900C5CF0800DE4900C0F
:40A280005CF0900C66F0900A08F0900C5CE0FF22124CCE900A30EFF0125F57900A2FEFF0A3E0FF124CB6900A2FE0FF30E0089009997401F08005E4900999F0EF30E1089080
:40A2C000099A7401F08005E490099AF0900999E0600690099AE070047F0180027F0022900C68E0B40B00400261EC90A2F1F828287302A31202A37802A38F02A39F02A3EC3B
:40A3000002A3A902A3B502A3BE02A3EC02A3EC02A3DA900C6EE0FCA3E0FDA3E0FEA3E0FF900C69E0F8A3E0F9A3E0FAA3E0FBC312464D602E900C6EE0FCA3E0FDA3E0FEA334
:40A34000E0FF127A45900C76EFF0600261EC900C6EE0FCA3E0FDA3E0FEA3E0FF900C691246BE900CE7E0600261EC900A03E06443707A900C6804F0225190EF600C90099C5E
:40A380007401F0900C6804F022E4900C68F0229104900C76EFF07054900C687403F022125F63900C687405F0225190EF703E900C687406F02271ED900C687407F022900954
:40A3C0009BE0700F125F7E900C76EFF0701E900C68F022900C68740AF0225190EF6007900C687403F022900C687407F022125ECAEF54FBFF125EC490099B7401F0FF9064BF
:40A4000077EFF022125ECAEF54EFFF54FBFF125EC4900A81E0FEA3E0FFEE3395E0FDFC900C6EE0F8A3E0F9A3E0FAA3E02FFFEA3EFEE93DFDE83CFC027A4580FE227B007A62
:40A440004079807D0C7C00124D17904082741AF07B007A4079847D027C00124D179040867418F07B007A4079887D6B7C0E124D1790408A7418F07B007A40798C7DBF7C5DA0
:40A48000124D1790408E7419F07B007A40799074FFFDFC124D179040927418F09043007406F09042007452F07B0C7A01790F124D269046A1EFF07B007A4279127D137C3322
:40A4C000124D179042107401F0E0FFE47FC87E32FDFC900A251246BE900A25E0A3E0A3E0FEA3E0D39400EE9400403A904210E054806032E47FE07E01FDFC124C00900A258E
:40A50000E0FCA3E0FDA3E0FEA3E0FF74FFEF24FFFFEE34FFFEED34FFFDEC34FFFC900A251246BE80B3900A25E0A3E0A3E0FEA3E04E70047F01913A904210E04440F07B00F5
:40A540007A4279227D147C0C124D179040007401F07B007A4279207D517C12124D17E4900A29F07F19FEFDFC900A251246BE900A25E0A3E0A3E0FEA3E0D39400EE940040D4
:40A580004AA3E0FF64036043904225E05401FEEF25E04E5403900A29F0E47FE07E01FDFC124C00900A25E0FCA3E0FDA3E0FEA3E0FF74FFEF24FFFFEE34FFFEED34FFFDEC6C
:40A5C00034FFFC900A251246BE80A3900A25E0A3E0A3E0FEA3E04E70047F03913A7B007A4079047D007C01124D179040047407F0904006E4F09040087448F0904004E4F0C8
:40A60000904009F09040017402F09043A2E0441FF0227B007A4679E8124D26EF4405FD7B007A4679E8124D32F1EB7B007A7679007D047C00124C9D7C557D237B007A7679C0
:40A64000087F047E00124BD27C557D277B007A7679107F047E00124BD27B007A7679187D047C00124C9D7C557D2B7B007A7679207F047E00124BD27C557D2F7B007A767907
:40A68000287F047E00124BD27C557D337B007A7679307F047E00124BD27B007A7679387D047C00124C9D7B017A0079D87F047E047D007C44124CE37B017A0279587F047ED5
:40A6C000047D007C48124CE37B017A0479D87F447E447D007C48124CE37B017A507903124D26EF4402FD7B017A507903124D327B017A507913124D26EF4402FD7B017A50E7
:40A700007913124D329043A0E04440F09043C2E04410F07B087A1F79CC900A2AE4F0A37451F0A37402F07F087E00124C3B7B087A1F79D4900A2AE4F0A37451F0A374C2F062
:40A740007F087E00124C3B7B087A1F79DC900A2AE4F0A37451F0A374F0F07F0A7E00124C3B7B087A1F79E8900A2AE4F0A37451F0A37410F07F0A7E00124C3B7B087A1F798A
:40A78000F4900A2AE4F0A37451F0A37420F07F0A7E00124C3B9044F47401F0904322E04408F09046ECE0C394055006904689743AF090480074F1F0913D90480074B1F01265
:40A7C000A8D47B007A4379A0C003C002900A2AEBF0A3EAF0A374B0F0D002D0037F0E7E00124C3B9043B0E054FDF022E4FFFEFDFC900CDF1246BE9076007410F090701074BC
:40A8000001F0907019E4F07B027A78F97DB87C02124D199078027401F0A374A3F07B027A787904C003C002C0017BFF7A52796BE9EAE4AD01AC02D001D002D003124D197BB6
:40A84000027A7879067D087C78124D197B027A7679047D107C00124D197B027A767906E4FDFC124D19907029740BF0907039740DF09070597414F0907069741EF090707951
:40A880007427F09070147401F0907018E0540170F8907028E0540170F8907038E0540170F8907058E0540170F8907068E0540170F8907078E0540170F87B087A0879209008
:40A8C0000A2A7401F0A37451F0A37410F07F067E00024C3B7B0C7A0179CF124D26EF540790586EF0EFC4540FA3F09058767444F022900A2FEFF0A3EDF0900B10E070083138
:40A90000AA900B107401F0900A2FE0FFA3E0FD900A31EDF090092EEFF0E490092DF0900922F0900930F090091EF0900927F090092FF090091FF09044C27480F0A37401F0B0
:40A940009044C27420F09044C07404F07408F090609E7406F09044C27440F090609C7450F07EB37F5A7175D1B2D1CC900A31E014600C047012906009E054FEF08010906087
:40A9800009E04401F08007906009E04401F09060287403F09060087480F0E47F01FEFDFC124C009060127404F022124CCE900A31EFF09043A5E04401F09043B5E04401F044
:40A9C00090609D7401F090600904F0906010E0547FF0E4FFFE124C70904394E054F9F0906012E054DFF0904394E04401F07F017E00124C707F287E00124C709051F8E05455
:40AA00007FF0E054BFF0904394E04402F07F027E00124C70904394E04404F0906084E4F0A3F0FFFEC3EF9409EE9400502174072FF582740B3EF58374FFF074112FF5827489
:40AA40000B3EF58374FFF00FEF70010E80D6900A31E0FF124CB67D057F17711C7CAF7D177F1751B67D057F18711C7C9E7D067F1851B67D057F15711C7CBE7D1C7F1551B62E
:40AA80007D057F02711C7CBD7D7C7F0251B67D057F03711C7CBD7DCC7F0351B6E4FD7F16711C7CB47D7C7F1651B67D057F0C711C7CBE7D1D7F0C900A37ECF0A3EDF0900A28
:40AAC00036EFF0D3941F50028001C340047F007161900A36E0541F25E0FFE433FEE42FFFEE3444FAA9077B01124D0A900A39EEF0A3EFF0900A36E075F002A42400FFE5F067
:40AB00003444FAA9077B01A3E0FEA3E0FFFDAC06124D19900A39E0FEA3E0FF22900A36EFF0A3EDF0D3940750028001C340047F007161900A36E0D3941F50028001C3400420
:40AB40007F007161900A37E0540775F020A4FF900A36E0541F2480F582E43444F583EFF02290FFFF1246FCEFF09046EA7401F09000010246FC900A32EEF0A3EFF0D1A19054
:40AB80000A32E0FEA3E0FFD1BF7F05D1A89044C07402F0229049D67402F09049C87481F09049CA7437F09049DB7403F0A3E4F09044C97480F07D077F0F711C7CAB7DEE7FB4
:40ABC0000F51B6900CE97410F0E4900CC0F0900CBBF0900CBCF022900CEAE070087194900CEA7401F0D1D99044C17480F022C0E0C0F0C083C082C085C084C086758600C0F3
:40AC000093759300C0D075D000C000C001C002C003C004C005C006C0079049D7E0900A6FF0900CE9E054407002C170900A6FE0FF54017002C140900CE9E024BA7002A12E2F
:40AC400024FD600B147002A1D924056002C13CEF54DF900A6FF0540AFD7C0064087076900CE9E064457061900CBFE0D394004026900CB8E0FBA3E0FAA3E0F91244779049C7
:40AC8000D8F09049D77404F0900CBC7401F0900CE97446F0C140900CBDE054026015900CC0E0440AF0900CE97460F09044C97480F0C1409049D6E04410F09049D97410F085
:40ACC0009049D77404F0C1409049D7E4F0900CE9744AF0C140ED640A4C704D900CC0E044A0F0900CBDE054026029900CC0E0FF900CE9E0540860047E0180027E02EE4408DC
:40AD00004F900CC0F0900CE97460F09044C97480F0C1409049D6E04410F09049D97410F09049D77404F0C1407F007161C140900A6FE05402706A900CBFE0FF900CBCE0C3FB
:40AD40009F502B900CB8E0FBA3E0FAA3E0F9900CBCE0FFE92FF9E43AFA1244779049D8F09049D77404F0900CBCE004F0C140900CBDE054026015900CC0E0440AF0900CE97B
:40AD80007460F09044C97480F0C1409049D6E04410F09049D97410F09049D77404F0C140900CBDE054026015900CC0E0449AF0900CE97460F09044C97480F0C1409049D6B3
:40ADC000E04410F09049D97410F09049D77404F0900CC0E04490F080679049D8E0FF900CC1E0FBA3E0FAA3E0F9900CBBE0FEE92EF9E43AFAEF124490900CBBE004F0900C50
:40AE0000BEE0FF900CBBE0C39F50089049D77410F0802D900CBDE054026015900CC0E04409F0900CE97460F09044C97480F080109049D6E04410F0A3E4F080047F007161BD
:40AE4000900A6FE054206036900CC0E0FF900CE9E0540860047E0180027E02EF4E900CC0F09049D6E054EFF0900CE97410F0800E900CE9E054107006900CE97410F0D0071D
:40AE8000D006D005D004D003D002D001D000D0D0D093D086D084D085D082D083D0F0D0E0329044C87402F022EFC43354E0904481F022124CCE906597E04410F0024CB67B84
:40AEC000027A447902AD07AC06024D19124CCE906594E04410F0024CB6124CCE9043A5E04404F09043B5E04404F0024CB6E490092DF0900922F0900930F090091EF09009CE
:40AF000027F090092FF090091FF09060287403F09060087480F022C0E0C0F0C083C082C085C084C086758600C093759300C0D075D000C000C001C002C003C004C005C006F9
:40AF4000C007D1EDD007D006D005D004D003D002D001D000D0D0D093D086D084D085D082D083D0F0D0E0327F0912B11B124CCE906008E0547FF0906012E054FBF09043A5A1
:40AF8000E054FEF09043B5E054FEF09051F8E04480F0E04440F0124CB69044CA7480F0A37401F09044CA7420F09044C87404F07408F0F1D49044D97410F0E4900922F090CF
:40AFC0000930F090091EF0900927F090092FF0900B10F02290458FE054407E007806CEC313CE13D8F9FF22900A2FEFF0E4A3F0A3F0A3F0A3F0EF24FD602F047056900A3006
:40B00000E0FAA3E0FBA3E0FFA3E0900A38CFF0A3EFF07D017F2011D1900A2FE02423F582E4340BF583EFF0802A900A30E0FAA3E0FBA3E0FFA3E0900A38CFF0A3EFF07D015E
:40B040007F201187900A2FE02423F582E4340BF583EFF0900A2FE0FFD394004029EF94095024126E3F900A2FE02407F582E4340BF583EFF0126E3F900A2FE02411F582E4C4
:40B08000340BF583EFF022900A36EAF0A3EBF0AE05900CF77402F0AD07AF06AB07900A40F0E4A3F0A3F07F02126FEB900CF7E0FF900A36E0FCA3E0FDA3E0FAA3E0FB126F0E
:40B0C00073900CF7E0FF7D02126D04900CF7E0FF22900A36EAF0A3EBF0AE05900CF87401F0AD07AF06AB07900A40F0E4A3F0A3F07F01126FEB900CF8E0FF900A36E0FCA364
:40B10000E0FDA3E0FAA3E0FB126F73900CF8E0FF7D02126D04900CF8E0FF22900A3CEFF0C394095004E0FF80027F01900A3DEFF0900A3DE0FF2407F582E4340BF583E0F472
:40B14000603074232FF582E4340BF583E0FF12605E900A3DE02407F582E4340BF583E0FF31AB900A3DE02407F582E4340BF58374FFF0900A3DE02411F582E4340BF583E0D4
:40B18000FFF4601231AB900A3DE02411F582E4340BF58374FFF0900A3DE004F0E0C394095008900A3CE06409608622900A3EEFF0C394805033124CCE900A3FEFF0900CCE20
:40B1C000E0FF900A3EE0FE75F008A42400F582E5F03478F583EFF0900CCEEEF0A3E004F0900A3FE0FF124CB622900A6CEFF0ED600241A2E0FD2407F582E4340BF583E07503
:40B20000F008A42400FEE5F03478900A6DF0A3CEF0ED25E024F5F582E4340AF583E0FEA3E024E0FDEE34FFFC900A6DE0FEA3E0AA06F97B01124D19900A6CE0FD2407F58252
:40B24000E4340BF583E075F008A42404FEE5F03478900A6DF0A3CEF0ED75F003A424DAF582E4340AF583E0FBA3E0FAA3E0F92420FFE43AFEE43BFDE433FCEFEEE4AD07ACB8
:40B2800006900A6DE0FEA3E0AA06F97B01124D19900A6CE0241AF582E4340BF5837401F0612E900A6CE02407F582E4340BF583E075F008A42400FEE5F03478900A6DF0A308
:40B2C000CEF0900A6DE0FEA3E0AA06F97B017D027C00124D19900A6CE0FD2407F582E4340BF583E075F008A42404FEE5F03478900A6DF0A3CEF0ED75F003A424DAF582E42E
:40B30000340AF583E0FBA3E0FAA3E0F9241EFFE43AFEE43BFDE433FCEFEEE4AD07AC06900A6DE0FEA3E0AA06F97B01124D19900A6CE0FF2407F582E4340BF583E0FE742334
:40B340002FF582E4340BF583E075F010A42419F582E5F03470F583EEF022C0E0C0F0C083C082C085C084C086758600C093759300C0D075D000C000C001C002C003C004C095
:40B3800005C006C007900A6B7401F09170EF547F900A6AF09176EF5403900A69F0900A69E07002814D900A6AE0FF700281315401606FA3E0FF75F010A42472F582E5F0349B
:40B3C00060F583E0FE54017058741A2FF582E4340BF583E0704B900A6BE075F010A42475F582E5F03460F583E4F0EFC43354E024FEFE900A6BE0FF75F010A42474F582E522
:40B40000F03460F583EEF07D0131E9900A6BE075F010A42470F582E5F03460F583E04401F0900A6BE004F0900A6AE0FFC313F061A5900A69E0FFC313F07002619D900A6BF6
:40B440007408F0900A69E05401A3F0619DD007D006D005D004D003D002D001D000D0D0D093D086D084D085D082D083D0F0D0E032906567E0FF22906564E0FF22C0E0C0F0AB
:40B48000C083C082C085C084C086758600C093759300C0D075D000C000C001C002C003C004C005C006C007900A657401F090609FE0900A63F0900A63E0FF7002A19A540153
:40B4C0007002A18A900A65E0FF75F010A42471F582E5F03460F583E0FE75F010EFA42472F582E5F03460F583E05E900A64F0E020E002A173A3E0FF75F00BA42439F582E487
:40B500003409F583E05480606A900A65E0FE75F010A42470F582E5F03460F583E054FEF0EE25E024F5F582E4340AF583E0FCA3E0D39420EC94004006E4FD31E98010900AE6
:40B5400065E0241AF582E4340BF5837401F0900A65E0FF75F00BA4243AF582E43409F583E0FE75F010EFA424FEF582E5F0345FF583EEF0900A64E0FFA3E075F010A4247225
:40B58000F582E5F03460F583EFF0900A65E004F0900A63E0FFC313F081B5D007D006D005D004D003D002D001D000D0D0D093D086D084D085D082D083D0F0D0E032905111D2
:40B5C000E0548060047F0180027F0022E4FF906029E0540F24FEFEFD900933E02DF0900932E03400F0D3900917E09400900916E09400404DEED394004047E42FF582E43477
:40B6000060F583E0FD900918E0FBA3E0FAA3E0F9ED124490900918E0FBA3E0FAA3E02401F9E43AFA900918EBF0A3EAF0A3E9F00F1E900917E024FFF0900916E034FFF080B4
:40B64000A4AF06900934EEF090092CE06480F0900931740BF02290092D7406F0900931F090092C7480F0E4900934F07F0122E4900A15F0906004E0547FFFD394004079EFE4
:40B6800094095074EF75F00BA42437F582E43409F583E04401F0EF75F00BA42438F582E43409F583E4F0EF75F00BA42436F582E43409F583E04402F0EF75F00BA42439F58B
:40B6C00082E43409F583E05480601475F010EFA424FEF582E5F0345FF583748DF0801275F010EFA424FEF582E5F0345FF5837489F0D156900A15EFF0900A15E0FF2290445C
:40B70000C97480F09049CAE0900CD3F09049DBE0900CD4F09049DCE0900CD5F09049DCE0FE9049DBE0FDEEED2401FFE43E900A37F0A3EFF09049D6E054FEF0900A37E0FE88
:40B74000A3E0FFE4FCFD124C00124CCE900A36EFF09043A5E054FBF09043B5E054FBF0900A36E0FF124CB69049D6E04402F0900CD3E0FF9049CAF0EFF0900CD4E09049DBA7
:40B78000F0900CD5E09049DCF09049D6E054EFF09044D97480F0900CE97410F0229044C97480F0900CC0E0FFE4F09044C17480F022124CCE90659AE04420F0124CB6906512
:40B7C00079E04404F022900CEFE07008F1D6900CEF7401F080DB90658BE054F8F0E0F0906589E054F8F0E0F022906579E054FEF0124CCE90659BE054EFF0024CB6124CCE1A
:40B8000090659BE04403F0E054FCF0024CB6124CCE906599E04410F0124CB6906579E04402F022906579E054FDF0124CCE906599E054EFF0024CB6124CCE906599E0440364
:40B84000F0E054FCF0024CB6900A39EAF0A3EBF0AE05900CF37406F0AD07AF06AB07900A40F0E4A3F0A3F07F06126FEB900CF3E0FF900A39E0FCA3E0FDA3E0FAA3E0FB1253
:40B880006F73900CF3E0FF7D01126D04900CF3E0FF22900A39EAF0A3EBF0AE05900CF47407F0AD07AF06AB07E4900A40F0A3F0A3F07F07126FEB900CF4E0FF900A39E0FCCF
:40B8C000A3E0FDA3E0FAA3E0FB126F73900CF4E0FF7D01126D04900CF4E0FF22900CCE747FF0A304F07F7FEF601614FE75F008EFA42400F582E5F03478F583EEF01F80E787
:40B9000075F008EFA42400F582E5F03478F583E4F0227E01EFC39418501A75F010EFA42414F582E5F03470F583E0FFED5407FDEF4DF0E41EAF0622904210E0548060047FEC
:40B940000180027F002280FE32E4900A25F0900A25E0FFD3941F5020EF75F002A42400FFE5F03444FAA9077B017CB97D46124D19900A25E004F080D622900A22EBF0A3EA9D
:40B98000F0A3E9F07B0C7A017903124D26E4FCFDFE900A22E0FBA3E0FAA3E0F91246A4900A22E0FBA3E0FAA3E0F9C003C002C001124684C004C005C006C0077B0C7A01796E
:40B9C00004124D26E4FCFDFE7808124671A804A905AA06AB07D007D006D005D004EF4BFFEE4AFEED49FDEC48FCD001D002D0031246A4900A22E0FBA3E0FAA3E0F9C003C031
:40BA000002C001124684C004C005C006C0077B007A4679EC124D26E4FCFDFE7810124671A804A905AA06AB07D007D006D005D004EF4BFFEE4AFEED49FDEC48FCD001D00279
:40BA4000D0031246A4900A22E0FBA3E0FAA3E0F9C003C002C001124684C004C005C006C0077B0C7A017902124D26E4FCFDFE7818124671A804A905AA06AB07D007D006D0C0
:40BA800005D004EF4BFFEE4AFEED49FDEC48FCD001D002D0031246A47B0C7A017901124D26E4FCFDFE900A22E0FBA3E0FAA3E02404F9E43AFA1246A4900A22E0FBA3E0FAAD
:40BAC000A3E02404F9E43AFAC003C002C001124684C004C005C006C0077B0C7A017900124D26E4FCFDFE7808124671A804A905AA06AB07D007D006D005D004EF4BFFEE4AAB
:40BB0000FEED49FDEC48FCD001D002D0031246A4900A22E0FBA3E0FAA3E02404F9E43AFAC003C002C001124684C004C005C006C0077B0C7A017905124D26E4FCFDFE7810C2
:40BB4000124671A804A905AA06AB07D007D006D005D004EF4BFFEE4AFEED49FDEC48FCD001D002D0031246A4900A22E0FBA3E0FAA3E02404F9E43AFAC003C002C001124638
:40BB800084C004C005C006C0077B0C7A017906124D26E4FCFDFE7818124671A804A905AA06AB07D007D006D005D004EF4BFFEE4AFEED49FDEC48FCD001D002D0030246A46B
:40BBC000900A15EBF0A3EAF0A3E9F0E4900A19F0900A15E0FBA3E0FAA3E04A4B700281BC900A15E0A3E0A3E0F97422124490900A15E0FBA3E0FAA3E02401F9E43AFA74032C
:40BC00001244907B017A0A791A3179900A187402F0900A18E0FFC39422400281BCA3E0241AF582E4340AF583E0FEC4540F90581593FE900A15E0FBA3E0FAA3E02FF9E43A0B
:40BC4000FAEE1244907E00EF2401FDEE33FC900A15E0FBA3E0FAA3E02DF9EA3CFAE4124490900A19E0241AF582E4340AF583E0540F90581593FDEF2402FFEE33FE900A151C
:40BC8000E0FBA3E0FAA3E02FF9EA3EFAED124490900A18E02403FFE433FE900A15E0FBA3E0FAA3E02FF9EA3EFAE4124490900A19E004F0900A18E02404F0811122904F005D
:40BCC000E05401F0904F02E054FCF0904F00E04404F0904F0BE054CFF0E04430F0E054F0F0E0440FF0904F01E04401F07F317E00B1247F317E00B1317F08904F03EFF0225D
:40BD0000900CF6E0700891BD900CF67401F09043A3E04401F09043B3E04401F0904F00E04401F0227B027A4F7904AD07AC06024D197B027A4F7906AD07AC06024D19900ADA
:40BD400036EEF0A3EFF0B15D900A36E0FEA3E0FFB16E7F06B1649044C07401F0229044C87401F022EFC43354E0904480F0227B027A447900AD07AC06024D1932C0E0C083E1
:40BD8000C082C085C084C086758600C093759300C0D075D000C00790600B7402F090601EE0FF90094BE054036401600790094EE06480F090094C7401F0D007D0D0D093D0BC
:40BDC00086D084D085D082D083D0E032C0E0C083C082C085C084C086758600C093759300C0D075D000C00790600B7404F090602EE0FF900956E0540364016007900959E083
:40BE00006480F09009577401F0D007D0D0D093D086D084D085D082D083D0E03232C0E0C0F0C083C082C085C084C086758600C093759300C0D075D000C000C001C002C00372
:40BE4000C004C005C006C00712AFD4D007D006D005D004D003D002D001D000D0D0D093D086D084D085D082D083D0F0D0E032E4900A0DF0906000E0900A0FF0A3E4F0A3F044
:40BE8000A3F0900916F0A3F0900A0FE054806480600302C0F1906001E0700302C02224F8700302C0A424FE700302C0C62404600302C28B906003E0B4013912CAA0900A1368
:40BEC000EEF0A3EFF0F5828E83A3E493F9740193FA740293900918C9F0A3EAF0A3E9F0900916E4F0A37412F0129C18900A0DEFF002C28B906003E064027075906002E0FFB3
:40BF000012C291900A13EEF0A3EFF04E700302C28B900A13E0FEA3E0F5828E83A3E493F9740193FA740293900918C9F0A3EAF0A3E9F0900918E0FBA3E0FAA3E02403F9E4D8
:40BF40003AFA124477FE900918E0FBA3E0FAA3E02402F9E43AFA124477FDEEEDFF900916EEF0A3EFF0129C18900A0DEFF002C28B906003E06403600302C018FF900A10741D
:40BF8000FFF0A37456F0A37400F0906002E0D39F402B900A10E0FBA3E0FAA3E0F9124477601B124477FEFD7C00E92DF9EC3AFA900A10EBF0A3EAF0A3E9F00F80CD9060027A
:40BFC000E0FF6020905547E493FEEFB506167B017A0C791B71C0900A107401F0A3740CF0A3741BF0900A10E0FBA3E0FAA3E0F9124477700302C28B124477FF900916E4F01A
:40C00000A3EFF0900918EBF0A3EAF0A3E9F0129C18900A0DEFF0418B129CB0900A0DEFF0418B900A0FE05403604724FE6002418B900916E4F0A37402F0906004E0547F75B2
:40C04000F00BA42437F582E43409F583E0900CEDF0E4A3F07B017A0C79ED90091804F0A3740CF0A374EDF0129C18900A0DEFF0418B900916E4F0A37402F090092FE0900CEA
:40C08000EDF0E4A3F07B017A0C79ED90091804F0A3740CF0A374EDF0129C18900A0DEFF0418B418B900916E4F0A304F07A097930900918F0A37409F0A37430F0129C1890B0
:40C0C0000A0DEFF0418B900916E4F0A304F0906004E02412F9E43409FA9009187401F0A3EAF0A3E9F0129C18900A0DEFF0418B418B906001E014700221B424FE700241252D
:40C1000024FA601C24FE607024066002418B906002E0900927F012B656900A0DEFF0418B906002E0900A0EF0D39400400DE014FF5191900A13EEF0A3EFF0900A0EE0FFD3CF
:40C140009400400A900A13E07002A3E07005EF6002418B900930E0FF900A0EE0FE6F600E900930EEF09009227401F0FFF16212B656900A0DEFF0418B51E9EF7002418B9042
:40C180006004E0FE90091EF074122EF582E43409F583E0FF74232EF582E43409F583E06F60089009227401F0715B12B656900A0DEFF0418B900A0FE05403601914603114F9
:40C1C0006002418B906002E06002418BB1A3900A0DEFF0418B906002E064016002418B90092FE054FDF012B656900A0DEFF0418B906004E0FFC394044002418B74282FF5B1
:40C2000082E43409F583C083C082E0FF906002E0F4FEEF5ED082D083F012B656900A0DEFF080688066900A0FE05403601614602C147058906002E0705212B66E900A0DEF35
:40C24000F08048906002E06401704090092FE04402F012B656900A0DEFF0802F906004E0FFC39404502574282FF582E43409F583C083C082E0FF906002E0F4FEEF5ED082A9
:40C28000D083F012B656900A0DEFF0900A0DE0FF22900A1DEFF090092EE025E025E02412F582E43458F583E493740193FA740293AE02FF2408FFE43EFE8F82F583E493FD9A
:40C2C000900A1DE0FCC39D4005E4FEFF801A8F828E8375F004EC1246CAA3E493740193FA740293AC02AE04FF22E4900A15F0906004E0900A16F0900930E014FF51918F82A6
:40C300008E83A3E493FB740193FA7402932404F9E43AFA124477FF900A16E0FED39F4006EED39404502F74122EF582E43409F583E0FF74232EF582E43409F583EFF0906062
:40C3400002E0FF74122EF582E43409F583EFF0900A157401F0900A15E0FF22900930E0D394005002A13AE014FF5191EF2404FFE43EFE8F82F583E493900A15F08F828E836C
:40C38000A3E493740193FA740293AE02FDAC0690091EE0900A16F0E4FB900A15E0FFEBC39F4002A13A8D828C83E493FF900A16E0FE6F6002A1308D828C830493FF74122EBF
:40C3C000F582E43409F583E06F6002A1308D828C83740293547FFA7403935403F9EA75F00BA42438F582E43409F583E4F08D828C83740293FFEA75F00BA42439F582E4340F
:40C4000009F583EFF08D828C83740393FFEA75F00BA42435F582E43409F583EFF08D828C83740493FE740593FFEA75F00BA4243DF582E43409F583EEF0A3EFF08D828C8310
:40C440007402935480602DE9B401047F0780027F0DEA75F00BA4243AF582E43409F583EFF0EA75F00BA42436F582E43409F5837401F0802AE9B401047F0580027F09EA75CB
:40C48000F00BA4243AF582E43409F583EFF0EA75F00BA42436F582E43409F583E4F075F010EAA424FEF582E5F0345FF5837401F075F010EAA42470F582E5F03460F583E0A4
:40C4C00054FEF0EA24FFFFE434FFFEEF25E0FFEE33906014EFF0E04401F0906014E030E4F98D828C837402935480602090608FC083C082E0FFEA14FE7401A806088002C312
:40C5000033D8FCF45FD082D083F0801D90608FC083C082E0FFEA14FE7401A806088002C333D8FC4FD082D083F0906014E054FEF0ED2407FDE43CFC0B619922900930E014FA
:40C54000FF5191AD07AC06ED4C60488D828C83A3E493FB740193FA7402932404F9E43AFA1244772402FFE433FEEF7802C333CE33CED8F92DFDEE3CFCAF058D82F583A3E404
:40C5800093740193FA740293FF900A1BEAF0A3EFF08007E4900A1BF0A3F0900A1BE0FEA3E0FF22E4900A15F0906004E0547FFFD394005002C191EF94094002C191EF75F04B
:40C5C0000BA42437F582E43409F583E054FEF0EF75F00BA42438F582E43409F583E4F075F010EFA424FCF582E5F0345FF583E0547FF0EF75F00BA42436F582E43409F5832D
:40C60000E054FDF0EF75F00BA42439F582E43409F583E05480603AEF75F00BA42436F582E43409F583E0B4011475F010EFA424FEF582E5F0345FF583740CF0804C75F010D3
:40C64000EFA424FEF582E5F0345FF583740DF08038EF75F00BA42436F582E43409F583E0B4011475F010EFA424FEF582E5F0345FF5837408F0801275F010EFA424FEF5824F
:40C68000E5F0345FF5837409F012B656900A15EFF0900A15E0FF22E4FF7E01EEC394094002E13875F010EEA42470F582E5F03460F583740CF075F010EEA42471F582E5F07B
:40C6C0003460F583741DF0EE75F00BA4243AF582E43409F583E0604BEE75F00BA42439F582E43409F583E05480601475F010EEA424FEF582E5F0345FF583740CF080367500
:40C70000F010EEA424FEF582E5F0345FF5837408F0EE14FD7401A805088002C333D8FC4FFF801275F010EEA424FEF582E5F0345FF5837480F00EC19B90608C7455F090603A
:40C74000BC7420F0A3E4F090608E7406F0A3EFF090609CE04480F0E0547FF090600A74FFF022E4900A15F0900A15E0FEC39409507AEE75F00BA42435F582E43409F583E4CD
:40C78000F0EE75F00BA42437F582E43409F583E4F0EE75F00BA42438F582E43409F583E4F0EE75F00BA4243DF582E43409F583E4F0A3F0EE75F00BA4243FF582E43409F53A
:40C7C00083E4F0EE75F00BA42436F582E43409F583E4F0EE75F00BA4243AF582E43409F583E4F0900A15E004F0E167EF602FE4900A16F0900A16E0FFC39404502074122F82
:40C80000F582E43409F583E4F074232FF582E43409F583E4F0900A16E004F080D6900930E0D394005002419FE014FF12C291900A17EEF0A3EFF0900A17E0FCA3E0FDF58261
:40C840008C83A3E493FB740193FA740293F92407F9E43AFA1244775440600990092FE04401F0800790092FE054FEF0ED2404FFE43CFE900A17F0A3EFF0F5828E83E4939058
:40C880000A15F0A37401F0900A16E0C394094002412BA3E0FEA3E0F5828E83A3E493740193FA740293FF900A19EAF0A3EFF0E4FF900A15E0FEEFC39E40024123900A19E00B
:40C8C000FCA3E0F5828C83740293547FFD900A16E0FE6D7001E460024112900A19E0A3E0F5828C83740493FC740593FDEE75F00BA4243DF582E43409F583E0FAA3E0C39D79
:40C90000EA9C5029900A19E0FCA3E0F5828C83740493FC740593FD900A16E075F00BA4243DF582E43409F583ECF0A3EDF0900A19E0FCA3E0FDF5828C83E4932412F582E442
:40C940003409F583E0FE8D828C83740193FDEE6D60024112900A19E0A3E0FDF5828C83740293FE900A16E0FB75F00BA42439F582E43409F583EEF08D828C83740393FEEB56
:40C9800075F00BA42435F582E43409F583EEF0900A19E0FCA3E0F5828C837403935403FE900A19E0A3E0F5828C8374029354806031EEB401047D0780027D0D900A16E0FC58
:40C9C00075F00BA4243AF582E43409F583EDF0EC75F00BA42436F582E43409F5837401F08041EEB401047E0580027E09900A16E0FD75F00BA4243AF582E43409F583EEF028
:40CA0000ED75F00BA42436F582E43409F583E4F08011900A1AE02407F0900A19E03400F00F01B0900A16E004F00187900A17E0FEA3E0F5828E83A3E493740193FA74029335
:40CA4000FF900A19EAF0A3EFF0E4900A16F0900A15E0FFA3E0C39F5038900A19E0FEA3E0F5828E83E493FD740293547F75F00BA4243FF582E43409F583EDF0900A1AE02421
:40CA800007F0900A19E03400F0900A16E004F080BD12C53B900920EEF0A3EFF012C6972290092EE025E025E02412F582E43458F583E493740193FA740293AE02FF22320080
:40CAC0000000000000000000000000000000000000000000000000000000000000000000000000000000000000000000000000000000000000000000000000000000000036
:40CB000000000000000000000000000000000000000000000000000000000000000000000000000000000000000000000000000000000000000000000000000000000000F5
:40CB400000000000000000000000000000000000000000000000000000000000000000000000000000000000000000000000000000000000000000000000000000000000B5
:40CB80000000000000000000000000000000000000000000000000000000000000000000000000000000000000000000000000000000000000000000000000000000000075
:40CBC0000000000000000000000000000000000000000000000000000000000000000000000000000000000000000000000000000000000000000000000000000000000035
:40CC000000000000000000000000000000000000000000000000000000000000000000000000000000000000000000000000000000000000000000000000000000000000F4
:40CC400000000000000000000000000000000000000000000000000000000000000000000000000000000000000000000000000000000000000000000000000000000000B4
:40CC80000000000000000000000000000000000000000000000000000000000000000000000000000000000000000000000000000000000000000000000000000000000074
:40CCC0000000000000000000000000000000000000000000000000000000000000000000000000000000000000000000000000000000000000000000000000000000000034
:40CD000000000000000000000000000000000000000000000000000000000000000000000000000000000000000000000000000000000000000000000000000000000000F3
:40CD400000000000000000000000000000000000000000000000000000000000000000000000000000000000000000000000000000000000000000000000000000000000B3
:40CD80000000000000000000000000000000000000000000000000000000000000000000000000000000000000000000000000000000000000000000000000000000000073
:40CDC0000000000000000000000000000000000000000000000000000000000000000000000000000000000000000000000000000000000000000000000000000000000033
:40CE000000000000000000000000000000000000000000000000000000000000000000000000000000000000000000000000000000000000000000000000000000000000F2
:40CE400000000000000000000000000000000000000000000000000000000000000000000000000000000000000000000000000000000000000000000000000000000000B2
:40CE80000000000000000000000000000000000000000000000000000000000000000000000000000000000000000000000000000000000000000000000000000000000072
:40CEC0000000000000000000000000000000000000000000000000000000000000000000000000000000000000000000000000000000000000000000000000000000000032
:40CF000000000000000000000000000000000000000000000000000000000000000000000000000000000000000000000000000000000000000000000000000000000000F1
:40CF400000000000000000000000000000000000000000000000000000000000000000000000000000000000000000000000000000000000000000000000000000000000B1
:40CF80000000000000000000000000000000000000000000000000000000000000000000000000000000000000000000000000000000000000000000000000000000000071
:40CFC0000000000000000000000000000000000000000000000000000000000000000000000000000000000000000000000000000000000000000000000000000000000031
:40D0000000000000000000000000000000000000000000000000000000000000000000000000000000000000000000000000000000000000000000000000000000000000F0
:40D0400000000000000000000000000000000000000000000000000000000000000000000000000000000000000000000000000000000000000000000000000000000000B0
:40D080000000000000000000000000000000000000000000000000000000000000000000000000000000000000000000000000000000000000000000000000000000000070
:40D0C0000000000000000000000000000000000000000000000000000000000000000000000000000000000000000000000000000000000000000000000000000000000030
:40D1000000000000000000000000000000000000000000000000000000000000000000000000000000000000000000000000000000000000000000000000000000000000EF
:40D1400000000000000000000000000000000000000000000000000000000000000000000000000000000000000000000000000000000000000000000000000000000000AF
:40D18000000000000000000000000000000000000000000000000000000000000000000000000000000000000000000000000000000000000000000000000000000000006F
:40D1C000000000000000000000000000000000000000000000000000000000000000000000000000000000000000000000000000000000000000000000000000000000002F
:40D2000000000000000000000000000000000000000000000000000000000000000000000000000000000000000000000000000000000000000000000000000000000000EE
:40D2400000000000000000000000000000000000000000000000000000000000000000000000000000000000000000000000000000000000000000000000000000000000AE
:40D28000000000000000000000000000000000000000000000000000000000000000000000000000000000000000000000000000000000000000000000000000000000006E
:40D2C000000000000000000000000000000000000000000000000000000000000000000000000000000000000000000000000000000000000000000000000000000000002E
:40D3000000000000000000000000000000000000000000000000000000000000000000000000000000000000000000000000000000000000000000000000000000000000ED
:40D3400000000000000000000000000000000000000000000000000000000000000000000000000000000000000000000000000000000000000000000000000000000000AD
:40D38000000000000000000000000000000000000000000000000000000000000000000000000000000000000000000000000000000000000000000000000000000000006D
:40D3C000000000000000000000000000000000000000000000000000000000000000000000000000000000000000000000000000000000000000000000000000000000002D
:40D4000000000000000000000000000000000000000000000000000000000000000000000000000000000000000000000000000000000000000000000000000000000000EC
:40D4400000000000000000000000000000000000000000000000000000000000000000000000000000000000000000000000000000000000000000000000000000000000AC
:40D48000000000000000000000000000000000000000000000000000000000000000000000000000000000000000000000000000000000000000000000000000000000006C
:40D4C000000000000000000000000000000000000000000000000000000000000000000000000000000000000000000000000000000000000000000000000000000000002C
:40D5000000000000000000000000000000000000000000000000000000000000000000000000000000000000000000000000000000000000000000000000000000000000EB
:40D5400000000000000000000000000000000000000000000000000000000000000000000000000000000000000000000000000000000000000000000000000000000000AB
:40D58000000000000000000000000000000000000000000000000000000000000000000000000000000000000000000000000000000000000000000000000000000000006B
:40D5C000000000000000000000000000000000000000000000000000000000000000000000000000000000000000000000000000000000000000000000000000000000002B
:40D6000000000000000000000000000000000000000000000000000000000000000000000000000000000000000000000000000000000000000000000000000000000000EA
:40D6400000000000000000000000000000000000000000000000000000000000000000000000000000000000000000000000000000000000000000000000000000000000AA
:40D68000000000000000000000000000000000000000000000000000000000000000000000000000000000000000000000000000000000000000000000000000000000006A
:40D6C000000000000000000000000000000000000000000000000000000000000000000000000000000000000000000000000000000000000000000000000000000000002A
:40D7000000000000000000000000000000000000000000000000000000000000000000000000000000000000000000000000000000000000000000000000000000000000E9
:40D7400000000000000000000000000000000000000000000000000000000000000000000000000000000000000000000000000000000000000000000000000000000000A9
:40D780000000000000000000000000000000000000000000000000000000000000000000000000000000000000000000000000000000000000000000000000000000000069
:40D7C0000000000000000000000000000000000000000000000000000000000000000000000000000000000000000000000000000000000000000000000000000000000029
:40D8000000000000000000000000000000000000000000000000000000000000000000000000000000000000000000000000000000000000000000000000000000000000E8
:40D8400000000000000000000000000000000000000000000000000000000000000000000000000000000000000000000000000000000000000000000000000000000000A8
:40D880000000000000000000000000000000000000000000000000000000000000000000000000000000000000000000000000000000000000000000000000000000000068
:40D8C0000000000000000000000000000000000000000000000000000000000000000000000000000000000000000000000000000000000000000000000000000000000028
:40D9000000000000000000000000000000000000000000000000000000000000000000000000000000000000000000000000000000000000000000000000000000000000E7
:40D9400000000000000000000000000000000000000000000000000000000000000000000000000000000000000000000000000000000000000000000000000000000000A7
:40D980000000000000000000000000000000000000000000000000000000000000000000000000000000000000000000000000000000000000000000000000000000000067
:40D9C0000000000000000000000000000000000000000000000000000000000000000000000000000000000000000000000000000000000000000000000000000000000027
:40DA000000000000000000000000000000000000000000000000000000000000000000000000000000000000000000000000000000000000000000000000000000000000E6
:40DA400000000000000000000000000000000000000000000000000000000000000000000000000000000000000000000000000000000000000000000000000000000000A6
:40DA80000000000000000000000000000000000000000000000000000000000000000000000000000000000000000000000000000000000000000000000000000000000066
:40DAC0000000000000000000000000000000000000000000000000000000000000000000000000000000000000000000000000000000000000000000000000000000000026
:40DB000000000000000000000000000000000000000000000000000000000000000000000000000000000000000000000000000000000000000000000000000000000000E5
:40DB400000000000000000000000000000000000000000000000000000000000000000000000000000000000000000000000000000000000000000000000000000000000A5
:40DB80000000000000000000000000000000000000000000000000000000000000000000000000000000000000000000000000000000000000000000000000000000000065
:40DBC0000000000000000000000000000000000000000000000000000000000000000000000000000000000000000000000000000000000000000000000000000000000025
:40DC000000000000000000000000000000000000000000000000000000000000000000000000000000000000000000000000000000000000000000000000000000000000E4
:40DC400000000000000000000000000000000000000000000000000000000000000000000000000000000000000000000000000000000000000000000000000000000000A4
:40DC80000000000000000000000000000000000000000000000000000000000000000000000000000000000000000000000000000000000000000000000000000000000064
:40DCC0000000000000000000000000000000000000000000000000000000000000000000000000000000000000000000000000000000000000000000000000000000000024
:40DD000000000000000000000000000000000000000000000000000000000000000000000000000000000000000000000000000000000000000000000000000000000000E3
:40DD400000000000000000000000000000000000000000000000000000000000000000000000000000000000000000000000000000000000000000000000000000000000A3
:40DD80000000000000000000000000000000000000000000000000000000000000000000000000000000000000000000000000000000000000000000000000000000000063
:40DDC0000000000000000000000000000000000000000000000000000000000000000000000000000000000000000000000000000000000000000000000000000000000023
:40DE000000000000000000000000000000000000000000000000000000000000000000000000000000000000000000000000000000000000000000000000000000000000E2
:40DE400000000000000000000000000000000000000000000000000000000000000000000000000000000000000000000000000000000000000000000000000000000000A2
:40DE80000000000000000000000000000000000000000000000000000000000000000000000000000000000000000000000000000000000000000000000000000000000062
:40DEC0000000000000000000000000000000000000000000000000000000000000000000000000000000000000000000000000000000000000000000000000000000000022
:40DF000000000000000000000000000000000000000000000000000000000000000000000000000000000000000000000000000000000000000000000000000000000000E1
:40DF400000000000000000000000000000000000000000000000000000000000000000000000000000000000000000000000000000000000000000000000000000000000A1
:40DF80000000000000000000000000000000000000000000000000000000000000000000000000000000000000000000000000000000000000000000000000000000000061
:40DFC0000000000000000000000000000000000000000000000000000000000000000000000000000000000000000000000000000000000000000000000000000000000021
:40E0000000000000000000000000000000000000000000000000000000000000000000000000000000000000000000000000000000000000000000000000000000000000E0
:40E0400000000000000000000000000000000000000000000000000000000000000000000000000000000000000000000000000000000000000000000000000000000000A0
:40E080000000000000000000000000000000000000000000000000000000000000000000000000000000000000000000000000000000000000000000000000000000000060
:40E0C0000000000000000000000000000000000000000000000000000000000000000000000000000000000000000000000000000000000000000000000000000000000020
:40E1000000000000000000000000000000000000000000000000000000000000000000000000000000000000000000000000000000000000000000000000000000000000DF
:40E14000000000000000000000000000000000000000000000000000000000000000000000000000000000000000000000000000000000000000000000000000000000009F
:40E18000000000000000000000000000000000000000000000000000000000000000000000000000000000000000000000000000000000000000000000000000000000005F
:40E1C000000000000000000000000000000000000000000000000000000000000000000000000000000000000000000000000000000000000000000000000000000000001F
:40E2000000000000000000000000000000000000000000000000000000000000000000000000000000000000000000000000000000000000000000000000000000000000DE
:40E24000000000000000000000000000000000000000000000000000000000000000000000000000000000000000000000000000000000000000000000000000000000009E
:40E28000000000000000000000000000000000000000000000000000000000000000000000000000000000000000000000000000000000000000000000000000000000005E
:40E2C000000000000000000000000000000000000000000000000000000000000000000000000000000000000000000000000000000000000000000000000000000000001E
:40E3000000000000000000000000000000000000000000000000000000000000000000000000000000000000000000000000000000000000000000000000000000000000DD
:40E34000000000000000000000000000000000000000000000000000000000000000000000000000000000000000000000000000000000000000000000000000000000009D
:40E38000000000000000000000000000000000000000000000000000000000000000000000000000000000000000000000000000000000000000000000000000000000005D
:40E3C000000000000000000000000000000000000000000000000000000000000000000000000000000000000000000000000000000000000000000000000000000000001D
:40E4000000000000000000000000000000000000000000000000000000000000000000000000000000000000000000000000000000000000000000000000000000000000DC
:40E44000000000000000000000000000000000000000000000000000000000000000000000000000000000000000000000000000000000000000000000000000000000009C
:40E48000000000000000000000000000000000000000000000000000000000000000000000000000000000000000000000000000000000000000000000000000000000005C
:40E4C000000000000000000000000000000000000000000000000000000000000000000000000000000000000000000000000000000000000000000000000000000000001C
:40E5000000000000000000000000000000000000000000000000000000000000000000000000000000000000000000000000000000000000000000000000000000000000DB
:40E54000000000000000000000000000000000000000000000000000000000000000000000000000000000000000000000000000000000000000000000000000000000009B
:40E58000000000000000000000000000000000000000000000000000000000000000000000000000000000000000000000000000000000000000000000000000000000005B
:40E5C000000000000000000000000000000000000000000000000000000000000000000000000000000000000000000000000000000000000000000000000000000000001B
:40E6000000000000000000000000000000000000000000000000000000000000000000000000000000000000000000000000000000000000000000000000000000000000DA
:40E64000000000000000000000000000000000000000000000000000000000000000000000000000000000000000000000000000000000000000000000000000000000009A
:40E68000000000000000000000000000000000000000000000000000000000000000000000000000000000000000000000000000000000000000000000000000000000005A
:40E6C000000000000000000000000000000000000000000000000000000000000000000000000000000000000000000000000000000000000000000000000000000000001A
:40E7000000000000000000000000000000000000000000000000000000000000000000000000000000000000000000000000000000000000000000000000000000000000D9
:40E740000000000000000000000000000000000000000000000000000000000000000000000000000000000000000000000000000000000000000000000000000000000099
:40E780000000000000000000000000000000000000000000000000000000000000000000000000000000000000000000000000000000000000000000000000000000000059
:40E7C0000000000000000000000000000000000000000000000000000000000000000000000000000000000000000000000000000000000000000000000000000000000019
:40E8000000000000000000000000000000000000000000000000000000000000000000000000000000000000000000000000000000000000000000000000000000000000D8
:40E840000000000000000000000000000000000000000000000000000000000000000000000000000000000000000000000000000000000000000000000000000000000098
:40E880000000000000000000000000000000000000000000000000000000000000000000000000000000000000000000000000000000000000000000000000000000000058
:40E8C0000000000000000000000000000000000000000000000000000000000000000000000000000000000000000000000000000000000000000000000000000000000018
:40E9000000000000000000000000000000000000000000000000000000000000000000000000000000000000000000000000000000000000000000000000000000000000D7
:40E940000000000000000000000000000000000000000000000000000000000000000000000000000000000000000000000000000000000000000000000000000000000097
:40E980000000000000000000000000000000000000000000000000000000000000000000000000000000000000000000000000000000000000000000000000000000000057
:40E9C0000000000000000000000000000000000000000000000000000000000000000000000000000000000000000000000000000000000000000000000000000000000017
:40EA000000000000000000000000000000000000000000000000000000000000000000000000000000000000000000000000000000000000000000000000000000000000D6
:40EA40000000000000000000000000000000000000000000000000000000000000000000000000000000000000000000000000000000000000000000000000000000000096
:40EA80000000000000000000000000000000000000000000000000000000000000000000000000000000000000000000000000000000000000000000000000000000000056
:40EAC0000000000000000000000000000000000000000000000000000000000000000000000000000000000000000000000000000000000000000000000000000000000016
:40EB000000000000000000000000000000000000000000000000000000000000000000000000000000000000000000000000000000000000000000000000000000000000D5
:40EB40000000000000000000000000000000000000000000000000000000000000000000000000000000000000000000000000000000000000000000000000000000000095
:40EB80000000000000000000000000000000000000000000000000000000000000000000000000000000000000000000000000000000000000000000000000000000000055
:40EBC0000000000000000000000000000000000000000000000000000000000000000000000000000000000000000000000000000000000000000000000000000000000015
:40EC000000000000000000000000000000000000000000000000000000000000000000000000000000000000000000000000000000000000000000000000000000000000D4
:40EC40000000000000000000000000000000000000000000000000000000000000000000000000000000000000000000000000000000000000000000000000000000000094
:40EC80000000000000000000000000000000000000000000000000000000000000000000000000000000000000000000000000000000000000000000000000000000000054
:40ECC0000000000000000000000000000000000000000000000000000000000000000000000000000000000000000000000000000000000000000000000000000000000014
:40ED000000000000000000000000000000000000000000000000000000000000000000000000000000000000000000000000000000000000000000000000000000000000D3
:40ED40000000000000000000000000000000000000000000000000000000000000000000000000000000000000000000000000000000000000000000000000000000000093
:40ED80000000000000000000000000000000000000000000000000000000000000000000000000000000000000000000000000000000000000000000000000000000000053
:40EDC0000000000000000000000000000000000000000000000000000000000000000000000000000000000000000000000000000000000000000000000000000000000013
:40EE000000000000000000000000000000000000000000000000000000000000000000000000000000000000000000000000000000000000000000000000000000000000D2
:40EE40000000000000000000000000000000000000000000000000000000000000000000000000000000000000000000000000000000000000000000000000000000000092
:40EE80000000000000000000000000000000000000000000000000000000000000000000000000000000000000000000000000000000000000000000000000000000000052
:40EEC0000000000000000000000000000000000000000000000000000000000000000000000000000000000000000000000000000000000000000000000000000000000012
:40EF000000000000000000000000000000000000000000000000000000000000000000000000000000000000000000000000000000000000000000000000000000000000D1
:40EF40000000000000000000000000000000000000000000000000000000000000000000000000000000000000000000000000000000000000000000000000000000000091
:40EF80000000000000000000000000000000000000000000000000000000000000000000000000000000000000000000000000000000000000000000000000000000000051
:40EFC0000000000000000000000000000000000000000000000000000000000000000000000000000000000000000000000000000000000000000000000000000000000011
:40F0000000000000000000000000000000000000000000000000000000000000000000000000000000000000000000000000000000000000000000000000000000000000D0
:40F040000000000000000000000000000000000000000000000000000000000000000000000000000000000000000000000000000000000000000000000000000000000090
:40F080000000000000000000000000000000000000000000000000000000000000000000000000000000000000000000000000000000000000000000000000000000000050
:40F0C0000000000000000000000000000000000000000000000000000000000000000000000000000000000000000000000000000000000000000000000000000000000010
:40F1000000000000000000000000000000000000000000000000000000000000000000000000000000000000000000000000000000000000000000000000000000000000CF
:40F14000000000000000000000000000000000000000000000000000000000000000000000000000000000000000000000000000000000000000000000000000000000008F
:40F18000000000000000000000000000000000000000000000000000000000000000000000000000000000000000000000000000000000000000000000000000000000004F
:40F1C000000000000000000000000000000000000000000000000000000000000000000000000000000000000000000000000000000000000000000000000000000000000F
:40F2000000000000000000000000000000000000000000000000000000000000000000000000000000000000000000000000000000000000000000000000000000000000CE
:40F24000000000000000000000000000000000000000000000000000000000000000000000000000000000000000000000000000000000000000000000000000000000008E
:40F28000000000000000000000000000000000000000000000000000000000000000000000000000000000000000000000000000000000000000000000000000000000004E
:40F2C000000000000000000000000000000000000000000000000000000000000000000000000000000000000000000000000000000000000000000000000000000000000E
:40F3000000000000000000000000000000000000000000000000000000000000000000000000000000000000000000000000000000000000000000000000000000000000CD
:40F34000000000000000000000000000000000000000000000000000000000000000000000000000000000000000000000000000000000000000000000000000000000008D
:40F38000000000000000000000000000000000000000000000000000000000000000000000000000000000000000000000000000000000000000000000000000000000004D
:40F3C000000000000000000000000000000000000000000000000000000000000000000000000000000000000000000000000000000000000000000000000000000000000D
:40F4000000000000000000000000000000000000000000000000000000000000000000000000000000000000000000000000000000000000000000000000000000000000CC
:40F44000000000000000000000000000000000000000000000000000000000000000000000000000000000000000000000000000000000000000000000000000000000008C
:40F48000000000000000000000000000000000000000000000000000000000000000000000000000000000000000000000000000000000000000000000000000000000004C
:40F4C000000000000000000000000000000000000000000000000000000000000000000000000000000000000000000000000000000000000000000000000000000000000C
:40F5000000000000000000000000000000000000000000000000000000000000000000000000000000000000000000000000000000000000000000000000000000000000CB
:40F54000000000000000000000000000000000000000000000000000000000000000000000000000000000000000000000000000000000000000000000000000000000008B
:40F58000000000000000000000000000000000000000000000000000000000000000000000000000000000000000000000000000000000000000000000000000000000004B
:40F5C000000000000000000000000000000000000000000000000000000000000000000000000000000000000000000000000000000000000000000000000000000000000B
:40F6000000000000000000000000000000000000000000000000000000000000000000000000000000000000000000000000000000000000000000000000000000000000CA
:40F64000000000000000000000000000000000000000000000000000000000000000000000000000000000000000000000000000000000000000000000000000000000008A
:40F68000000000000000000000000000000000000000000000000000000000000000000000000000000000000000000000000000000000000000000000000000000000004A
:40F6C000000000000000000000000000000000000000000000000000000000000000000000000000000000000000000000000000000000000000000000000000000000000A
:40F7000000000000000000000000000000000000000000000000000000000000000000000000000000000000000000000000000000000000000000000000000000000000C9
:40F740000000000000000000000000000000000000000000000000000000000000000000000000000000000000000000000000000000000000000000000000000000000089
:40F780000000000000000000000000000000000000000000000000000000000000000000000000000000000000000000000000000000000000000000000000000000000049
:40F7C0000000000000000000000000000000000000000000000000000000000000000000000000000000000000000000000000000000000000000000000000000000000009
:40F8000000000000000000000000000000000000000000000000000000000000000000000000000000000000000000000000000000000000000000000000000000000000C8
:40F840000000000000000000000000000000000000000000000000000000000000000000000000000000000000000000000000000000000000000000000000000000000088
:40F880000000000000000000000000000000000000000000000000000000000000000000000000000000000000000000000000000000000000000000000000000000000048
:40F8C0000000000000000000000000000000000000000000000000000000000000000000000000000000000000000000000000000000000000000000000000000000000008
:40F9000000000000000000000000000000000000000000000000000000000000000000000000000000000000000000000000000000000000000000000000000000000000C7
:40F940000000000000000000000000000000000000000000000000000000000000000000000000000000000000000000000000000000000000000000000000000000000087
:40F980000000000000000000000000000000000000000000000000000000000000000000000000000000000000000000000000000000000000000000000000000000000047
:40F9C0000000000000000000000000000000000000000000000000000000000000000000000000000000000000000000000000000000000000000000000000000000000007
:40FA000000000000000000000000000000000000000000000000000000000000000000000000000000000000000000000000000000000000000000000000000000000000C6
:40FA40000000000000000000000000000000000000000000000000000000000000000000000000000000000000000000000000000000000000000000000000000000000086
:40FA80000000000000000000000000000000000000000000000000000000000000000000000000000000000000000000000000000000000000000000000000000000000046
:40FAC0000000000000000000000000000000000000000000000000000000000000000000000000000000000000000000000000000000000000000000000000000000000006
:40FB000000000000000000000000000000000000000000000000000000000000000000000000000000000000000000000000000000000000000000000000000000000000C5
:40FB40000000000000000000000000000000000000000000000000000000000000000000000000000000000000000000000000000000000000000000000000000000000085
:40FB80000000000000000000000000000000000000000000000000000000000000000000000000000000000000000000000000000000000000000000000000000000000045
:40FBC0000000000000000000000000000000000000000000000000000000000000000000000000000000000000000000000000000000000000000000000000000000000005
:40FC000000000000000000000000000000000000000000000000000000000000000000000000000000000000000000000000000000000000000000000000000000000000C4
:40FC40000000000000000000000000000000000000000000000000000000000000000000000000000000000000000000000000000000000000000000000000000000000084
:40FC80000000000000000000000000000000000000000000000000000000000000000000000000000000000000000000000000000000000000000000000000000000000044
:40FCC0000000000000000000000000000000000000000000000000000000000000000000000000000000000000000000000000000000000000000000000000000000000004
:40FD000000000000000000000000000000000000000000000000000000000000000000000000000000000000000000000000000000000000000000000000000000000000C3
:40FD40000000000000000000000000000000000000000000000000000000000000000000000000000000000000000000000000000000000000000000000000000000000083
:40FD80000000000000000000000000000000000000000000000000000000000000000000000000000000000000000000000000000000000000000000000000000000000043
:40FDC0000000000000000000000000000000000000000000000000000000000000000000000000000000000000000000000000000000000000000000000000000000000003
:40FE000000000000000000000000000000000000000000000000000000000000000000000000000000000000000000000000000000000000000000000000000000000000C2
:40FE40000000000000000000000000000000000000000000000000000000000000000000000000000000000000000000000000000000000000000000000000000000000082
:40FE80000000000000000000000000000000000000000000000000000000000000000000000000000000000000000000000000000000000000000000000000000000000042
:40FEC0000000000000000000000000000000000000000000000000000000000000000000000000000000000000000000000000000000000000000000000000000000000002
:40FF000000000000000000000000000000000000000000000000000000000000000000000000000000000000000000000000000000000000000000000000000000000000C1
:40FF40000000000000000000000000000000000000000000000000000000000000000000000000000000000000000000000000000000000000000000000000000000000081
:40FF80000000000000000000000000000000000000000000000000000000000000000000000000000000000000000000000000000000000000000000000000000000000041
:40FFC000E800004A6E000000400000BEC0000000000000000000000000000000000000000000000000000000000000000000000000000000000000000000000000000000A3
:0200000480007A
:4000000000000000000000000000000000000000000000000000000000000000000000000000000000000000000000000000000000000000000000000000000000000000C0
:400040000000000000000000000000000000000000000000000000000000000000000000000000000000000000000000000000000000000000000000000000000000000080
:400080000000000000000000000000000000000000000000000000000000000000000000000000000000000000000000000000000000000000000000000000000000000040
:4000C0000000000000000000000000000000000000000000000000000000000000000000000000000000000000000000000000000000000000000000000000000000000000
:4001000000000000000000000000000000000000000000000000000000000000000000000000000000000000000000000000000000000000000000000000000000000000BF
:40014000000000000000000000000000000000000000000000000000000000000000000000000000000000000000000000000000000000000000000000000000000000007F
:40018000000000000000000000000000000000000000000000000000000000000000000000000000000000000000000000000000000000000000000000000000000000003F
:4001C00000000000000000000000000000000000000000000000000000000000000000000000000000000000000000000000000000000000000000000000000000000000FF
:4002000000000000000000000000000000000000000000000000000000000000000000000000000000000000000000000000000000000000000000000000000000000000BE
:40024000000000000000000000000000000000000000000000000000000000000000000000000000000000000000000000000000000000000000000000000000000000007E
:40028000000000000000000000000000000000000000000000000000000000000000000000000000000000000000000000000000000000000000000000000000000000003E
:4002C00000000000000000000000000000000000000000000000000000000000000000000000000000000000000000000000000000000000000000000000000000000000FE
:4003000000000000000000000000000000000000000000000000000000000000000000000000000000000000000000000000000000000000000000000000000000000000BD
:40034000000000000000000000000000000000000000000000000000000000000000000000000000000000000000000000000000000000000000000000000000000000007D
:40038000000000000000000000000000000000000000000000000000000000000000000000000000000000000000000000000000000000000000000000000000000000003D
:4003C00000000000000000000000000000000000000000000000000000000000000000000000000000000000000000000000000000000000000000000000000000000000FD
:4004000000000000000000000000000000000000000000000000000000000000000000000000000000000000000000000000000000000000000000000000000000000000BC
:40044000000000000000000000000000000000000000000000000000000000000000000000000000000000000000000000000000000000000000000000000000000000007C
:40048000000000000000000000000000000000000000000000000000000000000000000000000000000000000000000000000000000000000000000000000000000000003C
:4004C00000000000000000000000000000000000000000000000000000000000000000000000000000000000000000000000000000000000000000000000000000000000FC
:4005000000000000000000000000000000000000000000000000000000000000000000000000000000000000000000000000000000000000000000000000000000000000BB
:40054000000000000000000000000000000000000000000000000000000000000000000000000000000000000000000000000000000000000000000000000000000000007B
:40058000000000000000000000000000000000000000000000000000000000000000000000000000000000000000000000000000000000000000000000000000000000003B
:4005C00000000000000000000000000000000000000000000000000000000000000000000000000000000000000000000000000000000000000000000000000000000000FB
:4006000000000000000000000000000000000000000000000000000000000000000000000000000000000000000000000000000000000000000000000000000000000000BA
:40064000000000000000000000000000000000000000000000000000000000000000000000000000000000000000000000000000000000000000000000000000000000007A
:40068000000000000000000000000000000000000000000000000000000000000000000000000000000000000000000000000000000000000000000000000000000000003A
:4006C00000000000000000000000000000000000000000000000000000000000000000000000000000000000000000000000000000000000000000000000000000000000FA
:4007000000000000000000000000000000000000000000000000000000000000000000000000000000000000000000000000000000000000000000000000000000000000B9
:400740000000000000000000000000000000000000000000000000000000000000000000000000000000000000000000000000000000000000000000000000000000000079
:400780000000000000000000000000000000000000000000000000000000000000000000000000000000000000000000000000000000000000000000000000000000000039
:4007C00000000000000000000000000000000000000000000000000000000000000000000000000000000000000000000000000000000000000000000000000000000000F9
:40080000000000000000000000000000000000000000000000000000000000000000000082990000000000001653000000000000004000008000000080C000000000000034
:40084000040800000000000000080000400000000000000000000200AE0000C000000000002000000000000000007200000000000000000000000000000000000000000022
:400880000001000000000002000000000000000000000000000000000000000000020000000000010000000000000000000000000000000000000000000000000000000032
:4008C0000000000000040004400000010000000000000000000000000000000000000000000000000000000000000000000000022A001580000000200000000100000008C5
:400900000000081000AA2055000002000000010000001000000004040000004000030C3030C0030C00000000000000000000000000000000000000000000000000000000E7
:40094000010002000404000499900801000000000000000000000000000000000000000000000000000000000000000000000000AA0055010000800000000208001000207C
:4009800000004002000A200500000800000000040020041000001000000001000300C03030030C0C0000000000000000000000000000000000000000000000000000000037
:4009C00000000200040400089990080100000000000000000000000000000000000000000000000000000000000000000000000000000001000000000000000000000002B0
:400A000000000000000000000000000000000000000000000000000100000000000100000002000000000000000000010000000000000000000000000000000000000000B1
:400A40000000080000040004409000010000000000000000000000000000000000000000000000000000000000000000000000000000080000000400000002001000000077
:400A80001000000005000A000000010000000100000100000000000000000000100000010C00030000000000000000000000000000000000000000000000000000000000F4
:400AC000000008000404000411900001000000000000000000000000000000000000000000000000000000000000000000000100000020000000000000000000000210010C
:400B000000030000000002000004080800000400000800042A001500000000000000300C03010C020000000300600004000000000000000000000000000000000000000098
:400B40000000020004040008899008210000000000000000000000000000000000000000000000000000000000000000028001400820041020081004000200018002400120
:400B80000820041020081004808040400200010000000000000000000000000003030C0C3030C0C0FFFF545500000000000000000000000000000000000000000000000095
:400BC000000008000404000400900001000000000000000000000000000000000000000000000000000000000000000080104010201010500818041402120111021001105F
:400C00000818041420101010801240110010001000100010001000100010001003030C0C3020C040FF2F5515000000100000000000000000000000000000000000000101B1
:400C4000000018000404000400200001000000000000000000000000000000000000000000000000000000000000000002000100002000100808040480024001000200011E
:400C80000008000420201010008000408080404020001000080004000200010003030C0C3030C0C0FFFF5455000000000000000000000000000000000000000000000000A4
:400CC000030004000404000400900001000000000000000000000000000000000000000000000000000000000000000000100010001800140018001402100110021201118F
:400D00000810041020101010801240118010401008100410201010100010001003030C0C3020C000FF2F551500000010000000000000000000000000000000000000000002
:400D400000000800040400040090000100000000000000000000000000000000000000000000000000000000000000000200010000000000000800048002400100000000FC
:400D8000202010100800040000000000000000000000000000000000AA2A551503030C0C3030C000FF3F5415000000000000000000000000000000000000000000000000A4
:400DC0000000000004040004000000010000000000000000000000000000000000000000000000000000000000000000545754575457545754575457545754575457545738
:400E0000545754575457545754575457545754575657555775575E5754575457030008A820A880A8FFBF545500005555000000000000000000000000000000000000000076
:400E40007F000400040400040090000100000000000000000000000000000000000000000000000000000000000000000100200001000400FF0000000000FE00000000002F
:400E800001008000010008000100100001000200010040000000FE0000000100000000000000FF000000000000000000000000000000000000000000000000000000000055
:400EC00000000800040000040190000100000000000000000000000000000000000000000000000000000000000000000000001000000000670088186000900C0000FF003E
:400F000063000001210000004200000C0000630000006300E8010402000200011F188000E00400030200000000000010640305000200EC000CFFFFFF0220000504000700E1
:400F400001000000040404041111000100004001400150014001701040100000000000000000000000000000000000000000FD000000FC00030080002000030004000300B3
:400F8000000000004000030010000300010002000800030000000200FF000000FF00000000000000200000000000100000000000000000000000000000000000000000009D
:400FC0000000022404000004011000010000000000000000000000000000000000000000000000000000000000000000F30008000000000510000100040000060000000096
:40100000F3000802F300080010000200000000004000030580050300200503000400F4010F060000000000000000000432040000000CE00B19FFFFFF000000000400000055
:401040000100000004040404111100010000C0004001800030004010100040A800000000000000000000000000000000000000001F0000000000000000000000003F3F00A6
:4010800000080000000000000000000000000000F43D00000000000000000000000000000300007F00007F00000000000301000000000000000001010201000017010000D5
:4010C000000000001001070100000000000000000000000000000000000000000000000000000000000000000000000000000000000000000000000400000080040000004F
:4011000000000000000000000000000000000000000000000000000000000000000000000000000000000000000000000000000000000000000000000000010000000000AE
:40114000000000000000000000000000000000000000000000000000040000000000001100002000000000000000000000000000000000000000000000000000000000003A
:401180000000000000000000000000000000000000000000000000000000000000000000000000000000000000000000000000080000000000000000000000000000000027
:4011C000000000000000008001000000000000000000000000000000000000000100000000000011000000000000200000000000000000000000000000000010000000002C
:40120000000000000000000000000000000004000E000000000000000000000000000000000000000200000000000300000000000000000000000000000000000000000097
:4012400000000000000000000000000010000000000000008000000008000000000000000000000000000000000000000000000000000000000000000000000000000000D6
:40128000000000000000000000000000000000000000000000000000000000000000000000000000000000000000000000000000000000000000000000000000000000002E
:4012C00000000000000000000000000080000001000020000000000000200000010000001000000000000000000000000000000008200000000000000000000000000000F4
:40130000100000000000000000000000020006000000000000000000000000000000000000000000000000000000000000000000020000000000080000000000000000008B
:4013400000000000000000000000000000000000000000000800000000000002010000000000000000000000000000020000000000200000000000000000004000000801F7
:401380000000000000000000000000000000000000000000000000000000000000000000000000000000000000000000080000000000040004000000000004000000000019
:4013C00000000000000000000000000000000000000000010000004000000000000000000000000000000000000000000000000000000000000000000000000000000000AC
:401400000000000000000000000000000000000000000000000000000000000000000000000000000000000200000000002000000000080000000000000000000000000082
:40144000000000000000000000000000000000000000000000000000010000000000000000000000000000000000000000000000000000000000000000000000000000006B
:401480000000000000000000000000000100080000000000000000000000000000000000000002000300000000000000000000000800000000000000000000000000000016
:4014C00000000000000000000000000084120010204100000200050000280100080000460018004000024010002B001A0000000000040004000000000000001A0000000056
:4015000000000004100010000040000800000000002A00000000000000000008000000000400100000000000108000000400000000000000C118144300000000100401041C
:4015400000000000000000000000000002040000000000000100000000840010004000400008510400400010000410050800000084000000020000000000000004000000F8
:40158000008000080000000000000000DF00EB00EF0000000000700040005000E00000000000300004000000000000000000900000000000000020000C008000000000009A
:4015C00000000000000000000000000000820008000000010000040000021900AA0000000001001400A60448000219A0AAA0090010100040000100004002000000A0090036
:4016000000000042A80000001000080000000000000000000000000000000000000000000000000080100000000000000000004000000002AA0000000001001554010000C1
:40164000000008020000000000000000000100000000000000000440001000010000000010001800800000004024004000000000551300E00000500000000000040400001E
:401680000000000000000000000000008B00F2007F000000000001009F006E000000000000000C0011000000000000000000B00000000100000000000C0001000000000045
:4016C0000000000000000000000000000000000A00444004000051040000110494004000104800110020000A0040000002014048000000000420000200000000000040084E
:401700000000000080120000000000000800000A000000000120000000000000400020000000000000802000000000010000000002002A0008500810000000000000000047
:4017400000000000000000000000300000002A00000000000000140000000000000000010000000008000000000000000000000000002000000000000000000000000000D2
:40178000000000000000000000000000F300EF00FE00000000000C000A000D0007000C0000008C00F0000000000000000000800000002000000008000000000000000000EF
:4017C000000000000000000000000000000000000041000000000000000000280020000400C00000004100140000AA00000000598804000000000000004000000000000078
:40180000000000088800440000000051000000000004200000000000000000000000000000000000091080000000AA0080A00800000064000000000001000014000000007B
:4018400000000000000000000000000000B000040000000020000000010000000080200410041800090000006424005000000800550300E0000000000000000000000000A2
:401880000000000000000000000000009000600086000000000010004000B000000000000000FF007F000000000000000000440000002500000008000000000000000000C3
:4018C0000000000000000000000000000000000000000000000000000000000000000001000000000800000000000000000000000000200000000000080020000000000097
:40190000000000000000000000000000000000000000000000000000000000000000000000000000000000000000000000000900400001000000100000000000000000004D
:40194000000000000000000000000000400000A800250000000215000020228000000000400000004000050800212200004800440000422800000000000000000008004073
:401980000000422810000044AA00000000000000000000000000000000000000000000000000000000008000000000000000000201000000000080000000000000000000BC
:4019C0000000000000000000000000000000000000000000000000010000001000002000000408000800000024000000000008000001000000000000004000000100000034
:401A00000010200000000000000000007F00FF001000000000000000FA00FE00000000000000080018000000000000000000890000000100400000002800020000000000DC
:401A40000000000000000000000000000000000000000000000000000000000000000001000000000000000000000000000000000000000000000000000000000000000065
:401A800000000000000000000000000000000000000000000000000000000000000000000000000000000000000000001000000000002000200000000000220000000000B4
:401AC00000000000000000000000000000A40000000400800089080000004500800000000001002000E100000004055000080000000052AA200000000000001000000000D9
:401B00000000008A0000000000000000000000000000000000000000000000000000000000000000001000000000A0000800400000000000000AA0000801401080000000A0
:401B40000000000000000000002021000001000000004C00000000000000400000000200000A00A000000000052400300090000008000200009048000010A00000810009E6
:401B80000000000000000000000000003700DF005800000000004200D000000000000000000034000C000000000070000000000000002000000000000000020000000000D3
:401BC00000000000000000000000000000000000000000000000000000000000000000010000000000000000000000000000000000000000000000000000000000000000E4
:401C00000000000000000000000000000000000000000000000000000000000000000000000000000000000000000000000000001000000000000000000000000000000094
:401C400000000000000000000000000000000000500000200000000018000A0000000000000002140000000050000A048000100000408808002000000000011000000001CC
:401C800000000228000800000080040000000000000000000000000000000000000000000000000000120280089002000000000012000088000000000000050A0000000097
:401CC0000002020400000000006004000010000040000000000800004A04008000400000000068000000000005000020000000000008200A00000000000000000000000053
:401D0000000000000000000000000000E000E000E00000000000C400E1005200000000000000FC00F0000000000030000000000030000000000000000000000000000000C0
:401D40000000000000000000000000000000000100000000000000000000000000000000000000000000000000000000000000000000000000000000000000000000000062
:401D80000000000000000000000000000000000000000000000000000000000000000000000000000000000000000000000000000000000000000000000000000000000023
:401DC00000000000000000000000000000000000000000200000000000001500000000000015000000000000000015000100008014010001000000000000000A00082000BB
:401E000000010029004040009402280000000000000000000000000000000000000000000000000005002080000055000100000002012800000000000015000000000000FF
:401E400040004008000000000202040000000000000000000000000000000000000000000000000000000000000000000000000000000000000000000000000000000000D2
:401E80000000000000000000000000002000E0007000000000003000E600F000000000000000FF00F800000000002000010000000000000000000000000000000000000094
:401EC00000000000000000000000000000000000000000000000000000000000000000000000000000000400000000000000000000000000000000000000000000000000DE
:401F00000000000000000000000000000000000000000000000000000000000000000000000000000000000000000000000000000000000000000000000000000000800021
:401F4000010000000000000000000000000000000000000001004000002000000000000000000400000080000020000000000000000040000000000000000001000000001A
:401F80000000000000000000000000000000000000004000000000000000000000000000000000000000000080002000000000000000000000000000100000000000000031
:401FC000000000000000000000000000201FDF00DF000000000D0D000D0000004400000C08000800C00000006000806F0B4040000000000018000058E000E0000000000093
:0200000490006A
:040000000800C0052F
:0200000490105A
:04000000BC90ACAF55
:0200000490303A
:02000000627626
:0200000490501A
:0C00000000011E09306903011E6B92DF35
:0200000490402A
:4000000000000000000000000000000000000000000000000000000000000000000000000000000000000000000000000000000000000000000000000000000000000000C0
:00000001FF
