:400000000204AE008F828E83E0540100000070F82278FFE4F6D8FD020513BB010689828A83E0225002E722BBFE02E32289828A83E49322BB010689828A83F0225002F722EC
:40004000BBFE01F322C5F0F8A3E028F0C5F0F8E582158270021583E038F022BB010A89828A83E0F5F0A3E022500687F009E71922BBFE07E3F5F009E3192289828A83E4930C
:40008000F5F074019322BB010A89828A83F0E5F0A3F0225006F709A7F01922BBFE06F3E5F009F31922EF2BFFEE3AFEED39FDEC38FC22C3EF9BFFEE9AFEED99FDEC98FC2258
:4000C000E88FF0A4CC8BF0A42CFCE98EF0A42CFC8AF0EDA42CFCEA8EF0A4CDA8F08BF0A42DCC3825F0FDE98FF0A42CCD35F0FCEB8EF0A4FEA9F0EB8FF0A4CFC5F02ECD3919
:40010000FEE43CFCEAA42DCE35F0FDE43CFC2275F008758200EF2FFFEE33FECD33CDCC33CCC58233C5829BED9AEC99E58298400CF582EE9BFEED9AFDEC99FC0FD5F0D6E440
:40014000CEFBE4CDFAE4CCF9A88222B800C1B90059BA002DEC8BF084CFCECDFCE5F0CBF97818EF2FFFEE33FEED33FDEC33FCEB33FB10D703994004EB99FB0FD8E5E4F9FAB4
:40018000227818EF2FFFEE33FEED33FDEC33FCC933C910D7059BE99A4007EC9BFCE99AF90FD8E0E4C9FAE4CCFB2275F010EF2FFFEE33FEED33FDCC33CCC833C810D7079BE4
:4001C000EC9AE899400AED9BFDEC9AFCE899F80FD5F0DAE4CDFBE4CCFAE4C8F922EF4BFFEE4AFEED49FDEC48FC22C3E49FFFE49EFEE49DFDE49CFC22EB9FF5F0EA9E42F065
:40020000E99D42F0E89C45F022E8600FECC313FCED13FDEE13FEEF13FFD8F122E8600FEFC333FFEE33FEED33FDEC33FCD8F122BB010789828A830202695005E9F802046CC1
:40024000BBFE05E9F802047889828A83020275BB010789828A830202915005E9F8020484BBFE05E9F802049022E0FCA3E0FDA3E0FEA3E0FF22E493FC740193FD740293FE49
:40028000740393FF22E0F8A3E0F9A3E0FAA3E0FB22ECF0A3EDF0A3EEF0A3EFF022A42582F582E5F03583F58322E0FBA3E0FAA3E0F922EBF0A3EAF0A3E9F022E493FB740165
:4002C00093FA740293F922BB010789828A830202A95005E9F802049CBBFE05E9F80204A589828A830202BBD083D082F8E4937012740193700DA3A393F8740193F582888356
:40030000E4737402936860EFA3A3A380DFE5092582F582E5083583F583B508048582092210AF06858209F50822858209F508D2AF22EC8EF0A4CCC5F0CCCDF8EFA4CEC5F068
:400340002DFDE43CFCE8A42EC8C5F03DFDE43CFCEFA4FFE5F028FEE43DFDE43CFC22EF4E6012EF60010EEDBB010B89828A83F0A3DFFCDEFA2289F05007F709DFFCA9F0221A
:40038000BBFEFCF309DFFCA9F022E709F608DFFA8046E709F208DFFA803E88828C83E709F0A3DFFA8032E309F608DFFA806EE309F208DFFA806688828C83E309F0A3DFFAFA
:4003C000805A89828A83E0A3F608DFFA804E89828A83E0A3F208DFFA804280D280FA80C680D4805580F28029801080A680EA809A80A880DA80E280CA802988848C85898224
:400400008A83E493A30586F0A30586DFF5DEF3800B89828A83E493A3F608DFF9ECFAA9F0EDFB2288848C8589828A83E0A30586F0A30586DFF6DEF480E389828A83E493A38E
:40044000F208DFF980D688F0EF60010E4E60CD88F0ED2402B4040050C3F582EB2402B4040050B923234582239003DA73E6FC08E6FD08E6FE08E6FF22E2FC08E2FD08E2FEDF
:4004800008E2FF22ECF608EDF608EEF608EFF622ECF208EDF208EEF208EFF222E6FB08E6FA08E6F922E2FB08E2FA08E2F92275930078007583467582E8E04401F000904691
:4004C000ECE0F99046FAE0FA9003E0F0B903225420B40012B8001AEA901FFFF07401901FFEF09046F6F0901FFEE06005901FFFE0FA90480074C0F07581591218019000006A
:4005000078007920E4F0A3D8FCD9FAEA9003E0F002001175081F7509FD1225A112148C02055D020B10E493A3F8E493A34003F68001F208DFF48029E493A3F85407240CC849
:40054000C333C4540F4420C8834004F456800146F6DFE4800B01020408102040809005A2E47E019360BCA3FF543F30E509541FFEE493A360010ECF54C025E060A840B8E4B5
:4005800093A3FAE493A3F8E493A3C8C582C8CAC583CAF0A3C8C582C8CAC583CADFE9DEE780BE4103E5004103E6004203F209D04203F409D14103FD004403DC016E36004458
:4005C00003D700005DC04103DB184403E12EE000004103FE004303ED0000004103FF004104000000EC4D6011ED60010C8B938A838982E4F0A3DDFCDCFA759300220221CF1E
:40060000EC4D4E700D78FCEF24E950032840FD2200007BF178DA0000EF28FF78FFEE38FEED38FDEC38FC50E7EF2BFFEE38FEED38FDEC38FC40F22205020304758600EF4E6B
:400640006027EF60010E759300900005E0F595A3E0F585A3E0F5848B938A838982E0A30586F0A31586DFF6DEF4E4F593F59522ACEAADA08E838F82E493F9601CA3E493F564
:40068000EAA3E493F5A0A3E49360F1FAA3E493F8A3E493F2DAF6D9E48DA08CEA22323200EEFA9003DBE0F88FF0A4FFAEF0E88AF0A42EFEE5F03400FDEF24C9FF78FFEE38CA
:4006C000FEED38FDE438FC500302060022758600EF4E601BEF60010E8C838D828B958A858984E493A30586F0A31586DFF5DEF3E4F59522EF54016004D2AF8002C2AFEF5473
:4007000002FF9044F4E054FD4FF0229044F4E0F84402F0E85402FF10AF012274014FFF228B938A838982E0FFA3E0FE759300228B938A838982EDF0A3ECF075930022900375
:40074000E0E0FA8E838F827400758101738B938A838982E0759300FF228B938A838982EDF0759300221201000200000008B4041DB701300203800109022900010100C002EB
:400780000904000002030000030921110100012224000705010340000107058203400001040309040C03410045003900520042002C034300790070007200650073007300F0
:4007C0002000530065006D00690063006F006E0064007500630074006F0072002203500053006F0043003300200042006F006F0074006C006F006100640065007200000A98
:40080000033000300030003100240005010900A1000900A1000900150025FF7508954091020900150025FF750895408102C0C00000240005010900A1000900A1000900151C
:400840000025FF7508954091020900150025FF750895408102C0C00000004101028E0102D200410102D50102CF00FF085900FF08610000000001FF083101FF078901FF08AD
:400880006900000103004003000082030040030301FF077702FF088101FF087D00FF088F01FF07650000000001FF089001FF08A00001010001000000400000080800080093
:4008C000C000006F0B00400000000040600060000000170045017E02004F010A4B00520509400C20102011207C400064017D01010501EE010109019C80010B039C80AA40FE
:40090000B401010C05B880BE41D804DB04DF01010D0618011A80588068028802D608011701EE0A0119029C80EE0A011B01B080014004320433803640CC700141039608A6B6
:4009400040A78001420A12805B0296089B02A640A780AB02C410D640EE80014303A640A780AE8401450464048804D801E401014603A102B502EC0801470408080F40A1021F
:40098000C20C014803AE40AF80EE50014C070F406102A102AC08AF40C204D802014D02B340EA04015101003A004F00000C005100001000513000400100001000011400086D
:4009C000000140000A00014C0002000150000020C7000040006930091E033C010144E342830143009481424400C0E0C0F0C083C082C085C084C086758600C093759300C05F
:400A0000D075D000C000C001C002C003C004C005C006C0079003E6E014604814607414700241C12403600241E19003EA1202A99003E5E0FF04F0E92FF9E43AFA12001A90EB
:400A400003E7F0E0FE5407A3F0EE70179003E5F09003E97402F09003E8E4F09003E67403F0807E9003E7E0FF30E7089003E97403F080069003E97401F0EF25E09003E7F0C4
:400A8000A3E014F0710AEF54FEFF71049003E67402F09003E9E070219003E67403F09003E8E07006A37402F080059003E9E4F0710AEF4401FF710480089003E9E014F08099
:400AC000209003E9E070149003E8E070069003E6F0800E9003E67401F080069003E9E014F0D007D006D005D004D003D002D001D000D0D0D093D086D084D085D082D083D057
:400B0000F0D0E03290647DEFF02290647DE0FF227BFF7A0979DD9003EA1202B29046FAE054C0644060251222C9EF30E01E122316EF600E7BFF7A0979E49003EA1202B2809D
:400B40000AE4FF91CBEF7003FF71E07E097FE971847160D2AF9044F474FDF0914480FE229003FDE0700871A69003FD7401F09043A3E04401F09043B3E04401F0904F00E0CD
:400B80004401F022900000EEF0A3EFF01222E6900000E0FEA3E0FF1222CF7F071222DC9044C07404F022904F00E05401F0904F02E054FCF0904F01E04401F0904F0BE05415
:400BC000CFF0E04430F0E054F0F0E0440FF07FF01223097FF01222EDE4FF904F03EFF0228F21E521B402079046FAE4F0804EAF2191CBEF7042F522E522C394015031AF223E
:400C00007E007C017D00120331C374D09FFF74FF9EFE74109DFDE49CFCE522B521047B0180027B00900004EBF0D152052280C89046FA7480F080059046FAE4F09046F6E0C4
:400C40004401F022752106E4FF91CBEF7002F521E4F54DF54CF54BF54A9003F4E0FEA3E0F5828E831202758F518E508D4F8C4EE4FFFE7D10FC12179C9003F2E0FCA3E0F570
:400C8000828C83E493FEC3EF9EFFF404FFB506129003F4E0FEA3E0F5828E83120275EF4E70057F001223259046FAE054C064406004E52160099046FAE4F0FF121BBBE4FFEE
:400CC000121BBB9046FA7480F0813C8F46AD467F03121822EF2401FFE43EFEE43DFDE43CFCE4FB7A01F9F81200C0C004C005C006C007AD467F04121822D003D002D001D05D
:400D0000001200A58F4E8E4D8D4C8C4BC201E4F54FAD467F03121822EF2401FFE43EFEE43DFDE43CFCE4FB7A01F9F81200C08F4A8E498D488C47AF4EAE4DAD4CAC4BAB4A29
:400D4000AA49A948A847C31201F85032854A82854983E493F5506005F46002D201E550254FF54FAF4AAE49AD48AC47E47B01FAF9F81200A58F4A8E498D488C4780B8AD461A
:400D80007F03121822EF2401FFE43EFEE43DFDE43CFCE4FB7A01F9F81200C078031202098F4A8E498D488C47E47FC07EFFFDFCAB4EAA4DA94CA84BC31201F87007FF7E2098
:400DC000FDFC800DAF4EAE4DAD4CAC4B78031202098F4E8E4D8D4C8C4BAF4EAE4DAD4CAC4BAB4AAA49A948A847C31201F85039E4254AFFE43549FEE5483408FDE43547A95D
:400E000007AA06AB0512074DEF254FF54FAF4AAE49AD48AC47E47B01FAF9F81200A58F4A8E498D488C4780B1E54FF404F54FAD467F01121822A804A905AA06AB07AF4FE40E
:400E4000FCFDFEC31201F870032001037F06227F0022900000120291900000120269E42FFFE43EFEED34F0FDEC34FFFC900005120291E4FBFA7901F8900005120269120187
:400E80004B900109EFF0900005120269EFEEE4FDFCFB7A01F9F812014B90010AEEF0A3EFF0900000120269EFFBE4FAF9F89000001202691200B290010C120291E4FBC3EA7D
:400EC0009401502590010C120269EF2BFFEE3A8F82F583E493FF74092BF58274003AF583EFF00BEB70010A80D5900000120269EFE4FE74092FF582EE3400F583E0FD90009C
:400F000004E0FCED6C601F74092FF582EE3400F583ECF0900109E0FFA3E0FCA3E0FD7B017A007909F12722900110EFF0D3943F40067E007F1080047E017F00900111EEF0BB
:400F4000A3EFF0900111E0FFA3E0900265CFF0A3EFF0900110E0FF900260ECF0A3EDF0A31202B290025FEFF0E4900267F0EFD3943F500E90025FE0940140069002677401D2
:400F8000F090025FE0FFD3947F40069002677401F0EFC39440400CEFD3944140069002677401F0EFD3943F501E900260E0FEA3E0FFE4FCFDFB7A01F9F8C31201F8502F9064
:400FC00002677401F08027D3900261E09480900260E0940040069002677401F0900265E07004A3E0641060069002677401F09002621202A9E94A4B700590026704F090028F
:4010000067E0600201CF3193EF600201C9900260E0FCA3E0FDA31202A9900265E0FFA3E090026ECFF0A3EFF090025FE0FF51B9900267EFF06407600201C5904722E054029C
:4010400070087F01FE1206A080F0904722E054026009E0FF1313543FFF80027FFFEF7006900267F0800690026774FFF0900267E0705390025FE0FFA3E0FCA3E0FD9003F005
:40108000E0FBA3E090026CF0510F900267EFF064077032904722E0540270087F01FE1206A080F0904722E054026009E0FF1313543FFF80027FFFEF7006900267F0800690BF
:4010C000026774FFF011D580069002677404F0900267E0FF2212070BE4900400F00206F331B23193EF703931C6900260EFF06407702A904722E0540270087F01FE1206A0ED
:4011000080F0904722E054026009E0FF1313543FFF80027FFFEF7004900260F011D580069002607404F0900260E0FF2211E090025FEFF07007314290025FEFF090025FE0C6
:40114000FF2231B290026074FFF03193EF70387F0131E1EF6407702B7B017A0379F07D025163EFB40215E4900260F0904722E0540270107F01FE1206A080F0904722E0549D
:401180000260D511D580069002607404F0900260E0FF229002687404F012070B900400E0700704F0E4900268F01206F3900268E0FF2212070B9043A0E04408F09043B0E0F0
:4011C0004408F00206F37F07904722E05402600E90472074B6F074E0F0740DF080027F04227E07904722E05402601F90472074B6F074E1F0740EF0904722E0540270079077
:401200004720EFF080067E0980027E04AF0622900269ECF0A3EDF0AC077D07904722E05402603B90472074B6F074D8F07405F0904722E054027023904720ECF0900269E002
:40124000904720F0900269E0A3E0904720F0EBF090026CE0904720F080067D0980027D04AF05229002611202B2900264EDF0E4A3F0900264E0FFA3E0C39F5037904722E0A0
:4012800054016003D38001C340097F017E001206A080E9904720E0FF9002611202A9900265E029F9E43AFAEF120033900265E004F080BE900265E0FF22900268EFF0A3ECC3
:4012C000F0A3EDF0A31202B29002707407F0904722E05402700261C590472074B6F074D5F07402F0904722E05402600261BD900268E0904720F0E4900271F0A3F090026E57
:40130000E0FEA3E0FF900271E0FCA3E0FDC39FEC9E501F90026B1202A9E92DF9EA3CFA12001A904720F0900271E475F00112004580CB90026EE064017002A3E0600261CBE0
:40134000900268E0FFD3943F400261CB7E007C207D00120331E42FFFE43EFEED3408FDE43CFCC004A905AA06AB07A3E0FEA3E0FF7C007D20120331D0001200A5900273125B
:401380000291E4900271F0A3F0900271E0FEA3E0FFC39420EE94005032E4FCFDA31202851200A5A907AA06AB0512074D904720EFF0900271E475F00112004580CC90027044
:4013C0007409F080069002707404F0900270E0FF227B007A4079807DBF7C5D12072F9040827419F09043007406F07B007A4279127D177C3312072F9042107405F0E0FFE49B
:401400007FC87E32FDFC900000120291900000120269D3EF9400EE94004029904210E054806021E47FE07E01FDFC12060090000012026974FFFBFAF9F81200A59000001290
:40144000029180C89042007452F07B0C7A01790F12074D9046A1EFF07B007A407904E4FDFC12072F9040047407F0904006E4F09040087448F0904004E4F0904009F090403E
:40148000017402F09043A2E04401F0227B007A4679E812074DEF4405FD7B007A4679E8120759E4F523E523C39408502CE52375F005A424A8F582E43409AF82F5218F22F58E
:4014C000831202BB8F82852183740393FC740493FD1205E4052380CD7E087FD212066F7B017A50790312074DEF4402FD7B017A5079031207597B017A50791312074DEF448B
:4015000002FD7B017A5079131207599043A0E04440F09043C2E04410F07C087DB07B007A5179C27F087E001206CD7C087DB87B007A5179F07F0A7E001206CD7C087DC27B3A
:40154000007A5179127F087E001206CD7C087DCA7B007A5179227F087E001206CD9044F47401F0904322E04408F09046ECE0C394055006904689743AF090480074F1F07168
:40158000D190480074B1F0B1AA7B007A4379A0C00179B09000051202B2D0017F0E7E0012063B9043B0E054FDF0227B0C7A0179CF12074DEF540790586EF0EFC4540FA3F09E
:4015C0009058767444F0228B4E8A4F89508C518D5274FFF553F554855157855258E552455170086354FF6353FFC173C3E5589552FFE5579551FEAB4EE5502FF9E54F3EFA70
:4016000012001A755500F556E4FDEDC39408503DE5565401FFE5545401FBE4EB6F6015E553C313FEE55413FFEE6484F553EF6408F554800BE553C313F553E55413F554E570
:4016400055C313F555E55613F5560D80BDE552155270021551E552455170906354FF6353FF855355855456E554FCE555FFECF553EFF554AE53AF54228B478A48894974011D
:40168000120033AB472549F9E43548FAEF120033E54BAB47E5492402F9E43548FAE54B120033E54AFFAB47E5492403F9E43548FAEF120033AB47AA48A949E54B2404FDE4B2
:4016C000354AFCB1C78E4C8F4DEFAB47E54B2404FDE4354AFCE5492DF9E5483CFAEF120033E54CFFAB47E54B2405FDE4354AFCE5492DF9E5483CFAEF120033AB47E54B24B9
:4017000006FFE4354AFEE5492FF9E5483EFA7417120033E54B2407FDE4354AFC75530075540075554A755696AB47AA48A9498C518D52E55675F00AA485F058F5599002630B
:40174000E4F0A37440F07F021228017F02F18BEF7019E55945586013E47F01FEFDFC122339E55915597002155880E07F02F18BEF70057557108011AB53AA54A955E5518598
:4017800052F0120086E4F557AF5722EF75F00BA42431F582E43403F583E0FF228F498E488D478C46E4F552D3E5519400E5509400404CAF51AE50AD4FAC4E74FFFBFAF9F8D6
:4017C0001200A58F518E508D4F8C4EE549254DFFE548354CFEE547354BFDE546354AFCEF2551FFEE3550FEED354FFDEC354EA907AA06AB0512074DEF2552F55280A9AF5225
:40180000229046FAE054C064807016F521F0AD217F021122EF4E6009AD217F02112212073E2290025FEDF0AB079002647402F0E4FFFEFDFCA3120291EB1202E718640118B6
:40184000900218B40318D80418FC0519260619740719500819980919BC0A19E60B1A100C00001A3A90025FE0FF7E007C017D001203311201EAEF24C0FFEE34FFFEED3410D6
:40188000FDE43CFCA31202919002647401F0414590025FE0FF7E007C017D00120331C374C39FFF74FF9EFE74109DFDE49CFCA3120291414590025FE0FF7E007C017D0012EF
:4018C0000331C374C79FFF74FF9EFE74109DFDE49CFCA3120291414590025FE0FF7E007C017D00120331C374CB9FFF74FF9EFE74109DFDE49CFCA3120291414590025FE02B
:40190000FF7E007C017D00120331C374D09FFF74FF9EFE74109DFDE49CFCA31202919002647401F0414590025FE0FF7E007C017D00120331C374D19FFF74FF9EFE74109D0F
:40194000FDE49CFCA31202919002647401F0414590025FE0FF7E007C017D00120331C374D69FFF74FF9EFE74109DFDE49CFCA3120291414590025FE0FF7E007C017D0012BB
:401980000331C374D29FFF74FF9EFE74109DFDE49CFCA3120291414590025FE0FF7E007C017D00120331C374D49FFF74FF9EFE74109DFDE49CFCA3120291414590025FE056
:4019C000FF7E007C017D00120331C374D89FFF74FF9EFE74109DFDE49CFCA31202919002647404F0805F90025FE0FF7E007C017D00120331C374DC9FFF74FF9EFE74109DE0
:401A0000FDE49CFCA31202919002647401F0803590025FE0FF7E007C017D00120331C374E09FFF74FF9EFE74109DFDE49CFCA31202919002647404F0800BE4FFFEFDFC904E
:401A40000260120291900264E0B40119900260120269A907AA06AB0512074DE4FCFDFE900265120291900264E06402705C900260120269EF2401FFE43EFEE43DFDE43CA9CE
:401A800007AA06AB0512074DE4FCFDFE900265120291900265120285C000C001C002C003900260120269A907AA06AB0512074DE4FCFDFE780812021CD003D002D001D00096
:401AC0001201DD900265120291900264E06404600261B5900260120269EF2403FFE43EFEE43DFDE43CA907AA06AB0512074DE4FCFDFE900265120291900265120285C00085
:401B0000C001C002C003900260120269EF2402FFE43EFEE43DFDE43CA907AA06AB0512074DE4FCFDFE780812021CD003D002D001D0001201DD9002651202919002651202A0
:401B400085C000C001C002C003900260120269EF2401FFE43EFEE43DFDE43CA907AA06AB0512074DE4FCFDFE781012021CD003D002D001D0001201DD90026512029190028D
:401B800065120285C000C001C002C003900260120269A907AA06AB0512074DE4FCFDFE781812021CD003D002D001D0001201DD900265120291900265020269900000EFF0FC
:401BC000E4F541F54275430AC200F544F54512112CEF60057F001223251227B5D2AF9044F474FDF0E4F53D754B00754C00754D39900000E0FF70067EFF7FFF80008F4E7B3F
:401C0000017A0079017D2C7C0112239D8F40900000E060021543E5436004E54070C9E54060030221BFC3E53A9407E53994004008900001E064016005753D0481C39000042A
:401C4000E0FE900003E0FDEEF541EDF542E5422407FFE43541FED3EF953AEE95395008EF942CEE94014005753D03805774062542F58274003541F583E0FE74052542F5828E
:401C800074003541F583E0FDEEF53EEDF53F74072542F58274003541F583E064176005753D04801F7B017A007901E5422404FDE43541FC1215C7EF653F7003EE653E6003D9
:401CC000753D08E4F53BF53CE53D60030221AE900005E0F538753D04900002E01202E71CFE311D2B321DB1341F52351F60371FAC381DB1391FEE3A21953B000021AB200079
:401D0000030221AEE542454160030221AEFF120CCBEF70047F0180027F00900005EFF0753B00753C01E4F53D0221AE2000030221AEE5426401454160030221AEE538C394B7
:401D40000140030221AE9003F4E0FEA3E0F5828E83120275E4FBFA7901F812014B8F24E538B5241E9003F4E0FEA3E0F5828E83120275E4FB7A01F9F812014B7522008F23FA
:401D80008014E538D395244007E4F522F5238006752201752300E523900005F0E522A3F0A374FFF0E4A3F0F53B753C04F53D0221AE900002E06434703C2000030221AEE5BB
:401DC000426403454160030221AEE538C39440400FE538D3947F50087544007545108006754401754520AE44AF457D007B017A01792D12035E2000030221AEC3E54294039D
:401E0000E541940050030221AEE54224FDFFE54134FFFE742D2545F974013544A801FC7D017B017A007908120446E54224FDFFE54134FFFEEF2545F545EE3544F544E53850
:401E4000C39440401BE538D3947F5014122236754100754210900259E4F0A37480F0800F7541017542209002597401F0A3E4F0E54565427004E54465416002E147900007C3
:401E8000E0FE900006E0FDEEF544EDF545D390025AE09545900259E0954440047F0080027F0A8F3DE53D60030221AEE538D3943F506FE5387F00FEEF2545FFE5443E900209
:401EC0005BF0A3EFF09003F4E0FEA3E0F5828E83120275E4FB7A01F9F812014B90025DEEF0A3EFF09003F4E0FEA3E0F5828E83120275EFE4EF600A90025DE475F0011200B4
:401F00004590025DE0FEA3E0FFC390025CE09F90025BE09E500B753D0AE4F544F5450221AE7B017A01792D900265E541F0A3E542F0AD45AC44AF38120F57EF60047F0A8032
:401F4000027F008F3D8003753D03E4F544F5450221AE2000030221AEE4F544F5450221BF2000030221AEE5452542FFE5443541FED3EF942CEE9401502DE4F53DAE41AF42EE
:401F8000742D2545F974013544A801FC7D017B017A007905120446E5422545F545E5413544F5440221AE753D030221AEE5424541703678257C00FD7BFF7A0979D5FE7F0809
:401FC000120446D200753B00753C08E4F544F545AE3BAF3C78057C007D01FB7A007925120446E4F53D0221AE753D040221AE2000030221AEE5426403454160030221AE90FF
:402000000007E0FE900006E0FDEEF52FEDF530E538C394404057E538D3947F50505136AE2FAF307C007D101203318F368E358D348C33C3E5309480E52F940050047F0080B5
:40204000027F0A8F3DE53D600221AE85364D85354C85344B85334AE4755110F550F54FF54EFF7E80FDFC12179C8F378069AE2FAF307C017D00120331C004C005C006C007A0
:40208000AF38E4FCFDFEFBFA7901F81200C0D003D002D001D0001200A58F368E358D348C33C3E52F940150047F0080027F0A8F3DE53D600221AE85364D85354C85344B8520
:4020C000334AE4F551755001F54FF54EFFFE7D10FC12179C8F37E538D3943F5072AF387E007C207D00120331E42FFFE43EFEED3408FDE43CFCC004A905AA06AB07AE2FAFBE
:40210000307C007D20120331D0001200A58F368E358D348C33E4F52DF52EC3E52E9420E52D9400502AE4E52E2536FFE52D3535FEE43534FDE43533A907AA06AB0512074DD7
:40214000EF2537F537052EE52E7002052D80CB852F31853032E538702AAE31AF32FCFD7BFFFAF9F8C31201F87019FD7F05121822C3E5379FF537E4FD7F06121822C3E537B3
:402180009FF537E537F404900005F0E4F53DF53B753C018019E4FF120CCBEF70069046FA7480F01205FD120C3C8003753D057B017A007901853B4A853C4BAF3D12167890FB
:4021C0000000E07003021BE4300003021BE42212070B906008E0547FF0906012E054FBF09043A5E054FEF09043B5E054FEF09051F8E04480F0E04440F01206F39044CA7433
:4022000080F0A37401F09044CA7420F09044C87401F004F051669044D97410F0E4900323F090032BF090031FF0900325F090032AF09003FFF02212070B9043A0E04408F0B1
:402240009043B0E04408F090470174C8F09043ACE04410F09043BCE04410F0904700E0542060F80206F390458FE054407E007806CEC313CE13D8F9FF22C0E0C0F0C083C049
:4022800082C085C084C086758600C093759300C0D075D000C000C001C002C003C004C005C006C0075166D007D006D005D004D003D002D001D000D0D0D093D086D084D08531
:4022C000D082D083D0F0D0E03290646DE0FF227B027A447904AD07AC06020731EFC43354E0904482F0229044C87404F0229043A3E04401F07B027A4F7906EFFD7C00120764
:40230000319043A3E054FEF0227B027A4F7904EFFD7C00020731904210E0548060047F0180027F002290FFFF12030DEFF09046EA7401F090000102030D90FFFC12030D129A
:402340000291850883850982120269D3EF9400EE9480402E9003E1120269120600850883850982C083C082120269E42FFFEE3480FEED34FFFDEC34FFFCD082D08312029108
:4023800080C09003D71202698508838509821202851200C012060090000402030D8B468A4789488C498D4AE54E75F00AA485F050F551D3E54A9440E54994004006754900A1
:4023C000754A409003FEE0602D916FEF7018E55145506012E47F01FEFDFC7139E55115517002155080E3916FEF601791AF9175E49003FEF0800C91AFEF6007916FEF6002CD
:402400009175E54E75F00AA485F050F5517F0112178BEF64016018E55145506012E47F01FEFDFC7139E55115517002155080DE7F0112178BEFB40125AB46AA47A9489002D0
:4024400063E549F0A3E54AF07F0191BCAB4BAA4CA94DEE8FF0120086E4F54F800FAB4BAA4CA94DE4F5F0120086754F10AF4F2290032BE0FF227F01EFD394004031EF9409E5
:40248000502CEF75F00BA42431F582E43403F583E4F0EF75F00BA42435F582E43403F583E0FE75F010EF905FFE12029DEEF022E4FF900323E06004E0FFE4F02290025FEF92
:4024C000F0A31202B29002601202A9E94A4B7002A15690025FE0FFD39400407AEF94095075B166D3900264E09F900263E09E400990025FE0FFB1668008900263E0FEA3E0CB
:40250000FF900263EEF0A3EFF0E4A3F0A3F0900263E0FEA3E0FFA3E0FCA3E0FDC39FEC9E502B90025FE075F01090607812029DE0FF9002601202A9E92DF9EA3CFAEF120065
:4025400033900265E475F00112004580C190025FE0FF91778007E4900263F0A3F0900263E0FEA3E0FF22E4FDFCEFD39400402AEF9409502575F010EF905FFC12029DE0544B
:402580000FFD75F010EF905FFD12029DE0FBEDFCEBFD24FEFD74FF3CFCAE04AF052280FE32E4900000F0900000E0FFD3941F5020EF75F002A42400FFE5F03444FAA9077B08
:4025C000017C257D9E120731900000E004F080D622900263ECF0A3EDF0900262EFF0541F25E0FFE433FEE42FFFEE3444FAA9077B01120722900265EEF0A3EFF0900262E044
:4026000075F002A42400FFE5F03444FAA9077B01A3E0FEA3E0FFFDAC06120731900265E0FEA3E0FF2212070B900261EFF09043A5E04401F09043B5E04401F090609D740162
:40264000F090600904F0906010E0547FF0E4FFFE1206A0904394E054F9F0906012E054DFF0904394E04401F07F017E001206A07F287E001206A09051F8E0547FF0E054BF3A
:40268000F0904394E04402F07F027E001206A0904394E04404F0906084E4F0A3F0900261E0FF1206F37D077F17D1F97C377DAC7F17B1D17D077F18D1F97C297D277F18B171
:4026C000D17D077F15D1F97C067D9E7F15B1D17D07E4FFD1F97C377D0CE4FFB1D17D077F01D1F97C377D5C7F01B1D17D077F0CD1F97C227D797F0CA1D1AC07ED540775F07C
:4027000020A4FFEC541F2480F582E43444F583EFF02290025FEFF0A3EDF09003FFE07008D1259003FF7401F090025FE0FFA3E0FDE4FE7E019003F87401F0A3DEFC7E019033
:402740000329EFF0E4900328F0900323F090032BF090031FF0900325F090032AF0900320F09044C27480F0A37401F09044C27420F09044C07401F004F0ED14600C04701255
:40278000906009E054FEF08010906009E04401F08007906009E04401F09060287403F09060087480F0E47F01FEFDFC1206009060127404F022D2AF9044F474FDF07D02E464
:4027C000FFF1129003FE7401F022E4FF7F019003F87401F0A3DFFCE4900328F0900323F090032BF090031FF0900325F090032AF0900320F09060287403F09060087480F016
:40280000229002601202B290025FEFF0D3940050022126E0FF940940022126EF75F00BA42436F582E43403F583E0FEA3E0FFC3E49FFF74029EFED3900264E09F900263E0AE
:402840009E402490025FE075F00BA42436F582E43403F583E0FEA3E0FFC3E49F900264F074029E900263F0900263E0FCA3E0FDECFF90025FE0FE75F00BA42433F582E43483
:4028800003F583E04FFF75F010EE905FFC12029DEFF0ED90025FE075F010905FFD12029DEDF09002601202A9E94A4B6046E4900265F0A3F0900263E0FEA3E0FFA3E0FCA33C
:4028C000E0FDC39FEC9E502B9002601202A9E92DF9EA3CFA12001AFF90025FE075F01090607812029DEFF0900265E475F00112004580C190025FE0FF75F00BA42431F582C4
:40290000E43403F583E4F0EF75F00BA42435F582E43403F583E0FF90025FE075F010905FFE12029DEFF022C0E0C0F0C083C082C085C084C086758600C093759300C0D07507
:40294000D000C000C001C002C003C004C005C006C007906028E0900277F0E0FF541070024106A37401F0EF54806020900277E0540F64016005A3E4F0802FD1E490032CE0A3
:4029800054806025900278E4F0801E900277E05440600451298012900277E0542060051230108005900278E4F0900278E06057906028E0900277F0E05480704A90032FE03C
:4029C000FF900327E04F900277F0E0FF906029F0E0FEEF6E703090032CE0900278F0906028E05480900277F0E0700F90032CE0906028F0E0540F900278F090032CE0FF9064
:402A00000278E0B507D0D007D006D005D004D003D002D001D000D0D0D093D086D084D085D082D083D0F0D0E032900328E024FC600A24FE6008240470078006E1B31236E932
:402A400022E4FD900320E0FF90032DE48FF0120045D3900318E09400900317E09400403AED940850359003191202A912001AFFE42DF582E43460F583EFF09003191202A95B
:402A8000E92401F9E43AFA9003191202B20D90031774FFF5F012004580B7900320E064086006EDD394004015900327E06480F090032C740FF09003287402F0800A90032CD0
:402AC0007402F0900328F090032FEDF0900320F0221202B2900317E07002A3E070051230C4802F9003287402F0E4900327F01235F0906007E0FE906006E0FDEEEDFFD39027
:402B00000318E09F900317E09E4005EEF0A3EFF051417F0122E490027AF0906000E090027CF07B007A007900A31202B2E4900317F0A3F090027CE0548064806002A12E90FD
:402B40006001E07002817D24F8700281EF24FE7002A10B24046002C1C6906003E0B4012B123E6D900280EEF0A3EFF0F5828E83A31202BB9003191202B2900317E4F0A37472
:402B800012F051D490027AEFF0C1C6906003E064027060906002E0FF123428900280EEF0A3EFF04E7002C1C6900280E0FEA3E0F5828E83A31202BB9003191202B2900319F0
:402BC0001202A9E92403F9E43AFA12001AFE9003191202A9E92402F9E43AFA12001AFDEEEDFF900317EEF0A3EFF051D490027AEFF0C1C6906003E064037079FF7BFF7A0783
:402C000079A090027D1202B2906002E0D39F401F90027D1202A912001A601412001AFE7C0029F9EC3AFA90027D1202B20F80D9906002E0FF6016900775E493FEEFB5060CF4
:402C40007BFF7A0779FF90027D1202B290027D1202A912001A7002C1C612001AFF900317E4F0A3EFF09003191202B251D490027AEFF0C1C6F14590027AEFF0C1C690027C31
:402C8000E05403603F24FE6002C1C6900317E4F0A37402F0906004E0547F75F00BA42432F582E43403F583E09003FBF0E4A3F07B017A0379FB9003191202B251D490027AAC
:402CC000EFF0C1C6900317E4F0A37402F090032AE09003FBF0E4A3F07B017A0379FB9003191202B251D490027AEFF0C1C6C1C6900317E4F0A304F0FB7A03792B9003191269
:402D000002B251D490027AEFF0C1C6900317E4F0A304F0906004E02416F9E43403FA7B0190031951D190027AEFF0C1C6C1C6906001E0147002A1F224FE7002C16224FA60B5
:402D40001B24FE607024066002C1C6906002E0900325F0D1CC90027AEFF0C1C6906002E090027BF0D39400400EE014FF123428900280EEF0A3EFF090027BE0FFD3940040C0
:402D80000A900280E07002A3E07005EF6002C1C690032BE0FF90027BE0FE6F600F90032BEEF09003237401F0FF1238E2D1CC90027AEFF0C1C612367DEF7002C1C6906004DD
:402DC000E0FE90031FF074162EF582E43403F583E0FF74242EF582E43403F583E06F60099003237401F0123C6AD1CC90027AEFF0C1C690027CE05403601A1460311460026E
:402E0000C1C6906002E06002C1C6123F0D90027AEFF0C1C6906002E064016002C1C690032AE054FDF0D1CC90027AEFF0C1C6906004E0FFC394014002C1C674262FF582E45B
:402E40003403F583C083C082E0FF906002E0F4FEEF5ED082D083F0D1CC90027AEFF08066806490027CE05403601614602B147056906002E07050123E8690027AEFF08046FA
:402E8000906002E06401703E90032AE04402F0D1CC90027AEFF0802E906004E0FFC39401502474262FF582E43403F583C083C082E0FF906002E0F4FEEF5ED082D083F0D1D7
:402EC000CC90027AEFF090027AE0FF229003287406F090032CF09003277480F0E490032FF07F0122906028E0900279F0E0906028F0E0900279F0E0FF5480600690032CEFE7
:402F0000F0227F02F1D3906000E0546024E0601124E060162440701B7115900279EFF08017F145900279EFF0800EF1C3900279EFF08005E4900279F0900279E0700690032D
:402F40002C7403F022E4900283F0906000E0540324FE600D047024906004E0900282F0801F906004E0547F75F00BA4243AF582E43403F583E0900282F08005E4900282F07A
:402F8000900282E0FFD394015023900321E0FCA3E02FF582E43CF583E49324FD700A123118900283EFF08005E4900283F0900283E0FF22E4900328F07F01F1D390032C7407
:402FC00003F022E4FF906000E054806005A3E0FE80002290031C1202A9E94A4B603190031C1202A9EF12003390032DE0FEA3E0FF90031C1202A9E92401F9E43AFAEE8FF07A
:403000001200867B007A00790090031C1202B222900328E024FC600A24FE60082404700F800E802B7F03122FD390032C7403F022900320E0FF90032DE48FF0120045E49006
:403040000328F07F01122FD390032C7403F022E4FF906029E0540F24FEFEFD90032DE48DF0120045D3900318E09400900317E09400403CEED394004036E42FF582E434602C
:40308000F583E0FD9003191202A9ED1200339003191202A9E92401F9E43AFA9003191202B20F1E90031774FFF5F012004580B5AF0690032FEEF0900327E06480F090032CE9
:4030C000740BF0229003287402F09003277480F090032C740FF0E4900320F090032FF07F01229003287404F09003277480F0B1F0906007E0FE906006E0FDEEEDFFD3900329
:4031000018E09F900317E09E4005EEF0A3EFF090032C740BF07F0122E4900284F0906004E0900285F0906000E05480700221FDA3E014604F14606414700221CD24FD60024D
:4031400041D3906003E0B421189175900317E07002A3E0700241D3122AD4900284EFF041D3906003E06422600241D3B11E900317E07002A3E0700241D3122AD4900284EF9F
:40318000F041D351D9900317E07002A3E0700241D3122AD4900284EFF041D3900285E0FFC39401400241D3906002E0600241D3900317F0A304F074F72FF9E43403FA7B0182
:4031C000900319122AD1900284EFF041D3900285E0FFC39401400241D3900317E4F0A304F074F82FF9E43403FA7B019003191202B2122AD4900284EFF041D341D39060019F
:40320000E024F6602214700241AC2402600241D351D9900317E07002A3E0700241D311E2900284EFF041D3900285E0FFC39401400241D3906002E0600241D3A3E0FE74F700
:403240002FF582E43403F583EEF074F62FF582E43403F583E0FE74F72FF582E43403F583E0C39E5011900285E024F6F582E43403F583E4F0802C900285E0FF24F6F582E46A
:403280003403F583E0D39401401874F72FF582E43403F583E0FE74F62FF582E43403F583EEF0122ECC900284EFF08027900285E0FFC39401501D906002E0FE94015014741C
:4032C000F82FF582E43403F583EEF0122ECC900284EFF0900284E0FF22E4900317F0A3F090032BE014FF9128900286EEF0A3EFF0906003E090028BF0906004E090028CF0F2
:403300002402FFE433FEEF7802C333CE33CED8F9FF900287E02FFF900286E03EFEF0A3EFF0F5828E83A31202BBAF01900286EAF0A3EFF090028CE0FFC394014002812774B7
:40334000162FF582E43403F583E075F004A4FFAEF0900287E02FF0900286E03EF0E0FEA3E0F5828E83A31202BBAF01900286EAF0A3EFF090028BE0FFC3940150028127EF7A
:40338000D3940340028127EF24FFFFE434FFFEEF7802C333CE33CED8F9FF900287E02FFF900286E03EFEF0A3EFF0906002E0FD90028BF08F828E83E493C39D406A90028631
:4033C000E0FEA3E0F5828E83A31202BB9002881202B290028BE075F008A4FF9002881202A9E92FF9EA35F0FA9002881202B29002881202A9E92402F9E43AFA1202C790034F
:40340000191202B29002881202A912005BFF900317E5F0F0A3EFF0E92405F9E43AFA1202C790031C1202B22290028DEFF0900329E025E025E024ADF582E43408F58312024C
:40344000BBAE02AF01EF2408FFE43EFE8F82F583E493FD90028DE0FCC39D4005E4FEFF80138F828E8375F004EC12029DA31202BBAE02AF012290032BE014FF912890028648
:40348000EEF0A3EFF0906004E0900288F02402FFE433FEEF7802C333CE33CED8F9FF900287E02FFF900286E03EFEF0A3EFF0F5828E83A31202BBAF01900286EAF0A3EFF0AB
:4034C000A3E02416F582E43403F583E075F004A4FFAEF0900287E02FF0900286E03EF0E0FEA3E0F5828E83A31202BBAE02AF01900286EEF0A3EFF02410FFE43EFE9002869F
:40350000F0A3EFF0F5828E83A31202BB12001AFF900317E4F0A3EFF09003190202B290032BE014FF9128900286EEF0A3EFF0906004E090028BF02402FFE433FEEF7802C369
:4035400033CE33CED8F9FF900287E02FFF900286E03EFEF0A3EFF0F5828E83A31202BBAF01900286EAF0A3EFF090028BE02416F582E43403F583E075F004A4FFAEF0900231
:4035800087E02FF0900286E03EF0E0FEA3E0F5828E83A31202BBAE02AF01900286EEF0A3EFF0240CFFE43EFE900286F0A3EFF0F5828E83A31202BB9002881202B29002885F
:4035C0001202A9E92401F9E43AFA12001AFE9002881202A912001AFDEEEDFF900317EEF0A3EFF0E92402F9E43AFA9003190202B2E490032DF0A3F090031C1202A9E94A4B4E
:40360000601D90031C1202A9E412003390031C1202A9E92401F9E43AFAE4F5F01200862290032BE014FF9128AD07AC06ED4C603D8D828C83A31202BBE92404F9E43AFA1200
:40364000001A2402FFE433FEEF7802C333CE33CED8F92DFDEE3CFCAF058D82F583A31202BBAF0190028AEAF0A3EFF08007E490028AF0A3F090028AE0FEA3E0FF22E49002B4
:4036800082F0906004E0900283F090032BE014FF91288F828E83A31202BBE92404F9E43AFA12001AFF900283E0FED39F4006EED39401502F74162EF582E43403F583E0FF53
:4036C00074242EF582E43403F583EFF0906002E0FF74162EF582E43403F583EFF09002827401F0900282E0FF22900325E0600CE04480906008F0E4900325F0E4900328F070
:403700007F01122FD390032C7403F022C0E0C083C082C085C084C086758600C093759300C0D075D000C00790600B7401F090600EE0FF90033BE054036401600790033EE008
:403740006480F090033C7401F0D007D0D0D093D086D084D085D082D083D0E032C0E0C083C082C085C084C086758600C093759300C0D075D000C00790600B7402F090601E8C
:40378000E0FF900346E0540364016007900349E06480F09003477401F0D007D0D0D093D086D084D085D082D083D0E032C0E0C0F0C083C082C085C084C086758600C09375B8
:4037C0009300C0D075D000C000C001C002C003C004C005C006C0071227CAD007D006D005D004D003D002D001D000D0D0D093D086D084D085D082D083D0F0D0E0327D01EDF2
:40380000C39409400201DB75F010ED90607012029D740CF0ED75F00BA42435F582E43403F583E06031ED75F00BA42434F582E43403F583E05480600F75F010ED905FFE126B
:40384000029D740CF0801C75F010ED905FFE12029D7408F0800D75F010ED905FFE12029D7480F0ED75F00BA42436F582E43403F583E0A3E0FF75F010ED90607612029DEF91
:40388000F0ED75F00BA42436F582E43403F583E0FF75F010ED90607712029DEFF0ED75F00BA42436F582E43403F583E0A3E0FF75F010ED90607412029DEFF0ED75F00BA45D
:4038C0002436F582E43403F583E0FF75F010ED90607512029DEFF00D0237FF90600A74FFF022E4900284F0A3F0900282F0900282E0FEC39409507AEE75F00BA42430F58200
:40390000E43403F583E4F0EE75F00BA42432F582E43403F583E4F0EE75F00BA42433F582E43403F583E4F0EE75F00BA42438F582E43403F583E4F0A3F0EE75F00BA4243A84
:40394000F582E43403F583E4F0EE75F00BA42431F582E43403F583E4F0EE75F00BA42435F582E43403F583E4F0900282E004F001EDEF602FE4900283F0900283E0FFC39473
:4039800001502074162FF582E43403F583E4F074242FF582E43403F583E4F0900283E004F080D690032BE0D3940050028169E014FF123428900286EEF0A3EFF0900286E009
:4039C000FCA3E0FDF5828C83A31202BBE92407F9E43AFA12001A5440600990032AE04401F0800790032AE054FEF0ED2404FFE43CFE900286F0A3EFF0F5828E83E493900280
:403A000082F0A37401F0900283E0C39409400261A5900286E0FEA3E0F5828E83A31202BBAF01900288EAF0A3EFF0E4FF900282E0FEEFC39E4002619D900288E0FCA3E0F503
:403A4000828C83740293547FFD900283E0FE6D7001E46002618C900288E0A3E0F5828C83740493FC740593FDEE75F00BA42438F582E43403F583E0FAA3E0C39DEA9C5029A1
:403A8000900288E0FCA3E0F5828C83740493FC740593FD900283E075F00BA42438F582E43403F583ECF0A3EDF0900288E0FCA3E0FDF5828C83E4932416F582E43403F58375
:403AC000E0FE8D828C83740193FDEE6D6002618C900288E0A3E0FDF5828C83740293FE900283E0FB75F00BA42434F582E43403F583EEF08D828C83740393FEEB75F00BA4AB
:403B00002430F582E43403F583EEF0900288E0FCA3E0F5828C837403935403FE900288E0A3E0F5828C8374029354806031EEB401047D0780027D0D900283E0FC75F00BA43E
:403B40002435F582E43403F583EDF0EC75F00BA42431F582E43403F5837401F0802EEEB401047E0580027E09900283E0FD75F00BA42435F582E43403F583EEF0ED75F00BBC
:403B8000A42431F582E43403F583E4F0900289E02407F0900288E03400F00F412C900283E004F04106900286E0FEA3E0F5828E83A31202BBAF01900288EAF0A3EFF0E49041
:403BC0000283F0900282E0FFA3E0C39F5038900288E0FEA3E0F5828E83E493FD740293547F75F00BA4243AF582E43403F583EDF0900289E02407F0900288E03400F090027E
:403C000083E004F080BD123620900321EEF0A3EFF0E4900284F0A3F090028204F0900282E0FFC39409503F900284E0FCA3E0FDEF75F00BA42436F582E43403F583ECF0A3B5
:403C4000EDF0EF75F00BA42438F582E43403F583E0FEA3E0FF900284EE8FF0120045900282E004F080B71237FD2290032BE0D394005002C16CE014FF123428EF2404FFE45E
:403C80003EFE8F82F583E493900282F08F828E83A31202BBAD01AC0290031FE0900283F0E4FB900282E0FFEBC39F4002C16C8D828C83E493FF900283E0FE6F6002C1628DA7
:403CC000828C830493FF74162EF582E43403F583E06F6002C1628D828C83740293547FFA7403935403F9EA75F00BA42433F582E43403F583E4F08D828C83740293FFEA7501
:403D0000F00BA42434F582E43403F583EFF08D828C83740393FFEA75F00BA42430F582E43403F583EFF08D828C83740493FE740593FFEA75F00BA42438F582E43403F583AB
:403D4000EEF0A3EFF08D828C837402935480602DE9B401047F0780027F0DEA75F00BA42435F582E43403F583EFF0EA75F00BA42431F582E43403F5837401F0802AE9B401DB
:403D8000047F0580027F09EA75F00BA42435F582E43403F583EFF0EA75F00BA42431F582E43403F583E4F075F010EA905FFE12029D7401F0EA75F00BA42438F582E43403B2
:403DC000F583E0FF75F010EA905FFC12029DEFF0EA75F00BA42438F582E43403F583E0A3E0FF75F010EA905FFD12029DEFF0EA75F00BA42436F582E43403F583E0A3E0FF2D
:403E000075F010EA90607612029DEFF0EA75F00BA42436F582E43403F583E0FF75F010EA90607712029DEFF0EA75F00BA42436F582E43403F583E0A3E0FF75F010EA906083
:403E40007412029DEFF0EA75F00BA42436F582E43403F583E0FF75F010EA90607512029DEFF0ED2407FDE43CFC0B81A222900329E025E025E024ADF582E43408F58312028E
:403E8000BBAE02AF0122E4900282F0906004E0547FFFD394004070EF9409506BEF75F00BA42432F582E43403F583E04401F0EF75F00BA42433F582E43403F583E4F0EF75C5
:403EC000F00BA42431F582E43403F583E04402F0EF75F00BA42434F582E43403F583E05480600F75F010EF905FFE12029D748DF0800D75F010EF905FFE12029D7489F012A5
:403F00002ECC900282EFF0900282E0FF22E4900282F0906004E0547FFFD394005002E1E2EF94094002E1E2EF75F00BA42432F582E43403F583E054FEF0EF75F00BA4243305
:403F4000F582E43403F583E4F075F010EF905FFC12029DE0547FF0EF75F00BA42431F582E43403F583E054FDF0EF75F00BA42434F582E43403F583E054806030EF75F00B35
:403F8000A42431F582E43403F583E0B4010F75F010EF905FFE12029D740CF0803D75F010EF905FFE12029D740DF0802EEF75F00BA42431F582E43403F583E0B4010F75F09F
:403FC00010EF905FFE12029D7408F0800D75F010EF905FFE12029D7409F0122ECC900282EFF0900282E0FF22000000000000000000000000000000000000000000000000A8
:404000000000000000000000000000000000000000000000000000000000000000000000000000000000000000000000000000000000000000000000000000000000000080
:404040000000000000000000000000000000000000000000000000000000000000000000000000000000000000000000000000000000000000000000000000000000000040
:404080000000000000000000000000000000000000000000000000000000000000000000000000000000000000000000000000000000000000000000000000000000000000
:4040C00000000000000000000000000000000000000000000000000000000000000000000000000000000000000000000000000000000000000000000000000000000000C0
:40410000024AA7008F828E83E0540100000070F82278FFE4F6D8FD024B35024462E86480F8E933E83360110460F0ED33EC337009E8FCE9FDEAFEEBFF220460DED3EB9FEA9C
:404140009EE99DE8C2E78CF0C2F795F0400CE8CCF8E9CDF9EACEFAEBCFFB12442D85D0F05804700320D5B3E80470075002B2D502446C92D5EC0460F7E4CCC0E0C398F860E4
:404180003B94186008400DD0E0FB024444E4FBFAC9FC8028E830E406E4C9FBE4CAFCE830E305E4C9CACBFCE854076010F8C3E913F9EA13FAEB13FBEC13FCD8F130F52FC328
:4041C000E49CFCEF9BFFEE9AFEED99FDD0E0FBEF4E4D4C701222DB03024469EC2CFCEF33FFEE33FEED33FDED30E7EB024444EF2BFFEE3AFEED39FDD0E0FB50130BBB0003DC
:4042000002446CED13FDEE13FEEF13FFEC13FC024444EC4D6011E8497017ED33EC3304600DE4FCFFFEFD22E933E8330470F802446212442D58046009E4CC24815006285086
:404240000902446C284003024469C0E0EB4A7044B98006D0E0FB024458EF4E701CBD8008EBFFEAFEE9FD80EBE98DF0A4FEE5F00242FBE9CDF9EAFEEBFFEF89F0A4FCE5F0AD
:40428000CE89F0A42EFFE435F0CD89F0A42DFEE435F08067EF4E7005BD80D780C3EF8BF0A4ACF0EE8BF0A42CFCE435F0F8EF8AF0A42CE5F038FCE433CB8DF0A42CFCE5F0AD
:4042C0003BF8EE8AF0A42CFCE5F038F8E433CF89F0A42CFCE5F038CF3400CE89F0A42FFFE5F03EFEE433C98DF0A42EFEE5F039CD8AF0A42FFFE5F03EFEE43DFD33D0E0FB8C
:4043000050070BBB000F02446CEC2CFCEF33FFEE33FEED33FD02444402446CEC5D046005E85904700302446212442D580460F6EC4860F2EC7004FDFEFF22C860DB2481C839
:404340005009C398600250060244699850CAF582E9294B4A7005AB8202445875F0007C1A7880C3EF9BEE9AED99400DC3EF9BFFEE9AFEED99FDE842F0DC23ACF0D0E0FFD0EE
:40438000E0FED0E0FDAB8220E7101BEB60BAEC2CFCEF33FFEE33FEED33FD024444E803F830E705C0F075F000EF2FFFEE33FEED33FD40B830E7C280AA75F020800E75F01023
:4043C000800575F0087D007E007F003392D530D503124629EC334010EF33FFEE33FEED33FDEC33FCD5F0ED22E5F0247EA2D513CC92E7CDCEFF22EDD2E7CD33EC3392D52421
:40440000814006E4FFFEFDFC22FCE4CFCECDCC24E0501174FF80EDC3CC13CCCD13CDCE13CECF13CF0470F030D5DE024629E9D2E7C933E833F892D5EDD2E7CD33EC33FC5002
:4044400002B2D522EC30E7100FBF000C0EBE00080DBD00040BEB6014A2D5EB13FCED92E7FD2274FFFCFDFEFF22E480F8A2D574FF13FC7D80E480EFBB010689828A83E02296
:404480005002E722BBFE02E32289828A83E49322BB010689828A83F0225002F722BBFE01F322EF8DF0A4A8F0CF8CF0A428CE8DF0A42EFE22C5F0F8A3E028F0C5F0F8E582B2
:4044C000158270021583E038F022A3F8E0C5F025F0F0E582158270021583E0C838F0E822BB010A89828A83F0E5F0A3F0225006F709A7F01922BBFE06F3E5F009F31922E8B4
:404500008FF0A4CC8BF0A42CFCE98EF0A42CFC8AF0EDA42CFCEA8EF0A4CDA8F08BF0A42DCC3825F0FDE98FF0A42CCD35F0FCEB8EF0A4FEA9F0EB8FF0A4CFC5F02ECD39FE7E
:40454000E43CFCEAA42DCE35F0FDE43CFC2275F008758200EF2FFFEE33FECD33CDCC33CCC58233C5829BED9AEC99E58298400CF582EE9BFEED9AFDEC99FC0FD5F0D6E4CEEC
:40458000FBE4CDFAE4CCF9A88222B800C1B90059BA002DEC8BF084CFCECDFCE5F0CBF97818EF2FFFEE33FEED33FDEC33FCEB33FB10D703994004EB99FB0FD8E5E4F9FA22DC
:4045C0007818EF2FFFEE33FEED33FDEC33FCC933C910D7059BE99A4007EC9BFCE99AF90FD8E0E4C9FAE4CCFB2275F010EF2FFFEE33FEED33FDCC33CCC833C810D7079BEC96
:404600009AE899400AED9BFDEC9AFCE899F80FD5F0DAE4CDFBE4CCFAE4C8F922CFF4CFCEF4CECDF4CDCCF4CC22C3E49FFFE49EFEE49DFDE49CFC22EB9FF5F0EA9E42F0E979
:404640009D42F0EC6480C864809845F022EB9FF5F0EA9E42F0E99D42F0E89C45F022E8600FECC313FCED13FDEE13FEEF13FFD8F122E8600FEFC333FFEE33FEED33FDEC33B1
:40468000FCD8F122BB010789828A8302479B5005E9F802478FBBFE05E9F80247A789828A830247B3BB010789828A830246F35005E9F80247C3BBFE05E9F80247CF227401FD
:4046C000FF3395E0FEFDFCA3A3A3E0CF2FF0E582158270021583E0CE3EF0E582158270021583E0CD3DF0E582158270021583E0CC3CF022ECF0A3EDF0A3EEF0A3EFF022A478
:404700002582F582E5F03583F58322D083D082F8E4937012740193700DA3A393F8740193F5828883E4737402936860EFA3A3A380DFE5092582F582E5083583F583B5080475
:404740008582092210AF06858209F50822858209F508D2AF22E5092582F582E5083583F58322EC8EF0A4CCC5F0CCCDF8EFA4CEC5F02DFDE43CFCE8A42EC8C5F03DFDE43C0B
:40478000FCEFA4FFE5F028FEE43DFDE43CFC22E6FC08E6FD08E6FE08E6FF22E0FCA3E0FDA3E0FEA3E0FF22E2FC08E2FD08E2FE08E2FF22E493FC740193FD740293FE74031D
:4047C00093FF22ECF608EDF608EEF608EFF622ECF208EDF208EEF208EFF222410A03554109A73241099C0041099B004109FE01410A091241099D004109FA004109A53241B8
:404800000A010041099E00410A08014209A000004109A4004109FD004109FC00440A0400000000410A02004109FB024109FF004109A600410A00004109F90041099F0041F4
:4048400009A2004109A30041099800410CE900410CE800410CED00410CEC00410CEB0060390BBD480707070778B5B60755CE865695FD7D3D1D0D0585C5E5F5E007078D07D9
:4048800030684284A4830124C3040274A344C282E364D443038123146394B4C4440CA400001388410C9900410CC200420CB73DF4420CB90000410CBB00420CBC0BB8420C7A
:4048C000BE0000420CC00000440B6A00000000440B6E00000000410B3900410B4600440B5C00000000440B6000000000410B6400410B6500410B6600410B6700440AAE71D2
:404900003D0A07440ABF713D0A07410A9800440A9D00000000410ABE00410AA1C4440A9900000000440AC3017D7840410A9700410A8000420AA3002A420A7E002A440AC8D8
:4049400000000000410AD000410AC700420A810000440A7000000000410A7400440A7500000000440A7900000000410A7D00440C5000000000440C4600000000410C4E009D
:40498000410C4F00440C5400000000440C3D00000000440C4100000000410C450041090300440C8100000000440C7D00000000410C7C00440C8500000000410C7300420C70
:4049C000742710440C78000D4A58410C7032410C6E00410C7100410C6F00410C6915440C6A00000000410C7200410C5800410C5900410C5A00410C5B00410C5C00410C5D40
:404A000000410C5E00410C5F00410C6200410C6300410C6400440C6500000000410B1000410B2C0C490AD1000004040000000000410CEF00410CF400410CF5FF410CF6FF4E
:404A4000410CF7FF410CF8FF410CF9FF410CFAFF410CD480410CD37F440CCF000000FF440CAE023366C4440CA90000903C410CAD25440CB3481E0000410CFB00460CD500AD
:404A80008102370300410CFCFF410CFDFF430CDB000000410CFE00420C140180420C16FF7F420C1201000075930078007583467582E8E04401F00090480074C0F075810960
:404AC0009076BCE4F0A3F0A3F0A3F0907010F0907019F0907020F09076007410F0907604E4F0A3F0A3F0A3F09078007800087400F0A37408F0E8B8040274FFA3F0A374225D
:404B0000F0A374BCF0A37476F0A3E4F0A3E81475F008A4F0A3B804D59070107401F0907014F07E707F18124104907010F0EA900CB2F002411175081F7509FD12BC9512A5F8
:404B40009212BC28024B82025DB0E493A3F8E493A34003F68001F208DFF48029E493A3F85407240CC8C333C4540F4420C8834004F456800146F6DFE4800B0102040810206A
:404B800040809047DBE47E019360BCA3FF543F30E509541FFEE493A360010ECF54C025E060A840B8E493A3FAE493A3F8E493A3C8C582C8CAC583CAF0A3C8C582C8CAC583CD
:404BC000CADFE9DEE780BEC2D5E830E70FB2D5E4C39BFBE49AFAE499F9E498F8EC30E717B2D5124BFD12458AE4C39BFBE49AFAE499F9E498F8800312458A30D50DE4C39F1E
:404C0000FFE49EFEE49DFDE49CFC22758600EF4E6027EF60010E759300900A2AE0F595A3E0F585A3E0F5848B938A838982E0A30586F0A31586DFF6DEF4E4F593F59522322A
:404C4000EEFA900CADE0F88FF0A4FFAEF0E88AF0A42EFEE5F03400FDEF24C9FF78FFEE38FEED38FDE438FC5003024D0022758600EF4E601BEF60010E8C838D828B958A8561
:404C80008984E493A30586F0A31586DFF5DEF3E4F59522EC4D6011ED60010C8B938A838982E4F0A3DDFCDCFA75930022EF54016004D2AF8002C2AFEF5402FF9044F4E054F9
:404CC000FD4FF0229044F4E0F84402F0E85402FF10AF012274014FFF228B938A838982EFF0A3EEF0A3EDF0A3ECF0759300224520200050202000532020004320200032322E
:404D0000EC4D4E700D78FCEF24E950032840FD2200007BF178DA0000EF28FF78FFEE38FEED38FDEC38FC50E7EF2BFFEE38FEED38FDEC38FC40F222050203048B938A8389A8
:404D400082E0FFA3E0FE759300228B938A838982EDF0A3ECF0759300228B938A838982E0759300FF228B938A838982EDF075930022EC30E7031246292204001001A0000091
:404D80000008001000000018000010000000000001040000000000180000180015511400000000080008000040008800000000001500A400018128220000000000000000A7
:404DC00000000000000000000000000000000000000000004048022000000000020200221000000000000000000000000000000000000000000000000012000000000000C1
:404E0000000000000000000000000000000000000000000000000000000000000000000000000000000000000000000000000000000000000000000000C50060001200003B
:404E4000000000A200EA00FF00000000000000F800F800000000000000000000000000000000000000000000000000000000000000000000000000000000000000000000B7
:404E80000000000000000000000000000000000002000000800000000000000000000000000000000000000000000000000000000000000000000000000000000000000070
:404EC0000000000000000000000000000000000000000000000000000000000000000000000000000000000000000000800000000000000000004000000000008000000072
:404F000000000000000000000000400000000000000000000000000002000000000000008000001000000002080000000000000080000000000000000000000000200040B5
:404F40000000000000000000000000000000000000000000008000200000008000000000000000C00000004000000000000000000000000000000000000000000000000011
:404F800000000000000000000000000000000000000000000000000000000000000040000000000000000000000000000000000000000000000000000000000000000000B1
:404FC0000000000000000000000000020000000008000000000000000000000000000000000000000000000000000000000000000000000000000000000060000000000047
:40500000400000000000000000000000000000108000000000002000020000000000400000000000000000000000000000000000000000000000000000000000000000003E
:4050400000200000000000000000000000C00000000000000000000000000010000000A00000000000000000000000000000000000000000000000000000000000000000A0
:4050800000000000000000000000000000000000000000000000000000001010000000000000000000000000000000000000000000000000000000000000000000000000D0
:4050C000000000000000000000000000400000000000000000000000000000000000000000000000000000000000000400000000000000000000000000000000010000006B
:40510000000000240000000001000000020020300100000000002020020000000000400000000000200404000000000000000000000000000000000000000000000000004D
:40514000001000000000000000000000002000000000000000200000000000000020000000000010004000200000000000000000000000000000000000000000000000004F
:4051800000000000000000000010000000000000000000000000000000000000000000000000000000000000000000000000000000000000000000100000000000000000CF
:4051C00000000000000000000000100000000020000000040000000000000000000000000000000000000000000000000000000000000000000000000020000000900004C7
:4052000000000000000000000400040002000020018000000034202006000000001040002080000000000000000020004000000000000000000000000000000000100000E9
:40524000000000000000002000000000006000400000000000000000000000500040002000000000008000000000000000000000000000000000000000000000000000003E
:4052800000800000000020004000000000000000000000000000000000000000000000000000000000000000000000000000000000090000002000000101000000000000E3
:4052C0000000000000000000000000002000002001000020040000000020000002040000000000000000000000000000000000000000000000000000000000000000000C17
:405300000000000000000000000804000200000800000000001020000200000000004008000000000000000031000000000000000200000000000000000000E000000000CA
:4053400000000000000000E00010000000E0006000C0000000000000000000100000001000100000000000000000000000000000000000000000000000000000000000000D
:4053800000000000000000000000000010000400000800000100000001000000000000000000000000000000001000040000200800000000000080000000000020000000F3
:4053C00000000000000000000000000000000000000000000000000000000000000000000000000000000000000000000000000000000000000000000000000000000000AD
:40540000000000000000000000000000000000000000000000000000000000000000000000000000000000000000000000000000000000000000000000000000006000709C
:405440000000000000F0002000100000000000000000000000000000000000000000000000000000000000000000000000000000000000000000000000010000000000000B
:405480000001000000000001000100000010000100010000000800000001000000080001000100000001000823025479760800082303548176100008230454897620000818
:4054C00023055491762800082306549976300005230754A170200005230854A170300005230954A170500005230A54A17060000523FE54A170700015220C0CE449C8004068
:4055000022FE0CE451300180220E0CE40A000080220F0CE40C80020022100CE40E00010022110CE44400008022120CE44600008022FE0CE44D00008023144D7901000080A3
:4055400023154DF90180008023164E794900008023174EF94980008023184F794800008023194FF948800080231A507943000080231B50F943800080231C51794200008024
:40558000231D51F942800080231E527941000080231F52F941800080232053794000008023FE53F940800007232208285200000723230830520800072324083852100006E5
:4055C00023250840526000072326084852780008232708504578000C232808604F000020232911EC6470002023FE120C65700008232B085851000080232C086C000000804F
:40560000232D08EC00800080232E096C02000080232F09EC0280008023300A6C0400008023310AEC0480008023320B6C0600008023330BEC0680008023340C6C08000080FE
:4056400023350CEC0880008023360D6C0C00008023370DEC1400008023380E6C1480008023390EEC16000080233A0F6C16800080233B0FEC18000080233C106C18800080E6
:40568000233D10EC1A000080233E116C1A800010233F122C501000102340123C500000802341124C4D800080234212CC4C0000802343134C4C800080234413CC470000809F
:4056C0002345144C47800080234614CC468000802347154C45000080234815CC458000802349164C1B000080234A16CC1B800080234B174C15000080234C17CC158000804B
:40570000234D184C19000080234E18CC19800080234F194C17000080235019CC1780008023511A4C0900008023521ACC0980008023531B4C0700008023541BCC0780008021
:4057400023551C4C0B80008023561CCC0500008023571D4C0580008023581DCC0D00008023591E4C0D800080235A1ECC0300008023FE1F4C0380000100000002000000048C
:40578000000000050000000600001201000200000008C016DC0503000F0E80010902B700040100C0020904000000FF00000C0904010000010100090A240100013400020247
:4057C000030C24020103060002030000000924030201010001000C240203010100020300000009240304030600030009040200000102000A09040201010102000A0724014E
:40580000020201000B240201020210010077010905822D80010100000725018001000009040300000102000B09040301010102000B072401030101000B2402010202100101
:405840000077010905032D800101000007250180010000040309040C03410045003900520042001A03500065006100620065007200720079002000530044005200220350F7
:405880000065006100620065007200720079002000520065006300650069007600650024035000650061006200650072007200790020005400720061006E0073006D0069BC
:4058C0000074001E0350006500610062006500720072007900200052006100640069006F0016034400470038005300410051002D004900320043001A037700770077002E6E
:40590000006F0062006400650076002E00610074001E034D0075006C00740075007300200043006F006E00740072006F006C0020034D0075006C0074007500730020004992
:40594000005100200053006F0075006E00640024034D0075006C007400750073002000490051002000520065006300650069007600650026034D0075006C007400750073AC
:405980000020004900510020005400720061006E0073006D006900740026034D0075006C007400750073002000530044005200200043006F006E00740072006F006C0020DE
:4059C000034D0075006C0074007500730020005300440052002C004C004C0043002E001203500072006F0066006900630069006F0026037700770077002E006D0075006C82
:405A0000007400750073002D007300640072002E0063006F006D0000120350004500300046004B004F002D0030000201822D0180010301032D018001FF01010101FF579C31
:405A400002FF5A2A0000000000000000000000000000000000FF5A3801FF578A0000000001FF5A3C01FF5A583031323334353637383941424344454600E4900A31F0A3F013
:405A8000A3F0A3F0A3F07F64FEFDFC7137D2AF9044F474FDF0F1C6F17512BF4F7EA17FB112BF8D128BEEE4FFFEFDFC900A371246F37FC01278A1900A2FEFF0700812B9320F
:405AC000F17512B9D1F1EA900A30EFF0900A2FE0700CA3E060087BFF7A4C79EE71BE900A30E060087BFF7A4C79F271BE900A2FE070087BFF7A4C79F671BE7F02F1E47F80FA
:405B00007E9F7DD57C00900A991246F3900A99E0FCA3E0FDA3E0FEA3E0FF127FB1EF70ECE47FDC7E05FDFC7137B1AAEF54FEFF9121E47F05FEFDFC90FFFC1247311246F36E
:405B4000850883850982E0A3E0A3E0FEA3E0D39400EE9480403D900CB3E0FCA3E0FDA3E0FEA3E0FF124D00850883850982C083C082E0FCA3E0FDA3E0FEA3E02400FFEE3461
:405B800080FEED34FFFDEC34FFFCD082D0831246F380AD900CA9E0FCA3E0FDA3E0FEA3E0FF850883850982E0F8A3E0F9A3E0FAA3E0FB1244FF124D00900004024731900AA3
:405BC00036EBF0A3EAF0A3E9F0E4900A3AF0A3F0900B10E06003126134B1AAEF5401440AFF9121900A36E0FBA3E0FAA3E0F9127035F16FEF5408FF900A39E06F60F3EFF0D4
:405C0000A374FFF5F01244CA45F070E5900A3A04F0A374E0F07B007A00790012703580D122906577EFF022900CA474FF1246C0E4FBFAF9F8C312464D7010900C9BF07F8860
:405C40007E13FDFC900CA41246F3900CA0E07002A3E0601D900CA1E024FFF0900CA0E034FFF0E07002A3E07008B1AAEF547FFF9121900C9FE0600414F08023900C9BE0FFBB
:405C8000900CA2E06F6017900C9E7401F0A374C8F0E47F887E13FDFC900CA41246F3900C99E0147002A131147002A17E24026002A1A9F16FEF30E407900C9AE004F0229068
:405CC0000C9AE0FFC394554028EFD394735022900C997401F0A37414F0900CA2E0900C9BF0A3F0A37404F0B1AAEF54DF4440FF8121E4900C9AF0900C9EE07008900CA3E0DB
:405D00007002A1A9B1AAEF4480FF9121900CA3E0600C900CA07403F0A374E8F08009900CA0E4F0A3740AF0E4900CA3F0900C9EF022900C9AE014F0E0706F900C9DE0603040
:405D4000B1AAEF4420FF9121900C9CE0FF30E308900C9A7408F08006900C9A7403F0EF25E0900C9CF0A3E014F0900C997402F022B1AAEF549FFF9121E4900C99F022900CB8
:405D80009AE014F0E07022900C9DE06008900C9A7403F08006900C9A740AF0B1AAEF54DFFF9121900C997401F022906577E0FF22E4900A27F0A3F0A3F0A3F0A3F0A3F0A33D
:405DC000F0A3740AF05179126A58127177900A03E0FFB4430C900A28E06F6002EFF012A250F16FEF5408FF900A25F0A3E06F60D7A3E0FF04F0EFB407004002C1F7905E04A7
:405E0000F8282873025E19025E1D025E5E025E7E025E83025E90025EA5912780AA900A03E0FF644360A1900A28E06F602DB1AAEF54FEFF9121B1AAEF4402FF9121B1AA9020
:405E40000A2CEFF04408F04410FFF09121E4900CEDF0900A03E0900A28F0F108A1C7128FCA9009A7E0FF900998E06F7002A1C7EFF0E075F064A4FFAEF012BF73A1C71288FC
:405E8000FFA1C7900A00E06002A1C7129017A1C7129FE412BC83EF7002A1C77BFF7A4C79FA71BEA1C7900A03E064436016900A99E0FCA3E0FDA3E0FEA3E0FF127FB1900A15
:405EC00000EFF0F16FEF20E202F18E9009A3E0B4010EE4F07F2C7E01FDFC7137F194A1C79009A3E064026002A1C7F07F2C7E01FDFC7137F18EA1C71261A1E4900A27F0905F
:405F00000A25E0A3F0A1C722900CEBE024FE602524F8603014604A240B7053900CEDE0604D900CECE07047900CEB7402F0B1AAEF54FDFF8121B1AAEF54F7FF9121900CEBA0
:405F4000740AF022900CEDE07024900CECE0701EB1AAEF54FE4408FF9121900CEB740BF022B1AAEF4402FF9121E4900CEBF022906463E0FF22900CEFE0700912AB02900C98
:405F8000EF7401F012B91E9044C17480F0229046FA7440F09046F6E04401F022B1AAEF54FBFF912190099B7401F0FF906477EFF022B1AAEF54F7FF54FDFF4404FF912190D7
:405FC000099B7401F022E4900A3AF0A3F0FBFA7D017F01126F7812678512BA7CE47F01FEFDFC6137906576EFF02212B9FA126DED126D487DF07F401261FC900A36EFF01256
:40600000BA5712BA1D900CF6E0FF1134900CF5E0FF1134900CF8E0FF1134900CF7E0FF1134900CF9E0FF113412BA6B12BA31900A36E0FF227E01EFC39418502875F010EF15
:40604000A42410F582E5F03470F583E054FEF075F010EFA42410F582E5F03470F583E054DFF0E41EAF0622900A3CEFF0C394095004E0FF80027F01900A3DEFF0900A3DE087
:40608000FF2407F582E4340BF583E0F4602F74232FF582E4340BF583E0FF1134900A3DE02407F582E4340BF583E0FF11F6900A3DE02407F582E4340BF58374FFF0900A3D3D
:4060C000E02411F582E4340BF583E0FFF4601211F6900A3DE02411F582E4340BF58374FFF0900A3DE004F0E0C394095008900A3CE06409608722900A3EEFF0C3948050334C
:40610000124CC4900A3FEFF0900CD3E0FF900A3EE0FE75F008A42400F582E5F03478F583EFF0900CD3EEF0A3E004F0900A3FE0FF124CAC227F091167124CC4906008E05407
:406140007FF0906012E054FBF09043A5E054FEF09043B5E054FEF09051F8E04480F0E04440F0124CAC9044CA7480F0A37401F09044CA7420F09044C87404F07408F012C38F
:406180001F9044D97410F0E4900922F0900930F090091EF0900927F090092FF0900B10F022F1C7EF6011900B10E0701B7D02FF12A85F126B258011900B10E0600AE4900C1E
:4061C000EDF0125FF33134227DC07F4031FC7D807F4531FC7DFF7F4131FC7DFF7F4231FCB173517912BA42124CC4906597E04410F0124CAC90657BE04401F022900A37EFAE
:40620000F0A3EDF0E4900A3BF0A3F0A3F0900A3BE0FFC39402505FEF14602F0470EF900A37E0900A39F0900A38E0900A3AF07B017A0A7939900A617402F0E4A3F07F461223
:406240007E4B900A3BE004F080C3127CC1EF30E708900A3BE014F0800AEF30E106900A3BE004F0900A3C74FFF5F01244B445F0709C7F012280977F0022E4900A2FF0900A10
:406280002FE0FFC3940340026120EF6402703FE02407F582E43409F583E0FF900907E0FBE4900A3EF07D01FC91EC900A2FE02407F582E43409F583E0FF7B017A097903E970
:4062C000EAE4AD01AC027B477A64D1BC804A900A2FE0FE2407F582E43409F583E0FF74082EF582E43409F583E0FB900A3E7404F07D017C0091EC900A2FE02407F582E4340D
:4063000009F583E0FF7B017A09790BE9EAE4AD01AC027B477A64D1BC900A2FE004F0417E900CF8E0FFF152900CF8E0FF900907E0FDF134E4900A2FF0900A2FE0FFC3940374
:4063400040028158EF04A3F0C39403402EE4F0900A2FE0240FF582E43409F583E0FF900A30E0240FF582E43409F583E0FB900A3E7405F07D807C0191EC8029900A2FE0249F
:406380000FF582E43409F583E0FF900A30E0240FF582E43409F583E0FB900A3E7401F07D80FC91EC900A2FE0FB75F080A42483F582E5F03404F583EB2583F583FEE582EE36
:4063C000E4AD82AC06C005740F2BF582E43409F583E0FF7B017A09790BE9EAE4AB01D005D1BC900A2FE02400F582E43400F583E0FF900A30E02400F582E43400F583E0FBCB
:40640000900A3E7402F07D807C0191EC900A2FE0F975F080A42483F582E5F03404F583E92583F583FEE582EEE4AB82AA06C002C003740029F582E43400F583E0FF7B017A3E
:40644000097903E9EAE4AD01AC02D003D002D1BC900A2FE004F06138900CF7E0FFF152900CF7E0FF90090FE0FDF134900CF9E0FFF152900CF9E0FF900000E0FDF134900CF2
:40648000F9E0FF7D0191A1900CF7E0FF7D0112BC5E900CF7E0FF7D0191A1900CF8E0FF7D017E01EFC394185040ED601575F010EFA42410F582E5F03470F583E04420F080FE
:4064C0001375F010EFA42410F582E5F03470F583E054DFF075F010EFA42410F582E5F03470F583E04401F0E4FEAF0622900A3BECF0A3EDF0A3EBF0900A3AEFF0900A3F74C1
:4065000001F0EFC394805065900A3BE054F0A3705C900A3AE075F008A42400FFE5F03478FE900A40F0A3EFF0AA06F97B01900A3BE0FCA3E0FD124D4C900A3DE0FF900A3A49
:40654000E0FE75F008A42402F582E5F03478F583EFF0900A3EE0FF75F008EEA42403F582E5F03478F583EFF0E4900A3FF0900A3FE0FF22E4900A2FF0900A2FE0FFC3940365
:406580005070EFB4021C2404F582E43409F583E0FF900904E0FBE4900A3EF07D01FC91EC8028900A2FE0FE2404F582E43409F583E0FF74052EF582E43409F583E0FB900A96
:4065C0003E7404F07D017C0091EC900A2FE02404F582E43409F583E0FF7B017A09790AE9EAE4AB017D4B7C65D1BC900A2FE004F08086900CF6E0FFF152900CF6E0FF900942
:4066000004E0FDF134E4900A2FF0900A2FE0FFC394034002C197EF04A3F0C394034002E4F0900A2FE0240CF582E43409F583E0FF900A30E0240CF582E43409F583E0FB9008
:406640000A3E7402F07D807C0191EC900A2FE0F975F080A42403F582E5F03400F583E92583F583FEE582EEE4AB82AA06C002C003740C29F582E43409F583E0FF7B017A09F2
:40668000790AE9EAE4AD01AC02D003D002D1BC900A2FE004F0C10A900CF5E0FFF152900CF5E0FF90090CE0FDF134900CF5E0FF7D0191A1900CF6E0FF7D0181A1900A3BECEE
:4066C000F0A3EDF0A3EAF0A3EBF0900A3AEFF0900A3F7401F0EFC394805053900A3AE075F008A42404FFE5F03478FE900A40F0A3EFF0AA06F97B01900A3BE0FCA3E0FD12B6
:406700004D4C900A3AE075F008A42406FFE5F03478FE900A40F0A3EFF0AA06F97B01900A3DE0FCA3E0FD124D4CE4900A3FF0900A3FE0FF227E01EFC39418501375F010EFD9
:40674000A42419F582E5F03470F583EDF0E41EAF06227E01EFC39418502875F010EFA42414F582E5F03470F583E04404F075F010EFA42410F582E5F03470F583E04401F04C
:40678000E41EAF0622900A36EFF07FF47E3DF1D6126D0A900A37EFF0E0FBFFE4900A3EF07D01FC91EC900A37E0FF7B227A427D677C64D1BC900A36E0FFA3E0FDF134900A5E
:4067C00036E0FF7D0181A1905111E0548060047F0180027F0022AD07AC06EC906579F0EF906578F02290FFFC1247311246F390FFF61247317B01900006124755A982AA8392
:40680000850883850982EBF0A3EAF0A3E9F07B0190000A124755A982AA83900003124755EBF0A3EAF0A3E9F0900003124755E0FBA3E0FAA3E02403F9E43AFA124477FF858E
:406840000883850982E0FBA3E0FAA3E0F9EF124490900003124755E0FBA3E0FAA3E02402F9E43AFA124477FF850883850982E0FBA3E0FAA3E02401F9E43AFAEF124490901F
:406880000003124755E0FBA3E0FAA3E02401F9E43AFA124477FF850883850982E0FBA3E0FAA3E02402F9E43AFAEF124490900003124755E0FBA3E0FAA3E0F9124477FF85DD
:4068C0000883850982E0FBA3E0FAA3E02403F9E43AFAEF124490900006124755E0FCA3E0FDA3E0FEA3E0FF90000E024731900A30EBF0A3EAF0A3E9F0900A2FEFF024FFFFF2
:40690000E434FFFEEFC4F8540FC868FFEEC454F048900A35EFF02488FFE43460FAA907900A377401F0A3EAF0A3E9F0900CE9E030E008900A367491F08006900A3674D1F050
:40694000900A33E0FCA3E0FDECFF900A2FE0FE75F00BA42438F582E5F03409F583E04FFF900A35E0FB240CF582E43460F583EFF0ED740D2BF582E43460F583EDF074232EFB
:40698000F582E4340BF583E0FF126034900A2FE02407F582E4340BF583E0FBFF900A33E0FCA3E0FD900A36E0900A3EF01264EC900A2FE02407F582E4340BF583E0FFC007F1
:4069C000900A30E0FBA3E0FAA3E0F9FFAE02EAE4AD07AC06C005900A37E0FBA3E0FAA3E0F9FFEAE4AB07D005D0071266BC900A2FE02423F582E4340BF583E0FF1267529011
:406A00000A2FE0FE2423F582E4340BF583E0FF74072EF582E4340BF583E0FD126734900A2FE02423F582E4340BF583E0FF7D011264A1900A2FE075F00BA42436F582E5F0E9
:406A40003409F583E4F0900A35E02480F582E43460F583E04401F0227F0312AEB7EF6012900CEAE0701C7F0351C1900CEA7401F08010900CEAE0600A7F0312B036E4900C77
:406A8000EAF012AEAAEF60047F0351C17F0351FEEFB40114710F900A337401F0A37480F07F03714F7F0351C17F0251FEEFB4011091F4900A337401F0A37480F07F0211EDD2
:406AC00022EFD394004036EF94095031EF75F00BA42436F582E43409F583E4F0EF75F00BA4243AF582E43409F583E0FE75F010EFA424FEF582E5F0345FF583EEF022EF7526
:406B0000F00BA42436F582E43409F583E0FF22D15A7E007C017D801244A274832FF974043EFA7B0122900B09E0B4FF0691F47F029154900B0AE0B4FF06710F7F039154E492
:406B4000900CEAF0710FE4900A33F0A3F07F03900A30EBF0A3EAF0A3E9F0900A2FEFF024FFFFE434FFFEEFC4F8540FC868FFEEC454F048EF2488FFE43460FAA907900A36E5
:406B80007401F0A3EAF0A3E9F0900CE9E030E108900A357492F08006900A3574D2F0900A2FE02423F582E4340BF583E0FF126034900A2FE02407F582E4340BF583E0FBFF62
:406BC000900A33E0FCA3E0FDA3E0900A3EF01264EC900A2FE02407F582E4340BF583E0FFC007900A36E0FBA3E0FAA3E0F9FFAE02EAE4AD07AC06C005900A30E0FBA3E0FAC5
:406C0000A3E0F9FFEAE4AB07D005D0071266BC900A2FE02423F582E4340BF583E0FF126752900A2FE0FE2423F582E4340BF583E0FF74072EF582E4340BF583E0FD126734A9
:406C4000900A2FE02423F582E4340BF583E0FF7D010264A1900A2FEFF0E4A3F0A3F0A3F0A3F0EF24FD6030047058900A30E0FAA3E0FBA3E0FFA3E0900A38CFF0A3EFF07DB3
:406C8000017F2012BBDF900A2FE02423F582E4340BF583EFF0802B900A30E0FAA3E0FBA3E0FFA3E0900A38CFF0A3EFF07D017F2012BB96900A2FE02423F582E4340BF58340
:406CC000EFF0900A2FE0FFD394004027EF94095022B10A900A2FE02407F582E4340BF583EFF0B10A900A2FE02411F582E4340BF583EFF022D15A7E007C017D801244A27486
:406D0000032FF974003EFA7B0122900A3874FFF0124CC4900CD4E0D394184023900CD3E0FE900A38F0900CD4E014F075F008EEA42400F582E5F03478F583E0900CD3F0120E
:406D40004CAC900A38E0FF22E4900A3BF0A3F0FBFA7D017F01F130E4900A3BF0A3F0FBFA7D017F0112BA8BE4900A3BF0A3F0FBFA7D017F0112BB4DE4900A36F0900A36E0D5
:406D8000C394035019B10A900A36E02407F582E43409F583EFF0900A36E004F080DEE4900A36F0900A36E0C394035019B10A900A36E0240FF582E43409F583EFF0900A3615
:406DC000E004F080DEE4900A36F0900A36E0C394035019B10A900A36E02400F582E43400F583EFF0900A36E004F080DE22E4900A3BF0A3F0FBFA7D017F01D1A8E4900A3B50
:406E0000F0A3F0FBFA7D017F01D160E4900A36F0900A36E0C394035019B10A900A36E02404F582E43409F583EFF0900A36E004F080DEE4900A36F0900A36E0C394035019F9
:406E4000B10A900A36E0240CF582E43409F583EFF0900A36E004F080DE22906465E0FF22900A39EAF0A3EBF0AE05900CF57403F0AD07AF06AB07E4900A40F0A3F0A3F07FC6
:406E80000312BAD4900CF5E0FF900A39E0FCA3E0FDA3E0FAA3E0FBF1BD900CF5E0FF7D01D1F0900CF5E0FF22900A39EAF0A3EBF0AE05900CF67404F0AD07AF06AB07900A19
:406EC00040F0E4A3F0A3F07F0412BAD4900CF6E0FF900A39E0FCA3E0FDA3E0FAA3E0FBF1BD900CF6E0FF7D01D1F0900CF6E0FF22AC077B01ECC39418503375F010ECA42473
:406F000010F582E5F03470F583E054F1FAED540725E0FFE433AE02EF4AFF75F010ECA42410F582E5F03470F583EFF0E41BAF0322900A39EAF0A3EBF0AE05900CF77405F042
:406F4000AD07AF06AB07900A40F0E4A3F0A3F07F0512BAD4900CF7E0FF900A39E0FCA3E0FDA3E0FAA3E0FBF1BD900CF7E0FF7D01D1F0900CF7E0FF22900A38EAF0A3EBF045
:406F8000AE05E4900CFAF0AD07AF06AB07900A40F0A3F0A3F0FF12BAD4900CFAE0FF900A38E0FCA3E0FDA3E0FAA3E0FBF1BD900CFAE0FFE4FDD1F0900CFAE0FF22900A3E38
:406FC000ECF0A3EDF0A3EAF0A3EBF0900A3DEFF0900A427401F0EFC394185053900A3DE075F008A42404FFE5F03476FE900A43F0A3EFF0AA06F97B01900A3EE0FCA3E0FD2E
:40700000124D4C900A3DE075F008A42406FFE5F03476FE900A43F0A3EFF0AA06F97B01900A40E0FCA3E0FD124D4CE4900A42F0900A42E0FF22EA494B6015E4900BB5F090AE
:407040000BB8F0900BBAEBF0A3EAF0A3E9F022900BB8E014700201F71470022128147002215A240360022176900BBAE0FBA3E0FAA3E0F9900BB5E0FFE92FF9E43AFA12449A
:40708000777004900BB5F0900BBAE0FBA3E0FAA3E0F9900BB5E0FF04F0E92FF9E43AFA124477FFC39461400AEFD3947A500474E02FFFEFC394224006EFD3945A4008900B7B
:4070C000B67407F0800F749B2FF582E4340BF583E0900BB6F0900BB6E0FF5407A3F070037406F0EFB40710900BB97402F0E4900BB7F0A37403F022900BB6E0FF30E70890CF
:407100000BB97403F08006900BB97401F0EF25E0900BB6F0A3E014F0125DAAEF54FEFF125C21900BB87402F0900BB9E07025900BB87403F0900BB7E07008900BB97402F0A1
:407140008005E4900BB9F0125DAAEF4401FF125C218007900BB9E014F022900BB9E07010900BB7E07003A3F022900BB87401F022900BB9E014F022906461E0FD7C0020E0B6
:40718000026153906464E0FEE42DFDEC3EFCFEAF05ED2410FFEE34AA900A2FF0A3EFF0900CB9E0FEA3E0FF900A2FE0FCA3E0FDC39FFFEC9EA3F0A3EFF0EC1243BD7B177AF2
:4071C000B779D178391242121243F6900A33EEF0A3EFF0900A31E0FCA3E0FDEC1243BDE4FBFAF9783F1242121243F6900A2FE0FDA3E0900CB9CDF0A3EDF0900A34E02FFF09
:40720000900A33E03EFE900CB8E02FF0900CB7E03EF0D3A3E094E8900CB7E0943F4007743FF0A374E8F0C3900CB8E0940C900CB7E0943A5007743AF0A3740CF0900CBCE028
:407240007002A3E070026148900CBBE0602FE4900CB7F0A3F0900CBBE014F060026148125DAAEF54FEFF125C21900CB7743DF0A374F4F07D017F0C7E0071546148900CBD13
:40728000E024FFF0900CBCE034FFF0900A31E0FEA3E0FFC3EE64809480500FC3900CBFE09FF0900CBEE09EF08014900A31E0FEA3E0FF900CBFE02FF0900CBEE03EF0900CDB
:4072C000BEE0C313FEA3E013FF900CBEEEF0A3EFF0C39402EE94005018A3E07002A3E0602D900CC1E024FFF0900CC0E034FFF0801DD3900CBFE09407900CBEE09400400E74
:40730000900CC1E004F07006900CC0E004F0D3900CC1E09432900CC0E09400402BE4900CBEF0A3F0A3F0A3F0900CBB74C8F0A3740BF0A374B8F0125DAAEF4401FF125C214F
:407340007D017F0D7E007154900CB7E0FEA3E0FF1267D622900A35EEF0A3EFF0A3EDF09180900A39EFF09188900A3AEEF0A3EFF0900A35E0FCA3E0FD6F7002EC6E70028184
:407380007F9043A2E05401900A38F0A3E0703AA3E0FEA3E0FF4E6004ED4C702DEF4E70117B027A407980124D4C904082E054BFF022904082E04440F07B027A407980900ACA
:4073C00035E0FCA3E0FD024D4C900A38E06053904001E4F090401004F0904014E4F0904008E0547FF0904082E05408600A900A35E07002A3E0702B7B027A407902900A3A93
:40740000E0FCA3E0FD124D4C9040017407F0904001E0540170F89043A2E054FEF0904001E4F09043A2E05401602F7B027A407902900A35E0FCA3E0FD124D4C900A37E0608D
:40744000047F0280027F00EF4401904001F0904001E05401602980F6227B027A407980900A35E0FCA3E0FD124D4C9043A2C083C082E0FF900A38E0FEEF4ED082D083F022E7
:40748000904082E05407FF227B027A407980024D3D900A331246F3E4FFFEFDFC900A471246F3900A33E0FCA3E0FDA3E0FEA3E0FF1267E5E41243B8E4FBFAF9784A12431BC5
:4074C000900A371246F3900A37E0FCA3E0FDA3E0FEA3E0FF1243F6900A3B1246F37F007E247D747C49900A37E0F8A3E0F9A3E0FAA3E0FB1242121243F67B407A42790F78B6
:4075000000124BC7AC00AD01AE02AF03900A431246F37F407E427D0F7C00900A3BE0F8A3E0F9A3E0FAA3E0FB1244FF900A43E0F8A3E0F9A3E0FAA3E02FFFEA3EFEE93DFD9B
:40754000E83CFC900A3F1246F3900A3FE0FCA3E0FDA3E0FEA3E0FF22900A4FEFF0A3EDF0900B39E0B40800400302785A907573F828287302758B0276F002771702774B02AB
:40758000777C0277A4027808027837900A55E0FCA3E0FDA3E0FEA3E0FFE41243B8C004C005C006C007900A51E0FCA3E0FDA3E0FEA3E0FFE41243B8D003D002D001D00012A0
:4075C000431BE4FBFAF978431242121243F6900B2D1246F3900A50E0FF7E007C007D80124762900B2DE0F8A3E0F9A3E0FAA3E02FFFEA3EFEE93DFDE83CFCE42FFFEE34FE7C
:40760000FEED34FFFDEC34FFFC900B2D1246F3900A55E0FCA3E0FDA3E0FEA3E0FFE41243B8C004C005C006C007900A51E0FCA3E0FDA3E0FEA3E0FFE41243B8D003D002D0FC
:4076400001D00012431BE4FBFAF978431242121243F6900B311246F3900B31E0FCA3E0FDA3E0FEA3E0FF900A55E0F8A3E0F9A3E0FAA3E0FB1244FFC004C005C006C007E4BC
:407680007F80FEFDFC900A51E0F8A3E0F9A3E0FAA3E0FB1244FFD003D002D001D000C3EF9BFFEE9AFEED99FDEC98FC900B311246F3900A55E0FCA3E0FDA3E0FEA3E0FF9035
:4076C0000B351246F3900B35E0FCA3E0FDA3E0FEA3E0E4FFEEE4FDFC780812465EAD07900A4FE0FF127860900B39E004F002785A900A4FE004FFC007900B35E0FCA3E0FD4A
:40770000A3E0FEA3E0FFE4AD07D007127860900B39E004F002785A900A4FE02402FFC007900B2DE0FCA3E0FDA3E0FEA3E0E4FFFEED5403FDE4FC781012465EAD07D00712B7
:407740007860900B39E004F002785A900A4FE02403FFC007900B2DE0FCA3E0FDA3E0FEA3E0E4FFEEE4FDFC780812465EAD07D007127860900B39E004F002785A900A4FE039
:407780002404FFC007900B2DE0FCA3E0FDA3E0FEA3E0FFE4AD07D007127860900B39E004F002785A900A4FE02405FFC007900B31E0FCA3E0FDA3E0FEA3E0E4FFFEED540FCA
:4077C000FDE4FC781012465EC004C005C006C007A3E0FCA3E0FDA3E0FEA3E0E4FFFEED540FFDE4FC780C12465ED003D002D001D000EF4BFFEE4AED49EC48AD07D0071160F0
:40780000900B39E004F08052900A4FE02406FFC007900B31E0FCA3E0FDA3E0FEA3E0E4FFEEE4FDFC780812465EAD07D0071160900B39E004F08023900A4FE02407FFC00704
:40784000900B31E0FCA3E0FDA3E0FEA3E0FFE4AD07D0071160E4900B39F0900B39E0FF22900A5B7401F0E4A3F0900A59EFF0A3EDF07B017A0A7959900A617402F0E4A3F0B3
:407880007F60D14B900A5CEFF091C1EF30E1FAD1FAEF64026005E4900A5BF0900A5BE0FF22900A36EFF0E4900A3BF0FF7ED77DA37C701267E5900AB21246F3900A36E0FD0E
:4078C0007FB71160900A3BEFF07002216DE4FFFEFDFC900A37E0F8A3E0F9A3E0FAA3E0FBC312464D6014900A37E0FCA3E0FDA3E0FEA3E0FF900AC31246F37D807F10116082
:40790000900A3BEFF07D807F111160900A3BEFF07D807F121160900A3BEFF07D0C7F101160900A3BEFF07D0C7F111160900A3BEFF07D0C7F121160900A3BEFF0E4FDFFB1E3
:40794000BCE4FF718C7F01718CE4FD7F0191DFE4FD7F0291DFE4FD7F0171A7E4FD7F0271A7E4FD7F0171DFE4FD7F0271DF900A3BE0FF7E0022900A4FEFF0900B46E0B4085C
:40798000004002618690798CF82828730279A4027A10027A35027A7B027AAA027AD0027B34027B63E47F80FEFDFC900A50E0F8A3E0F9A3E0FAA3E0FB1244FFE42FFFEE345C
:4079C000FEFEED34FFFDEC34FFFC900B3A1246F3E4FFFEFDFC900B3E1246F3E47F01FEFDFC900B421246F3900B42E0FCA3E0FDA3E0FEA3E0E4FFEEE4FDFC780812465EADE4
:407A000007900A4FE0FF1160900B46E004F06186900A4FE004FFC007900B42E0FCA3E0FDA3E0FEA3E0FFE4AD07D0071160900B46E004F06186900A4FE02402FFC007900BCF
:407A40003AE0FCA3E0FDA3E0FEA3E0E4FFFEED5403FDE4FC781012465EA804A905AA06AB07900A54E0FFE4EB4FFFEAE9E8AD07D0071160900B46E004F06186900A4FE02446
:407A800003FFC007900B3AE0FCA3E0FDA3E0FEA3E0E4FFEEE4FDFC780812465EAD07D0071160900B46E004F06186900A4FE02404FFC007900B3AE0FCA3E0FDA3E0FEA3E060
:407AC000FFE4AD07D0071160900B46E004F06186900A4FE02405FFC007900B3EE0FCA3E0FDA3E0FEA3E0E4FFFEED540FFDE4FC781012465EC004C005C006C007A3E0FCA396
:407B0000E0FDA3E0FEA3E0E4FFFEED540FFDE4FC780C12465ED003D002D001D000EF4BFFEE4AED49EC48AD07D0071160900B46E004F08052900A4FE02406FFC007900B3EE6
:407B4000E0FCA3E0FDA3E0FEA3E0E4FFEEE4FDFC780812465EAD07D0071160900B46E004F08023900A4FE02407FFC007900B3EE0FCA3E0FDA3E0FEA3E0FFE4AD07D00711FB
:407B800060E4900B46F0900B46E0FF22900A3CEFF070067D207FB10160900A3CE0B401067D807FB1116022900A3DEDF0900A3CEFF02410FF7B017A0A793E913A900A3DE06F
:407BC000B40107A3E0547FF08007900A3EE04440F0900A3CE02410FF900A3EE0FD0160900A3CEFF0A3EDF07B017A0A793E7F03913AEF7045900A3DE0B4011BA3E0FF900A51
:407C00003CE0FE7401A806088002C333D8FCF45F900A3EF0801A900A3EE0FF900A3CE0FE7401A806088002C333D8FC4F900A3EF0900A3EE0FD7F03116022900A40EFF0A3DF
:407C4000EBF0A3EAF0A3E9F0E4A3F0A3F07B01A304F0A3740AF0A37440F091C1900A45EFF064806056A3E0FBA3E0FAA3E0F9900A617401F0E4A3F07F60D14B900A45EFF00A
:407C800091C1EF30E1FA900A45E0702F900A41E0FBA3E0FAA3E0F9900A4D7401F0E4A3F07F60F100900A45EFF091C1EF30E0FA900A45E06006900A447401F0900A44E0FFAA
:407CC000229044C97480F0900CCBE0FF900CEEE054406004EF4404FF9044C17480F022900A3DEDF0900A3CEFF0E4900A3FF0EFC394004011900A3CE0D394035008900A3F6A
:407D00007418F08016900A3CE0FFC39400400CEFD394035006900A3F7419F0900A3FE0FF7B017A0A793E913A900A3CE0FFC39400403AEFD394035034900A3EE0FF900A3CAA
:407D4000E025E0FE7403A806088002C333D8FCF45F900A3EF0E0FF900A3DE0FDA806088002C333D8FC4F900A3EF08044900A3CE0FFC39400403AEFD394035034900A3EE001
:407D8000FF900A3CE024FC25E0FE7403A806088002C333D8FCF45F900A3EF0E0FF900A3DE0FDA806088002C333D8FC4F900A3EF0900A3FE0FF900A3EE0FD0160900A3DED19
:407DC000F0900A3CEFF0900A3F7403F0EF2410FF7B017A0A793E913AEF706F900A3DE014601D14602F14604124037050900A3EE0FFA3E0F4FEEF5E900A3EF0E0F0803D9047
:407E00000A3EE0FFA3E0F4FEEF5E900A3EF0E04401F08028900A3EE0FFA3E0F4FEEF5E900A3EF0E04402F08013900A3EE0FFA3E0F4FEEF5E900A3EF0E04403F0900A3CE0DC
:407E40002410FF900A3EE0FD116022900A5EEBF0A3EAF0A3E9F0AC077D02900A5EE0FBA3E0FAA3E04A4B7002C1F7900CEEE0B4100F9049D9E054087003FD801A7D018016AE
:407E8000900CEEE0B4600FE4FD9044D97480F0900CCBE054F7F0ED705E900CEE7445F0E4900CC7F0900A61E0900CCAF0900A5EE0F9A3E0FAA3E0900CC3C9F0A3EAF0A3E9F9
:407EC000F0900A62E0FF900CC8F0900CCBE054FDF0AE04EE25E09049D8F0EF5401600CA37412F09049D77404F080069049D97401F09044C17480F0AF0522900CC7E0FF2264
:407F0000900A4AEBF0A3EAF0A3E9F0AC077D02900A4AE0FBA3E0FAA3E04A4B7002E1AE900CEEE0B4100F9049D9E054087003FD801A7D018016900CEEE0B4600FE4FD904477
:407F4000D97480F0900CCBE054F7F0ED7060900CEE7449F0E4900CC6F0900A4DE0900CC9F0900A4AE0F9A3E0FAA3E0900CCCC9F0A3EAF0A3E9F0900A4EE0FF900CC8F090FA
:407F80000CCBE054FEF0AE04EE25E044019049D8F0EF5401600CA37412F09049D77404F080069049D97401F09044C17480F0AF0522900A361246F37F407E787D7D7C019099
:407FC0000A3A1246F3900B67E01470030281331470030286ED14700302874314700302877A1470030287B6240560030287D09009A6E024FE601D14604124037056900A361F
:40800000E0FCA3E0FDA3E0FEA3E0FF900B6E1246F38040900A36E0FCA3E0FDA3E0FEA3E02464FFE43EFEE43DFDE43CFC900B6E1246F39009A67403F08019900A36E0FCA3DA
:40804000E0FDA3E0FEA3E0FF900B6E1246F3E49009A6F0900CEDE0600201DF900A04E0FCA3E0FDA3E0FEA3E0FF900B6EE0F8A3E0F9A3E0FAA3E02FFFEA3EFEE93DFDE83C19
:40808000FC900B5CE0F8A3E0F9A3E0FAA3E0FBC312464D7002E1D0900A04E0FCA3E0FDA3E0FEA3E0FF900B6EE0F8A3E0F9A3E0FAA3E02FFFEA3EFEE93DFDE83CFC900B6AFD
:4080C0001246F3900B6AE0FCA3E0FDA3E0FEA3E0FF900B5C1246F3900B67E004F0E1D0900B6EE0FCA3E0FDA3E0FEA3E0FF900B5CE0F8A3E0F9A3E0FAA3E0FBC312464D7082
:4081000002E1D0900B6EE0FCA3E0FDA3E0FEA3E0FF900B6A1246F3900B6EE0FCA3E0FDA3E0FEA3E0FF900B5C1246F3900B67E004F0E1D0900A97E0900B68F0900A80E09015
:408140000B69F0E0FC1243C2E4FBFA79C8784212431B900A421246F3900A42E0F8A3E0F9A3E0FAA3E0FBC000C001C002C003900B68E0FC1243C2D003D002D001D00012417D
:4081800021900A421246F3900B6AE0FCA3E0FDA3E0FEA3E0FFE41243B87B007A247974784912431B900A3E1246F3900A42E0FCA3E0FDA3E0FEA3E0FF900A3EE0F8A3E0F961
:4081C000A3E0FAA3E0FB124212E4FBFA798078C0124212900A3E1246F3900A3EE0FCA3E0FDA3E0FEA3E0FF1243F6900A4A1246F3E4FFFEFDFC900A4AE0F8A3E0F9A3E0FA4B
:40820000A3E0FBC31246375051E47B04FAF9F8900A4AE0FCA3E0FDA3E0FEA3E0FF124BC7AC00AD01AE02AF03E4FBFAF9F8C3124637700241C5900A4AE0FCA3E0FDA3E0FE07
:40824000A3E0FFE40BF8EF2BFFEA3EFEE93DFDE83CFC900A4A1246F380AFE4FFFEFDFC900A4AE0F8A3E0F9A3E0FAA3E0FBD31246374052E47B04FAF9F8900A4AE0FCA3E023
:40828000FDA3E0FEA3E0FF124BC7AC00AD01AE02AF03E4FBFAF9F8C31246376028900A4AE0FCA3E0FDA3E0FEA3E0FF74FFEF24FFFFEE34FFFEED34FFFDEC34FFFC900A4A38
:4082C0001246F380AE900B6AE0FCA3E0FDA3E0FEA3E0FFE47B04FAF9F81244FF900B6A1246F3900B6AE0F8A3E0F9A3E0FAA3E0FB900A4AE0FCA3E0FDA3E0FEA3E0FFEB2FFD
:40830000FFEA3EFEE93DFDE83CFC900B6A1246F3E4900B64F0900A4EF07F06FEFDFC900B60E0F8A3E0F9A3E0FAA3E0FBC312464D500261F2E4FFFEFDFC900B6AE0F8A3E0CD
:40834000F9A3E0FAA3E0FBD312464D500261F2900B60E0F8A3E0F9A3E0FAA3E0FB7F007EE97DA47C3512458A900B6AE0F8A3E0F9A3E0FAA3E0FBD312464D5076900B6AE092
:40838000FCA3E0FDA3E0FEA3E0FF900B60E0F8A3E0F9A3E0FAA3E0FB1244FF900B471246F37F007E467DC37C23900B47E0F8A3E0F9A3E0FAA3E0FBC312464D4035900A3A6E
:4083C000E0F8A3E0F9A3E0FAA3E0FB900B47E0FCA3E0FDA3E0FEA3E0FF12458A900B4FEFF0C3940F400CE0D3945A5006900A4E7401F0900A4EE06020900B60E0FCA3E0FDAE
:40840000A3E0FEA3E0FF900B581246F3900B647401F0900AA2F0A1F4900B6AE0F8A3E0F9A3E0FAA3E0FB7F807E177DB47C2C12458A900B581246F3E47F06FEFDFC900B58A3
:40844000E0F8A3E0F9A3E0FAA3E0FBC312464D500CE47F06FEFDFC900B581246F3E47F087E07FDFC900B58E0F8A3E0F9A3E0FAA3E0FBD312464D400DE47F087E07FDFC90E2
:408480000B581246F3900B58E0FCA3E0FDA3E0FEA3E05401FFE4FEFDFCEF6026900B58E0FCA3E0FDA3E0FEA3E0FF74FFEF24FFFFEE34FFFEED34FFFDEC34FFFC900B5812E5
:4084C00046F3E47F06FEFDFC900B58E0F8A3E0F9A3E0FAA3E0FBC312464D500CE47F06FEFDFC900B581246F3900B6AE0FCA3E0FDA3E0FEA3E0FF900B58E0F8A3E0F9A3E011
:40850000FAA3E0FB1244FF900B471246F37F007EE97DA47C35900B47E0F8A3E0F9A3E0FAA3E0FBD312464D501B7F007E467DC37C23900B47E0F8A3E0A3E0A3E0C312464DA8
:408540004002A1EB900B6AE0F8A3E0F9A3E0FAA3E0FB7F007EE97DA47C3512458A900B581246F3900B58E0FCA3E0FDA3E0FEA3E05401FFE4FEFDFCEF6026900B58E0FCA399
:40858000E0FDA3E0FEA3E0FF74FFEF24FFFFEE34FFFEED34FFFDEC34FFFC900B581246F3E47F06FEFDFC900B58E0F8A3E0F9A3E0FAA3E0FBC312464D500CE47F06FEFDFCFC
:4085C000900B581246F3900B6AE0FCA3E0FDA3E0FEA3E0FF900B58E0F8A3E0F9A3E0FAA3E0FB1244FF900B471246F3E4900B64F0900AA2F0900A3AE0F8A3E0F9A3E0FAA3CE
:40860000E0FB900B47E0FCA3E0FDA3E0FEA3E0FF12458A900B4FEFF0900A3AE0F8A3E0F9A3E0FAA3E0FB900B47E0FCA3E0FDA3E0FEA3E0FF12458AAC00AD01AE02AF0390E3
:408640000B4B1246F3900B4BE0FCA3E0FDA3E0FEA3E0FFE41243B8900A461246F3900A46E0FCA3E0FDA3E0FEA3E0FF7BF07AFF797F7849124212900A461246F3900A46E0CB
:40868000FCA3E0FDA3E0FEA3E0FFC004C005C006C007900A3AE0FCA3E0FDA3E0FEA3E0FFE41243B8A804A905AA06AB07D007D006D005D00412431B900A461246F3900A4674
:4086C000E0FCA3E0FDA3E0FEA3E0FF1243F6900B501246F37FFF7EFF7D0F7C00900B541246F3E4900B66F0A3E004F0E1D0900B64E07011A3E0700D7D807F10127860900BEF
:40870000657401F0900B50E0FCA3E0FDA3E0FEA3E0FF900A511246F3900B54E0FCA3E0FDA3E0FEA3E0FF900A551246F3900B4FE0FD7F1A127558EF6002E1D0900B67E00440
:40874000F0E1D0900B64E06008900B67E004F0807F900B58E0FCA3E0FDA3E0FEA3E0FF900A501246F3E4900A54F07F2A127975EF705E900B67E004F08056900AA2E0701540
:408780007DA07FB1127860900AA27401F0900B667406F08005E4900B66F0900B58E0FCA3E0FDA3E0FEA3E0FF900B601246F3900B677405F0801A900B66E0600414F08010A6
:4087C0007D4F7F10127860E4900B65F0900B67F0900B67E0FF22900A331246F3900A377401F0E4FFFEFDFC900A70E0F8A3E0F9A3E0FAA3E0FBC312464D7017900A33E0FC52
:40880000A3E0FDA3E0FEA3E0FF900A701246F37F0022900A70E0FCA3E0FDA3E0FEA3E0FFFBAA06A905A804900A33E0FCA3E0FDA3E0FEA3E0C39BFFEE9AFEED99FDEC98FC3E
:40884000124D71900A381246F37F807E847D1E7C00900A38E0F8A3E0F9A3E0FAA3E0FBC312464D4007E4900A37F08079E47BE87A03F9F8900A33E0FCA3E0FDA3E0FEA3E0A3
:40888000FF12458AE47B107A27F9F81244FFE47BE87A03F9F812458A900A3C1246F3900A3CE0A3E0A3E0FEA3E0C394F4EE9401500DE47FF47E01FDFC900A3C1246F3900AD9
:4088C0003CE0FCA3E0FDA3E0FEA3E0FF900A38E0F8A3E0F9A3E0FAA3E0FBD312464D4005E4900A37F0900A33E0FCA3E0FDA3E0FEA3E0FF900A701246F3900A37E0FF229077
:408900000A74E0147002412C14700241852402600261ED900AAEE0FCA3E0FDA3E0FEA3E0FF900A75E0F8A3E0F9A3E0FAA3E0FBC312464D70024125124CC4AB07900AAEE083
:40894000FCA3E0FDA3E0FEA3E0FF900A751246F3AF03124CAC900C4EE014603904704D900A75E0FCA3E0FDA3E0FEA3E0FF127491900A2F1246F3900A2FE0FCA3E0FDA3E0E9
:40898000FEA3E0FFE47B04FAF9F812458A900A2F1246F38017900A75E0FCA3E0FDA3E0FEA3E0FF1267E5900A2F1246F3E47F64FEFDFC900A2FE0F8A3E0F9A3E0FAA3E0FBA7
:4089C000D312464D405F900A2FE0FCA3E0FDA3E0FEA3E0FF900A99E0F8A3E0F9A3E0FAA3E0FB12464D603E900A2FE0FCA3E0FDA3E0FEA3E0FF900A991246F3900A99E0FCBE
:408A0000A3E0FDA3E0FEA3E0FF900C6A1246F3900A99E0FCA3E0FDA3E0FEA3E0FF1287D6900AA2EFF0900A74E004F022900AD0E0FF900A7DE06F6047900AD0E01460161404
:408A4000601F1460282403702E900A817401F0A37490F08022900A817402F0A37458F08016900A817403F0A37420F0800A900A817403F0A374E8F0900AD0E0900A7DF09062
:408A80000A74E004F0900A99E0FCA3E0FDA3E0FEA3E0FF900A79E0F8A3E0F9A3E0FAA3E0FBC312464D700261E8900A99E0FCA3E0FDA3E0FEA3E0FF900AC81246F3900A0371
:408AC000E024BD7002618E24F77002615124F760432414600261D4900AC8E0FCA3E0FDA3E0FEA3E02454FFEE342EFEE43DFDE43CFCC007900AC7E0FFFB3395E0FAF9F8D062
:408B000007C3EF9BFFEE9AFEED99FDEC98FCA31246F361D4900AC8E0FCA3E0FDA3E0FEA3E024E0FFEE342EFEE43DFDE43CFCC007900AC7E0FFFB3395E0FAF9F8D007C3EFCB
:408B40009BFFEE9AFEED99FDEC98FCA31246F361D4900AC8E0FCA3E0FDA3E0FEA3E024E0FFEE342EFEE43DFDE43CFCC007900AC7E0FFFB3395E0FAF9F8D007C3EF9BFFEEBC
:408B80009AFEED99FDEC98FCA31246F38046900AC8E0FCA3E0FDA3E0FEA3E024E0FFEE342EFEE43DFDE43CFCC006C007900A81E0FEA3E0FFFBAA06EA3395E0F9F8D007D03C
:408BC00006C3EF9BFFEE9AFEED99FDEC98FC900AAA1246F3900A99E0FCA3E0FDA3E0FEA3E0FF900A791246F3E4900A74F022E4900A36F0A3F09175E47F64FEFDFC125B3778
:408C00007B007A808B828A83E0900A97F08B828A83A3E0900A80F08B828A83A3A3A3E0900A36F0EB2404F582E43AF583E0900A37F0900A36E0B40112900A97E0FF3395E06A
:408C4000FE7CFF7DFF1244A2EFF0900A37E0B40112900A80E0FF3395E0FE7CFF7DFF1244A2EFF0AE02AF038F828E83A3A3E0900CE9F0E4F02291A7124CC49043A0E0440835
:408C8000F09043B0E04408F090470174C8F09043ACE04410F09043BCE04410F0904700E0542060F8024CAC91BD900A38EFF07007B109900A38EFF0900A38E0FF22B166B1D2
:408CC000A5EF7039F1AF900A39EFF06407702A904722E0540270087F01FE124C4080F0904722E054026009E0FF1313543FFF80027FFFEF7004900A39F0B15B8006900A39F3
:408D00007404F0900A39E0FF22B166900A3974FFF0B1A5EF70397F01D179EF6407702C7B017A0C79DE7D0212CC7CEFB40215E4900A39F0904722E0540270107F01FE124CDE
:408D40004080F0904722E0540260D4B15B8006900A397404F0900A39E0FF22124CC4E4900CFEF0024CAC124CC49043A0E04408F09043B0E04408F0024CAC900A3074FFF03E
:408D8000B166B1A5EF70127F01D179EFB40706900A307407F0B15B8006900A307404F0900A30E0FF22900A3E7404F0124CC4900CFEE0700704F0E4900A3EF0124CAC900A00
:408DC0003EE0FF22900A39EBF0A3EAF0A3E9F0A3EDF0B166900A3CE0C394804002C16DB1A5EF6002C165900A3D74FFF0900A39E0FBA3E0FAA3E0F9900A42E4F0A37410F084
:408E00007F4012CCDCEF64077069904722E0540260F8904722E054026009E0FF1313543FFF80027FFFEF7004900A3DF0900A3DE0702B900A3CE0FD7C00900CDEE0FBA3E04D
:408E4000900A42F07F4012CD4FEFB40708900A3D7407F0801E900A3D74FFF08016900A3D74FFF0800E900A3D7404F08006900A3D7401F0900A3DE0FF227E07904722E05484
:408E800002601F90472074B6F074E1F0740EF0904722E054027007904720EFF080067E0980027E04AF0622B166904722E054026023E054026009E0FF1313543FFF80027F05
:408EC000FFEF7006900A39F08006900A3974FFF0B15B8006900A397407F0900A39E0FF22E4900A34F0900A37F0A3F0900A357480F0A3E4F0D1A7900A34EFF0E064077002E9
:408F0000E1A7900A377405F0900A37E0FFC39410501474892FF582E4340CF583E4F0900A37E004F080E2900A97E0C364809480501AE0FF3395E0FE7CFF7DFF1244A2900C94
:408F400089EFF0900C8C7401F0800D900A97E0900C89F0E4900C8CF0900A80E0C364809480501AE0FF3395E0FE7CFF7DFF1244A2900C8AEFF0900C8D7401F0800D900A8080
:408F8000E0900C8AF0E4900C8DF0900CE9E0900C8BF07B017A0C7989E4FDB1C4E49009FFF09009A67402F0900A34E0FF7E00227F07904722E05402600E90472074B6F074E2
:408FC000E0F0740DF080027F0422E4900A31F0A3F0A3F0900A2F7480F0A3E4F0900A97E0900A32F0900A80E0900A33F09009FFE0B40323900ABEE0900A32F0900AA1E090AB
:409000000A33F0900A32E0900A97F0900A33E0900A80F0128EE022900A99E0FCA3E0FDA3E0FEA3E0FF900CE0E0F8A3E0F9A3E0FAA3E0FBC312464D7002A17B900A99E0FC7B
:40904000A3E0FDA3E0FEA3E0FF900CE01246F37FC07E3B7D477C03900CE0E0F8A3E0F9A3E0FAA3E0FBD312464D4008900CA2740CF041047FC07E057DD97C01900CE0E0F804
:40908000A3E0F9A3E0FAA3E0FBD312464D4008900CA2740BF041047F807EBA7D8C7C01900CE0E0F8A3E0F9A3E0FAA3E0FBD312464D4008900CA2740AF041047F807EB17DA3
:4090C0004F7C01900CE0E0F8A3E0F9A3E0FAA3E0FBD312464D4008900CA27409F041047FC07EEA7D217C01900CE0E0F8A3E0F9A3E0FAA3E0FBD312464D4008900CA2740822
:40910000F041047F007E247DF47C00900CE0E0F8A3E0F9A3E0FAA3E0FBD312464D4008900CA27407F041047F007E1B7DB77C00900CE0E0F8A3E0F9A3E0FAA3E0FBD31246B5
:409140004D4008900CA27406F041047F407E547D897C00900CE0E0F8A3E0F9A3E0FAA3E0FBD312464D4008900CA27405F041047F807E8D7D5B7C00900CE0E0F8A3E0F9A312
:40918000E0FAA3E0FBD312464D4008900CA27404F080717F407E4B7D4C7C00900CE0E0F8A3E0F9A3E0FAA3E0FBD312464D4008900CA27403F0804D7FC07EC67D2D7C0090FD
:4091C0000CE0E0F8A3E0F9A3E0FAA3E0FBD312464D4008900CA27402F080297F607EE37D167C00900CE0E0F8A3E0F9A3E0FAA3E0FBD312464D4008900CA27401F08005E441
:40920000900CA2F07F007E367D6E7C01900CE0E0F8A3E0F9A3E0FAA3E0FBD312464D4007E4FF125FE441B87FC07EE17DE47C00900CE0E0F8A3E0F9A3E0FAA3E0FBD3124639
:409240004D40077F01125FE4806E7F407E547D897C00900CE0E0F8A3E0F9A3E0FAA3E0FBD312464D40077F02125FE4804B7FC07E307D467C00900CE0E0F8A3E0F9A3E0FAE0
:40928000A3E0FBD312464D40077F03125FE480287F807EB97D2A7C00900CE0E0F8A3E0F9A3E0FAA3E0FBD312464D40077F04125FE480057F05125FE4900CEC7401F07F204D
:4092C0007E297D1B7C00900CE0E0F8A3E0F9A3E0FAA3E0FBC312464D40247F907EAB7D1E7C00900CE0E0F8A3E0A3E0A3E0D312464D500BE49009F8F0900CECF0A14E7FC012
:409300007E197D357C00900CE0E0F8A3E0F9A3E0FAA3E0FBC312464D40267F107E307D3D7C00900CE0E0F8A3E0A3E0A3E0D312464D500D9009F87401F0E4900CECF0A14E69
:409340007F247E087D517C00900CE0E0F8A3E0F9A3E0FAA3E0FBC312464D40267F7C7E9A7D527C00900CE0E0F8A3E0A3E0A3E0D312464D500D9009F87402F0E4900CECF07E
:40938000A14E7FA07E817D6A7C00900CE0E0F8A3E0F9A3E0FAA3E0FBC312464D40267FB07E8A7D6F7C00900CE0E0F8A3E0A3E0A3E0D312464D500D9009F87403F0E4900CDB
:4093C000ECF0A14E7F007ECF7D997C00900CE0E0F8A3E0F9A3E0FAA3E0FBC312464D40267F807E077D9B7C00900CE0E0F8A3E0A3E0A3E0D312464D500D9009F87404F0E404
:40940000900CECF0A14E7F007E647D137C01900CE0E0F8A3E0F9A3E0FAA3E0FBC312464D40267F907E407D157C01900CE0E0F8A3E0A3E0A3E0D312464D500D9009F8740625
:40944000F0E4900CECF0A14E7F607E517DD57C00900CE0E0F8A3E0F9A3E0FAA3E0FBC312464D40267FC07E1D7DDB7C00900CE0E0F8A3E0A3E0A3E0D312464D500D9009F8AB
:409480007405F0E4900CECF0A14E7F207E217D407C01900CE0E0F8A3E0F9A3E0FAA3E0FBC312464D40267F207E747D477C01900CE0E0F8A3E0A3E0A3E0D312464D500D90D3
:4094C00009F87407F0E4900CECF0A14E7F707E7C7D7B7C01900CE0E0F8A3E0F9A3E0FAA3E0FBC312464D40267F407E787D7D7C01900CE0E0F8A3E0A3E0A3E0D312464D50ED
:409500000D9009F87408F0E4900CECF080407FE07EF07DAA7C01900CE0E0F8A3E0F9A3E0FAA3E0FBC312464D40247FB07E567DC57C01900CE0E0F8A3E0A3E0A3E0D3124633
:409540004D500B9009F87409F0E4900CECF07FE07EF07DAA7C01900CE0E0F8A3E0F9A3E0FAA3E0FBC312464D4011900A02E0600B9009F87409F0E4900CECF07F002290FF83
:40958000FC1247311246F390FFF61247317B01900006124755A982AA83850883850982EBF0A3EAF0A3E9F07B0190000A124755A982AA83900003124755EBF0A3EAF0A3E97E
:4095C000F0900003124755E0FBA3E0FAA3E02403F9E43AFA124477FF850883850982E0FBA3E0FAA3E0F9EF124490900003124755E0FBA3E0FAA3E02402F9E43AFA12447772
:40960000FF850883850982E0FBA3E0FAA3E02401F9E43AFAEF124490900003124755E0FBA3E0FAA3E02401F9E43AFA124477FF850883850982E0FBA3E0FAA3E02402F9E409
:409640003AFAEF124490900003124755E0FBA3E0FAA3E0F9124477FF850883850982E0FBA3E0FAA3E02403F9E43AFAEF124490900006124755E0FCA3E0FDA3E0FEA3E0FF55
:4096800090000E024731E4FF900CEDE060037410FF90099CE0FE30E004EF4420FFEE30E104EF4402FF22E4900A0DF0906000E0900A0EF0906001E0900A0FF0900A0EE05465
:4096C00080648060030299D6A3E012470B970100972B02990106984920992133976A3A97903C97C33D97EE3F980E509822519948949990959888A498A7A598CABF000099D2
:40970000D6900C4A74E7F0A37401F0900918F0A3740CF0A3744AF0900916E4F0A37402F0129D5B900A0DEFF00299D6D186900C4AEFF0E0FCA3E0FDA3E0FEA3E0FFEEEDEC46
:409740004408FC900C4A1246F39009187401F0A3740CF0A3744AF0900916E4F0A304F0129D5B900A0DEFF00299D67A0A79AE9009187401F0A3740AF0A374AEF0900916E4C1
:40978000F0A37404F0129D5B900A0DEFF00299D67F707E3D7D0A7C071267E5900C4A1246F39009187401F0A3740CF0A3744AF0900916E4F0A37404F0129D5B900A0DEFF0D2
:4097C0000299D67A0A79B29009187401F0A3740AF0A374B2F0900916E4F0A37404F0129D5B900A0DEFF0E4900C4EF00299D69009187401F0A3740AF0A374B8F0900916E4A3
:40980000F0A37406F0B15B900A0DEFF021D6906002E030E008900CED7401F08005E4900CEDF0129686900C4AEFF09009187401F0A3740CF0A3744AF0900916E4F0A304F061
:40984000B15B900A0DEFF021D6906003E06487600221D67B027A607904124D3DEF64014E600221D6900C4AF07B0190091804F0A3740CF0A3744AF0900916E4F0A304F0B1B7
:409880005B900A0DEFF021D69009187401F0A37409F0A3749CF0900916E4F0A304F0B15B900A0DEFF021D67A0979A29009187401F0A37409F0A374A2F0900916E4F0A304CD
:4098C000F0B15B900A0DEFF021D6900C85E0FCA3E0FDA3E0FEA3E0FF12957E900C541246F39009187401F0A3740CF0A37454F0900916E4F0A37404F0B15B900A0DEFF0214A
:40990000D69009187401F0A3740AF0A37410F0900916E4F0A37404F0B15B900A0DEFF021D6900A97E0900C45F09009187401F0A3740CF0A37445F0900916E4F0A304F0B1DA
:409940005B900A0DEFF021D6900A97E0FF3395E0FEFDFC900C461246F3900C46E0FCA3E0FDA3E0FEA3E0FF12957E900C501246F39009187401F0A3740CF0A37450F090097D
:4099800016E4F0A37402F0B15B900A0DEFF08046900A80E0FF3395E0FEFDFC900C461246F3900C46E0FCA3E0FDA3E0FEA3E0FF12957E900C501246F39009187401F0A374CD
:4099C0000CF0A37450F0900916E4F0A37402F0B15B900A0DEFF0900A0EE054806002A11EA3E012470B9A2B309A4B329A6F339AE5359AAA3A9B84709C04719BA3729C237396
:409A00009C42759C61769C80779BC27A9C9F7B9CDD7D9CBE7F9BE1909CFC9C9B08A09B27A99B46F39B65F700009D1E9009187401F0A3740AF0A3748DF0900916E4F0A374A8
:409A400006F0B124900A0DEFF0A11E7A0A79AE9009187401F0A3740AF0A374AEF0900916E4F0A37404F0B124900A0DEFF0A11E7A0A79BE9009187401F0A3740AF0A374BEF0
:409A8000F0900916E4F0A304F0B124900A0DEFF0900ABEE0FF3395E0FEFDFC900C411246F39009FFE04401F0A11E7A0A79A19009187401F0A3740AF0A374A1F0900916E4D7
:409AC000F0A304F0B124900A0DEFF0900AA1E0FF3395E0FEFDFC900C3D1246F39009FFE04402F0A11E7A0A79C79009187401F0A3740AF0A374C7F0900916E4F0A304F0B1B6
:409B000024900A0DEFF0A11E9009187401F0A3740CF0A3744EF0900916E4F0A304F0B124900A0DEFF0A11E9009187401F0A3740AF0A37402F0900916E4F0A304F0B124905B
:409B40000A0DEFF0A11E9009187401F0A37409F0A374FBF0900916E4F0A304F0B124900A0DEFF0A11E9009187401F0A37409F0A374F9F0900916E4F0A304F0B124900A0D18
:409B8000EFF0A11E9009187401F0A3740AF0A37403F0900916E4F0A304F0B124900A0DEFF0A11E9009187401F0A37409F0A3749FF0900916E4F0A304F0B124900A0DEFF061
:409BC000A11E9009187401F0A37409F0A374A7F0900916E4F0A304F0B124900A0DEFF0A11E7A0A79D09009187401F0A3740AF0A374D0F0900916E4F0A304F0B124900A0D3D
:409C0000EFF0A11E9009187401F0A37409F0A374FEF0900916E4F0A304F0B124900A0DEFF0A11E9009187401F0A37409F0A3749EF0900916E4F0A304F0B124900A0DEFF0E7
:409C4000A11E9009187401F0A37409F0A3749DF0900916E4F0A304F0B124900A0DEFF0A11E9009187401F0A37409F0A374FAF0900916E4F0A304F0B124900A0DEFF0A11ECC
:409C80009009187401F0A37409F0A374A5F0900916E4F0A304F0B124900A0DEFF0807F9009187401F0A3740AF0A37409F0900916E4F0A304F0B124900A0DEFF08060900939
:409CC000187401F0A3740AF0A37401F0900916E4F0A304F0B124900A0DEFF080419009187401F0A3740AF0A37408F0900916E4F0A304F0B124900A0DEFF080227A0979A0AF
:409D00009009187401F0A37409F0A374A0F0900916E4F0A37402F0B124900A0DEFF0900A0DE0FF2290092D7404F090092C7480F012B8E3906007E0FE906006E0FDEEEDFFC1
:409D4000D3900917E09F900916E09E4005EEF0A3EFF0900931740BF07F0122900916E07002A3E0700512B83B803090092D7402F0E490092CF012B8E3906007E0FE90600649
:409D8000E0FDEEEDFFD3900917E09F900916E09E4005EEF0A3EFF012B16C7F0122E4900A17F0906000E0FE5403900A18F0906003E0900A19F0906004E0547F900A1AF0EE4C
:409DC00054807002E12B900A18E064027043906001E0247F6002E1DE900A19E064016002E1DE900916F0A37403F0900A1AE075F003A424F7F9740B35F0FA9009187401F0A7
:409E0000A3EAF0A3E9F0B15B900A17EFF0E1DEE1DE900A18E064016002E1DE906001E0247E606C147002C1BD147002C1EB24857002E119247E6002E1DE900A19E0B4012141
:409E4000900916E4F0A304F07A0B79F6900918F0A3740BF0A374F6F0B15B900A17EFF0E1DE900A19E064026002E1DE900916F0A37402F07B017A0C791890091814F0A374A8
:409E80000CF0A37418F0B15B900A17EFF0E1DE900A19E064026002E1DE900916F0A37402F07B017A0C791490091814F0A3740CF0A37414F0B15B900A17EFF0E1DE900A19EA
:409EC000E064026002E1DE900916F0A37402F07B017A0C791690091814F0A3740CF0A37416F0B15B900A17EFF0E1DE900A19E064026002E1DE900916F0A37402F07B017ACA
:409F00000C791290091814F0A3740CF0A37412F0B15B900A17EFF0E1DEE4900916F0A3F0B124900A17EFF0E1DEE1DE900A18E06402704A906001E0146002E1DE900A19E00A
:409F400064016002E1DE900916F0A37403F0900A1AE075F003A424F7F9740B35F0FA9009187401F0A3EAF0A3E9F0900A1AE0900C1AF0B124900A17EFF080638061900A183C
:409F8000E064017059906001E0147052900A19E0B40121900916E4F0A304F07A0B79F6900918F0A3740BF0A374F6F0B124900A17EFF0802A900A19E0B40223900916E4F0C7
:409FC000A37402F07B017A0C791890091814F0A3740CF0A37418F0B124900A17EFF0900A17E0FF22E4900A2FF0FFFEFDFC900C78E0F8A3E0F9A3E0FAA3E0FBC312464D6009
:40A000000201CE900C74E07002A3E0600201BF900C73E0146042147002019C2402600201F4128D7A900A2FEFF024FC601724F4600D2409600201F4900C73E004F022E49029
:40A040000C73F0227B017A0C797611F5900A2FEFF0E4900C73F022227B017A0C797611F5900A2FEFF024F9602524F760282410600201F4900C76E0FEA3E0FFEE3395E0FD15
:40A08000FC900C811246F3900C73E004F022900C737401F022E4900C73F02222900C81E0FCA3E0FDA3E0FEA3E0FFA31246F3900C747427F0A37410F0E4900C73F0222290A7
:40A0C0000C75E024FFF0900C74E034FFF022900C78E0FCA3E0FDA3E0FEA3E0FF74FFEF24FFFFEE34FFFEED34FFFDEC34FFFC900C781246F322900A30EBF0A3EAF0A3E9F04A
:40A10000904722E054026002219AE0FF1313543F60022192E05401602C904720E0900A33F0904722E054016003D38001C340097F017E00124C4080E9904720E0900A34F046
:40A14000E4A3F08006900A357407F0900A35E0704F900A33E0B40116A3E0FF900A30E0FBA3E0FAA3E0F9E48FF01244E0801D900A34E0FFC3E49FFFE49400F9900A30E0FB64
:40A18000A3E0FAA3E0C98FF01244E0E4900A35F0800E900A357407F08006900A357410F0900A35E064076003128D5B900A35E0FF22C0E0C083C082C085C084C086758600B7
:40A1C000C09375930090099BE4F0D093D086D084D085D082D083D0E032C0E0C083C082C085C084C086758600C093759300900C6EE4F0D093D086D084D085D082D083D0E034
:40A2000032124CC4900A30EFF0125F6F900A2FEFF0A3E0FF124CAC900A2FE0FF30E0089009997401F08005E4900999F0EF30E10890099A7401F08005E490099AF0900999CD
:40A24000E0600690099AE070047F0180027F0022900C64E0B40B004002615D90A262F828287302A28302A2E902A30002A31002A35D02A31A02A32602A33002A35D02A35D0D
:40A2800002A34B900C6AE0FCA3E0FDA3E0FEA3E0FF900C65E0F8A3E0F9A3E0FAA3E0FBC312464D602E900C6AE0FCA3E0FDA3E0FEA3E0FF127FB1900C72EFF06002615D90BF
:40A2C0000C6AE0FCA3E0FDA3E0FEA3E0FF900C651246F3900CECE06002615D900A03E06443707A900C6404F0225101EF600C90099C7401F0900C6404F022E4900C64F0223E
:40A300007184900C72EFF07054900C647403F022125FB1900C647405F0225101EF703E900C647406F022125F9C900C647407F02290099BE0700E715E900C72EFF0701E90C0
:40A340000C64F022900C64740AF0225101EF6007900C647403F022900C647407F022900C6AE0FCA3E0FDA3E0FEA3E0FF127FB1EF600122125DAAEF441AFF125C21E4900983
:40A380009CF0FF22125DAAEF54EFFF54FBFF125C21900A81E0FEA3E0FFEE3395E0FDFC900C6AE0F8A3E0F9A3E0FAA3E02FFFEA3EFEE93DFDE83CFC027FB180FE227B007A07
:40A3C0004079807D0C7C00124D4A904082741AF07B007A4079847D027C00124D4A9040867418F07B007A4079887D6B7C0E124D4A90408A7418F07B007A40798C7DBF7C5D88
:40A40000124D4A90408E7419F07B007A40799074FFFDFC124D4A9040927418F09043007406F09042007452F07B0C7A01790F124D599046A1EFF07B007A4279127D137C3309
:40A44000124D4A9042107401F0E0FFE47FC87E32FDFC900A251246F3900A25E0A3E0A3E0FEA3E0D39400EE9400403A904210E054806032E47FE07E01FDFC124D00900A25A5
:40A48000E0FCA3E0FDA3E0FEA3E0FF74FFEF24FFFFEE34FFFEED34FFFDEC34FFFC900A251246F380B3900A25E0A3E0A3E0FEA3E04E70047F0171BA904210E04440F07B00E1
:40A4C0007A4279227D147C0C124D4A9040007401F07B007A4279207D517C12124D4AE4900A29F07F19FEFDFC900A251246F3900A25E0A3E0A3E0FEA3E0D39400EE940040BA
:40A500004AA3E0FF64036043904225E05401FEEF25E04E5403900A29F0E47FE07E01FDFC124D00900A25E0FCA3E0FDA3E0FEA3E0FF74FFEF24FFFFEE34FFFEED34FFFDECEB
:40A5400034FFFC900A251246F380A3900A25E0A3E0A3E0FEA3E04E70047F0371BA7B007A4079047D007C01124D4A9040047407F0904006E4F09040087448F0904004E4F080
:40A58000904009F09040017402F09043A2E0441FF0227B007A4679E8124D59EF4405FD7B007A4679E8124D65F1767B007A7679007D047C00124C937C577D767B007A767905
:40A5C000087F047E00124C6D7C577D7A7B007A7679107F047E00124C6D7B007A7679187D047C00124C937C577D7E7B007A7679207F047E00124C6D7C577D827B007A7679BF
:40A60000287F047E00124C6D7C577D867B007A7679307F047E00124C6D7B007A7679387D047C00124C937B017A0279D87F047E047D007CC9124CD97B017A1679587F847EC1
:40A64000847D007C04124CD97B017A507903124D59EF4402FD7B017A507903124D657B017A507913124D59EF4402FD7B017A507913124D659043A0E04440F09043C2E0441E
:40A6800010F07B087A1F79CC900A2AE4F0A37451F0A37402F07F087E00124C0B7B087A1F79D4900A2AE4F0A37451F0A374C2F07F087E00124C0B7B087A1F79DC900A2AE429
:40A6C000F0A37451F0A374F0F07F0A7E00124C0B7B087A1F79E8900A2AE4F0A37451F0A37410F07F0A7E00124C0B7B087A1F79F4900A2AE4F0A37451F0A37420F07F0A7E10
:40A7000000124C0B9044F47401F0904322E04408F09046ECE0C394055006904689743AF090480074F1F071BD90480074B1F0F1597B007A4379A0C003C002900A2AEBF0A377
:40A74000EAF0A374B0F0D002D0037F0E7E00124C0B9043B0E054FDF0227B0C7A0179CF124D59EF540790586EF0EFC4540FA3F09058767444F022E4FFFEFDFC900CE4124654
:40A78000F39076007410F09070107401F0907019E4F07B027A78F97DD07C02124D4C9078027401F0A374A3F07B027A787904C003C002C0017BFF7A5479A6E9EAE4AD01AC29
:40A7C00002D001D002D003124D4C7B027A7879067D087C78124D4C7B027A7679047D107C00124D4C7B027A767906E4FDFC124D4C907029740BF0907039740DF09070597403
:40A8000013F09070697421F0907079742AF09070147401F0907018E0540170F8907028E0540170F8907038E0540170F8907058E0540170F8907068E0540170F8907078E006
:40A84000540170F87B087A087920900A2A7401F0A37451F0A37410F07F067E00024C0B900A2FEFF0A3EDF0900B10E070083118900B107401F0900A2FE0FFA3E0FD900A3112
:40A88000EDF090092EEFF0E490092DF0900922F0900930F090091EF0900927F090092FF090091FF09044C27480F0A37401F09044C27420F09044C07404F07408F090609ECE
:40A8C0007406F09044C27440F090609C7450F07EC17FAC51E3D109D123900A31E014600C047012906009E054FEF08010906009E04401F08007906009E04401F0906028747D
:40A9000003F09060087480F0E47F01FEFDFC124D009060127404F022124CC4900A31EFF09043A5E04401F09043B5E04401F090609D7401F090600904F0906010E0547FF08A
:40A94000E4FFFE124C40904394E054F9F0906012E054DFF0904394E04401F07F017E00124C407F287E00124C409051F8E0547FF0E054BFF0904394E04402F07F027E001207
:40A980004C40904394E04404F0906084E4F0A3F0FFFEC3EF9409EE9400502174072FF582740B3EF58374FFF074112FF582740B3EF58374FFF00FEF70010E80D6900A31E078
:40A9C000FF124CAC7D057F17518A7CAE7D5A7F1751247D057F18518A7CB07D547F1851247D057F15518A7C4C7DFF7F1551247D057F02518A7CBF7DCA7F0251247D057F03BA
:40AA0000518A7CC07D1A7F035124E4FD7F16518A7CC07D6A7F1651247D057F0C518A7CC27DCF7F0C900A37ECF0A3EDF0900A36EFF0D3941F50028001C340047F0051CF908B
:40AA40000A36E0541F25E0FFE433FEE42FFFEE3444FAA9077B01124D3D900A39EEF0A3EFF0900A36E075F002A42400FFE5F03444FAA9077B01A3E0FEA3E0FFFDAC06124D5B
:40AA80004C900A39E0FEA3E0FF22900A36EFF0A3EDF0D3940750028001C340047F0051CF900A36E0D3941F50028001C340047F0051CF900A37E0540775F020A4FF900A362C
:40AAC000E0541F2480F582E43444F583EFF02290FFFF124731EFF09046EA7401F0900001024731900A32EEF0A3EFF0B1F8900A32E0FEA3E0FFD1167F05B1FF9044C07402C6
:40AB0000F0229049D67402F09049C87481F09049CA7437F09049DB7403F0A3E4F09044C97480F07D077F0F518A7CAB7D457F0F5124900CEE7410F0E4900CCBF0900CC6F0B3
:40AB4000900CC7F022C0E0C0F0C083C082C085C084C086758600C093759300C0D075D000C000C001C002C003C004C005C006C0079049D7E0900A6FF0900CEEE0544070027C
:40AB8000A1C7900A6FE0FF54017002A197900CEEE024BA7002818524FD600B147002A13024056002A193EF54DF900A6FF0540AFD7C0064087076900CEEE064457061900C20
:40ABC000CAE0D394004026900CC3E0FBA3E0FAA3E0F91244779049D8F09049D77404F0900CC77401F0900CEE7446F0A197900CC8E054026015900CCBE0440AF0900CEE745F
:40AC000060F09044C97480F0A1979049D6E04410F09049D97410F09049D77404F0A1979049D7E4F0900CEE744AF0A197ED640A4C704D900CCBE044A0F0900CC8E054026055
:40AC400029900CCBE0FF900CEEE0540860047E0180027E02EE44084F900CCBF0900CEE7460F09044C97480F0A1979049D6E04410F09049D97410F09049D77404F0A1977F0B
:40AC80000051CFA197900A6FE05402706A900CCAE0FF900CC7E0C39F502B900CC3E0FBA3E0FAA3E0F9900CC7E0FFE92FF9E43AFA1244779049D8F09049D77404F0900CC737
:40ACC000E004F0A197900CC8E054026015900CCBE0440AF0900CEE7460F09044C97480F0A1979049D6E04410F09049D97410F09049D77404F0A197900CC8E05402601590C5
:40AD00000CCBE0449AF0900CEE7460F09044C97480F0A1979049D6E04410F09049D97410F09049D77404F0900CCBE04490F080679049D8E0FF900CCCE0FBA3E0FAA3E0F9B8
:40AD4000900CC6E0FEE92EF9E43AFAEF124490900CC6E004F0900CC9E0FF900CC6E0C39F50089049D77410F0802D900CC8E054026015900CCBE04409F0900CEE7460F090DE
:40AD800044C97480F080109049D6E04410F0A3E4F080047F0051CF900A6FE054206036900CCBE0FF900CEEE0540860047E0180027E02EF4E900CCBF09049D6E054EFF090DB
:40ADC0000CEE7410F0800E900CEEE054107006900CEE7410F0D007D006D005D004D003D002D001D000D0D0D093D086D084D085D082D083D0F0D0E0329044C87402F022EF1D
:40AE0000C43354E0904481F022124CC4906595E04410F0024CAC7B027A447902AD07AC06024D4C124CC490659AE04410F0024CACE490092DF0900922F0900930F090091E7B
:40AE4000F0900927F090092FF090091FF09060287403F09060087480F022C0E0C0F0C083C082C085C084C086758600C093759300C0D075D000C000C001C002C003C004C0FC
:40AE800005C006C007D130D007D006D005D004D003D002D001D000D0D0D093D086D084D085D082D083D0F0D0E032E4FF900922E06004E0FFE4F02274122FF582E43409F521
:40AEC00083E0FF22900A6CEFF0ED6002E17EE0FD2407F582E4340BF583E075F008A42400FEE5F03478900A6DF0A3CEF0ED25E024F5F582E4340AF583E0FEA3E024E0FDEEC9
:40AF000034FFFC900A6DE0FEA3E0AA06F97B01124D4C900A6CE0FD2407F582E4340BF583E075F008A42404FEE5F03478900A6DF0A3CEF0ED75F003A424DAF582E4340AF515
:40AF400083E0FBA3E0FAA3E0F92420FFE43AFEE43BFDE433FCEFEEE4AD07AC06900A6DE0FEA3E0AA06F97B01124D4C900A6CE0241AF582E4340BF5837401F002B00A900A9C
:40AF80006CE02407F582E4340BF583E075F008A42400FEE5F03478900A6DF0A3CEF0900A6DE0FEA3E0AA06F97B017D027C00124D4C900A6CE0FD2407F582E4340BF583E0E9
:40AFC00075F008A42404FEE5F03478900A6DF0A3CEF0ED75F003A424DAF582E4340AF583E0FBA3E0FAA3E0F9241EFFE43AFEE43BFDE433FCEFEEE4AD07AC06900A6DE0FECD
:40B00000A3E0AA06F97B01124D4C900A6CE0FF2407F582E4340BF583E0FE74232FF582E4340BF583E075F010A42419F582E5F03470F583EEF022EFD394004017EF940950BE
:40B040001275F010EFA424FEF582E5F0345FF5837408F022C0E0C0F0C083C082C085C084C086758600C093759300C0D075D000C000C001C002C003C004C005C006C0079034
:40B080006028E0900A0AF0E0FF541070022132A37401F0EF54806020900A0AE0540F64016005A3E4F0802E51A8900931E054806024900A0BE4F0801D900A0AE054406004DE
:40B0C00031558011900A0AE05420600451218005900A0BE4F0900A0BE06057906028E0900A0AF0E05480704A900934E0FF90092CE04F900A0AF0E0FF906029F0E0FEEF6EE0
:40B100007030900931E0900A0BF0906028E05480900A0AF0E0700F900931E0906028F0E0540F900A0BF0900931E0FF900A0BE0B507D0D007D006D005D004D003D002D00161
:40B14000D000D0D0D093D086D084D085D082D083D0F0D0E03290092DE024FC600A24FE60082404700680054111F13622E4FD90091FE0FF900933E02FF0900932E03400F02C
:40B18000D3900917E09400900916E09400404BED94085046900918E0FBA3E0FAA3E0F9124477FFE42DF582E43460F583EFF0900918E0FBA3E0FAA3E02401F9E43AFA9009C8
:40B1C00018EBF0A3EAF0A3E9F00D900917E024FFF0900916E034FFF080A690091FE064086006EDD39400401590092CE06480F0900931740FF090092D7402F0800A90093192
:40B200007402F090092DF0900934EDF090091FF022E490092DF07F0151639009317403F02290092DE024FC600A24FE60092404700F800E02B8597F0351639009317403F0F3
:40B240002290091FE0FF900933E02FF0900932E03400F0E490092DF07F0151639009317403F02290091BE0FBA3E0FAA3E04A4B603690091BE0FBA3E0FAA3E0F9EF12449043
:40B28000900932E0FEA3E0FF90091BE0FBA3E0FAA3E02401F9E43AFAEE8FF01244E090091BE4F0A3F0A3F022906028E0900A0CF0E0906028F0E0900A0CF0E0FF5480600626
:40B2C000900931EFF0227F025163906000E0546024E0601124E060162440701C710A900A0CEFF08018F1CE900A0CEFF0800F1296A6900A0CEFF08005E4900A0CF0900A0C08
:40B30000E070069009317403F022E4900A0DF0906000E0900A0FF0A3E4F0A3F0A3F0900916F0A3F0900A0FE0548064806002A181906001E0700281B224F87002A13424FEF1
:40B340007002A15624046002E118906003E0B40137F1B0900A13EEF0A3EFF0F5828E83A3E493F9740193FA740293900918C9F0A3EAF0A3E9F0900916E4F0A37412F0129D20
:40B380005B900A0DEFF0E118906003E064027072906002E0FFF158900A13EEF0A3EFF04E7002E118900A13E0FEA3E0F5828E83A3E493F9740193FA740293900918C9F0A3F7
:40B3C000EAF0A3E9F0900918E0FBA3E0FAA3E02403F9E43AFA124477FE900918E0FBA3E0FAA3E02402F9E43AFA124477FDEEEDFF900916EEF0A3EFF0129D5B900A0DEFF062
:40B40000E118906003E06403600281A9FF900A1074FFF0A37458F0A37453F0906002E0D39F402B900A10E0FBA3E0FAA3E0F9124477601B124477FEFD7C00E92DF9EC3AFAA0
:40B44000900A10EBF0A3EAF0A3E9F00F80CD906002E0FF602190579AE493FEEFB506177B017A0C791B12C332900A107401F0A3740CF0A3741BF0900A10E0FBA3E0FAA3E083
:40B48000F91244777002E118124477FF900916E4F0A3EFF0900918EBF0A3EAF0A3E9F0129D5B900A0DEFF0E118F1CE900A0DEFF0E118900A0FE05403604724FE6002E1183A
:40B4C000900916E4F0A37402F0906004E0547F75F00BA42437F582E43409F583E0900CF2F0E4A3F07B017A0C79F290091804F0A3740CF0A374F2F0129D5B900A0DEFF0E136
:40B5000018900916E4F0A37402F090092FE0900CF2F0E4A3F07B017A0C79F290091804F0A3740CF0A374F2F0129D5B900A0DEFF0E118E118900916E4F0A304F07A097930E4
:40B54000900918F0A37409F0A37430F0129D5B900A0DEFF0E118900916E4F0A304F0906004E02412F9E43409FA9009187401F0A3EAF0A3E9F0129D5B900A0DEFF0E118E1A9
:40B5800018906001E0147002C14424FE7002C1B424FA601B24FE606F24066002E118906002E0900927F0F11E900A0DEFF0E118906002E0900A0EF0D39400400DE014FFF1ED
:40B5C00058900A13EEF0A3EFF0900A0EE0FFD39400400A900A13E07002A3E07005EF6002E118900930E0FF900A0EE0FE6F600F900930EEF09009227401F0FF12C4FBF11EBB
:40B60000900A0DEFF0E11812CC08EF7002E118906004E0FE90091EF074122EF582E43409F583E0FF74232EF582E43409F583E06F60099009227401F012C8A2F11E900A0D50
:40B64000EFF0E118900A0FE05403601A146031146002E118906002E06002E11812CB14900A0DEFF0E118906002E064016002E11890092FE054FDF0F11E900A0DEFF0E118DE
:40B68000906004E0FFC394044002E11874282FF582E43409F583C083C082E0FF906002E0F4FEEF5ED082D083F0F11E900A0DEFF080668064900A0FE05403601614602B14D4
:40B6C0007056906002E0705012CA83900A0DEFF08046906002E06401703E90092FE04402F0F11E900A0DEFF0802E906004E0FFC39404502474282FF582E43409F583C08381
:40B70000C082E0FF906002E0F4FEEF5ED082D083F0F11E900A0DEFF0900A0DE0FF2290092D7406F0900931F090092C7480F0E4900934F07F0122900927E0600CE0448090EF
:40B740006008F0E4900927F0E490092DF07F0151639009317403F022900A1DEFF090092EE025E025E02465F582E4345AF583E493740193FA740293AE02FF2408FFE43EFE0F
:40B780008F82F583E493FD900A1DE0FCC39D4005E4FEFF801A8F828E8375F004EC1246FFA3E493740193FA740293AC02AE04FF2290092EE025E025E02465F582E4345AF54D
:40B7C00083E493740193FA740293AE02FF22E4900A16F0906000E0540324FE600D047024906004E0900A15F0801F906004E0547F75F00BA4243FF582E43409F583E0900AE7
:40B8000015F08005E4900A15F0900A15E0FFD394045022900920E0FCA3E02FF582E43CF583E49314700A129D9D900A16EFF08005E4900A16F0900A16E0FF2290092D740264
:40B84000F090092C7480F0900931740FF0E490091FF0900934F07F0122E4FF906029E0540F24FEFEFD900933E02DF0900932E03400F0D3900917E09400900916E0940040B9
:40B880004DEED394004047E42FF582E43460F583E0FD900918E0FBA3E0FAA3E0F9ED124490900918E0FBA3E0FAA3E02401F9E43AFA900918EBF0A3EAF0A3E9F00F1E9009A3
:40B8C00017E024FFF0900916E034FFF080A4AF06900934EEF090092CE06480F0900931740BF022E4900932F0A3F090091BE0FBA3E0FAA3E04A4B602590091BE0FBA3E0FA4D
:40B90000A3E0F9E412449090091BE0FBA3E0FAA3E02401F9E43AFAE4F5F01244E022124CC49043A5E04404F09043B5E04404F0024CAC9044C97480F09049CAE0900CD8F027
:40B940009049DBE0900CD9F09049DCE0900CDAF09049DCE0FE9049DBE0FDEEED2401FFE43E900A37F0A3EFF09049D6E054FEF0900A37E0FEA3E0FFE4FCFD124D00124CC4EB
:40B98000900A36EFF09043A5E054FBF09043B5E054FBF0900A36E0FF124CAC9049D6E04402F0900CD8E0FF9049CAF0EFF0900CD9E09049DBF0900CDAE09049DCF09049D6B4
:40B9C000E054EFF09044D97480F0900CEE7410F0229044C97480F0900CCBE0FFE4F09044C17480F022124CC4906499E04420F0124CAC90657BE04404F022900CF4E07008CE
:40BA0000510A900CF47401F080DB906587E054F8F0E0F090658BE054F8F0E0F02290657BE054FEF0124CC4906597E054EFF0024CAC124CC4906497E04403F0E054FCF00232
:40BA40004CAC124CC490659BE04410F0124CAC90657BE04402F02290657BE054FDF0124CC490659BE054EFF0024CAC124CC490659BE04403F0E054FCF0024CAC9064947417
:40BA800020F0906493F0906492F022900A39EAF0A3EBF0AE05900CF87406F0AD07AF06AB07900A40F0E4A3F0A3F07F0651D4900CF8E0FF900A39E0FCA3E0FDA3E0FAA3E050
:40BAC000FB126FBD900CF8E0FF7D01126EF0900CF8E0FF22AC077A01ECC39418506CEB540175F080A4FFED547F4FFF75F008ECA42400F582E5F03476F583EFF0900A41E0D3
:40BB0000540F75F010A4FF900A40E0540F4FFF75F008ECA42401F582E5F03476F583EFF0900A42E0540FFF75F008ECA42402F582E5F03476F583EFF075F008ECA42403F509
:40BB400082E5F03476F583E4F01AAF0222900A39EAF0A3EBF0AE05900CF97407F0AD07AF06AB07E4900A40F0A3F0A3F07F0751D4900CF9E0FF900A39E0FCA3E0FDA3E0FAF3
:40BB8000A3E0FB126FBD900CF9E0FF7D01126EF0900CF9E0FF22900A36EAF0A3EBF0AE05900CFC7402F0AD07AF06AB07900A40F0E4A3F0A3F07F0251D4900CFCE0FF900A52
:40BBC00036E0FCA3E0FDA3E0FAA3E0FB126FBD900CFCE0FF7D02126EF0900CFCE0FF22900A36EAF0A3EBF0AE05900CFD7401F0AD07AF06AB07900A40F0E4A3F0A3F07F0133
:40BC000051D4900CFDE0FF900A36E0FCA3E0FDA3E0FAA3E0FB126FBD900CFDE0FF7D02126EF0900CFDE0FF22900CD3747FF0A304F07F7FEF601614FE75F008EFA42400F58A
:40BC400082E5F03478F583EEF01F80E775F008EFA42400F582E5F03478F583E4F0227E01EFC39418501A75F010EFA42414F582E5F03470F583E0FFED5407FDEF4DF0E41E1A
:40BC8000AF0622904210E0548060047F0180027F002280FE32E4900A25F0900A25E0FFD3941F5020EF75F002A42400FFE5F03444FAA9077B017CBC7D92124D4C900A25E018
:40BCC00004F080D622900A22EBF0A3EAF0A3E9F07B0C7A017903124D59E4FCFDFE900A22E0FBA3E0FAA3E0F91246A4900A22E0FBA3E0FAA3E0F9C003C002C001124684C039
:40BD000004C005C006C0077B0C7A017904124D59E4FCFDFE7808124671A804A905AA06AB07D007D006D005D004EF4BFFEE4AFEED49FDEC48FCD001D002D0031246A4900A62
:40BD400022E0FBA3E0FAA3E0F9C003C002C001124684C004C005C006C0077B007A4679EC124D59E4FCFDFE7810124671A804A905AA06AB07D007D006D005D004EF4BFFEED8
:40BD80004AFEED49FDEC48FCD001D002D0031246A4900A22E0FBA3E0FAA3E0F9C003C002C001124684C004C005C006C0077B0C7A017902124D59E4FCFDFE7818124671A88D
:40BDC00004A905AA06AB07D007D006D005D004EF4BFFEE4AFEED49FDEC48FCD001D002D0031246A47B0C7A017901124D59E4FCFDFE900A22E0FBA3E0FAA3E02404F9E43AB0
:40BE0000FA1246A4900A22E0FBA3E0FAA3E02404F9E43AFAC003C002C001124684C004C005C006C0077B0C7A017900124D59E4FCFDFE7808124671A804A905AA06AB07D021
:40BE400007D006D005D004EF4BFFEE4AFEED49FDEC48FCD001D002D0031246A4900A22E0FBA3E0FAA3E02404F9E43AFAC003C002C001124684C004C005C006C0077B0C7AEF
:40BE8000017905124D59E4FCFDFE7810124671A804A905AA06AB07D007D006D005D004EF4BFFEE4AFEED49FDEC48FCD001D002D0031246A4900A22E0FBA3E0FAA3E024040A
:40BEC000F9E43AFAC003C002C001124684C004C005C006C0077B0C7A017906124D59E4FCFDFE7818124671A804A905AA06AB07D007D006D005D004EF4BFFEE4AFEED49FDD8
:40BF0000EC48FCD001D002D0030246A4904F00E05401F0904F02E054FCF0904F00E04404F0904F0BE054CFF0E04430F0E054F0F0E0440FF0904F01E04401F07F317E00F107
:40BF4000737F317E00F1807F08904F03EFF022900CFBE07008F10C900CFB7401F09043A3E04401F09043B3E04401F0904F00E04401F0227B027A4F7904AD07AC06024D4C5D
:40BF80007B027A4F7906AD07AC06024D4C900A36EEF0A3EFF0F1AC900A36E0FEA3E0FFF1BD7F06F1B39044C07401F0229044C87401F022EFC43354E0904480F0227B027A32
:40BFC000447900AD07AC06024D4CC0E0C083C082C085C084C086758600C093759300C0D075D000C00790600B7402F090601EE0FF90094BE054036401600790094EE06480BD
:40C00000F090094C7401F0D007D0D0D093D086D084D085D082D083D0E032C0E0C083C082C085C084C086758600C093759300C0D075D000C00790600B7404F090602EE0FF20
:40C04000900956E0540364016007900959E06480F09009577401F0D007D0D0D093D086D084D085D082D083D0E032C0E0C0F0C083C082C085C084C086758600C09375930079
:40C08000C0D075D000C000C001C002C003C004C005C006C007900A657401F090609FE0900A63F0900A63E0FF70022189540170022179900A65E0FF75F010A42471F582E58E
:40C0C000F03460F583E0FE75F010EFA42472F582E5F03460F583E05E900A64F0E020E0022162A3E0FF75F00BA42439F582E43409F583E05480606B900A65E0FE75F010A467
:40C100002470F582E5F03460F583E054FEF0EE25E024F5F582E4340AF583E0FCA3E0D39420EC94004007E4FD12AEC48010900A65E0241AF582E4340BF5837401F0900A659F
:40C14000E0FF75F00BA4243AF582E43409F583E0FE75F010EFA424FEF582E5F0345FF583EEF0900A64E0FFA3E075F010A42472F582E5F03460F583EFF0900A65E004F09078
:40C180000A63E0FFC313F001A3D007D006D005D004D003D002D001D000D0D0D093D086D084D085D082D083D0F0D0E032C0E0C0F0C083C082C085C084C086758600C093757D
:40C1C0009300C0D075D000C000C001C002C003C004C005C006C007900A6B7401F051C3EF547F900A6AF051C9EF5403900A69F0900A69E0700241A0900A6AE0FF70024184E4
:40C2000054016070A3E0FF75F010A42472F582E5F03460F583E0FE54017059741A2FF582E4340BF583E0704C900A6BE075F010A42475F582E5F03460F583E4F0EFC43354EC
:40C24000E024FEFE900A6BE0FF75F010A42474F582E5F03460F583EEF07D0112AEC4900A6BE075F010A42470F582E5F03460F583E04401F0900A6BE004F0900A6AE0FFC373
:40C2800013F021F7900A69E0FFC313F0700221EF900A6B7408F0900A69E05401A3F021EFD007D006D005D004D003D002D001D000D0D0D093D086D084D085D082D083D0F0EA
:40C2C000D0E032906565E0FF2290656AE0FF22C0E0C0F0C083C082C085C084C086758600C093759300C0D075D000C000C001C002C003C004C005C006C007711FD007D00679
:40C30000D005D004D003D002D001D000D0D0D093D086D084D085D082D083D0F0D0E03290458FE054407E007806CEC313CE13D8F9FF22900A15EBF0A3EAF0A3E9F0E4900A79
:40C3400019F0900A15E0FBA3E0FAA3E04A4B7002812F900A15E0A3E0A3E0F97422124490900A15E0FBA3E0FAA3E02401F9E43AFA74031244907B017A0A791A12BCC5900A8C
:40C38000187402F0900A18E0FFC394224002812FA3E0241AF582E4340AF583E0FEC4540F905A6893FE900A15E0FBA3E0FAA3E02FF9E43AFAEE1244907E00EF2401FDEE33FB
:40C3C000FC900A15E0FBA3E0FAA3E02DF9EA3CFAE4124490900A19E0241AF582E4340AF583E0540F905A6893FDEF2402FFEE33FE900A15E0FBA3E0FAA3E02FF9EA3EFAEDAC
:40C40000124490900A18E02403FFE433FE900A15E0FBA3E0FAA3E02FF9EA3EFAE4124490900A19E004F0900A18E02404F0618422E4FF7E01EEC39409400281D175F010EECC
:40C44000A42470F582E5F03460F583740CF075F010EEA42471F582E5F03460F583741DF0EE75F00BA4243AF582E43409F583E0604BEE75F00BA42439F582E43409F583E0FD
:40C480005480601475F010EEA424FEF582E5F0345FF583740CF0803675F010EEA424FEF582E5F0345FF5837408F0EE14FD7401A805088002C333D8FC4FFF801275F010EEEA
:40C4C000A424FEF582E5F0345FF5837480F00E813490608C7455F09060BC7420F0A3E4F090608E7406F0A3EFF090609CE04480F0E0547FF090600A74FFF022E4900A15F06D
:40C50000900A15E0FEC39409507AEE75F00BA42435F582E43409F583E4F0EE75F00BA42437F582E43409F583E4F0EE75F00BA42438F582E43409F583E4F0EE75F00BA4245C
:40C540003DF582E43409F583E4F0A3F0EE75F00BA4243FF582E43409F583E4F0EE75F00BA42436F582E43409F583E4F0EE75F00BA4243AF582E43409F583E4F0900A15E0AB
:40C5800004F0A100EF602FE4900A16F0900A16E0FFC39404502074122FF582E43409F583E4F074232FF582E43409F583E4F0900A16E004F080D6900930E0D3940050030208
:40C5C000C838E014FF12B758900A17EEF0A3EFF0900A17E0FCA3E0FDF5828C83A3E493FB740193FA740293F92407F9E43AFA1244775440600990092FE04401F08007900967
:40C600002FE054FEF0ED2404FFE43CFE900A17F0A3EFF0F5828E83E493900A15F0A37401F0900A16E0C394094002E1C5A3E0FEA3E0F5828E83A3E493740193FA740293FF26
:40C64000900A19EAF0A3EFF0E4FF900A15E0FEEFC39E4002E1BD900A19E0FCA3E0F5828C83740293547FFD900A16E0FE6D7001E46002E1AC900A19E0A3E0F5828C83740447
:40C6800093FC740593FDEE75F00BA4243DF582E43409F583E0FAA3E0C39DEA9C5029900A19E0FCA3E0F5828C83740493FC740593FD900A16E075F00BA4243DF582E434096E
:40C6C000F583ECF0A3EDF0900A19E0FCA3E0FDF5828C83E4932412F582E43409F583E0FE8D828C83740193FDEE6D6002E1AC900A19E0A3E0FDF5828C83740293FE900A1679
:40C70000E0FB75F00BA42439F582E43409F583EEF08D828C83740393FEEB75F00BA42435F582E43409F583EEF0900A19E0FCA3E0F5828C837403935403FE900A19E0A3E046
:40C74000F5828C8374029354806031EEB401047D0780027D0D900A16E0FC75F00BA4243AF582E43409F583EDF0EC75F00BA42436F582E43409F5837401F08041EEB401046C
:40C780007E0580027E09900A16E0FD75F00BA4243AF582E43409F583EEF0ED75F00BA42436F582E43409F583E4F08011900A1AE02407F0900A19E03400F00FC14A900A1600
:40C7C000E004F0C121900A17E0FEA3E0F5828E83A3E493740193FA740293FF900A19EAF0A3EFF0E4900A16F0900A15E0FFA3E0C39F5038900A19E0FEA3E0F5828E83E49324
:40C80000FD740293547F75F00BA4243FF582E43409F583EDF0900A1AE02407F0900A19E03400F0900A16E004F080BD1139900920EEF0A3EFF012C43022900930E014FF123B
:40C84000B758AD07AC06ED4C60488D828C83A3E493FB740193FA7402932404F9E43AFA1244772402FFE433FEEF7802C333CE33CED8F92DFDEE3CFCAF058D82F583A3E49340
:40C88000740193FA740293FF900A1BEAF0A3EFF08007E4900A1BF0A3F0900A1BE0FEA3E0FF22900930E0D3940050024182E014FF12B758EF2404FFE43EFE8F82F583E49314
:40C8C000900A15F08F828E83A3E493740193FA740293AE02FDAC0690091EE0900A16F0E4FB900A15E0FFEBC39F400241828D828C83E493FF900A16E0FE6F600241788D8242
:40C900008C830493FF74122EF582E43409F583E06F600241788D828C83740293547FFA7403935403F9EA75F00BA42438F582E43409F583E4F08D828C83740293FFEA75F023
:40C940000BA42439F582E43409F583EFF08D828C83740393FFEA75F00BA42435F582E43409F583EFF08D828C83740493FE740593FFEA75F00BA4243DF582E43409F583EEC0
:40C98000F0A3EFF08D828C837402935480602DE9B401047F0780027F0DEA75F00BA4243AF582E43409F583EFF0EA75F00BA42436F582E43409F5837401F0802AE9B40104E3
:40C9C0007F0580027F09EA75F00BA4243AF582E43409F583EFF0EA75F00BA42436F582E43409F583E4F075F010EAA424FEF582E5F0345FF5837401F075F010EAA42470F5B5
:40CA000082E5F03460F583E054FEF0EA24FFFFE434FFFEEF25E0FFEE33906014EFF0E04401F0906014E030E4F98D828C837402935480602090608FC083C082E0FFEA14FEF9
:40CA40007401A806088002C333D8FCF45FD082D083F0801D90608FC083C082E0FFEA14FE7401A806088002C333D8FC4FD082D083F0906014E054FEF0ED2407FDE43CFC0B1E
:40CA800001E122E4900A15F0906004E0547FFFD39400407AEF94095075EF75F00BA42437F582E43409F583E04401F0EF75F00BA42438F582E43409F583E4F0EF75F00BA40E
:40CAC0002436F582E43409F583E04402F0EF75F00BA42439F582E43409F583E05480601475F010EFA424FEF582E5F0345FF583748DF0801275F010EFA424FEF582E5F03470
:40CB00005FF5837489F012B71E900A15EFF0900A15E0FF22E4900A15F0906004E0547FFFD3940050028102EF940940028102EF75F00BA42437F582E43409F583E054FEF0C6
:40CB4000EF75F00BA42438F582E43409F583E4F075F010EFA424FCF582E5F0345FF583E0547FF0EF75F00BA42436F582E43409F583E054FDF0EF75F00BA42439F582E434D3
:40CB800009F583E05480603AEF75F00BA42436F582E43409F583E0B4011475F010EFA424FEF582E5F0345FF583740CF0804C75F010EFA424FEF582E5F0345FF583740DF0E1
:40CBC0008038EF75F00BA42436F582E43409F583E0B4011475F010EFA424FEF582E5F0345FF5837408F0801275F010EFA424FEF582E5F0345FF5837409F012B71E900A1564
:40CC0000EFF0900A15E0FF22E4900A15F0906004E0900A16F0900930E014FF12B7588F828E83A3E493FB740193FA7402932404F9E43AFA124477FF900A16E0FED39F400604
:40CC4000EED39404502F74122EF582E43409F583E0FF74232EF582E43409F583EFF0906002E0FF74122EF582E43409F583EFF0900A157401F0900A15E0FF2232900A3AEB5C
:40CC8000F0A3EAF0A3E9F0A3EDF0E4A3F0900A3DE0FFA3E0C39F503E904722E054016003D38001C340097F017E00124C4080E9904720E0FF900A3AE0FBA3E0FAA3E0F99067
:40CCC0000A3EE0FEE92EF9E43AFAEF124490900A3EE004F080B7900A3EE0FF22900A3FEBF0A3EAF0A3E9F0900A447407F0904722E05402604E90472074B6F074D5F07402C2
:40CD0000F0904722E054027032904720EFF0E4FFFED3900A43E09F900A42E09E402B900A3FE0FBA3E0FAA3E02FF9EA3EFA124477904720F00FEF70010E80D6900A447409A7
:40CD4000F08006900A447404F0900A44E0FF22900A3FECF0A3EDF0AC077D07904722E05402603B90472074B6F074D8F07405F0904722E054027023904720ECF0900A3FE0DE
:40CD8000904720F0900A3FE0A3E0904720F0EBF0900A42E0904720F080067D0980027D04AF0522000000000000000000000000000000000000000000000000000000000006
:40CDC0000000000000000000000000000000000000000000000000000000000000000000000000000000000000000000000000000000000000000000000000000000000033
:40CE000000000000000000000000000000000000000000000000000000000000000000000000000000000000000000000000000000000000000000000000000000000000F2
:40CE400000000000000000000000000000000000000000000000000000000000000000000000000000000000000000000000000000000000000000000000000000000000B2
:40CE80000000000000000000000000000000000000000000000000000000000000000000000000000000000000000000000000000000000000000000000000000000000072
:40CEC0000000000000000000000000000000000000000000000000000000000000000000000000000000000000000000000000000000000000000000000000000000000032
:40CF000000000000000000000000000000000000000000000000000000000000000000000000000000000000000000000000000000000000000000000000000000000000F1
:40CF400000000000000000000000000000000000000000000000000000000000000000000000000000000000000000000000000000000000000000000000000000000000B1
:40CF80000000000000000000000000000000000000000000000000000000000000000000000000000000000000000000000000000000000000000000000000000000000071
:40CFC0000000000000000000000000000000000000000000000000000000000000000000000000000000000000000000000000000000000000000000000000000000000031
:40D0000000000000000000000000000000000000000000000000000000000000000000000000000000000000000000000000000000000000000000000000000000000000F0
:40D0400000000000000000000000000000000000000000000000000000000000000000000000000000000000000000000000000000000000000000000000000000000000B0
:40D080000000000000000000000000000000000000000000000000000000000000000000000000000000000000000000000000000000000000000000000000000000000070
:40D0C0000000000000000000000000000000000000000000000000000000000000000000000000000000000000000000000000000000000000000000000000000000000030
:40D1000000000000000000000000000000000000000000000000000000000000000000000000000000000000000000000000000000000000000000000000000000000000EF
:40D1400000000000000000000000000000000000000000000000000000000000000000000000000000000000000000000000000000000000000000000000000000000000AF
:40D18000000000000000000000000000000000000000000000000000000000000000000000000000000000000000000000000000000000000000000000000000000000006F
:40D1C000000000000000000000000000000000000000000000000000000000000000000000000000000000000000000000000000000000000000000000000000000000002F
:40D2000000000000000000000000000000000000000000000000000000000000000000000000000000000000000000000000000000000000000000000000000000000000EE
:40D2400000000000000000000000000000000000000000000000000000000000000000000000000000000000000000000000000000000000000000000000000000000000AE
:40D28000000000000000000000000000000000000000000000000000000000000000000000000000000000000000000000000000000000000000000000000000000000006E
:40D2C000000000000000000000000000000000000000000000000000000000000000000000000000000000000000000000000000000000000000000000000000000000002E
:40D3000000000000000000000000000000000000000000000000000000000000000000000000000000000000000000000000000000000000000000000000000000000000ED
:40D3400000000000000000000000000000000000000000000000000000000000000000000000000000000000000000000000000000000000000000000000000000000000AD
:40D38000000000000000000000000000000000000000000000000000000000000000000000000000000000000000000000000000000000000000000000000000000000006D
:40D3C000000000000000000000000000000000000000000000000000000000000000000000000000000000000000000000000000000000000000000000000000000000002D
:40D4000000000000000000000000000000000000000000000000000000000000000000000000000000000000000000000000000000000000000000000000000000000000EC
:40D4400000000000000000000000000000000000000000000000000000000000000000000000000000000000000000000000000000000000000000000000000000000000AC
:40D48000000000000000000000000000000000000000000000000000000000000000000000000000000000000000000000000000000000000000000000000000000000006C
:40D4C000000000000000000000000000000000000000000000000000000000000000000000000000000000000000000000000000000000000000000000000000000000002C
:40D5000000000000000000000000000000000000000000000000000000000000000000000000000000000000000000000000000000000000000000000000000000000000EB
:40D5400000000000000000000000000000000000000000000000000000000000000000000000000000000000000000000000000000000000000000000000000000000000AB
:40D58000000000000000000000000000000000000000000000000000000000000000000000000000000000000000000000000000000000000000000000000000000000006B
:40D5C000000000000000000000000000000000000000000000000000000000000000000000000000000000000000000000000000000000000000000000000000000000002B
:40D6000000000000000000000000000000000000000000000000000000000000000000000000000000000000000000000000000000000000000000000000000000000000EA
:40D6400000000000000000000000000000000000000000000000000000000000000000000000000000000000000000000000000000000000000000000000000000000000AA
:40D68000000000000000000000000000000000000000000000000000000000000000000000000000000000000000000000000000000000000000000000000000000000006A
:40D6C000000000000000000000000000000000000000000000000000000000000000000000000000000000000000000000000000000000000000000000000000000000002A
:40D7000000000000000000000000000000000000000000000000000000000000000000000000000000000000000000000000000000000000000000000000000000000000E9
:40D7400000000000000000000000000000000000000000000000000000000000000000000000000000000000000000000000000000000000000000000000000000000000A9
:40D780000000000000000000000000000000000000000000000000000000000000000000000000000000000000000000000000000000000000000000000000000000000069
:40D7C0000000000000000000000000000000000000000000000000000000000000000000000000000000000000000000000000000000000000000000000000000000000029
:40D8000000000000000000000000000000000000000000000000000000000000000000000000000000000000000000000000000000000000000000000000000000000000E8
:40D8400000000000000000000000000000000000000000000000000000000000000000000000000000000000000000000000000000000000000000000000000000000000A8
:40D880000000000000000000000000000000000000000000000000000000000000000000000000000000000000000000000000000000000000000000000000000000000068
:40D8C0000000000000000000000000000000000000000000000000000000000000000000000000000000000000000000000000000000000000000000000000000000000028
:40D9000000000000000000000000000000000000000000000000000000000000000000000000000000000000000000000000000000000000000000000000000000000000E7
:40D9400000000000000000000000000000000000000000000000000000000000000000000000000000000000000000000000000000000000000000000000000000000000A7
:40D980000000000000000000000000000000000000000000000000000000000000000000000000000000000000000000000000000000000000000000000000000000000067
:40D9C0000000000000000000000000000000000000000000000000000000000000000000000000000000000000000000000000000000000000000000000000000000000027
:40DA000000000000000000000000000000000000000000000000000000000000000000000000000000000000000000000000000000000000000000000000000000000000E6
:40DA400000000000000000000000000000000000000000000000000000000000000000000000000000000000000000000000000000000000000000000000000000000000A6
:40DA80000000000000000000000000000000000000000000000000000000000000000000000000000000000000000000000000000000000000000000000000000000000066
:40DAC0000000000000000000000000000000000000000000000000000000000000000000000000000000000000000000000000000000000000000000000000000000000026
:40DB000000000000000000000000000000000000000000000000000000000000000000000000000000000000000000000000000000000000000000000000000000000000E5
:40DB400000000000000000000000000000000000000000000000000000000000000000000000000000000000000000000000000000000000000000000000000000000000A5
:40DB80000000000000000000000000000000000000000000000000000000000000000000000000000000000000000000000000000000000000000000000000000000000065
:40DBC0000000000000000000000000000000000000000000000000000000000000000000000000000000000000000000000000000000000000000000000000000000000025
:40DC000000000000000000000000000000000000000000000000000000000000000000000000000000000000000000000000000000000000000000000000000000000000E4
:40DC400000000000000000000000000000000000000000000000000000000000000000000000000000000000000000000000000000000000000000000000000000000000A4
:40DC80000000000000000000000000000000000000000000000000000000000000000000000000000000000000000000000000000000000000000000000000000000000064
:40DCC0000000000000000000000000000000000000000000000000000000000000000000000000000000000000000000000000000000000000000000000000000000000024
:40DD000000000000000000000000000000000000000000000000000000000000000000000000000000000000000000000000000000000000000000000000000000000000E3
:40DD400000000000000000000000000000000000000000000000000000000000000000000000000000000000000000000000000000000000000000000000000000000000A3
:40DD80000000000000000000000000000000000000000000000000000000000000000000000000000000000000000000000000000000000000000000000000000000000063
:40DDC0000000000000000000000000000000000000000000000000000000000000000000000000000000000000000000000000000000000000000000000000000000000023
:40DE000000000000000000000000000000000000000000000000000000000000000000000000000000000000000000000000000000000000000000000000000000000000E2
:40DE400000000000000000000000000000000000000000000000000000000000000000000000000000000000000000000000000000000000000000000000000000000000A2
:40DE80000000000000000000000000000000000000000000000000000000000000000000000000000000000000000000000000000000000000000000000000000000000062
:40DEC0000000000000000000000000000000000000000000000000000000000000000000000000000000000000000000000000000000000000000000000000000000000022
:40DF000000000000000000000000000000000000000000000000000000000000000000000000000000000000000000000000000000000000000000000000000000000000E1
:40DF400000000000000000000000000000000000000000000000000000000000000000000000000000000000000000000000000000000000000000000000000000000000A1
:40DF80000000000000000000000000000000000000000000000000000000000000000000000000000000000000000000000000000000000000000000000000000000000061
:40DFC0000000000000000000000000000000000000000000000000000000000000000000000000000000000000000000000000000000000000000000000000000000000021
:40E0000000000000000000000000000000000000000000000000000000000000000000000000000000000000000000000000000000000000000000000000000000000000E0
:40E0400000000000000000000000000000000000000000000000000000000000000000000000000000000000000000000000000000000000000000000000000000000000A0
:40E080000000000000000000000000000000000000000000000000000000000000000000000000000000000000000000000000000000000000000000000000000000000060
:40E0C0000000000000000000000000000000000000000000000000000000000000000000000000000000000000000000000000000000000000000000000000000000000020
:40E1000000000000000000000000000000000000000000000000000000000000000000000000000000000000000000000000000000000000000000000000000000000000DF
:40E14000000000000000000000000000000000000000000000000000000000000000000000000000000000000000000000000000000000000000000000000000000000009F
:40E18000000000000000000000000000000000000000000000000000000000000000000000000000000000000000000000000000000000000000000000000000000000005F
:40E1C000000000000000000000000000000000000000000000000000000000000000000000000000000000000000000000000000000000000000000000000000000000001F
:40E2000000000000000000000000000000000000000000000000000000000000000000000000000000000000000000000000000000000000000000000000000000000000DE
:40E24000000000000000000000000000000000000000000000000000000000000000000000000000000000000000000000000000000000000000000000000000000000009E
:40E28000000000000000000000000000000000000000000000000000000000000000000000000000000000000000000000000000000000000000000000000000000000005E
:40E2C000000000000000000000000000000000000000000000000000000000000000000000000000000000000000000000000000000000000000000000000000000000001E
:40E3000000000000000000000000000000000000000000000000000000000000000000000000000000000000000000000000000000000000000000000000000000000000DD
:40E34000000000000000000000000000000000000000000000000000000000000000000000000000000000000000000000000000000000000000000000000000000000009D
:40E38000000000000000000000000000000000000000000000000000000000000000000000000000000000000000000000000000000000000000000000000000000000005D
:40E3C000000000000000000000000000000000000000000000000000000000000000000000000000000000000000000000000000000000000000000000000000000000001D
:40E4000000000000000000000000000000000000000000000000000000000000000000000000000000000000000000000000000000000000000000000000000000000000DC
:40E44000000000000000000000000000000000000000000000000000000000000000000000000000000000000000000000000000000000000000000000000000000000009C
:40E48000000000000000000000000000000000000000000000000000000000000000000000000000000000000000000000000000000000000000000000000000000000005C
:40E4C000000000000000000000000000000000000000000000000000000000000000000000000000000000000000000000000000000000000000000000000000000000001C
:40E5000000000000000000000000000000000000000000000000000000000000000000000000000000000000000000000000000000000000000000000000000000000000DB
:40E54000000000000000000000000000000000000000000000000000000000000000000000000000000000000000000000000000000000000000000000000000000000009B
:40E58000000000000000000000000000000000000000000000000000000000000000000000000000000000000000000000000000000000000000000000000000000000005B
:40E5C000000000000000000000000000000000000000000000000000000000000000000000000000000000000000000000000000000000000000000000000000000000001B
:40E6000000000000000000000000000000000000000000000000000000000000000000000000000000000000000000000000000000000000000000000000000000000000DA
:40E64000000000000000000000000000000000000000000000000000000000000000000000000000000000000000000000000000000000000000000000000000000000009A
:40E68000000000000000000000000000000000000000000000000000000000000000000000000000000000000000000000000000000000000000000000000000000000005A
:40E6C000000000000000000000000000000000000000000000000000000000000000000000000000000000000000000000000000000000000000000000000000000000001A
:40E7000000000000000000000000000000000000000000000000000000000000000000000000000000000000000000000000000000000000000000000000000000000000D9
:40E740000000000000000000000000000000000000000000000000000000000000000000000000000000000000000000000000000000000000000000000000000000000099
:40E780000000000000000000000000000000000000000000000000000000000000000000000000000000000000000000000000000000000000000000000000000000000059
:40E7C0000000000000000000000000000000000000000000000000000000000000000000000000000000000000000000000000000000000000000000000000000000000019
:40E8000000000000000000000000000000000000000000000000000000000000000000000000000000000000000000000000000000000000000000000000000000000000D8
:40E840000000000000000000000000000000000000000000000000000000000000000000000000000000000000000000000000000000000000000000000000000000000098
:40E880000000000000000000000000000000000000000000000000000000000000000000000000000000000000000000000000000000000000000000000000000000000058
:40E8C0000000000000000000000000000000000000000000000000000000000000000000000000000000000000000000000000000000000000000000000000000000000018
:40E9000000000000000000000000000000000000000000000000000000000000000000000000000000000000000000000000000000000000000000000000000000000000D7
:40E940000000000000000000000000000000000000000000000000000000000000000000000000000000000000000000000000000000000000000000000000000000000097
:40E980000000000000000000000000000000000000000000000000000000000000000000000000000000000000000000000000000000000000000000000000000000000057
:40E9C0000000000000000000000000000000000000000000000000000000000000000000000000000000000000000000000000000000000000000000000000000000000017
:40EA000000000000000000000000000000000000000000000000000000000000000000000000000000000000000000000000000000000000000000000000000000000000D6
:40EA40000000000000000000000000000000000000000000000000000000000000000000000000000000000000000000000000000000000000000000000000000000000096
:40EA80000000000000000000000000000000000000000000000000000000000000000000000000000000000000000000000000000000000000000000000000000000000056
:40EAC0000000000000000000000000000000000000000000000000000000000000000000000000000000000000000000000000000000000000000000000000000000000016
:40EB000000000000000000000000000000000000000000000000000000000000000000000000000000000000000000000000000000000000000000000000000000000000D5
:40EB40000000000000000000000000000000000000000000000000000000000000000000000000000000000000000000000000000000000000000000000000000000000095
:40EB80000000000000000000000000000000000000000000000000000000000000000000000000000000000000000000000000000000000000000000000000000000000055
:40EBC0000000000000000000000000000000000000000000000000000000000000000000000000000000000000000000000000000000000000000000000000000000000015
:40EC000000000000000000000000000000000000000000000000000000000000000000000000000000000000000000000000000000000000000000000000000000000000D4
:40EC40000000000000000000000000000000000000000000000000000000000000000000000000000000000000000000000000000000000000000000000000000000000094
:40EC80000000000000000000000000000000000000000000000000000000000000000000000000000000000000000000000000000000000000000000000000000000000054
:40ECC0000000000000000000000000000000000000000000000000000000000000000000000000000000000000000000000000000000000000000000000000000000000014
:40ED000000000000000000000000000000000000000000000000000000000000000000000000000000000000000000000000000000000000000000000000000000000000D3
:40ED40000000000000000000000000000000000000000000000000000000000000000000000000000000000000000000000000000000000000000000000000000000000093
:40ED80000000000000000000000000000000000000000000000000000000000000000000000000000000000000000000000000000000000000000000000000000000000053
:40EDC0000000000000000000000000000000000000000000000000000000000000000000000000000000000000000000000000000000000000000000000000000000000013
:40EE000000000000000000000000000000000000000000000000000000000000000000000000000000000000000000000000000000000000000000000000000000000000D2
:40EE40000000000000000000000000000000000000000000000000000000000000000000000000000000000000000000000000000000000000000000000000000000000092
:40EE80000000000000000000000000000000000000000000000000000000000000000000000000000000000000000000000000000000000000000000000000000000000052
:40EEC0000000000000000000000000000000000000000000000000000000000000000000000000000000000000000000000000000000000000000000000000000000000012
:40EF000000000000000000000000000000000000000000000000000000000000000000000000000000000000000000000000000000000000000000000000000000000000D1
:40EF40000000000000000000000000000000000000000000000000000000000000000000000000000000000000000000000000000000000000000000000000000000000091
:40EF80000000000000000000000000000000000000000000000000000000000000000000000000000000000000000000000000000000000000000000000000000000000051
:40EFC0000000000000000000000000000000000000000000000000000000000000000000000000000000000000000000000000000000000000000000000000000000000011
:40F0000000000000000000000000000000000000000000000000000000000000000000000000000000000000000000000000000000000000000000000000000000000000D0
:40F040000000000000000000000000000000000000000000000000000000000000000000000000000000000000000000000000000000000000000000000000000000000090
:40F080000000000000000000000000000000000000000000000000000000000000000000000000000000000000000000000000000000000000000000000000000000000050
:40F0C0000000000000000000000000000000000000000000000000000000000000000000000000000000000000000000000000000000000000000000000000000000000010
:40F1000000000000000000000000000000000000000000000000000000000000000000000000000000000000000000000000000000000000000000000000000000000000CF
:40F14000000000000000000000000000000000000000000000000000000000000000000000000000000000000000000000000000000000000000000000000000000000008F
:40F18000000000000000000000000000000000000000000000000000000000000000000000000000000000000000000000000000000000000000000000000000000000004F
:40F1C000000000000000000000000000000000000000000000000000000000000000000000000000000000000000000000000000000000000000000000000000000000000F
:40F2000000000000000000000000000000000000000000000000000000000000000000000000000000000000000000000000000000000000000000000000000000000000CE
:40F24000000000000000000000000000000000000000000000000000000000000000000000000000000000000000000000000000000000000000000000000000000000008E
:40F28000000000000000000000000000000000000000000000000000000000000000000000000000000000000000000000000000000000000000000000000000000000004E
:40F2C000000000000000000000000000000000000000000000000000000000000000000000000000000000000000000000000000000000000000000000000000000000000E
:40F3000000000000000000000000000000000000000000000000000000000000000000000000000000000000000000000000000000000000000000000000000000000000CD
:40F34000000000000000000000000000000000000000000000000000000000000000000000000000000000000000000000000000000000000000000000000000000000008D
:40F38000000000000000000000000000000000000000000000000000000000000000000000000000000000000000000000000000000000000000000000000000000000004D
:40F3C000000000000000000000000000000000000000000000000000000000000000000000000000000000000000000000000000000000000000000000000000000000000D
:40F4000000000000000000000000000000000000000000000000000000000000000000000000000000000000000000000000000000000000000000000000000000000000CC
:40F44000000000000000000000000000000000000000000000000000000000000000000000000000000000000000000000000000000000000000000000000000000000008C
:40F48000000000000000000000000000000000000000000000000000000000000000000000000000000000000000000000000000000000000000000000000000000000004C
:40F4C000000000000000000000000000000000000000000000000000000000000000000000000000000000000000000000000000000000000000000000000000000000000C
:40F5000000000000000000000000000000000000000000000000000000000000000000000000000000000000000000000000000000000000000000000000000000000000CB
:40F54000000000000000000000000000000000000000000000000000000000000000000000000000000000000000000000000000000000000000000000000000000000008B
:40F58000000000000000000000000000000000000000000000000000000000000000000000000000000000000000000000000000000000000000000000000000000000004B
:40F5C000000000000000000000000000000000000000000000000000000000000000000000000000000000000000000000000000000000000000000000000000000000000B
:40F6000000000000000000000000000000000000000000000000000000000000000000000000000000000000000000000000000000000000000000000000000000000000CA
:40F64000000000000000000000000000000000000000000000000000000000000000000000000000000000000000000000000000000000000000000000000000000000008A
:40F68000000000000000000000000000000000000000000000000000000000000000000000000000000000000000000000000000000000000000000000000000000000004A
:40F6C000000000000000000000000000000000000000000000000000000000000000000000000000000000000000000000000000000000000000000000000000000000000A
:40F7000000000000000000000000000000000000000000000000000000000000000000000000000000000000000000000000000000000000000000000000000000000000C9
:40F740000000000000000000000000000000000000000000000000000000000000000000000000000000000000000000000000000000000000000000000000000000000089
:40F780000000000000000000000000000000000000000000000000000000000000000000000000000000000000000000000000000000000000000000000000000000000049
:40F7C0000000000000000000000000000000000000000000000000000000000000000000000000000000000000000000000000000000000000000000000000000000000009
:40F8000000000000000000000000000000000000000000000000000000000000000000000000000000000000000000000000000000000000000000000000000000000000C8
:40F840000000000000000000000000000000000000000000000000000000000000000000000000000000000000000000000000000000000000000000000000000000000088
:40F880000000000000000000000000000000000000000000000000000000000000000000000000000000000000000000000000000000000000000000000000000000000048
:40F8C0000000000000000000000000000000000000000000000000000000000000000000000000000000000000000000000000000000000000000000000000000000000008
:40F9000000000000000000000000000000000000000000000000000000000000000000000000000000000000000000000000000000000000000000000000000000000000C7
:40F940000000000000000000000000000000000000000000000000000000000000000000000000000000000000000000000000000000000000000000000000000000000087
:40F980000000000000000000000000000000000000000000000000000000000000000000000000000000000000000000000000000000000000000000000000000000000047
:40F9C0000000000000000000000000000000000000000000000000000000000000000000000000000000000000000000000000000000000000000000000000000000000007
:40FA000000000000000000000000000000000000000000000000000000000000000000000000000000000000000000000000000000000000000000000000000000000000C6
:40FA40000000000000000000000000000000000000000000000000000000000000000000000000000000000000000000000000000000000000000000000000000000000086
:40FA80000000000000000000000000000000000000000000000000000000000000000000000000000000000000000000000000000000000000000000000000000000000046
:40FAC0000000000000000000000000000000000000000000000000000000000000000000000000000000000000000000000000000000000000000000000000000000000006
:40FB000000000000000000000000000000000000000000000000000000000000000000000000000000000000000000000000000000000000000000000000000000000000C5
:40FB40000000000000000000000000000000000000000000000000000000000000000000000000000000000000000000000000000000000000000000000000000000000085
:40FB80000000000000000000000000000000000000000000000000000000000000000000000000000000000000000000000000000000000000000000000000000000000045
:40FBC0000000000000000000000000000000000000000000000000000000000000000000000000000000000000000000000000000000000000000000000000000000000005
:40FC000000000000000000000000000000000000000000000000000000000000000000000000000000000000000000000000000000000000000000000000000000000000C4
:40FC40000000000000000000000000000000000000000000000000000000000000000000000000000000000000000000000000000000000000000000000000000000000084
:40FC80000000000000000000000000000000000000000000000000000000000000000000000000000000000000000000000000000000000000000000000000000000000044
:40FCC0000000000000000000000000000000000000000000000000000000000000000000000000000000000000000000000000000000000000000000000000000000000004
:40FD000000000000000000000000000000000000000000000000000000000000000000000000000000000000000000000000000000000000000000000000000000000000C3
:40FD40000000000000000000000000000000000000000000000000000000000000000000000000000000000000000000000000000000000000000000000000000000000083
:40FD80000000000000000000000000000000000000000000000000000000000000000000000000000000000000000000000000000000000000000000000000000000000043
:40FDC0000000000000000000000000000000000000000000000000000000000000000000000000000000000000000000000000000000000000000000000000000000000003
:40FE000000000000000000000000000000000000000000000000000000000000000000000000000000000000000000000000000000000000000000000000000000000000C2
:40FE40000000000000000000000000000000000000000000000000000000000000000000000000000000000000000000000000000000000000000000000000000000000082
:40FE80000000000000000000000000000000000000000000000000000000000000000000000000000000000000000000000000000000000000000000000000000000000042
:40FEC0000000000000000000000000000000000000000000000000000000000000000000000000000000000000000000000000000000000000000000000000000000000002
:40FF000000000000000000000000000000000000000000000000000000000000000000000000000000000000000000000000000000000000000000000000000000000000C1
:40FF40000000000000000000000000000000000000000000000000000000000000000000000000000000000000000000000000000000000000000000000000000000000081
:40FF80000000000000000000000000000000000000000000000000000000000000000000000000000000000000000000000000000000000000000000000000000000000041
:40FFC0000A00004AA7000000400000BEC000000000000000000000000000000000000000000000000000000000000000000000000000000000000000000000000000000048
:0200000480007A
:4000000000000000000000000000000000000000000000000000000000000000000000000000000000000000000000000000000000000000000000000000000000000000C0
:400040000000000000000000000000000000000000000000000000000000000000000000000000000000000000000000000000000000000000000000000000000000000080
:400080000000000000000000000000000000000000000000000000000000000000000000000000000000000000000000000000000000000000000000000000000000000040
:4000C0000000000000000000000000000000000000000000000000000000000000000000000000000000000000000000000000000000000000000000000000000000000000
:4001000000000000000000000000000000000000000000000000000000000000000000000000000000000000000000000000000000000000000000000000000000000000BF
:40014000000000000000000000000000000000000000000000000000000000000000000000000000000000000000000000000000000000000000000000000000000000007F
:40018000000000000000000000000000000000000000000000000000000000000000000000000000000000000000000000000000000000000000000000000000000000003F
:4001C00000000000000000000000000000000000000000000000000000000000000000000000000000000000000000000000000000000000000000000000000000000000FF
:4002000000000000000000000000000000000000000000000000000000000000000000000000000000000000000000000000000000000000000000000000000000000000BE
:40024000000000000000000000000000000000000000000000000000000000000000000000000000000000000000000000000000000000000000000000000000000000007E
:40028000000000000000000000000000000000000000000000000000000000000000000000000000000000000000000000000000000000000000000000000000000000003E
:4002C00000000000000000000000000000000000000000000000000000000000000000000000000000000000000000000000000000000000000000000000000000000000FE
:4003000000000000000000000000000000000000000000000000000000000000000000000000000000000000000000000000000000000000000000000000000000000000BD
:40034000000000000000000000000000000000000000000000000000000000000000000000000000000000000000000000000000000000000000000000000000000000007D
:40038000000000000000000000000000000000000000000000000000000000000000000000000000000000000000000000000000000000000000000000000000000000003D
:4003C00000000000000000000000000000000000000000000000000000000000000000000000000000000000000000000000000000000000000000000000000000000000FD
:4004000000000000000000000000000000000000000000000000000000000000000000000000000000000000000000000000000000000000000000000000000000000000BC
:40044000000000000000000000000000000000000000000000000000000000000000000000000000000000000000000000000000000000000000000000000000000000007C
:40048000000000000000000000000000000000000000000000000000000000000000000000000000000000000000000000000000000000000000000000000000000000003C
:4004C00000000000000000000000000000000000000000000000000000000000000000000000000000000000000000000000000000000000000000000000000000000000FC
:4005000000000000000000000000000000000000000000000000000000000000000000000000000000000000000000000000000000000000000000000000000000000000BB
:40054000000000000000000000000000000000000000000000000000000000000000000000000000000000000000000000000000000000000000000000000000000000007B
:40058000000000000000000000000000000000000000000000000000000000000000000000000000000000000000000000000000000000000000000000000000000000003B
:4005C00000000000000000000000000000000000000000000000000000000000000000000000000000000000000000000000000000000000000000000000000000000000FB
:4006000000000000000000000000000000000000000000000000000000000000000000000000000000000000000000000000000000000000000000000000000000000000BA
:40064000000000000000000000000000000000000000000000000000000000000000000000000000000000000000000000000000000000000000000000000000000000007A
:40068000000000000000000000000000000000000000000000000000000000000000000000000000000000000000000000000000000000000000000000000000000000003A
:4006C00000000000000000000000000000000000000000000000000000000000000000000000000000000000000000000000000000000000000000000000000000000000FA
:4007000000000000000000000000000000000000000000000000000000000000000000000000000000000000000000000000000000000000000000000000000000000000B9
:400740000000000000000000000000000000000000000000000000000000000000000000000000000000000000000000000000000000000000000000000000000000000079
:400780000000000000000000000000000000000000000000000000000000000000000000000000000000000000000000000000000000000000000000000000000000000039
:4007C00000000000000000000000000000000000000000000000000000000000000000000000000000000000000000000000000000000000000000000000000000000000F9
:400800000000000000000000000000000000000000000000000000000000000000000000829900000000000046C5000000000000004000008000000080C000000000000092
:40084000060C00020000000008040000400000000000000000000200AE0000C0000000000020000000000000000087000000000800000204000000200200010100000000CF
:400880000000000200000000002A001500000000000000100000010000000000000000030330000C00000000000000000000000000000000000000000000000000000000A4
:4008C000000008000404000499900001000000000000000000000000000000000000000000000000000000000000000000000002000000800000010800000440008A00451C
:400900000000020400200810000000000A100520000000000000000100000000003003C00C0C0003000000000000000000000000000000000000000000000000000000002B
:400940000100000004040004999000010000000000000000000000000000000000000000000000000000000000000000000000000000000800000004000000000008000428
:400980000000000000020001000000000001000200000000000000000000000000000000000C00030000C00000000040000000000000000000000000000000000000000022
:4009C00000000A000404000498900811000000000000000000000000000000000000000000000000000000000000000000000004000000000000000000000000000000009C
:400A00000000000200000008000A02050000000100000000000001000000000000000003020C01000000000000000000000000000000000000000000000000000000000087
:400A4000000002000404000994900801000000000000000000000000000000000000000000000000000000000000000004000008000000010000000001000204040000100E
:400A80000000010200000220002A001500000100000000000000000000000000040000030330000C000000000000000000000000000000000000000000000000000000008B
:400AC00000000200040400099190080100000000000000000000000000000000000000000000000000000000000000000000000100000000000002040100020000020001AC
:400B00000000000000000002000001000000000400000000000000000000000000000003000003040000000000000040000000000000000000000000000000000000000064
:400B40000000000004040004910000010000000000000000000000000000000000000000000000000000000000000000545754575457545754575457545754575457545729
:400B800054575457545754575457545756575557545754575457545775575E57030008A820A880A8FFBF5455000055550000000000000000000000000000000000000000F9
:400BC000000008000404000400900001000000000000000000000000000000000000000000000000000000000000000080004000200010000800040002000100000200014E
:400C0000000800040020001000000000AA2A551500000000000000000000000003030C0C3030C000FF3F5415000000002305000000CEB0000BFFFFFF0000000004000101A1
:400C40000000100004040404002100010000C0004001800030004010100040A800000000000000000000000000000000020201010808040420201010808040400280014078
:400C80000820041020081004800240010000000000000000000000000000000003030C0C3030C0C0FFFF545500000000000000000000000000000000000000000000000054
:400CC000000008000404000400200001000000000000000000000000000000000000000000000000000000000000000080124011201810140810041002120111021001100B
:400D00000818041420101010801040100010001000100010001000100010001003030C0C3020C000FF2F5515000000100000000000000000000000000000000000000000F5
:400D40000000022404040004001000010000000000000000000000000000000000000000000000000000000000000000000000000000000000000000000000000000000030
:400D80000000000000000000000000000000000000000000000000000000000000000000000000000008000000000004000000000000000000000000000000000000000027
:400DC0000000000000040000000000010000000000000000000000000000000000000000000000000000000000000000000100400001011002010020000100040001000270
:400E0000000002FE0001000800000200000000FE00FF0300020000010001008000FF0000030000000000000000000000000000000000000000000000000000000000000021
:400E4000000008000404000411900001000000000000000000000000000000000000000000000000000000000000000000040300030108000002020000100300000F000083
:400E8000030F080000010100030008000000000000000300000F00000408000000000F1F0000000000000000000000000000000000000000000000000000000000000000BF
:400EC0007F000400040400041190000100000000000000000000000000000000000000000000000000000000000000000000000000000000000000000000000000000000C1
:400F0000000100000100000000010000000000000000000000000000000001000001000001000000000000002001000000000000000000000000000000000000000000008A
:400F400000000800040400048890001100000000000000000000000000000000000000000000000000000000000000000000020810040300010002014008030004000302BB
:400F800000000000FF0000000000FD030000FC00200803000800030803008001FF03000800030004000000000000000400000000000000000000000000000000000000005F
:400FC00001000000040400041110000100000000000000000000000000000000000000000000000000000000000000008002400100080004002000100280014002020101FA
:401000000800040020201010800040000000000008080404200010000080004003030C0C3030C0C0FFFF5455000000000000000000000000000000000000000000000000D7
:40104000000008000404000400900001000000000000000000000000000000000000000000000000000000000000000080124011081804142010101080124011021001105A
:401080000818041400100010001000100010001020101010001000100210011003030C0C3020C000FF2F55150000001000000000000000000000000000000000000000002F
:4010C000000008000404000400900001000000000000000000000000000000000000000000000000000000000000000000000007030000000000100000001F00020100000F
:4011000000000003000303000700080300030304080704000003000401020000000000001F0700002000000000000000000000000000000000000000000000000000000027
:40114000030004000404000411900001000000000000000000000000000000000000000000000000000000000000000000000012000800000000000000000000000000019F
:4011800000000001001200040000000000000000000001000004001200000010001001060008000100000000000000402604030005C0E0000AFFFFFF022000050400070086
:4011C00001000000040404041011000100004001400150014001701040100000000000000000000000000000000000000000000000000000000000000000000000003F3F5A
:4012000008000000007F000000000000000000000000001FF43D00000000000000000000007F00000000030000000000030100000000000000000201030100001701000032
:40124000000000001001070107000000000000000000000000000000000000000000000000000000000000000000000000000000000000000000002000000000040000002A
:40128000100002000000000000000000000000000000000000000000000000000000000000000000000000000000000000000000000000000000080008000100000000000B
:4012C000000000000000000000000000000000000000000000000000040000000000802000002000000000000000000000000000000000000000000000000000000000002A
:4013000000000000000000000000000000000000000000000000000000000000000000000000000000000000000000000000020000000000000000000000000000000000AB
:401340000000000000080000000020000000000000000000000000000000010210080000000000000000000000002102000020000000800000000000000000000000000067
:40138000000000000000000000000000000004000E00000000000000000000000000000000000000020000000000030008000000020000000000000000000000000000000C
:4013C00000000000000000000000000010000000000000000000010000002000000000000000000000000000000000000000000000000000000000000000000000000000BC
:4014000000000000000000000000000000000000000000000000000000000000000000000000000000000000000000000000000000000000000000000000000000000000AC
:401440000000000000000000000000000000000000000000000000000000000000080000000001000000000000002102000020000000900000000000000020000000000070
:401480000000000000000000000000000200060000000000000000000000000000000000000000000000000000000000000000000000000000000000000000000000000024
:4014C00000000000000000000000000000008000000020000000000000000000000800000000010000000000000001020000000000001000400000000000000000040000EC
:4015000000000000000000000000000000000000000000000000000000000000000000000000000000000000000000000000000000000000000000000100000000000000AA
:401540000000000000000000000000000000000040000000000200000000000000000000000000000000000000000000000000000000000000000000000000000000000029
:401580000000000000000000000000000000000000000000000000000000000000000000000000000000000200000000000001000000080000000000000000000000000020
:4015C00000000000000000000000000000020000000019000000000000000000000000000000000000000000000000000000000000000000000000000000000000000000D0
:40160000000000000000000000000000010008000000000000000000000000000000000000000200030000000000000000000000000000000000000000000000000000009C
:40164000000000000000000000000000002801000000000042000800000000008100200000000008002000000000000800202000080148006220000000200001810014005D
:401680002002280400000102300200040000000040210004000000000062000200000000100000001000004010008000800000000000000000000000200020010000000029
:4016C0000000000000000000000000008000004000000004000010010408100000402800000000001300010880000000000000003000080900000808108000010010000003
:4017000000000100000000000000000007000B002D00000000003F00EF00C100E000300000003C0001000000000000000000D00000002000000011005000A000000000003C
:4017400000000000000000000000000010000020000286100008000210080200000018000000208800000020000800088000008000000810400090200040800808100002A3
:40178000101009200400268084002200000000000000000000000000000000000000000000000000000000000088210000600000A00040080000000000000000000000009F
:4017C00000000000000000000000000080100008684000000020D000100201000400018A0040000040880228000000100010100200008108000020020040C0000500000003
:40180000100310000000000000000000F600E500A600000000003F00E700FF00000000000000F000FC0000000000000006000000010000004000050000000900000000009E
:4018400000000000000000000000000008A1000000000041000050000000AA00020400000000001405A050000055AA00001D00000055200000000000000088002028000014
:401880000000200280020004008A20000000000000000000000000000000000000000000000000000000000000000000008000000000400006050000000000554000000472
:4018C0000000A80200000000000000008000000000000000000040002000000000402800050A50000300000800550000000000001075000000800000000000080101040420
:401900000000000000000000000000009F00FC006500000000005000A200FB00000000000000000018000000000000001000000040009000000080000000A00000000000A2
:401940000000000000000000000000004C008800400002000020028000400A0048400029000000400001000000000800022A00000000004000400028000000000002800015
:401980000000044000802402000000000000003000000000000000000000000000000000000000001001028000000000000000000080000010029000002880008010801090
:4019C000000000000000000030001000001008020008009000000100000444010000208A0002000010080208250200520C0010029100050800004000000100000800020855
:401A00000000000000000000000000000F004B008F00000000000E0059000F000000000000000C0010000000000060000000000000000100040008000000000000000000BE
:401A40000000000000000000000000005500000000550000000055000000AA000000000000000000500005000000AA00000800480000005600000000000000000008000010
:401A800000000056000A004000AA000000000000000000000000000000000000000000000000000000000000008000000020000000008000020128000000000000800014FD
:401AC0000000000000000000000000000000000002800010020080000000000000400000000000000000000000000000000000001000000000000000000000000000000082
:401B0000004000000000000000000000FF00FF000000000000000000F200FB0000000000000010001400000000000000000000000000A0004000080000000000000000006E
:401B400000000000000000000000000094000080000000000000000030000000400000020129140000009A009400008000140040002882004000000000000000002882000B
:401B800080101040000040400000000000000018000000002000010200000000100000000000000000009A00002000000000540000500000000040000000000000000000DC
:401BC00000000000000000000000000000401000044000440000000220000000000000002042008000280000A4020000000000009100040201000000002000000000204023
:401C00000010000000000000000000000F00000098000000000001000F0000000600080000002F003E00000000000000000008000000B200000008000000000000000000A0
:401C40000000000000000000000000000000000010000020000000000000000000000000000000000000002000000000000000000000000000000000000000000000000014
:401C8000000000000000000000000000000000000000000000000000000000000000000000000000000000000000000000000000020004000000000080000400000000009A
:401CC0000000000000000000000000000200010220000100000004A0400002008000000000000000801004000000020001282000020000100000000040000000002881007E
:401D000000000011018400002000010000000000000000000000041000000000000000000000000001402800800000100108104000400001009402000000000000000000AF
:401D4000000000000060020000000000000000000000000000000000400000000020292100120000010810012402001000008000000002001000000100004800008000108A
:401D8000000000000000000000000000C9008E000800000000008000AF00AB000000000000003F000F00000000000C0000000A0002001400200000008000040000000000CC
:401DC00000000000000000000000000000000000000000000000000000000000000000000000000000000000000000000000000000000020000000000000000000000000C3
:401E000000000000000000000000000000000000000000000000000000000000000000000000000000000000000000000000000000000000000000000000000000000000A2
:401E40000000000000000000000000000000000000000000000000000000000000000000000000000000000000000000000000000000000000000000000000000000000062
:401E8000000000000000000000000000000000000000000000000000000000000000000000000000000000000000000000000900020008000000000000000000000000000F
:401EC00000000000000000000000000000000000000000000000000200000000000004000000000000500000000001400028140004809001000002000000004000A8000010
:401F000000000011000100000420000000000000000000000000000000000280000000000000000004520000108000080000000200080000088500005020000000008A006A
:401F40004000400400000840200002000000040000118000000000000000000000000001A0940080010010080000081500000001488010000000000000000008010000040D
:401F8000000204400000000000000000000001000200000000008100AE0061000000000000007F004800000000003500000009000200080010000000000000000000000029
:401FC000000000000000000000000000201FDF00DF000000000F0F000F0200004400000C08000C00C00000006000806F0B4040000000000018000058E000E0000000000087
:0200000490006A
:040000000800C0052F
:0200000490105A
:04000000BC90ACAF55
:0200000490303A
:020000001EAF31
:0200000490501A
:0C00000000011E09306903011E6C4F183E
:0200000490402A
:4000000000000000000000000000000000000000000000000000000000000000000000000000000000000000000000000000000000000000000000000000000000000000C0
:00000001FF
