:10410000024AE1008F828E83E0540100000070F8C3
:104110002278FFE4F6D8FD024B6F024462E8648027
:10412000F8E933E83360110460F0ED33EC337009E3
:10413000E8FCE9FDEAFEEBFF220460DED3EB9FEA38
:104140009EE99DE8C2E78CF0C2F795F0400CE8CC00
:10415000F8E9CDF9EACEFAEBCFFB12442D85D0F089
:104160005804700320D5B3E80470075002B2D5029A
:10417000446C92D5EC0460F7E4CCC0E0C398F860DE
:104180003B94186008400DD0E0FB024444E4FBFA85
:10419000C9FC8028E830E406E4C9FBE4CAFCE83046
:1041A000E305E4C9CACBFCE854076010F8C3E9137F
:1041B000F9EA13FAEB13FBEC13FCD8F130F52FC33B
:1041C000E49CFCEF9BFFEE9AFEED99FDD0E0FBEF47
:1041D0004E4D4C701222DB03024469EC2CFCEF3391
:1041E000FFEE33FEED33FDED30E7EB024444EF2B01
:1041F000FFEE3AFEED39FDD0E0FB50130BBB0003A0
:1042000002446CED13FDEE13FEEF13FFEC13FC0202
:104210004444EC4D6011E8497017ED33EC33046011
:104220000DE4FCFFFEFD22E933E8330470F802449C
:104230006212442D58046009E4CC248150062850B1
:104240000902446C284003024469C0E0EB4A704410
:10425000B98006D0E0FB024458EF4E701CBD8008C8
:10426000EBFFEAFEE9FD80EBE98DF0A4FEE5F0024C
:1042700042FBE9CDF9EAFEEBFFEF89F0A4FCE5F0A3
:10428000CE89F0A42EFFE435F0CD89F0A42DFEE414
:1042900035F08067EF4E7005BD80D780C3EF8BF09F
:1042A000A4ACF0EE8BF0A42CFCE435F0F8EF8AF02F
:1042B000A42CE5F038FCE433CB8DF0A42CFCE5F025
:1042C0003BF8EE8AF0A42CFCE5F038F8E433CF8913
:1042D000F0A42CFCE5F038CF3400CE89F0A42FFFF9
:1042E000E5F03EFEE433C98DF0A42EFEE5F039CDB5
:1042F0008AF0A42FFFE5F03EFEE43DFD33D0E0FB65
:1043000050070BBB000F02446CEC2CFCEF33FFEEAC
:1043100033FEED33FD02444402446CEC5D04600561
:10432000E85904700302446212442D580460F6EC0C
:104330004860F2EC7004FDFEFF22C860DB2481C8F7
:104340005009C398600250060244699850CAF58229
:10435000E9294B4A7005AB8202445875F0007C1A7B
:104360007880C3EF9BEE9AED99400DC3EF9BFFEE73
:104370009AFEED99FDE842F0DC23ACF0D0E0FFD0EE
:10438000E0FED0E0FDAB8220E7101BEB60BAEC2C26
:10439000FCEF33FFEE33FEED33FD024444E803F857
:1043A00030E705C0F075F000EF2FFFEE33FEED3380
:1043B000FD40B830E7C280AA75F020800E75F0107D
:1043C000800575F0087D007E007F003392D530D5E2
:1043D00003124629EC334010EF33FFEE33FEED338A
:1043E000FDEC33FCD5F0ED22E5F0247EA2D513CC14
:1043F00092E7CDCEFF22EDD2E7CD33EC3392D52438
:10440000814006E4FFFEFDFC22FCE4CFCECDCC24AF
:10441000E0501174FF80EDC3CC13CCCD13CDCE137F
:10442000CECF13CF0470F030D5DE024629E9D2E7B3
:10443000C933E833F892D5EDD2E7CD33EC33FC50F5
:1044400002B2D522EC30E7100FBF000C0EBE000800
:104450000DBD00040BEB6014A2D5EB13FCED92E74D
:10446000FD2274FFFCFDFEFF22E480F8A2D574FF5C
:1044700013FC7D80E480EFBB010689828A83E02201
:104480005002E722BBFE02E32289828A83E4932260
:10449000BB010689828A83F0225002F722BBFE010B
:1044A000F322EF8DF0A4A8F0CF8CF0A428CE8DF0ED
:1044B000A42EFE22C5F0F8A3E028F0C5F0F8E582AE
:1044C000158270021583E038F022A3F8E0C5F025CC
:1044D000F0F0E582158270021583E0C838F0E8221A
:1044E000BB010A89828A83F0E5F0A3F0225006F727
:1044F00009A7F01922BBFE06F3E5F009F31922E83B
:104500008FF0A4CC8BF0A42CFCE98EF0A42CFC8AB8
:10451000F0EDA42CFCEA8EF0A4CDA8F08BF0A42D35
:10452000CC3825F0FDE98FF0A42CCD35F0FCEB8ED6
:10453000F0A4FEA9F0EB8FF0A4CFC5F02ECD39FE8C
:10454000E43CFCEAA42DCE35F0FDE43CFC2275F001
:1045500008758200EF2FFFEE33FECD33CDCC33CC88
:10456000C58233C5829BED9AEC99E58298400CF5A3
:1045700082EE9BFEED9AFDEC99FC0FD5F0D6E4CED1
:10458000FBE4CDFAE4CCF9A88222B800C1B9005905
:10459000BA002DEC8BF084CFCECDFCE5F0CBF978D2
:1045A00018EF2FFFEE33FEED33FDEC33FCEB33FB66
:1045B00010D703994004EB99FB0FD8E5E4F9FA22F0
:1045C0007818EF2FFFEE33FEED33FDEC33FCC933EB
:1045D000C910D7059BE99A4007EC9BFCE99AF90FB3
:1045E000D8E0E4C9FAE4CCFB2275F010EF2FFFEE1F
:1045F00033FEED33FDCC33CCC833C810D7079BEC6A
:104600009AE899400AED9BFDEC9AFCE899F80FD5E1
:10461000F0DAE4CDFBE4CCFAE4C8F922CFF4CFCE53
:10462000F4CECDF4CDCCF4CC22C3E49FFFE49EFEC7
:10463000E49DFDE49CFC22EB9FF5F0EA9E42F0E94C
:104640009D42F0EC6480C864809845F022EB9FF5B1
:10465000F0EA9E42F0E99D42F0E89C45F022E860D5
:104660000FECC313FCED13FDEE13FEEF13FFD8F1B7
:1046700022E8600FEFC333FFEE33FEED33FDEC3382
:10468000FCD8F122BB010789828A830247D55005F5
:10469000E9F80247C9BBFE05E9F80247E189828AC9
:1046A000830247EDBB010789828A830246F35005E6
:1046B000E9F80247FDBBFE05E9F80248092274014A
:1046C000FF3395E0FEFDFCA3A3A3E0CF2FF0E5822E
:1046D000158270021583E0CE3EF0E58215827002ED
:1046E0001583E0CD3DF0E582158270021583E0CCA4
:1046F0003CF022ECF0A3EDF0A3EEF0A3EFF022A447
:104700002582F582E5F03583F58322D083D082F8C7
:10471000E4937012740193700DA3A393F874019342
:10472000F5828883E4737402936860EFA3A3A38087
:10473000DFD083D082E4937012740193700DA3A331
:1047400093F8740193F5828883E4737402936C7018
:10475000127403936D700C7404936E700674059359
:104760006F60DDA3A3A3A3A3A380CAE5092582F5F7
:1047700082E5083583F583B508048582092210AFE8
:1047800006858209F50822858209F508D2AF22E55F
:10479000092582F582E5083583F58322EC8EF0A4A5
:1047A000CCC5F0CCCDF8EFA4CEC5F02DFDE43CFC9B
:1047B000E8A42EC8C5F03DFDE43CFCEFA4FFE5F005
:1047C00028FEE43DFDE43CFC22E6FC08E6FD08E6AC
:1047D000FE08E6FF22E0FCA3E0FDA3E0FEA3E0FF6D
:1047E00022E2FC08E2FD08E2FE08E2FF22E493FC7C
:1047F000740193FD740293FE740393FF22ECF60898
:10480000EDF608EEF608EFF622ECF208EDF208EE0F
:10481000F208EFF222410A03554109A73241099CEF
:104820000041099B004109FE01410A091241099D0D
:10483000004109FA004109A532410A010041099EDF
:1048400000410A08014209A000004109A4004109F1
:10485000FD004109FC00440A0400000000410A0276
:10486000004109FB024109FF004109A600410A007D
:10487000004109F90041099F004109A2004109A333
:104880000041099800410CE900410CE800410CEDA1
:1048900000410CEC00410CEB0060390BBD480707F0
:1048A000070778B5B60755CE865695FD7D3D1D0D9B
:1048B0000585C5E5F5E007078D0730684284A483C8
:1048C0000124C3040274A344C282E364D443038179
:1048D00023146394B4C4440CA400001388410C99BD
:1048E00000410CC200420CB73DF4420CB90000413B
:1048F0000CBB00420CBC0BB8420CBE0000420CC00A
:104900000000440B6A00000000440B6E0000000031
:10491000410B3900410B4600440B5C000000004491
:104920000B6000000000410B6400410B6500410B6F
:104930006600410B6700440AAE713D0A07440ABF96
:10494000713D0A07410A9800440A9D000000004199
:104950000ABE00410AA2C4440A9900000000440AA9
:10496000C3017D7840410A9700410A8000420AA3B2
:10497000002A420A7E002A440AC800000000410AB8
:10498000D000410AC700420A810000440A700000BA
:104990000000410A7400440A7500000000440A79CE
:1049A00000000000410A7D00440C5000000000445B
:1049B0000C4600000000410C4E00410C4F00440C1E
:1049C0005400000000440C3D00000000440C410075
:1049D000000000410C450041090300440C81000027
:1049E0000000440C7D00000000410C7C00440C855C
:1049F00000000000410C7300420C742710440C7836
:104A0000000D4A58410C7032410C6E00410C71008F
:104A1000410C6F00410C6915440C6A000000004114
:104A20000C7200410C5800410C5900410C5A0041D5
:104A30000C5B00410C5C00410C5D00410C5E0041D0
:104A40000C5F00410C6200410C6300410C640044A7
:104A50000C6500000000410B1000410B2C0C490AB2
:104A6000D1000004040000000000410CEF00410CE4
:104A7000F400410CF5FF410CF6FF410CF7FF410C2F
:104A8000F8FF410CF9FF410CFAFF410CD480410CB6
:104A9000D37F440CCF000000FF440CAE023366C449
:104AA000440CA90000903C410CAD25440CB3481EB9
:104AB0000000410CFB00460CD50081023703004189
:104AC0000CFCFF410CFDFF430CDB000000410CFE21
:104AD00000420C140180420C16FF7F420C120100B0
:104AE0000075930078007583467582E8E04401F014
:104AF0000090480074C0F07581099076BCE4F0A382
:104B0000F0A3F0A3F0907010F0907019F090702066
:104B1000F09076007410F0907604E4F0A3F0A3F027
:104B2000A3F09078007800087400F0A37408F0E80F
:104B3000B8040274FFA3F0A37422F0A374BCF0A322
:104B40007476F0A3E4F0A3E81475F008A4F0A3B819
:104B500004D59070107401F0907014F07E707F187E
:104B6000124104907010F0EA900CB2F002411175FD
:104B7000081F7509FD12C57312A84A12C506024B1B
:104B8000BC025DF0E493A3F8E493A34003F6800134
:104B9000F208DFF48029E493A3F85407240CC8C377
:104BA00033C4540F4420C8834004F456800146F6B1
:104BB000DFE4800B0102040810204080904815E4D7
:104BC0007E019360BCA3FF543F30E509541FFEE40F
:104BD00093A360010ECF54C025E060A840B8E493D1
:104BE000A3FAE493A3F8E493A3C8C582C8CAC58313
:104BF000CAF0A3C8C582C8CAC583CADFE9DEE78098
:104C0000BEC2D5E830E70FB2D5E4C39BFBE49AFA05
:104C1000E499F9E498F8EC30E717B2D5124C371262
:104C2000458AE4C39BFBE49AFAE499F9E498F88096
:104C30000312458A30D50DE4C39FFFE49EFEE49D38
:104C4000FDE49CFC22758600EF4E6027EF60010EAC
:104C5000759300900A2AE0F595A3E0F585A3E0F5A9
:104C6000848B938A838982E0A30586F0A31586DF6F
:104C7000F6DEF4E4F593F59522028A40EEFA900C04
:104C8000ADE0F88FF0A4FFAEF0E88AF0A42EFEE5C8
:104C9000F03400FDEF24C9FF78FFEE38FEED38FD5B
:104CA000E438FC5003024D0022758600EF4E601B75
:104CB000EF60010E8C838D828B958A858984E493C5
:104CC000A30586F0A31586DFF5DEF3E4F59522EC67
:104CD0004D6011ED60010C8B938A838982E4F0A30F
:104CE000DDFCDCFA75930022EF54016004D2AF8042
:104CF00002C2AFEF5402FF9044F4E054FD4FF022A3
:104D0000EC4D4E700D78FCEF24E950032840FD2255
:104D100000007BF178DA0000EF28FF78FFEE38FE24
:104D2000ED38FDEC38FC50E7EF2BFFEE38FEED38A8
:104D3000FDEC38FC40F222050203049044F4E0F854
:104D40004402F0E85402FF10AF012274014FFF2229
:104D50008B938A838982EFF0A3EEF0A3EDF0A3ECAE
:104D6000F075930022452020005020200053202081
:104D700000432020008B938A838982E0FFA3E0FE1A
:104D8000759300228B938A838982EDF0A3ECF075F2
:104D90009300228B938A838982E0759300FF228B94
:104DA000938A838982EDF075930022EC30E7031239
:104DB00046292204001001A0000000080010000095
:104DC00000180000100000000000010400000000B6
:104DD0000018000018001551140000000008000819
:104DE000000040008800000000001500A4000181C0
:104DF0002822000000000000000000000000000069
:104E0000000000000000000000000000000040481A
:104E1000022000000000020200221000000000003A
:104E20000000000000000000000000000000000082
:104E30000000001200000000000000000000000060
:104E40000000000000000000000000000000000062
:104E50000000000000000000000000000000000052
:104E60000000000000000000000000000000000042
:104E7000000000C5006000120000000000A200EA6F
:104E800000FF00000000000000F800F80000000033
:104E90000000000000000000000000000000000012
:104EA0000000000000000000000000000000000002
:104EB00000000000000000000000000000000000F2
:104EC0000000000000000000000002000000800060
:104ED00000000000000000000000000000000000D2
:104EE00000000000000000000000000000000000C2
:104EF00000000000000000000000000000000000B2
:104F000000000000000000000000000000000000A1
:104F10000000000000000000000000000000000091
:104F20000000000000008000000000000000000001
:104F300040000000000080000000000000000000B1
:104F40000000000040000000000000000000000021
:104F500000000200000000000000800000100000BF
:104F600000020800000000000000800000000000B7
:104F700000000000000000200040000000000000D1
:104F800000000000000000000000000000000080A1
:104F900000200000008000000000000000C00000B1
:104FA00000400000000000000000000000000000C1
:104FB00000000000000000000000000000000000F1
:104FC00000000000000000000000000000000000E1
:104FD0000000000000000000400000000000000091
:104FE00000000000000000000000000000000000C1
:104FF00000000000000000000000000000000000B1
:105000000000000000020000000008000000000096
:105010000000000000000000000000000000000090
:105020000000000000000000000000000000000080
:1050300000000000600000000000400000000000D0
:1050400000000000000000000010800000000000D0
:1050500020000200000000004000000000000000EE
:105060000000000000000000000000000000000040
:105070000000000000000000000000200000000010
:1050800000000000000000C0000000000000000060
:10509000000000000010000000A000000000000060
:1050A0000000000000000000000000000000000000
:1050B00000000000000000000000000000000000F0
:1050C00000000000000000000000000000000000E0
:1050D00000000000101000000000000000000000B0
:1050E00000000000000000000000000000000000C0
:1050F00000000000000000000000000000000000B0
:10510000000000000000400000000000000000005F
:10511000000000000000000000000000000000008F
:10512000000000000004000000000000000000007B
:10513000000000000000010000000000002400004A
:10514000000001000000020020300100000000000B
:1051500020200200000000004000000000002004A9
:10516000040000000000000000000000000000003B
:10517000000000000000000000000010000000001F
:1051800000000000000000200000000000000020DF
:10519000000000000000002000000000001000409F
:1051A00000200000000000000000000000000000DF
:1051B00000000000000000000000000000000000EF
:1051C00000000010000000000000000000000000CF
:1051D00000000000000000000000000000000000CF
:1051E00000000000000000000000000000000000BF
:1051F000001000000000000000000000000000009F
:10520000000000001000000000200000000400006A
:10521000000000000000000000000000000000008E
:10522000000000000000000000000000000000007E
:1052300000000020000000900004000000000000BA
:10524000000004000400020000200180000000347F
:105250002020060000000010400020800000000018
:1052600000000000200040000000000000000000DE
:10527000000000000000001000000000000000001E
:10528000002000000000006000400000000000005E
:1052900000000000005000400020000000000080DE
:1052A00000000000000000000000000000000000FE
:1052B000000000000000000000000080000000006E
:1052C000200040000000000000000000000000007E
:1052D00000000000000000000000000000000000CE
:1052E0000000000000000000000000090000002095
:1052F00000000101000000000000000000000000AC
:105300000000000000002000002001000020040038
:105310000000002000000204000000000000000067
:10532000000000000000000000000000000000007D
:105330000000000000000000000C00000000000061
:105340000000000804000200000800000000001037
:1053500020000200000000004008000000000000E3
:10536000000031000000000000000200000000000A
:105370000000000000E0000000000000000000004D
:1053800000E00010000000E0006000C0000000002D
:1053900000000000001000000010001000000000DD
:1053A00000000000000000000000000000000000FD
:1053B00000000000000000000000000000000000ED
:1053C00000000000000010000400000800000100C0
:1053D00000000100000000000000000000000000CC
:1053E0000000001000040000200800000000000081
:1053F000800000000000200000000000000000000D
:10540000000000000000000000000000000000009C
:10541000000000000000000000000000000000008C
:10542000000000000000000000000000000000007C
:10543000000000000000000000000000000000006C
:10544000000000000000000000000000000000005C
:10545000000000000000000000000000000000004C
:10546000000000000000000000000000000000003C
:10547000000000000000006000700000000000F06C
:1054800000200010000000000000000000000000EC
:10549000000000000000000000000000000000000C
:1054A00000000000000000000000000000000000FC
:1054B00000000001000000000000000100000000EA
:1054C00000010001000000100001000100000008C0
:1054D00000000001000000080001000100000001C0
:1054E0000008230254B376080008230354BB761047
:1054F0000008230454C376200008230554CB7628E3
:105500000008230654D376300005230754DB7020AF
:105510000005230854DB70300005230954DB70506C
:105520000005230A54DB7060000523FE54DB707015
:105530000015220C0CE449C8004022FE0CE4513056
:105540000180220E0CE40A000080220F0CE40C8083
:10555000020022100CE40E00010022110CE44400B1
:10556000008022120CE44600008022FE0CE44D0074
:10557000008023144DB30100008023154E330180B9
:10558000008023164EB34900008023174F33498013
:10559000008023184FB348000080231950334880FF
:1055A0000080231A50B343000080231B51334380F3
:1055B0000080231C51B342000080231D52334280DF
:1055C0000080231E52B341000080231F53334180CB
:1055D0000080232053B34000008023FE54334080DA
:1055E000000723220828520000072323083052080E
:1055F0000007232408385210000623250840526073
:1056000000072326084852780008232708504578C9
:10561000000C232808604F000020232911EC64703F
:10562000002023FE120C65700008232B085851003F
:105630000080232C086C00000080232D08EC0080E3
:105640000080232E096C02000080232F09EC0280C9
:10565000008023300A6C0400008023310AEC0480AF
:10566000008023320B6C0600008023330BEC068095
:10567000008023340C6C0800008023350CEC08807B
:10568000008023360D6C0C00008023370DEC1400D5
:10569000008023380E6C1480008023390EEC160035
:1056A0000080233A0F6C16800080233B0FEC18001B
:1056B0000080233C106C18800080233D10EC1A0001
:1056C0000080233E116C1A800010233F122C5010D2
:1056D00000102340123C500000802341124C4D80AA
:1056E0000080234212CC4C0000802343134C4C809A
:1056F0000080234413CC470000802345144C47808E
:105700000080234614CC468000802347154C45007A
:105710000080234815CC458000802349164C1B008F
:105720000080234A16CC1B800080234B174C1500A9
:105730000080234C17CC15800080234D184C190095
:105740000080234E18CC19800080234F194C17007D
:105750000080235019CC1780008023511A4C090077
:10576000008023521ACC0980008023531B4C070071
:10577000008023541BCC0780008023551C4C0B80D9
:10578000008023561CCC0500008023571D4C05804B
:10579000008023581DCC0D00008023591E4C0D8025
:1057A0000080235A1ECC0300008023FE1F4C038080
:1057B00000010000000200000004000000050000DD
:1057C000000600001201000200000008C016DC05FF
:1057D00003000F0E80010902B700040100C0020996
:1057E00004000000FF00000C09040100000101009A
:1057F000090A2401000134000202030C24020103FF
:105800000600020300000009240302010100010058
:105810000C24020301010002030000000924030418
:10582000030600030009040200000102000A090443
:105830000201010102000A072401020201000B24F7
:105840000201020210010077010905822D80010189
:105850000000072501800100000904030000010287
:10586000000B09040301010102000B0724010301DD
:1058700001000B2402010202100100770109050357
:105880002D800101000007250180010000040309AB
:10589000040C03410045003900520042001A035035
:1058A00000650061006200650072007200790020EE
:1058B0000053004400520022035000650061006262
:1058C00000650072007200790020005200650063DC
:1058D00000650069007600650024035000650061E2
:1058E00000620065007200720079002000540072AE
:1058F0000061006E0073006D00690074001E0350AB
:10590000006500610062006500720072007900208D
:105910000052006100640069006F001603440047F4
:105920000038005300410051002D0049003200436F
:10593000001A037700770077002E006F0062006482
:1059400000650076002E00610074001E034D007596
:10595000006C00740075007300200043006F006E3F
:1059600000740072006F006C0020034D0075006C25
:10597000007400750073002000490051002000539E
:10598000006F0075006E00640024034D0075006C0C
:10599000007400750073002000490051002000527F
:1059A0000065006300650069007600650026034D10
:1059B0000075006C007400750073002000490051F0
:1059C0000020005400720061006E0073006D0069D9
:1059D00000740026034D0075006C007400750073A0
:1059E000002000530044005200200043006F006E6E
:1059F00000740072006F006C0020034D0075006C95
:105A00000074007500730020005300440052002C05
:105A1000004C004C0043002E001203500072006F37
:105A20000066006900630069006F00260377007755
:105A30000077002E006D0075006C00740075007317
:105A4000002D007300640072002E0063006F006D73
:105A50000000120350004500300046004B004F008C
:105A60002D0030000201822D0180010301032D0170
:105A70008001FF01010101FF57D602FF5A640000B7
:105A8000000000000000000000000000000000FF17
:105A90005A7201FF57C40000000001FF5A7601FF4F
:105AA0005A923031323334353637383941424344F3
:105AB000454600E4900A31F0A3F0A3F0A3F0A3F070
:105AC0007F64FEFDFC7177D2AF9044F474FDF01258
:105AD0006CB3F1CE12C85D7EA07F1E12C86E128913
:105AE000BAE4FFFEFDFC900A371246F37FC0127A3B
:105AF00069900A2FEFF0700812C25CF1CE12C45BFD
:105B0000F1ED900A30EFF0900A2FE0700CA3E06006
:105B1000087BFF7A4D796571FE900A30E060087B62
:105B2000FF7A4D796971FE900A2FE070087BFF7A49
:105B30004D796D71FE7F02F1E77F807E9F7DD57C80
:105B400000900A991246F3E4900AA1F0900A99E0B5
:105B5000FCA3E0FDA3E0FEA3E0FF128068EF70EC81
:105B6000E47FDC7E05FDFC7177B1EAEF54FEFF9126
:105B700061E47F05FEFDFC90FFFC12476B1246F3CB
:105B8000850883850982E0A3E0A3E0FEA3E0D39427
:105B900000EE9480403D900CB3E0FCA3E0FDA3E058
:105BA000FEA3E0FF124D00850883850982C083C0F3
:105BB00082E0FCA3E0FDA3E0FEA3E02400FFEE34BE
:105BC00080FEED34FFFDEC34FFFCD082D083124622
:105BD000F380AD900CA9E0FCA3E0FDA3E0FEA3E000
:105BE000FF850883850982E0F8A3E0F9A3E0FAA322
:105BF000E0FB1244FF124D0090000402476B900A34
:105C000036EBF0A3EAF0A3E9F0E4900A3AF0A3F04F
:105C1000900B10E0600312B00EB1EAEF5401440A99
:105C2000FF9161900A36E0FBA3E0FAA3E0F9126B62
:105C300071F1BAEF5408FF900A39E06F60F3EFF0AA
:105C4000A374FFF5F01244CA45F070E5900A3A04D7
:105C5000F0A374E0F07B007A007900126B7180D1C0
:105C600022906577EFF022900CA474FF1246C0E4F6
:105C7000FBFAF9F8C312464D7010900C9BF07F8828
:105C80007E13FDFC900CA41246F3900CA0E0700271
:105C9000A3E0601D900CA1E024FFF0900CA0E03484
:105CA000FFF0E07002A3E07008B1EAEF547FFF91CB
:105CB00061900C9FE0600414F08023900C9BE0FF47
:105CC000900CA2E06F6017900C9E7401F0A374C852
:105CD000F0E47F887E13FDFC900CA41246F3900C38
:105CE00099E0147002A171147002A1BE2402600236
:105CF000A1E9F1BAEF30E407900C9AE004F02290A9
:105D00000C9AE0FFC394554028EFD394735022902F
:105D10000C997401F0A37414F0900CA2E0900C9B09
:105D2000F0A3F0A37404F0B1EAEF54DF4440FF8124
:105D300061E4900C9AF0900C9EE07008900CA3E047
:105D40007002A1E9B1EAEF4480FF9161900CA3E0F9
:105D5000600C900CA07403F0A374E8F08009900C20
:105D6000A0E4F0A3740AF0E4900CA3F0900C9EF071
:105D700022900C9AE014F0E0706F900C9DE060307F
:105D8000B1EAEF4420FF9161900C9CE0FF30E30802
:105D9000900C9A7408F08006900C9A7403F0EF252A
:105DA000E0900C9CF0A3E014F0900C997402F022A7
:105DB000B1EAEF549FFF9161E4900C99F022900CAE
:105DC0009AE014F0E07022900C9DE06008900C9A2C
:105DD0007403F08006900C9A740AF0B1EAEF54DF75
:105DE000FF9161900C997401F022906577E0FF2299
:105DF000E4900A27F0A3F0A3F0A3F0A3F0A3F0A38C
:105E0000F0A3740AF051B3126A6712704B900A0340
:105E1000E0FFB4430C900A28E06F6002EFF012A29A
:105E2000BAF1BAEF5408FF900A25F0A3E06F60D7EB
:105E3000A3E0FF04F0EFB407004002E142905E44AB
:105E4000F8282873025E59025E5D025E9E025EC9FA
:105E5000025ECE025EDB025EF0916780AA900A03CA
:105E6000E0FF644360A1900A28E06F602DB1EAEF83
:105E700054FEFF9161B1EAEF4402FF9161B1EA90F3
:105E80000A2CEFF04408F04410FFF09161E4900C0C
:105E9000EDF0900A03E0900A28F0F153C107128F49
:105EA000609009A7E0FF900998E06F600DEFF0E0C7
:105EB00075F064A4FFAEF012C82D900A08E06401EA
:105EC0006002C10712A06FC10712743AC107900A9D
:105ED00000E06002C107128FACC107128D6612C5C7
:105EE00061EF7002C1077BFF7A4D797171FEC107C6
:105EF000900A03E064436016900A99E0FCA3E0FD79
:105F0000A3E0FEA3E0FF128068900A00EFF0F1BA70
:105F1000EF20E202F1C09009A3E0B4010EE4F07FAB
:105F20002C7E01FDFC7177F1C6C1079009A3E064E6
:105F3000026002C107F07F2C7E01FDFC7177F1C089
:105F4000C1071267CCE4900A27F0900A25E0A3F07D
:105F5000C10722900CEBE024FE602524F860301489
:105F6000604A240B7053900CEDE0604D900CECE017
:105F70007047900CEB7402F0B1EAEF54FDFF8161C1
:105F8000B1EAEF54F7FF9161900CEB740AF02290A4
:105F90000CEDE07024900CECE0701EB1EAEF54FEC2
:105FA0004408FF9161900CEB740BF022B1EAEF44CE
:105FB00002FF9161E4900CEBF022906463E0FF2219
:105FC0009046FA7440F09046F6E04401F022900CBE
:105FD000EFE0700912ACB6900CEF7401F012C248F9
:105FE0009044C17480F022906576EFF02212C48450
:105FF000126DF4126E9F7DF07F4012606A900A3637
:10600000EFF012C4E112C4A7900CF6E0FF11379034
:106010000CF5E0FF1137900CF8E0FF1137900CF70A
:10602000E0FF1137900CF9E0FF113712C4F512C4EC
:10603000BB900A36E0FF227E01EFC394185028750A
:10604000F010EFA42410F582E5F03470F583E054ED
:10605000FEF075F010EFA42410F582E5F03470F531
:1060600083E054DFF0E41EAF0622900A37EFF0A37E
:10607000EDF0E4900A3BF0A3F0A3F0900A3BE0FFC0
:10608000C39402505EEF14602F0470EF900A37E063
:10609000900A39F0900A38E0900A3AF07B017A0AC7
:1060A0007939900A617402F0E4A3F07F4612C2FBD2
:1060B000900A3BE004F080C3F168EF30E708900AF3
:1060C0003BE014F0800AEF30E106900A3BE004F078
:1060D000900A3C74FFF5F01244B445F0709D7F01C6
:1060E0002280987F00227DC07F40116A7D807F459D
:1060F000116A7DFF7F41116A7DFF7F42116A911411
:10610000311A12C4CC124D3B906597E04410F01246
:106110004CE890657BE04401F022E4900A2FF09077
:106120000A2FE0FFC39403400221C1EF6402703FD5
:10613000E02407F582E43409F583E0FF900907E0E5
:10614000FBE4900A3EF07D01FC718D900A2FE02463
:1061500007F582E43409F583E0FF7B017A097903CE
:10616000E9EAE4AD01AC027B477A64B15D804A9014
:106170000A2FE0FE2407F582E43409F583E0FF747A
:10618000082EF582E43409F583E0FB900A3E74049E
:10619000F07D017C00718D900A2FE02407F582E4E8
:1061A0003409F583E0FF7B017A09790BE9EAE4AD74
:1061B00001AC027B477A64B15D900A2FE004F021C4
:1061C0001F900CF8E0FFB1F3900CF8E0FF90090786
:1061D000E0FDB1D5E4900A2FF0900A2FE0FFC394C0
:1061E00003400241F9EF04A3F0C39403402EE4F00E
:1061F000900A2FE0240FF582E43409F583E0FF9044
:106200000A30E0240FF582E43409F583E0FB900ABC
:106210003E7405F07D807C01718D8029900A2FE00D
:10622000240FF582E43409F583E0FF900A30E0247E
:106230000FF582E43409F583E0FB900A3E7401F027
:106240007D80FC718D900A2FE0FB75F080A4248383
:10625000F582E5F03404F583EB2583F583FEE582D2
:10626000EEE4AD82AC06C005740F2BF582E4340970
:10627000F583E0FF7B017A09790BE9EAE4AB01D011
:1062800005B15D900A2FE02400F582E43400F58327
:10629000E0FF900A30E02400F582E43400F583E06A
:1062A000FB900A3E7402F07D807C01718D900A2F74
:1062B000E0F975F080A42483F582E5F03404F583D9
:1062C000E92583F583FEE582EEE4AB82AA06C002EF
:1062D000C003740029F582E43400F583E0FF7B01FC
:1062E0007A097903E9EAE4AD01AC02D003D002B146
:1062F0005D900A2FE004F021D9900CF7E0FFB1F394
:10630000900CF7E0FF90090FE0FDB1D5900CF9E09B
:10631000FFB1F3900CF9E0FF900000E0FDB1D590E3
:106320000CF9E0FF7D017142900CF7E0FF7D011256
:10633000C53C900CF7E0FF7D017142900CF8E0FF46
:106340007D017E01EFC394185040ED601575F0108B
:10635000EFA42410F582E5F03470F583E04420F0DA
:10636000801375F010EFA42410F582E5F03470F579
:1063700083E054DFF075F010EFA42410F582E5F00F
:106380003470F583E04401F0E4FEAF0622900A3B4E
:10639000ECF0A3EDF0A3EBF0900A3AEFF0900A3F97
:1063A0007401F0EFC394805065900A3BE054F0A371
:1063B000705C900A3AE075F008A42400FFE5F03420
:1063C00078FE900A40F0A3EFF0AA06F97B01900A4C
:1063D0003BE0FCA3E0FD124D86900A3DE0FF900AF1
:1063E0003AE0FE75F008A42402F582E5F03478F571
:1063F00083EFF0900A3EE0FF75F008EEA42403F569
:1064000082E5F03478F583EFF0E4900A3FF0900AEB
:106410003FE0FF22E4900A2FF0900A2FE0FFC394A0
:10642000035070EFB4021C2404F582E43409F583B0
:10643000E0FF900904E0FBE4900A3EF07D01FC716E
:106440008D8028900A2FE0FE2404F582E43409F5BB
:1064500083E0FF74052EF582E43409F583E0FB90B8
:106460000A3E7404F07D017C00718D900A2FE024B7
:1064700004F582E43409F583E0FF7B017A09790AA7
:10648000E9EAE4AB017D4B7C65B15D900A2FE00445
:10649000F08086900CF6E0FFB1F3900CF6E0FF90F0
:1064A0000904E0FDB1D5E4900A2FF0900A2FE0FF37
:1064B000C394034002A138EF04A3F0C39403400245
:1064C000E4F0900A2FE0240CF582E43409F583E02F
:1064D000FF900A30E0240CF582E43409F583E0FBF8
:1064E000900A3E7402F07D807C01718D900A2FE04D
:1064F000F975F080A42403F582E5F03400F583E912
:106500002583F583FEE582EEE4AB82AA06C002C0D5
:1065100003740C29F582E43409F583E0FF7B017AEA
:1065200009790AE9EAE4AD01AC02D003D002B15D19
:10653000900A2FE004F081AB900CF5E0FFB1F390EE
:106540000CF5E0FF90090CE0FDB1D5900CF5E0FFF3
:106550007D017142900CF6E0FF7D016142900A3BA3
:10656000ECF0A3EDF0A3EAF0A3EBF0900A3AEFF021
:10657000900A3F7401F0EFC394805053900A3AE0C0
:1065800075F008A42404FFE5F03478FE900A40F08A
:10659000A3EFF0AA06F97B01900A3BE0FCA3E0FD23
:1065A000124D86900A3AE075F008A42406FFE5F043
:1065B0003478FE900A40F0A3EFF0AA06F97B019030
:1065C0000A3DE0FCA3E0FD124D86E4900A3FF09006
:1065D0000A3FE0FF227E01EFC39418501375F010BC
:1065E000EFA42419F582E5F03470F583EDF0E41E94
:1065F000AF06227E01EFC39418502875F010EFA467
:106600002414F582E5F03470F583E04404F075F06D
:1066100010EFA42410F582E5F03470F583E0440116
:10662000F0E41EAF0622900A30EBF0A3EAF0A3E9F3
:10663000F0900A2FEFF024FFFFE434FFFEEFC4F8E0
:10664000540FC868FFEEC454F048EF2488FFE434C8
:1066500060FAA907900A367401F0A3EAF0A3E9F002
:10666000900CE9E030E108900A357492F0800690D1
:106670000A3574D2F0900A2FE02423F582E4340B1B
:10668000F583E0FF1137900A2FE02407F582E43408
:106690000BF583E0FBFF900A33E0FCA3E0FDA3E0F1
:1066A000900A3EF0718D900A2FE02407F582E434C1
:1066B0000BF583E0FFC007900A36E0FBA3E0FAA3E6
:1066C000E0F9FFAE02EAE4AD07AC06C005900A307F
:1066D000E0FBA3E0FAA3E0F9FFEAE4AB07D005D0C2
:1066E00007B15D900A2FE02423F582E4340BF58393
:1066F000E0FFB1F3900A2FE0FE2423F582E4340B8F
:10670000F583E0FF74072EF582E4340BF583E0FD9A
:10671000B1D5900A2FE02423F582E4340BF583E011
:10672000FF7D016142900A36EFF07FF47E3D1273E7
:1067300064126E61900A37EFF0E0FBFFE4900A3ECE
:10674000F07D01FC718D900A37E0FF7B227A427D5B
:10675000677C64B15D900A36E0FFA3E0FDB1D5909F
:106760000A36E0FF7D0161429044C97480F0900CCC
:10677000CBE0FF900CEEE054406004EF4404FF9047
:1067800044C17480F022900B09E0B4FF08126B1D25
:106790007F0212B1AB900B0AE0B4FF07F1B57F03A3
:1067A00012B1ABE4900CEAF0F1B5E4900A33F0A337
:1067B000F07F03C126126B337E007C017D80124482
:1067C000A274832FF974043EFA7B012212B773EF8F
:1067D0006010900B10E0701B7D02FF12AA13F1866F
:1067E00001E6900B10E0600BE4900CEDF0125FF608
:1067F00012B00E2290FFFC12476B1246F390FFF688
:1068000012476B7B0190000612478FA982AA8385ED
:106810000883850982EBF0A3EAF0A3E9F07B0190FD
:10682000000A12478FA982AA8390000312478FEBB8
:10683000F0A3EAF0A3E9F090000312478FE0FBA376
:10684000E0FAA3E02403F9E43AFA124477FF85085A
:1068500083850982E0FBA3E0FAA3E0F9EF124490FC
:1068600090000312478FE0FBA3E0FAA3E02402F9B3
:10687000E43AFA124477FF850883850982E0FBA396
:10688000E0FAA3E02401F9E43AFAEF124490900010
:106890000312478FE0FBA3E0FAA3E02401F9E43AF6
:1068A000FA124477FF850883850982E0FBA3E0FAAA
:1068B000A3E02402F9E43AFAEF12449090000312A4
:1068C000478FE0FBA3E0FAA3E0F9124477FF8508C5
:1068D00083850982E0FBA3E0FAA3E02403F9E43A0C
:1068E000FAEF12449090000612478FE0FCA3E0FDFF
:1068F000A3E0FEA3E0FF90000E02476B900A30EB8E
:10690000F0A3EAF0A3E9F0900A2FEFF024FFFFE4F0
:1069100034FFFEEFC4F8540FC868FFEEC454F048CB
:10692000900A35EFF02488FFE43460FAA907900A52
:10693000377401F0A3EAF0A3E9F0900CE9E030E04D
:1069400008900A367491F08006900A3674D1F0905F
:106950000A33E0FCA3E0FDECFF900A2FE0FE75F0A7
:106960000BA42438F582E5F03409F583E04FFF905D
:106970000A35E0FB240CF582E43460F583EFF0ED9A
:10698000740D2BF582E43460F583EDF074232EF55D
:1069900082E4340BF583E0FF126037900A2FE02485
:1069A00007F582E4340BF583E0FBFF900A33E0FC4B
:1069B000A3E0FD900A36E0900A3EF012638D900A43
:1069C0002FE02407F582E4340BF583E0FFC0079045
:1069D0000A30E0FBA3E0FAA3E0F9FFAE02EAE4AD7F
:1069E00007AC06C005900A37E0FBA3E0FAA3E0F984
:1069F000FFEAE4AB07D005D00712655D900A2FE0EF
:106A00002423F582E4340BF583E0FF1265F3900A4A
:106A10002FE0FE2423F582E4340BF583E0FF7407B6
:106A20002EF582E4340BF583E0FD1265D5900A2F34
:106A3000E02423F582E4340BF583E0FF7D0112634B
:106A400042900A2FE075F00BA42436F582E5F0346D
:106A500009F583E4F0900A35E02480F582E434609F
:106A6000F583E04401F0227F037146EF6012900C41
:106A7000EAE0701B7F0351CF900CEA7401F0800FA5
:106A8000900CEAE060097F037153E4900CEAF07126
:106A900039EF60047F0351CF7F03710CEFB401160F
:106AA0001267B5900A337401F0A37480F07F03126B
:106AB00066267F0351CF7F02710CEFB40110711D68
:106AC000900A337401F0A37480F07F0211FC22EF6E
:106AD000D394004036EF94095031EF75F00BA424A5
:106AE00036F582E43409F583E4F0EF75F00BA42465
:106AF0003AF582E43409F583E0FE75F010EFA42442
:106B0000FEF582E5F0345FF583EEF022EF75F00BD1
:106B1000A42436F582E43409F583E0FF2271337E44
:106B2000007C017D801244A274032FF974003EFAA8
:106B30007B0122906465E0FF22E4FF900922E0607F
:106B400004E0FFE4F02274122FF582E43409F583A7
:106B5000E0FF22EFD394004017EF9409501275F034
:106B600010EFA424FEF582E5F0345FF5837408F09D
:106B700022EA494B6015E4900BB5F0900BB8F09009
:106B80000BBAEBF0A3EAF0A3E9F022900BB8E01403
:106B900070028133147002816414700281962403A0
:106BA000600281B2900BBAE0FBA3E0FAA3E0F99097
:106BB0000BB5E0FFE92FF9E43AFA1244777004903C
:106BC0000BB5F0900BBAE0FBA3E0FAA3E0F9900B51
:106BD000B5E0FF04F0E92FF9E43AFA124477FFC375
:106BE0009461400AEFD3947A500474E02FFFEFC30E
:106BF00094224006EFD3945A4008900BB67407F0E5
:106C0000800F749B2FF582E4340BF583E0900BB674
:106C1000F0900BB6E0FF5407A3F070037406F0EF9A
:106C2000B40710900BB97402F0E4900BB7F0A374A2
:106C300003F022900BB6E0FF30E708900BB9740325
:106C4000F08006900BB97401F0EF25E0900BB6F0E0
:106C5000A3E014F0125DEAEF54FEFF125C61900BAA
:106C6000B87402F0900BB9E07025900BB87403F083
:106C7000900BB7E07008900BB97402F08005E490B7
:106C80000BB9F0125DEAEF4401FF125C61800790DE
:106C90000BB9E014F022900BB9E07010900BB7E044
:106CA0007003A3F022900BB87401F022900BB9E0AE
:106CB00014F022E4900A3AF0A3F0FBFA7D017F0180
:106CC00091D0126725B115E47F01FEFDFC025B77D0
:106CD000900A38EAF0A3EBF0AE05E4900CFAF0ADC0
:106CE00007AF06AB07900A40F0A3F0A3F0FF12B283
:106CF000DD900CFAE0FF900A38E0FCA3E0FDA3E091
:106D0000FAA3E0FBF1D3900CFAE0FFE4FDB124908C
:106D10000CFAE0FF229064947420F0906493F09059
:106D20006492F022AC077B01ECC39418503375F0E9
:106D300010ECA42410F582E5F03470F583E054F1F2
:106D4000FAED540725E0FFE433AE02EF4AFF75F099
:106D500010ECA42410F582E5F03470F583EFF0E434
:106D60001BAF0322900A39EAF0A3EBF0AE05900CBA
:106D7000F57403F0AD07AF06AB07E4900A40F0A34B
:106D8000F0A3F07F0312B2DD900CF5E0FF900A391A
:106D9000E0FCA3E0FDA3E0FAA3E0FBF1D3900CF547
:106DA000E0FF7D01B124900CF5E0FF22900A39EA62
:106DB000F0A3EBF0AE05900CF67404F0AD07AF064F
:106DC000AB07900A40F0E4A3F0A3F07F0412B2DD19
:106DD000900CF6E0FF900A39E0FCA3E0FDA3E0FA96
:106DE000A3E0FBF1D3900CF6E0FF7D01B124900C01
:106DF000F6E0FF22E4900A3BF0A3F0FBFA7D017F6E
:106E000001B1ACE4900A3BF0A3F0FBFA7D017F01F5
:106E1000B164E4900A36F0900A36E0C39403501946
:106E2000D161900A36E02404F582E43409F583EF59
:106E3000F0900A36E004F080DEE4900A36F0900A22
:106E400036E0C394035019D161900A36E0240CF562
:106E500082E43409F583EFF0900A36E004F080DE36
:106E600022900A3874FFF0124D3B900CD4E0D3947A
:106E7000184023900CD3E0FE900A38F0900CD4E038
:106E800014F075F008EEA42400F582E5F03478F5EE
:106E900083E0900CD3F0124CE8900A38E0FF22E433
:106EA000900A3BF0A3F0FBFA7D017F01F143E490EF
:106EB0000A3BF0A3F0FBFA7D017F01F18BE4900A1D
:106EC0003BF0A3F0FBFA7D017F0112B356E4900A78
:106ED00036F0900A36E0C394035019D161900A3617
:106EE000E02407F582E43409F583EFF0900A36E0F8
:106EF00004F080DEE4900A36F0900A36E0C3940392
:106F00005019D161900A36E0240FF582E43409F576
:106F100083EFF0900A36E004F080DEE4900A36F069
:106F2000900A36E0C394035019D161900A36E024E8
:106F300000F582E43400F583EFF0900A36E004F0C7
:106F400080DE22900A39EAF0A3EBF0AE05900CF750
:106F50007405F0AD07AF06AB07900A40F0E4A3F06C
:106F6000A3F07F0512B2DD900CF7E0FF900A39E044
:106F7000FCA3E0FDA3E0FAA3E0FBF1D3900CF7E063
:106F8000FF7D01B124900CF7E0FF22900A39EAF06E
:106F9000A3EBF0AE05900CF87406F0AD07AF06ABAE
:106FA00007900A40F0E4A3F0A3F07F0612B2DD9050
:106FB0000CF8E0FF900A39E0FCA3E0FDA3E0FAA39F
:106FC000E0FBF1D3900CF8E0FF7D01B124900CF8C8
:106FD000E0FF22900A3EECF0A3EDF0A3EAF0A3EB71
:106FE000F0900A3DEFF0900A427401F0EFC394185C
:106FF0005053900A3DE075F008A42404FFE5F034F6
:1070000076FE900A43F0A3EFF0AA06F97B01900AFE
:107010003EE0FCA3E0FD124D86900A3DE075F008CD
:10702000A42406FFE5F03476FE900A43F0A3EFF0C7
:10703000AA06F97B01900A40E0FCA3E0FD124D8610
:10704000E4900A42F0900A42E0FF22906461E0FD81
:107050007C0020E0024126906464E0FEE42DFDEC1B
:107060003EFCFEAF05ED2410FFEE34AA900A2FF08F
:10707000A3EFF0900CB9E0FEA3E0FF900A2FE0FC34
:10708000A3E0FDC39FFFEC9EA3F0A3EFF0EC12433F
:10709000BD7B177AB779D178391242121243F69034
:1070A0000A33EEF0A3EFF0900A31E0FCA3E0FDEC30
:1070B0001243BDE4FBFAF9783F1242121243F690F4
:1070C0000A2FE0FDA3E0900CB9CDF0A3EDF0900AFB
:1070D00034E02FFF900A33E03EFE900CB8E02FF032
:1070E000900CB7E03EF0D3A3E094E8900CB7E094A6
:1070F0003F4007743FF0A374E8F0C3900CB8E094ED
:107100000C900CB7E0943A5007743AF0A3740CF06A
:10711000900CBCE07002A3E07002411C900CBBE03C
:10712000602FE4900CB7F0A3F0900CBBE014F0607B
:1071300002411C125DEAEF54FEFF125C61900CB735
:10714000743DF0A374F4F07D017F0C7E0051274163
:107150001C900CBDE024FFF0900CBCE034FFF090DC
:107160000A31E0FEA3E0FFC3EE64809480500FC3B9
:10717000900CBFE09FF0900CBEE09EF08014900A4F
:1071800031E0FEA3E0FF900CBFE02FF0900CBEE0DA
:107190003EF0900CBEE0C313FEA3E013FF900CBEC4
:1071A000EEF0A3EFF0C39402EE94005018A3E07049
:1071B00002A3E0602D900CC1E024FFF0900CC0E031
:1071C00034FFF0801DD3900CBFE09407900CBEE01C
:1071D0009400400E900CC1E004F07006900CC0E0EA
:1071E00004F0D3900CC1E09432900CC0E0940040C5
:1071F0002BE4900CBEF0A3F0A3F0A3F0900CBB74B2
:10720000C8F0A3740BF0A374B8F0125DEAEF440168
:10721000FF125C617D017F0D7E005127900CB7E06D
:10722000FEA3E0FF716422900A35EEF0A3EFF0A315
:10723000EDF07153900A39EFF0715B900A3AEEF07D
:10724000A3EFF0900A35E0FCA3E0FD6F7002EC6E56
:10725000700261529043A2E05401900A38F0A3E01A
:10726000703AA3E0FEA3E0FF4E6004ED4C702DEFFA
:107270004E70117B027A407980124D86904082E0F8
:1072800054BFF022904082E04440F07B027A407983
:1072900080900A35E0FCA3E0FD024D86900A38E0BC
:1072A0006053904001E4F090401004F0904014E4EA
:1072B000F0904008E0547FF0904082E05408600A6B
:1072C000900A35E07002A3E0702B7B027A407902CD
:1072D000900A3AE0FCA3E0FD124D8690400174074D
:1072E000F0904001E0540170F89043A2E054FEF0A9
:1072F000904001E4F09043A2E05401602F7B027AB9
:10730000407902900A35E0FCA3E0FD124D86900A18
:1073100037E060047F0280027F00EF44019040016B
:10732000F0904001E05401602980F6227B027A400F
:107330007980900A35E0FCA3E0FD124D869043A2CF
:10734000C083C082E0FF900A38E0FEEF4ED082D0CA
:1073500083F022904082E05407FF227B027A40793A
:1073600080024D77AD07AC06EC906579F0EF906543
:1073700078F022900A331246F3E4FFFEFDFC900AF7
:10738000471246F3900A33E0FCA3E0FDA3E0FEA31E
:10739000E0FF1267F4E41243B8E4FBFAF9784A120A
:1073A000431B900A371246F3900A37E0FCA3E0FD36
:1073B000A3E0FEA3E0FF1243F6900A3B1246F37FE0
:1073C000007E247D747C49900A37E0F8A3E0F9A39D
:1073D000E0FAA3E0FB1242121243F67B407A4279B4
:1073E0000F7800124C01AC00AD01AE02AF03900A61
:1073F000431246F37F407E427D0F7C00900A3BE0C3
:10740000F8A3E0F9A3E0FAA3E0FB1244FF900A43DB
:10741000E0F8A3E0F9A3E0FAA3E02FFFEA3EFEE9DB
:107420003DFDE83CFC900A3F1246F3900A3FE0FC29
:10743000A3E0FDA3E0FEA3E0FF22900A74E0147035
:1074400002A166147002A1BF24026002E127900A23
:10745000AEE0FCA3E0FDA3E0FEA3E0FF900A75E030
:10746000F8A3E0F9A3E0FAA3E0FBC312464D7002D3
:10747000A15F124D3BAB07900AAEE0FCA3E0FDA379
:10748000E0FEA3E0FF900A751246F3AF03124CE84A
:10749000900C4EE014603804704C900A75E0FCA328
:1074A000E0FDA3E0FEA3E0FF7173900A2F1246F304
:1074B000900A2FE0FCA3E0FDA3E0FEA3E0FFE47B45
:1074C00004FAF9F812458A900A2F1246F3801790B1
:1074D0000A75E0FCA3E0FDA3E0FEA3E0FF1267F461
:1074E000900A2F1246F3E47F64FEFDFC900A2FE021
:1074F000F8A3E0F9A3E0FAA3E0FBD312464D405F06
:10750000900A2FE0FCA3E0FDA3E0FEA3E0FF900AB9
:1075100099E0F8A3E0F9A3E0FAA3E0FB12464D607E
:107520003E900A2FE0FCA3E0FDA3E0FEA3E0FF9065
:107530000A991246F3900A99E0FCA3E0FDA3E0FE4D
:10754000A3E0FF900C6A1246F3900A99E0FCA3E0D6
:10755000FDA3E0FEA3E0FF128891900AA1EFF09056
:107560000A74E004F022900AD0E0FF900A7DE06FF8
:107570006047900AD0E014601614601F146028243D
:1075800003702E900A817401F0A37490F080229011
:107590000A817402F0A37458F08016900A81740373
:1075A000F0A37420F0800A900A817403F0A374E8B9
:1075B000F0900AD0E0900A7DF0900A74E004F09018
:1075C0000A99E0FCA3E0FDA3E0FEA3E0FF900A79A6
:1075D000E0F8A3E0F9A3E0FAA3E0FBC312464D7084
:1075E00002E122900A99E0FCA3E0FDA3E0FEA3E003
:1075F000FF900AC81246F3900A03E024BD7002C14E
:10760000C824F77002C18B24F7604324146002E1A0
:107610000E900AC8E0FCA3E0FDA3E0FEA3E0245422
:10762000FFEE342EFEE43DFDE43CFCC007900AC7AB
:10763000E0FFFB3395E0FAF9F8D007C3EF9BFFEECC
:107640009AFEED99FDEC98FCA31246F3E10E900A28
:10765000C8E0FCA3E0FDA3E0FEA3E024E0FFEE34DD
:107660002EFEE43DFDE43CFCC007900AC7E0FFFBB2
:107670003395E0FAF9F8D007C3EF9BFFEE9AFEEDE1
:1076800099FDEC98FCA31246F3E10E900AC8E0FCC9
:10769000A3E0FDA3E0FEA3E024E0FFEE342EFEE431
:1076A0003DFDE43CFCC007900AC7E0FFFB3395E0DA
:1076B000FAF9F8D007C3EF9BFFEE9AFEED99FDECC7
:1076C00098FCA31246F38046900AC8E0FCA3E0FDB4
:1076D000A3E0FEA3E024E0FFEE342EFEE43DFDE453
:1076E0003CFCC006C007900A81E0FEA3E0FFFBAAB5
:1076F00006EA3395E0F9F8D007D006C3EF9BFFEE1A
:107700009AFEED99FDEC98FC900AAA1246F3900AB5
:1077100099E0FCA3E0FDA3E0FEA3E0FF900A79124C
:1077200046F3E4900A74F022900A4FEFF0A3EDF0D4
:10773000900B39E0B408004003027A20907743F8B8
:1077400028287302775B0278BE0278E3027915027B
:10775000794402796A0279CE0279FD900A55E0FCFB
:10776000A3E0FDA3E0FEA3E0FFE41243B8C004C021
:1077700005C006C007900A51E0FCA3E0FDA3E0FEAF
:10778000A3E0FFE41243B8D003D002D001D000122E
:10779000431BE4FBFAF978431242121243F6900BB2
:1077A0002D1246F3900A50E0FF7E007C007D80128F
:1077B000479C900B2DE0F8A3E0F9A3E0FAA3E02F9B
:1077C000FFEA3EFEE93DFDE83CFCE42FFFEE34FE1F
:1077D000FEED34FFFDEC34FFFC900B2D1246F390D0
:1077E0000A55E0FCA3E0FDA3E0FEA3E0FFE41243A2
:1077F000B8C004C005C006C007900A51E0FCA3E071
:10780000FDA3E0FEA3E0FFE41243B8D003D002D012
:1078100001D00012431BE4FBFAF978431242121222
:1078200043F6900B311246F3900B31E0FCA3E0FDE0
:10783000A3E0FEA3E0FF900A55E0F8A3E0F9A3E07F
:10784000FAA3E0FB1244FFC004C005C006C007E471
:107850007F80FEFDFC900A51E0F8A3E0F9A3E0FA76
:10786000A3E0FB1244FFD003D002D001D000C3EF4D
:107870009BFFEE9AFEED99FDEC98FC900B311246C1
:10788000F3900A55E0FCA3E0FDA3E0FEA3E0FF9027
:107890000B351246F3900B35E0FCA3E0FDA3E0FEB0
:1078A000A3E0E4FFEEE4FDFC780812465EAD07902D
:1078B0000A4FE0FF5126900B39E004F04120900A76
:1078C0004FE004FFC007900B35E0FCA3E0FDA3E010
:1078D000FEA3E0FFE4AD07D0075126900B39E0048A
:1078E000F04120900A4FE02402FFC007900B2DE0EA
:1078F000FCA3E0FDA3E0FEA3E0E4FFFEED5403FDE6
:10790000E4FC781012465EAD07D0075126900B3983
:10791000E004F04120900A4FE02403FFC007900BE1
:107920002DE0FCA3E0FDA3E0FEA3E0E4FFEEE4FD18
:10793000FC780812465EAD07D0075126900B39E05F
:1079400004F04120900A4FE02404FFC007900B2D63
:10795000E0FCA3E0FDA3E0FEA3E0FFE4AD07D00759
:107960005126900B39E004F04120900A4FE02405A5
:10797000FFC007900B31E0FCA3E0FDA3E0FEA3E015
:10798000E4FFFEED540FFDE4FC781012465EC004E7
:10799000C005C006C007A3E0FCA3E0FDA3E0FEA372
:1079A000E0E4FFFEED540FFDE4FC780C12465ED0DF
:1079B00003D002D001D000EF4BFFEE4AED49EC4876
:1079C000AD07D0075126900B39E004F08052900AA1
:1079D0004FE02406FFC007900B31E0FCA3E0FDA3BD
:1079E000E0FEA3E0E4FFEEE4FDFC780812465EADA5
:1079F00007D0075126900B39E004F08023900A4FFE
:107A0000E02407FFC007900B31E0FCA3E0FDA3E0FA
:107A1000FEA3E0FFE4AD07D0075126E4900B39F058
:107A2000900B39E0FF22900A5B7401F0E4A3F09020
:107A30000A59EFF0A3EDF07B017A0A7959900A61B7
:107A40007402F0E4A3F07F6012C2FB900A5CEFF0D6
:107A5000126768EF30E1F9F16BEF64026005E490C2
:107A60000A5BF0900A5BE0FF22900A36EFF0E490A8
:107A70000A3BF0FF7ED77DA37C701267F4900AB2B8
:107A80001246F3900A36E0FD7FB75126900A3BEF8D
:107A9000F070026135E4FFFEFDFC900A37E0F8A3C8
:107AA000E0F9A3E0FAA3E0FBC312464D6014900A8C
:107AB00037E0FCA3E0FDA3E0FEA3E0FF900AC312C1
:107AC00046F37D807F105126900A3BEFF07D807F4A
:107AD000115126900A3BEFF07D807F125126900ACB
:107AE0003BEFF07D0C7F105126900A3BEFF07D0CB0
:107AF0007F115126900A3BEFF07D0C7F12512690AA
:107B00000A3BEFF0E4FDFFF1D8E4FFB1547F01B18F
:107B100054E4FD7F01D102E4FD7F02D102E4FD7F48
:107B200001B16FE4FD7F02B16FE4FD7F01B1A7E415
:107B3000FD7F02B1A7900A3BE0FF7E0022900A4F32
:107B4000EFF0900B46E0B408004002A14E907B5449
:107B5000F8282873027B6C027BD8027BFD027C43F1
:107B6000027C72027C98027CFC027D2BE47F80FE0A
:107B7000FDFC900A50E0F8A3E0F9A3E0FAA3E0FBD3
:107B80001244FFE42FFFEE34FEFEED34FFFDEC3433
:107B9000FFFC900B3A1246F3E4FFFEFDFC900B3E17
:107BA0001246F3E47F01FEFDFC900B421246F39077
:107BB0000B42E0FCA3E0FDA3E0FEA3E0E4FFEEE463
:107BC000FDFC780812465EAD07900A4FE0FF512693
:107BD000900B46E004F0A14E900A4FE004FFC0076E
:107BE000900B42E0FCA3E0FDA3E0FEA3E0FFE4ADC8
:107BF00007D0075126900B46E004F0A14E900A4FA3
:107C0000E02402FFC007900B3AE0FCA3E0FDA3E0F4
:107C1000FEA3E0E4FFFEED5403FDE4FC7810124601
:107C20005EA804A905AA06AB07900A54E0FFE4EB9E
:107C30004FFFEAE9E8AD07D0075126900B46E00474
:107C4000F0A14E900A4FE02403FFC007900B3AE0EA
:107C5000FCA3E0FDA3E0FEA3E0E4FFEEE4FDFC787E
:107C60000812465EAD07D0075126900B46E004F09F
:107C7000A14E900A4FE02404FFC007900B3AE0FCAD
:107C8000A3E0FDA3E0FEA3E0FFE4AD07D00751268B
:107C9000900B46E004F0A14E900A4FE02405FFC08F
:107CA00007900B3EE0FCA3E0FDA3E0FEA3E0E4FFB1
:107CB000FEED540FFDE4FC781012465EC004C005D2
:107CC000C006C007A3E0FCA3E0FDA3E0FEA3E0E440
:107CD000FFFEED540FFDE4FC780C12465ED003D09D
:107CE00002D001D000EF4BFFEE4AED49EC48AD0762
:107CF000D0075126900B46E004F08052900A4FE0E6
:107D00002406FFC007900B3EE0FCA3E0FDA3E0FECD
:107D1000A3E0E4FFEEE4FDFC780812465EAD07D078
:107D2000075126900B46E004F08023900A4FE02490
:107D300007FFC007900B3EE0FCA3E0FDA3E0FEA31D
:107D4000E0FFE4AD07D0075126E4900B46F0900B1E
:107D500046E0FF22900A3CEFF070067D207FB141A3
:107D600026900A3CE0B401067D807FB15126229026
:107D70000A3DEDF0900A3CEFF02410FF7B017A0AF7
:107D8000793ED1DF900A3DE0B40107A3E0547FF0D3
:107D90008007900A3EE04440F0900A3CE02410FF47
:107DA000900A3EE0FD4126900A3CEFF0A3EDF07B07
:107DB000017A0A793E7F03D1DFEF7045900A3DE0FA
:107DC000B4011BA3E0FF900A3CE0FE7401A8060882
:107DD0008002C333D8FCF45F900A3EF0801A900A08
:107DE0003EE0FF900A3CE0FE7401A806088002C352
:107DF00033D8FC4F900A3EF0900A3EE0FD7F0351DD
:107E00002622900A3DEDF0900A3CEFF0E4900A3F04
:107E1000F0EFC394004011900A3CE0D39403500863
:107E2000900A3F7418F08016900A3CE0FFC394005B
:107E3000400CEFD394035006900A3F7419F0900A57
:107E40003FE0FF7B017A0A793ED1DF900A3CE0FFF8
:107E5000C39400403AEFD394035034900A3EE0FFBD
:107E6000900A3CE025E0FE7403A806088002C333B4
:107E7000D8FCF45F900A3EF0E0FF900A3DE0FDA8D8
:107E800006088002C333D8FC4F900A3EF08044902D
:107E90000A3CE0FFC39400403AEFD394035034907F
:107EA0000A3EE0FF900A3CE024FC25E0FE7403A8B3
:107EB00006088002C333D8FCF45F900A3EF0E0FF6E
:107EC000900A3DE0FDA806088002C333D8FC4F901D
:107ED0000A3EF0900A3FE0FF900A3EE0FD41269006
:107EE0000A40EFF0A3EBF0A3EAF0A3E9F0E4A3F07B
:107EF000A3F07B01A304F0A3740AF0A37440F01272
:107F00006768900A45EFF06480605AA3E0FBA3E045
:107F1000FAA3E0F9900A617401F0E4A3F07F601223
:107F2000C2FB900A45EFF0126768EF30E1F9900A62
:107F300045E07031900A41E0FBA3E0FAA3E0F9903C
:107F40000A4D7401F0E4A3F07F6012C3AA900A45C1
:107F5000EFF0126768EF30E0F9900A45E0600690B4
:107F60000A447401F0900A44E0FF22900CC7E0FF3D
:107F700022E4900A30F0A3F0A3F0A3F0900A30EFCF
:107F8000F0E4900A34F0900A34E0C3940850437B44
:107F9000017A0A7930900A617401F0E4A3F07F401D
:107FA00012C2FB900A32EFF0126768EF30E1F9F18C
:107FB0006B900A33EFF0B40108900A317401F0803D
:107FC00011E47F05FEFDFC125B77900A34E004F0BB
:107FD00080B4900A31E0FF22900A3DEDF0900A3C17
:107FE000EFF0900A3F7403F0EF2410FF7B017A0A50
:107FF000793ED1DFEF7070900A3DE014601D14608F
:108000002F14604124037050900A3EE0FFA3E0F477
:10801000FEEF5E900A3EF0E0F0803D900A3EE0FF09
:10802000A3E0F4FEEF5E900A3EF0E04401F0802809
:10803000900A3EE0FFA3E0F4FEEF5E900A3EF0E01F
:108040004402F08013900A3EE0FFA3E0F4FEEF5EEE
:10805000900A3EF0E04403F0900A3CE02410FF90C8
:108060000A3EE0FD127A2622900A361246F37F403D
:108070007E787D7D7C01900A3A1246F3900B67E092
:1080800014700221EB147002E1A6147002E1FE14D8
:10809000700302883514700302887124056003029E
:1080A000888B9009A6E024FE601D146041240370B3
:1080B00056900A36E0FCA3E0FDA3E0FEA3E0FF90AB
:1080C0000B6E1246F38040900A36E0FCA3E0FDA35D
:1080D000E0FEA3E02464FFE43EFEE43DFDE43CFC5E
:1080E000900B6E1246F39009A67403F08019900A63
:1080F00036E0FCA3E0FDA3E0FEA3E0FF900B6E12D0
:1081000046F3E49009A6F0900CEDE0600221959012
:108110000A04E0FCA3E0FDA3E0FEA3E0FF900B6EE9
:10812000E0F8A3E0F9A3E0FAA3E02FFFEA3EFEE9BE
:108130003DFDE83CFC900B5CE0F8A3E0F9A3E0FA1D
:10814000A3E0FBC312464D700302888B900A04E043
:10815000FCA3E0FDA3E0FEA3E0FF900B6EE0F8A31C
:10816000E0F9A3E0FAA3E02FFFEA3EFEE93DFDE8D7
:108170003CFC900B6A1246F3900B6AE0FCA3E0FD16
:10818000A3E0FEA3E0FF900B5C1246F3900B67E0C8
:1081900004F002888B900B6EE0FCA3E0FDA3E0FEF0
:1081A000A3E0FF900B5CE0F8A3E0F9A3E0FAA3E002
:1081B000FBC312464D700302888B900B6EE0FCA34C
:1081C000E0FDA3E0FEA3E0FF900B6A1246F3900BE4
:1081D0006EE0FCA3E0FDA3E0FEA3E0FF900B5C12C9
:1081E00046F3900B67E004F002888B900A97E090CA
:1081F0000B68F0900A80E0900B69F0E0FC1243C23B
:10820000E4FBFA79C8784212431B900A421246F303
:10821000900A42E0F8A3E0F9A3E0FAA3E0FBC00073
:10822000C001C002C003900B68E0FC1243C2D0033F
:10823000D002D001D000124121900A421246F390A0
:108240000B6AE0FCA3E0FDA3E0FEA3E0FFE4124321
:10825000B87B007A247974784912431B900A3E1245
:1082600046F3900A42E0FCA3E0FDA3E0FEA3E0FF9A
:10827000900A3EE0F8A3E0F9A3E0FAA3E0FB124283
:1082800012E4FBFA798078C0124212900A3E12463C
:10829000F3900A3EE0FCA3E0FDA3E0FEA3E0FF12A2
:1082A00043F6900A4A1246F3E4FFFEFDFC900A4AA8
:1082B000E0F8A3E0F9A3E0FAA3E0FBC312463750CD
:1082C00051E47B04FAF9F8900A4AE0FCA3E0FDA32C
:1082D000E0FEA3E0FF124C01AC00AD01AE02AF0323
:1082E000E4FBFAF9F8C31246377002617D900A4A3E
:1082F000E0FCA3E0FDA3E0FEA3E0FFE40BF8EF2B1E
:10830000FFEA3EFEE93DFDE83CFC900A4A1246F3D6
:1083100080AFE4FFFEFDFC900A4AE0F8A3E0F9A379
:10832000E0FAA3E0FBD31246374052E47B04FAF9AB
:10833000F8900A4AE0FCA3E0FDA3E0FEA3E0FF12F0
:108340004C01AC00AD01AE02AF03E4FBFAF9F8C397
:108350001246376028900A4AE0FCA3E0FDA3E0FE45
:10836000A3E0FF74FFEF24FFFFEE34FFFEED34FFC8
:10837000FDEC34FFFC900A4A1246F380AE900B6A83
:10838000E0FCA3E0FDA3E0FEA3E0FFE47B04FAF938
:10839000F81244FF900B6A1246F3900B6AE0F8A3C0
:1083A000E0F9A3E0FAA3E0FB900A4AE0FCA3E0FDB9
:1083B000A3E0FEA3E0FFEB2FFFEA3EFEE93DFDE870
:1083C0003CFC900B6A1246F3E4900B64F0900A4E6A
:1083D000F07F06FEFDFC900B60E0F8A3E0F9A3E05F
:1083E000FAA3E0FBC312464D500281AAE4FFFEFD52
:1083F000FC900B6AE0F8A3E0F9A3E0FAA3E0FBD35A
:1084000012464D500281AA900B60E0F8A3E0F9A358
:10841000E0FAA3E0FB7F007EE97DA47C3512458A6B
:10842000900B6AE0F8A3E0F9A3E0FAA3E0FBD31213
:10843000464D5076900B6AE0FCA3E0FDA3E0FEA35E
:10844000E0FF900B60E0F8A3E0F9A3E0FAA3E0FB03
:108450001244FF900B471246F37F007E467DC37C9B
:1084600023900B47E0F8A3E0F9A3E0FAA3E0FBC3F5
:1084700012464D4035900A3AE0F8A3E0F9A3E0FA3D
:10848000A3E0FB900B47E0FCA3E0FDA3E0FEA3E02C
:10849000FF12458A900B4FEFF0C3940F400CE0D3CE
:1084A000945A5006900A4E7401F0900A4EE06020F3
:1084B000900B60E0FCA3E0FDA3E0FEA3E0FF900BC7
:1084C000581246F3900B647401F0900AA1F0C1AC0D
:1084D000900B6AE0F8A3E0F9A3E0FAA3E0FB7F8049
:1084E0007E177DB47C2C12458A900B581246F3E41B
:1084F0007F06FEFDFC900B58E0F8A3E0F9A3E0FA3C
:10850000A3E0FBC312464D500CE47F06FEFDFC9039
:108510000B581246F3E47F087E07FDFC900B58E0F1
:10852000F8A3E0F9A3E0FAA3E0FBD312464D400D17
:10853000E47F087E07FDFC900B581246F3900B5821
:10854000E0FCA3E0FDA3E0FEA3E05401FFE4FEFD98
:10855000FCEF6026900B58E0FCA3E0FDA3E0FEA337
:10856000E0FF74FFEF24FFFFEE34FFFEED34FFFD6C
:10857000EC34FFFC900B581246F3E47F06FEFDFC42
:10858000900B58E0F8A3E0F9A3E0FAA3E0FBC312D4
:10859000464D500CE47F06FEFDFC900B581246F34E
:1085A000900B6AE0FCA3E0FDA3E0FEA3E0FF900BCC
:1085B00058E0F8A3E0F9A3E0FAA3E0FB1244FF902F
:1085C0000B471246F37F007EE97DA47C35900B4774
:1085D000E0F8A3E0F9A3E0FAA3E0FBD312464D5084
:1085E0001B7F007E467DC37C23900B47E0F8A3E011
:1085F000A3E0A3E0C312464D4002C1A3900B6AE082
:10860000F8A3E0F9A3E0FAA3E0FB7F007EE97DA4F4
:108610007C3512458A900B581246F3900B58E0FCBB
:10862000A3E0FDA3E0FEA3E05401FFE4FEFDFCEFA8
:108630006026900B58E0FCA3E0FDA3E0FEA3E0FF62
:1086400074FFEF24FFFFEE34FFFEED34FFFDEC344A
:10865000FFFC900B581246F3E47F06FEFDFC900BE6
:1086600058E0F8A3E0F9A3E0FAA3E0FBC312464DFB
:10867000500CE47F06FEFDFC900B581246F3900B65
:108680006AE0FCA3E0FDA3E0FEA3E0FF900B58E04E
:10869000F8A3E0F9A3E0FAA3E0FB1244FF900B4734
:1086A0001246F3E4900B64F0900AA1F0900A3AE0CD
:1086B000F8A3E0F9A3E0FAA3E0FB900B47E0FCA3EA
:1086C000E0FDA3E0FEA3E0FF12458A900B4FEFF020
:1086D000900A3AE0F8A3E0F9A3E0FAA3E0FB900BDC
:1086E00047E0FCA3E0FDA3E0FEA3E0FF12458AAC57
:1086F00000AD01AE02AF03900B4B1246F3900B4B53
:10870000E0FCA3E0FDA3E0FEA3E0FFE41243B89089
:108710000A461246F3900A46E0FCA3E0FDA3E0FE01
:10872000A3E0FF7BF07AFF797F7849124212900A2A
:10873000461246F3900A46E0FCA3E0FDA3E0FEA348
:10874000E0FFC004C005C006C007900A3AE0FCA3E1
:10875000E0FDA3E0FEA3E0FFE41243B8A804A905EE
:10876000AA06AB07D007D006D005D00412431B9051
:108770000A461246F3900A46E0FCA3E0FDA3E0FEA1
:10878000A3E0FF1243F6900B501246F37FFF7EFFEB
:108790007D0F7C00900B541246F3E4900B66F0A31F
:1087A000E004F002888B900B64E07011A3E0700D80
:1087B0007D807F10127A26900B657401F0900B502B
:1087C000E0FCA3E0FDA3E0FEA3E0FF900A51124607
:1087D000F3900B54E0FCA3E0FDA3E0FEA3E0FF90C8
:1087E0000A551246F3900B4FE0FD7F1A127728EFDF
:1087F000600302888B900B67E004F002888B900B7B
:1088000064E06008900B67E004F0807F900B58E014
:10881000FCA3E0FDA3E0FEA3E0FF900A501246F3A4
:10882000E4900A54F07F2A127B3DEF705E900B6754
:10883000E004F08056900AA1E070157DA07FB1128F
:108840007A26900AA17401F0900B667406F08005F8
:10885000E4900B66F0900B58E0FCA3E0FDA3E0FE73
:10886000A3E0FF900B601246F3900B677405F08055
:108870001A900B66E0600414F080107D4F7F101298
:108880007A26E4900B65F0900B67F0900B67E0FFA1
:1088900022900A331246F3900A377401F0E4FFFE87
:1088A000FDFC900A70E0F8A3E0F9A3E0FAA3E0FB76
:1088B000C312464D7017900A33E0FCA3E0FDA3E01D
:1088C000FEA3E0FF900A701246F37F0022900A7028
:1088D000E0FCA3E0FDA3E0FEA3E0FFFBAA06A905E0
:1088E000A804900A33E0FCA3E0FDA3E0FEA3E0C3EC
:1088F0009BFFEE9AFEED99FDEC98FC124DAB900AB1
:10890000381246F37F807E847D1E7C00900A38E01A
:10891000F8A3E0F9A3E0FAA3E0FBC312464D400739
:10892000E4900A37F08079E47BE87A03F9F8900A5A
:1089300033E0FCA3E0FDA3E0FEA3E0FF12458AE4E0
:108940007B107A27F9F81244FFE47BE87A03F9F800
:1089500012458A900A3C1246F3900A3CE0A3E0A339
:10896000E0FEA3E0C394F4EE9401500DE47FF47EA6
:1089700001FDFC900A3C1246F3900A3CE0FCA3E0A7
:10898000FDA3E0FEA3E0FF900A38E0F8A3E0F9A31E
:10899000E0FAA3E0FBD312464D4005E4900A37F01D
:1089A000900A33E0FCA3E0FDA3E0FEA3E0FF900A01
:1089B000701246F3900A37E0FF22E4900A36F0A3E3
:1089C000F0124C79E47F64FEFDFC125B777B007A49
:1089D000808B828A83E0900A97F08B828A83A3E05F
:1089E000900A80F08B828A83A3A3A3E0900A36F0DA
:1089F000EB2404F582E43AF583E0900A37F0900A1C
:108A000036E0B40112900A97E0FF3395E0FE7CFF58
:108A10007DFF1244A2EFF0900A37E0B40112900AF1
:108A200080E0FF3395E0FE7CFF7DFF1244A2EFF073
:108A3000AE02AF038F828E83A3A3E0900CE9F022F5
:108A40005172124D3B9043A0E04408F09043B0E0D7
:108A50004408F090470174C8F09043ACE04410F033
:108A60009043BCE04410F0904700E0542060F802CE
:108A70004CE85188900A38EFF0700751D4900A38CA
:108A8000EFF0900A38E0FF2271317170EF7039F128
:108A900045900A39EFF06407702A904722E05402AB
:108AA00070087F01FE124C7C80F0904722E0540257
:108AB0006009E0FF1313543FFF80027FFFEF700453
:108AC000900A39F071268006900A397404F0900AF1
:108AD00039E0FF227131900A3974FFF07170EF7044
:108AE000397F019144EF6407702C7B017A0C79DEA9
:108AF0007D0212D094EFB40215E4900A39F0904749
:108B000022E0540270107F01FE124C7C80F09047EE
:108B100022E0540260D471268006900A397404F071
:108B2000900A39E0FF22124D3BE4900CFEF0024C1B
:108B3000E8124D3B9043A0E04408F09043B0E0447D
:108B400008F0024CE8900A3074FFF071317170EF58
:108B500070127F019144EFB40706900A307407F059
:108B600071268006900A307404F0900A30E0FF22EB
:108B7000900A3E7404F0124D3B900CFEE070070426
:108B8000F0E4900A3EF0124CE8900A3EE0FF22909A
:108B90000A39EBF0A3EAF0A3E9F0A3EDF07131900C
:108BA0000A3CE0C39480400281387170EF6002811A
:108BB00030900A3D74FFF0900A39E0FBA3E0FAA37D
:108BC000E0F9900A42E4F0A37410F07F4012D0F470
:108BD000EF64077069904722E0540260F8904722E2
:108BE000E054026009E0FF1313543FFF80027FFF4F
:108BF000EF7004900A3DF0900A3DE0702B900A3C23
:108C0000E0FD7C00900CDEE0FBA3E0900A42F07FE8
:108C10004012D167EFB40708900A3D7407F0801E38
:108C2000900A3D74FFF08016900A3D74FFF0800EAC
:108C3000900A3D7404F08006900A3D7401F0900A99
:108C40003DE0FF227E07904722E05402601F9047DC
:108C50002074B6F074E1F0740EF0904722E05402F4
:108C60007007904720EFF080067E0980027E04AFF7
:108C700006227131904722E054026023E0540260E2
:108C800009E0FF1313543FFF80027FFFEF7006904F
:108C90000A39F08006900A3974FFF0712680069038
:108CA0000A397407F0900A39E0FF22900A30EBF09D
:108CB000A3EAF0A3E9F0904722E054026002A15039
:108CC000E0FF1313543F6002A148E05401602C9070
:108CD0004720E0900A33F0904722E054016003D32C
:108CE0008001C340097F017E00124C7C80E99047DF
:108CF00020E0900A34F0E4A3F08006900A3574076F
:108D0000F0900A35E0704F900A33E0B40116A3E00A
:108D1000FF900A30E0FBA3E0FAA3E0F9E48FF01241
:108D200044E0801D900A34E0FFC3E49FFFE4940018
:108D3000F9900A30E0FBA3E0FAA3E0C98FF01244F7
:108D4000E0E4900A35F0800E900A357407F0800652
:108D5000900A357410F0900A35E0640760027126BD
:108D6000900A35E0FF22E4900A2FF0FFFEFDFC9010
:108D70000C78E0F8A3E0F9A3E0FAA3E0FBC3124605
:108D80004D6002C14F900C74E07002A3E06002C11C
:108D900040900C73E0146041147002C11D24026005
:108DA00002C1757145900A2FEFF024FC601724F47E
:108DB000600D24096002C175900C73E004F022E498
:108DC000900C73F0227B017A0C797691AB900A2F8C
:108DD000EFF0E4900C73F022227B017A0C7976910B
:108DE000AB900A2FEFF024F9602524F760282410B7
:108DF0006002C175900C76E0FEA3E0FFEE3395E0D3
:108E0000FDFC900C811246F3900C73E004F022906C
:108E10000C737401F022E4900C73F02222900C8108
:108E2000E0FCA3E0FDA3E0FEA3E0FFA31246F39065
:108E30000C747427F0A37410F0E4900C73F02222E9
:108E4000900C75E024FFF0900C74E034FFF0229059
:108E50000C78E0FCA3E0FDA3E0FEA3E0FF74FFEFCD
:108E600024FFFFEE34FFFEED34FFFDEC34FFFC90F9
:108E70000C781246F322E4900A34F0900A37F0A3FB
:108E8000F0900A357480F0A3E4F09172900A34EF08
:108E9000F0E064077002E13D900A377405F0900A33
:108EA00037E0FFC39410501474892FF582E4340C1A
:108EB000F583E4F0900A37E004F080E2900A97E04E
:108EC000C364809480501AE0FF3395E0FE7CFF7D00
:108ED000FF1244A2900C89EFF0900C8C7401F0808A
:108EE0000D900A97E0900C89F0E4900C8CF0900AB9
:108EF00080E0C364809480501AE0FF3395E0FE7CEC
:108F0000FF7DFF1244A2900C8AEFF0900C8D74014B
:108F1000F0800D900A80E0900C8AF0E4900C8DF0C7
:108F2000900CE9E0900C8BF07B017A0C7989E4FDE0
:108F3000718FE49009FFF09009A67402F0900A3452
:108F4000E0FF7E00227F07904722E05402600E90EF
:108F5000472074B6F074E0F0740DF080027F0422B4
:108F6000E4900A31F0A3F0A3F0900A2F7480F0A3EC
:108F7000E4F0900A97E0900A32F0900A80E0900ABC
:108F800033F09009FFE0B40322900ABEE0900A3269
:108F9000F0900AA2E0900A33F0900A32E0900A972B
:108FA000F0900A33E0900A80F0D17622900A99E09E
:108FB000FCA3E0FDA3E0FEA3E0FF900CE0E0F8A33B
:108FC000E0F9A3E0FAA3E0FBC312464D700302955B
:108FD0005B900A99E0FCA3E0FDA3E0FEA3E0FF9014
:108FE0000CE01246F3900CE0E0FCA3E0FDA3E0FEF1
:108FF000A3E0FF124731901201FCA055901901FE29
:10900000525C90210200046390290201B66A0000BC
:10901000902FE4900CE9F08016900CE97401F08038
:109020000E900CE97402F08006900CE97403F07F56
:10903000C07E3B7D477C03900CE0E0F8A3E0F9A301
:10904000E0FAA3E0FBD312464D4008900CA2740C4A
:10905000F021E47FC07E057DD97C01900CE0E0F832
:10906000A3E0F9A3E0FAA3E0FBD312464D40089039
:109070000CA2740BF021E47F807EBA7D8C7C019081
:109080000CE0E0F8A3E0F9A3E0FAA3E0FBD312467A
:109090004D4008900CA2740AF021E47F807EB17DDF
:1090A0004F7C01900CE0E0F8A3E0F9A3E0FAA3E024
:1090B000FBD312464D4008900CA27409F021E47FC6
:1090C000C07EEA7D217C01900CE0E0F8A3E0F9A3EA
:1090D000E0FAA3E0FBD312464D4008900CA27408BE
:1090E000F021E47F007E247DF47C00900CE0E0F829
:1090F000A3E0F9A3E0FAA3E0FBD312464D400890A9
:109100000CA27407F021E47F007E1B7DB77C0090E9
:109110000CE0E0F8A3E0F9A3E0FAA3E0FBD31246E9
:109120004D4008900CA27406F021E47F407E547DEF
:10913000897C00900CE0E0F8A3E0F9A3E0FAA3E05A
:10914000FBD312464D4008900CA27405F021E47F39
:10915000807E8D7D5B7C00900CE0E0F8A3E0F9A3BD
:10916000E0FAA3E0FBD312464D4008900CA2740431
:10917000F080717F407E4B7D4C7C00900CE0E0F8ED
:10918000A3E0F9A3E0FAA3E0FBD312464D40089018
:109190000CA27403F0804D7FC07EC67D2D7C0090B4
:1091A0000CE0E0F8A3E0F9A3E0FAA3E0FBD3124659
:1091B0004D4008900CA27402F080297F607EE37D10
:1091C000167C00900CE0E0F8A3E0F9A3E0FAA3E03D
:1091D000FBD312464D4008900CA27401F08005E4C8
:1091E000900CA2F07F007E367D6E7C01900CE0E05A
:1091F000F8A3E0F9A3E0FAA3E0FBD312464D400741
:10920000E4FF125FE741987FC07EE17DE47C00903F
:109210000CE0E0F8A3E0F9A3E0FAA3E0FBD31246E8
:109220004D40077F01125FE7806E7F407E547D894D
:109230007C00900CE0E0F8A3E0F9A3E0FAA3E0FBE7
:10924000D312464D40077F02125FE7804B7FC07EFE
:10925000307D467C00900CE0E0F8A3E0F9A3E0FA52
:10926000A3E0FBD312464D40077F03125FE780283F
:109270007F807EB97D2A7C00900CE0E0F8A3E0F9C5
:10928000A3E0FAA3E0FBD312464D40077F04125F30
:10929000E780057F05125FE7900CEC7401F07F20FA
:1092A0007E297D1B7C00900CE0E0F8A3E0F9A3E0B0
:1092B000FAA3E0FBC312464D40247F907EAB7D1E97
:1092C0007C00900CE0E0F8A3E0A3E0A3E0D312461A
:1092D0004D500BE49009F8F0900CECF0A12E7FC0FB
:1092E0007E197D357C00900CE0E0F8A3E0F9A3E066
:1092F000FAA3E0FBC312464D40267F107E307D3D31
:109300007C00900CE0E0F8A3E0A3E0A3E0D31246D9
:109310004D500D9009F87401F0E4900CECF0A12E82
:109320007F247E087D517C00900CE0E0F8A3E0F9FA
:10933000A3E0FAA3E0FBC312464D40267F7C7E9A51
:109340007D527C00900CE0E0F8A3E0A3E0A3E0D322
:1093500012464D500D9009F87402F0E4900CECF0B8
:10936000A12E7FA07E817D6A7C00900CE0E0F8A3B6
:10937000E0F9A3E0FAA3E0FBC312464D40267FB01C
:109380007E8A7D6F7C00900CE0E0F8A3E0A3E0A370
:10939000E0D312464D500D9009F87403F0E4900CA0
:1093A000ECF0A12E7F007ECF7D997C00900CE0E058
:1093B000F8A3E0F9A3E0FAA3E0FBC312464D402670
:1093C0007F807E077D9B7C00900CE0E0F8A3E0A30B
:1093D000E0A3E0D312464D500D9009F87404F0E478
:1093E000900CECF0A12E7F007E647D137C01900C2C
:1093F000E0E0F8A3E0F9A3E0FAA3E0FBC312464DD6
:1094000040267F907E407D157C01900CE0E0F8A323
:10941000E0A3E0A3E0D312464D500D9009F8740686
:10942000F0E4900CECF0A12E7F607E517DD57C00A5
:10943000900CE0E0F8A3E0F9A3E0FAA3E0FBC3128C
:10944000464D40267FC07E1D7DDB7C00900CE0E019
:10945000F8A3E0A3E0A3E0D312464D500D9009F825
:109460007405F0E4900CECF0A12E7F207E217D406D
:109470007C01900CE0E0F8A3E0F9A3E0FAA3E0FBA4
:10948000C312464D40267F207E747D477C01900CA0
:10949000E0E0F8A3E0A3E0A3E0D312464D500D9026
:1094A00009F87407F0E4900CECF0A12E7F707E7C3C
:1094B0007D7B7C01900CE0E0F8A3E0F9A3E0FAA347
:1094C000E0FBC312464D40267F407E787D7D7C01C7
:1094D000900CE0E0F8A3E0A3E0A3E0D312464D50E7
:1094E0000D9009F87408F0E4900CECF080407FE0F7
:1094F0007EF07DAA7C01900CE0E0F8A3E0F9A3E007
:10950000FAA3E0FBC312464D40247FB07E567DC5D2
:109510007C01900CE0E0F8A3E0A3E0A3E0D31246C6
:109520004D500B9009F87409F0E4900CECF07FE0DA
:109530007EF07DAA7C01900CE0E0F8A3E0F9A3E0C6
:10954000FAA3E0FBC312464D4011900A02E0600B03
:109550009009F87409F0E4900CECF07F002290FF81
:10956000FC12476B1246F390FFF612476B7B01909B
:10957000000612478FA982AA83850883850982EB9A
:10958000F0A3EAF0A3E9F07B0190000A12478FA94B
:1095900082AA8390000312478FEBF0A3EAF0A3E9BD
:1095A000F090000312478FE0FBA3E0FAA3E024034E
:1095B000F9E43AFA124477FF850883850982E0FBD3
:1095C000A3E0FAA3E0F9EF12449090000312478F52
:1095D000E0FBA3E0FAA3E02402F9E43AFA124477AC
:1095E000FF850883850982E0FBA3E0FAA3E024015C
:1095F000F9E43AFAEF12449090000312478FE0FB2F
:10960000A3E0FAA3E02401F9E43AFA124477FF85D3
:109610000883850982E0FBA3E0FAA3E02402F9E4D1
:109620003AFAEF12449090000312478FE0FBA3E058
:10963000FAA3E0F9124477FF850883850982E0FBED
:10964000A3E0FAA3E02403F9E43AFAEF124490907D
:10965000000612478FE0FCA3E0FDA3E0FEA3E0FFBD
:1096600090000E02476BE4FF900CEDE06003741075
:10967000FF90099CE0FE30E004EF4420FFEE30E173
:1096800004EF4402FF22E4900A0DF0906000E090A5
:109690000A0EF0906001E0900A0FF0900A0EE0547C
:1096A00080648060030299BAA3E012470B96E10040
:1096B000970D0298E506982D20990533974C3A9717
:1096C000723C97A53D97D03F97F250980651992C40
:1096D00094997495986CA4988BA598AEBF00009946
:1096E000BA900C4A7497F0A37404F09009187401AE
:1096F000F0A3740CF0A3744AF0900916E4F0A3747C
:1097000002F0129D3E900A0DEFF00299BAD16690D8
:109710000C4AEFF0E0FCA3E0FDA3E0FEA3E0FFEEC7
:10972000EDEC4408FC900C4A1246F39009187401C1
:10973000F0A3740CF0A3744AF0900916E4F0A304AB
:10974000F0129D3E900A0DEFF00299BA7A0A79AEB6
:109750009009187401F0A3740AF0A374AEF0900994
:1097600016E4F0A37404F0129D3E900A0DEFF0028F
:1097700099BA7F707E3D7D0A7C071267F4900C4A8F
:109780001246F39009187401F0A3740CF0A3744A04
:10979000F0900916E4F0A37404F0129D3E900A0DB7
:1097A000EFF00299BA7A0A79B29009187401F0A31D
:1097B000740AF0A374B2F0900916E4F0A37404F0F4
:1097C000129D3E900A0DEFF0E4900C4EF00299BA13
:1097D0009009187401F0A3740AF0A374B8F090090A
:1097E00016E4F0A37406F0129D3E900A0DEFF0020D
:1097F00099BA906002E030E008900CED7401F080BE
:1098000005E4900CEDF0129666900C4AEFF090098A
:10981000187401F0A3740CF0A3744AF0900916E4D4
:10982000F0A304F0B13E900A0DEFF021BA9060036E
:10983000E06487600221BA7B027A607904124D7776
:10984000EF64014E600221BA900C4AF07B0190094E
:109850001804F0A3740CF0A3744AF0900916E4F015
:10986000A304F0B13E900A0DEFF021BA90091874EC
:1098700001F0A37409F0A3749CF0900916E4F0A31E
:1098800004F0B13E900A0DEFF021BA7A0979A29066
:1098900009187401F0A37409F0A374A2F0900916DA
:1098A000E4F0A304F0B13E900A0DEFF021BA900C61
:1098B00085E0FCA3E0FDA3E0FEA3E0FF12955E902F
:1098C0000C541246F39009187401F0A3740CF0A321
:1098D0007454F0900916E4F0A37404F0B13E900AB9
:1098E0000DEFF021BA9009187401F0A3740AF0A3E7
:1098F0007410F0900916E4F0A37404F0B13E900ADD
:109900000DEFF021BA900A97E0900C45F0900918FD
:109910007401F0A3740CF0A37445F0900916E4F000
:10992000A304F0B13E900A0DEFF021BA900A97E03F
:10993000FF3395E0FEFDFC900C461246F3900C467A
:10994000E0FCA3E0FDA3E0FEA3E0FF12955E900C17
:10995000501246F39009187401F0A3740CF0A3742C
:1099600050F0900916E4F0A37402F0B13E900A0D95
:10997000EFF08046900A80E0FF3395E0FEFDFC901A
:109980000C461246F3900C46E0FCA3E0FDA3E0FE7B
:10999000A3E0FF12955E900C501246F390091874E4
:1099A00001F0A3740CF0A37450F0900916E4F0A336
:1099B0007402F0B13E900A0DEFF0900A0EE0548070
:1099C0006002A102A3E012470B9A0F309A2F329A3D
:1099D00053339AC9359A8E3A9B68709BE8719B877E
:1099E000729C07739C26759C45769C64779BA67A2F
:1099F0009C837B9CC17D9CA27F9BC5909CE09C9A94
:109A0000ECA09B0BA99B2AF39B49F700009D0290B9
:109A100009187401F0A3740AF0A3748DF09009166C
:109A2000E4F0A37406F0B108900A0DEFF0A1027AF9
:109A30000A79AE9009187401F0A3740AF0A374AE09
:109A4000F0900916E4F0A37404F0B108900A0DEF49
:109A5000F0A1027A0A79BE9009187401F0A3740A81
:109A6000F0A374BEF0900916E4F0A304F0B10890DE
:109A70000A0DEFF0900ABEE0FF3395E0FEFDFC908A
:109A80000C411246F39009FFE04401F0A1027A0A6A
:109A900079A29009187401F0A3740AF0A374A2F0DB
:109AA000900916E4F0A304F0B108900A0DEFF090CD
:109AB0000AA2E0FF3395E0FEFDFC900C3D1246F358
:109AC0009009FFE04402F0A1027A0A79C7900918D0
:109AD0007401F0A3740AF0A374C7F0900916E4F0BF
:109AE000A304F0B108900A0DEFF0A10290091874D8
:109AF00001F0A3740CF0A3744EF0900916E4F0A3E7
:109B000004F0B108900A0DEFF0A102900918740159
:109B1000F0A3740AF0A37402F0900916E4F0A30411
:109B2000F0B108900A0DEFF0A1029009187401F04D
:109B3000A37409F0A374FBF0900916E4F0A304F0F9
:109B4000B108900A0DEFF0A1029009187401F0A37A
:109B50007409F0A374F9F0900916E4F0A304F0B1CD
:109B600008900A0DEFF0A1029009187401F0A37497
:109B70000AF0A37403F0900916E4F0A304F0B1080E
:109B8000900A0DEFF0A1029009187401F0A3740976
:109B9000F0A3749FF0900916E4F0A304F0B10890CC
:109BA0000A0DEFF0A1029009187401F0A37409F0F6
:109BB000A374A7F0900916E4F0A304F0B108900A8A
:109BC0000DEFF0A1027A0A79D09009187401F0A380
:109BD000740AF0A374D0F0900916E4F0A304F0B175
:109BE00008900A0DEFF0A1029009187401F0A37417
:109BF00009F0A374FEF0900916E4F0A304F0B10894
:109C0000900A0DEFF0A1029009187401F0A37409F5
:109C1000F0A3749EF0900916E4F0A304F0B108904C
:109C20000A0DEFF0A1029009187401F0A37409F075
:109C3000A3749DF0900916E4F0A304F0B108900A13
:109C40000DEFF0A1029009187401F0A37409F0A3BC
:109C500074FAF0900916E4F0A304F0B108900A0D2C
:109C6000EFF0A1029009187401F0A37409F0A37435
:109C7000A5F0900916E4F0A304F0B108900A0DEFE6
:109C8000F0807F9009187401F0A3740AF0A374099E
:109C9000F0900916E4F0A304F0B108900A0DEFF07B
:109CA00080609009187401F0A3740AF0A37401F0A5
:109CB000900916E4F0A304F0B108900A0DEFF080CB
:109CC000419009187401F0A3740AF0A37408F0908D
:109CD0000916E4F0A304F0B108900A0DEFF0802219
:109CE0007A0979A09009187401F0A37409F0A3749B
:109CF000A0F0900916E4F0A37402F0B108900A0DE8
:109D0000EFF0900A0DE0FF2290092D7404F0900905
:109D10002C7480F0F1E3906007E0FE906006E0FDB7
:109D2000EEEDFFD3900917E09F900916E09E4005E5
:109D3000EEF0A3EFF0900931740BF07F012290094F
:109D400016E07002A3E07004F1C5802F90092D7415
:109D500002F0E490092CF0F1E3906007E0FE9060DF
:109D600006E0FDEEEDFFD3900917E09F900916E0A5
:109D70009E4005EEF0A3EFF012B89E7F0122E49022
:109D80000A17F0906000E0FE5403900A18F090600B
:109D900003E0900A19F0906004E0547F900A1AF0F2
:109DA000EE54807002E10C900A18E0640270439057
:109DB0006001E0247F6002E1BF900A19E064016065
:109DC00002E1BF900916F0A37403F0900A1AE0753F
:109DD000F003A424F7F9740B35F0FA900918740114
:109DE000F0A3EAF0A3E9F0B13E900A17EFF0E1BF6B
:109DF000E1BF900A18E064016002E1BF906001E0F9
:109E0000247E606C147002C19E147002C1CC248543
:109E10007002C1FA247E6002E1BF900A19E0B40129
:109E200021900916E4F0A304F07A0B79F690091852
:109E3000F0A3740BF0A374F6F0B13E900A17EFF0A4
:109E4000E1BF900A19E064026002E1BF900916F0D8
:109E5000A37402F07B017A0C791890091814F0A30E
:109E6000740CF0A37418F0B13E900A17EFF0E1BF44
:109E7000900A19E064026002E1BF900916F0A37431
:109E800002F07B017A0C791490091814F0A3740C79
:109E9000F0A37414F0B13E900A17EFF0E1BF900AFE
:109EA00019E064026002E1BF900916F0A37402F0A9
:109EB0007B017A0C791690091814F0A3740CF0A3A6
:109EC0007416F0B13E900A17EFF0E1BF900A19E066
:109ED00064026002E1BF900916F0A37402F07B01F6
:109EE0007A0C791290091814F0A3740CF0A3741270
:109EF000F0B13E900A17EFF0E1BFE4900916F0A32D
:109F0000F0B108900A17EFF0E1BFE1BF900A18E046
:109F10006402704A906001E0146002E1BF900A1987
:109F2000E064016002E1BF900916F0A37403F090B1
:109F30000A1AE075F003A424F7F9740B35F0FA90CF
:109F400009187401F0A3EAF0A3E9F0900A1AE0906E
:109F50000C1AF0B108900A17EFF080638061900A44
:109F600018E064017059906001E0147052900A1971
:109F7000E0B40121900916E4F0A304F07A0B79F61D
:109F8000900918F0A3740BF0A374F6F0B108900ACE
:109F900017EFF0802A900A19E0B40223900916E422
:109FA000F0A37402F07B017A0C791890091814F070
:109FB000A3740CF0A37418F0B108900A17EFF09096
:109FC0000A17E0FF2290092D7402F090092C74808A
:109FD000F0900931740FF0E490091FF0900934F00B
:109FE0007F0122E4900932F0A3F090091BE0FBA36B
:109FF000E0FAA3E04A4B602590091BE0FBA3E0FADE
:10A00000A3E0F9E412449090091BE0FBA3E0FAA35B
:10A01000E02401F9E43AFAE4F5F01244E022C0E069
:10A02000C083C082C085C084C086758600C0937519
:10A03000930090099BE4F0D093D086D084D085D053
:10A0400082D083D0E03232C0E0C083C082C085C0FD
:10A0500084C086758600C093759300900C6EE4F002
:10A06000D093D086D084D085D082D083D0E032E423
:10A07000900A2FF09009A0E0FFA3E0FE9009A0E075
:10A08000FDA3E0FCEE603C6C7039EF6D7035900C18
:10A0900063E0FDEE6D602CEEF09009FCE0C394509F
:10A0A00050219009A4E024A8F582E43409F583EF57
:10A0B000F09009A4E00475F05084E5F0F09009FCFC
:10A0C000E004F0900C58E0B40B00400241B490A0C2
:10A0D000D5F828287302A0F602A11F02A14602A10A
:10A0E0006F02A19802A1C102A1EA02A21302A2B4C6
:10A0F00002A2B402A2559009FEE0FF900C59E06F55
:10A100006015900C607471F0A3EFF0900C59F09012
:10A110000C58740AF041B4900C58E004F041B4902B
:10A12000099EE0FF900C5FE06F6013A37473F0A3CF
:10A13000EFF0900C5FF0900C58740AF041B4900C62
:10A1400058E004F041B490099DE0FF900C5BE06F93
:10A150006015900C607475F0A3EFF0900C5BF090BC
:10A160000C58740AF041B4900C58E004F041B490DB
:10A1700009A5E0FF900C5DE06F6015900C607477AE
:10A18000F0A3EFF0900C5DF0900C58740AF041B41D
:10A19000900C58E004F041B4900A01E0FF900C5E8E
:10A1A000E06F6015900C60747FF0A3EFF0900C5E90
:10A1B000F0900C58740AF041B4900C58E004F0414F
:10A1C000B4900A09E0FF900C5AE06F6015900C60A3
:10A1D000747BF0A3EFF0900C5AF0900C58740AF0D6
:10A1E00041B4900C58E004F041B49009FAE0FF90BB
:10A1F0000C5CE06F6015900C607476F0A3EFF0904B
:10A200000C5CF0900C58740AF041B4900C58E004C7
:10A21000F041B49009FCE0D394004032900C60749B
:10A220009CF09009FDE024A8F582E43409F583E070
:10A23000900C61F09009FDE00475F05084E5F0F0B9
:10A240009009FCE014F0900C58740AF08066E490D9
:10A250000C58F0805F900C62E014603004705590F0
:10A260000C60E0FF127F71900A2FEFF0B4010E90A6
:10A270000C62E004F0900C58740AF08037E4900C03
:10A2800058F0900C62F0900A08F08028900C61E081
:10A29000FF127F71900A2FEFF0B4010BE4900C6273
:10A2A000F0900C58F0800DE4900C58F0900C62F097
:10A2B000900A08F0900C58E0FF22E4900A31F090E8
:10A2C0000C64E0B40B004002A16590A2D1F82828EC
:10A2D0007302A2F202A37402A3CF02A41202A45139
:10A2E00002A46B02A4BE02A4CF02A56502A565026A
:10A2F000A510900C6AE0FCA3E0FDA3E0FEA3E0FF44
:10A30000900C65E0F8A3E0F9A3E0FAA3E0FBC31228
:10A31000464D6047900C6AE0FCA3E0FDA3E0FEA37D
:10A32000E0FF128068900C72EFF06002A165900C63
:10A330006AE0FCA3E0FDA3E0FEA3E0FF900C651241
:10A3400046F3900CECE06002A165900A03E06443E0
:10A350006002A165900C64E004F022900CECE060D7
:10A3600002A165900A03E064436002A165900C6459
:10A37000E004F022124D3B900A30EFF0125FBA90E9
:10A380000A2FEFF0A3E0FF124CE8900A2FE0FF3015
:10A39000E0089009997401F08005E4900999F0EFC4
:10A3A00030E10890099A7401F08005E490099AF070
:10A3B000900999E0600690099AE0700D90099C74EC
:10A3C00001F0900C64E004F022E4900C64F022129E
:10A3D0005DEAEF54EFFF125C61900A81E0FEA3E0BA
:10A3E000FFEE3395E0FDFC900C6AE0F8A3E0F9A3E2
:10A3F000E0FAA3E02FFFEA3EFEE93DFDE83CFC1257
:10A400008068900C72EFF06002A165900C64E0042B
:10A41000F022125DEA900A31EFF090099FE0B4015A
:10A420001B900A31E054F7F054FDF090099B740141
:10A43000F0FFB166900C647405F0800D900A31E075
:10A4400054F7F0900C647404F0900A31E0FF025C61
:10A4500061125DEAEF54FDFF125C6190099B74018B
:10A46000F0FFB166900C64E004F022124D3B900ABC
:10A4700030EFF0125FBA900A2FEFF0A3E0FF124C1A
:10A48000E8900A2FE0FF30E0089009997401F0800D
:10A4900005E4900999F0EF30E10890099A7401F011
:10A4A0008005E490099AF0900999E07002A1659006
:10A4B000099AE07002A165900C64E004F022125D3C
:10A4C000EAEF4402FF125C61900C64E004F0229019
:10A4D000099BE07034900C6AE0FCA3E0FDA3E0FE71
:10A4E000A3E0FF128068900C72EFF07078125DEAC2
:10A4F000900A31EFF04408F04410FFF0125C61E480
:10A5000090099CF0900C64F022900C64740AF02284
:10A51000124D3B900A30EFF0125FBA900A2FEFF025
:10A52000A3E0FF124CE8900A2FE0FF30E00890090A
:10A53000997401F08005E4900999F0EF30E10890FA
:10A54000099A7401F08005E490099AF0900999E065
:10A55000600690099AE07007900C647404F02290F1
:10A560000C647407F022906477EFF02280FE227B67
:10A57000007A4079807D0C7C00124D84904082747A
:10A580001AF07B007A4079847D027C00124D849021
:10A5900040867418F07B007A4079887D6B7C0E12BF
:10A5A0004D8490408A7418F07B007A40798C7DBF8E
:10A5B0007C5D124D8490408E7419F07B007A407956
:10A5C0009074FFFDFC124D849040927418F09043FB
:10A5D000007406F09042007452F07B0C7A01790FFF
:10A5E000124D939046A1EFF07B007A4279127D13D1
:10A5F0007C33124D849042107401F0E0FFE47FC878
:10A600007E32FDFC900A251246F3900A25E0A3E075
:10A61000A3E0FEA3E0D39400EE9400403A904210F1
:10A62000E054806032E47FE07E01FDFC124D00903A
:10A630000A25E0FCA3E0FDA3E0FEA3E0FF74FFEF2A
:10A6400024FFFFEE34FFFEED34FFFDEC34FFFC9001
:10A650000A251246F380B3900A25E0A3E0A3E0FEAA
:10A66000A3E04E70047F01B16C904210E04440F0D2
:10A670007B007A4279227D147C0C124D849040003C
:10A680007401F07B007A4279207D517C12124D8456
:10A69000E4900A29F07F19FEFDFC900A251246F38A
:10A6A000900A25E0A3E0A3E0FEA3E0D39400EE949B
:10A6B00000404AA3E0FF64036043904225E0540158
:10A6C000FEEF25E04E5403900A29F0E47FE07E017E
:10A6D000FDFC124D00900A25E0FCA3E0FDA3E0FE86
:10A6E000A3E0FF74FFEF24FFFFEE34FFFEED34FF25
:10A6F000FDEC34FFFC900A251246F380A3900A2556
:10A70000E0A3E0A3E0FEA3E04E70047F03B16C7B06
:10A71000007A4079047D007C01124D8490400474DD
:10A7200007F0904006E4F09040087448F090400430
:10A73000E4F0904009F09040017402F09043A2E0F0
:10A74000441FF022E4FFFEFDFC900CE41246F3905F
:10A7500076007410F09070107401F0907019E4F0AD
:10A760007B027A78F97DD07C02124D869078027453
:10A7700001F0A374A3F07B027A787904C003C002CD
:10A78000C0017BFF7A5479E0E9EAE4AD01AC02D084
:10A7900001D002D003124D867B027A7879067D08BB
:10A7A0007C78124D867B027A7679047D107C0012CB
:10A7B0004D867B027A767906E4FDFC124D86907018
:10A7C00029740BF0907039740DF09070597413F077
:10A7D0009070697421F0907079742AF090701474FC
:10A7E00001F0907018E0540170F8907028E0540166
:10A7F00070F8907038E0540170F8907058E054018F
:10A8000070F8907068E0540170F8907078E054012E
:10A8100070F87B087A087920900A2A7401F0A374F2
:10A8200051F0A37410F07F067E00024C457B0C7A39
:10A830000179CF124D93EF540790586EF0EFC45446
:10A840000FA3F09058767444F0227B007A4679E8A2
:10A85000124D93EF4405FD7B007A4679E8124D9F37
:10A8600012A7447B007A7679007D047C00124CCFDD
:10A870007C577DB07B007A7679087F047E00124C8D
:10A88000A97C577DB47B007A7679107F047E001214
:10A890004CA97B007A7679187D047C00124CCF7C21
:10A8A000577DB87B007A7679207F047E00124CA910
:10A8B0007C577DBC7B007A7679287F047E00124C21
:10A8C000A97C577DC07B007A7679307F047E0012A8
:10A8D0004CA97B007A7679387D047C00124CCF7BC2
:10A8E000017A0279D87F047E047D007CC9124D5024
:10A8F0007B017A1679587F847E847D007C04124D1A
:10A90000507B017A507903124D93EF4402FD7B0195
:10A910007A507903124D9F7B017A507913124D932F
:10A92000EF4402FD7B017A507913124D9F9043A0B2
:10A93000E04440F09043C2E04410F07B087A1F7975
:10A94000CC900A2AE4F0A37451F0A37402F07F08BB
:10A950007E00124C457B087A1F79D4900A2AE4F0D5
:10A96000A37451F0A374C2F07F087E00124C457BA3
:10A97000087A1F79DC900A2AE4F0A37451F0A374DA
:10A98000F0F07F0A7E00124C457B087A1F79E89030
:10A990000A2AE4F0A37451F0A37410F07F0A7E0039
:10A9A000124C457B087A1F79F4900A2AE4F0A374CC
:10A9B00051F0A37420F07F0A7E00124C459044F4BD
:10A9C0007401F0904322E04408F09046ECE0C39418
:10A9D000055006904689743AF090480074F1F012E0
:10A9E000A56F90480074B1F0112D7B007A4379A0D7
:10A9F000C003C002900A2AEBF0A3EAF0A374B0F0FF
:10AA0000D002D0037F0E7E00124C459043B0E0543C
:10AA1000FDF022900A2FEFF0A3EDF0900B10E07004
:10AA20000851CC900B107401F0900A2FE0FFA3E0C6
:10AA3000FD900A31EDF090092EEFF0E490092DF031
:10AA4000900922F0900930F090091EF0900927F04B
:10AA500090092FF090091FF09044C27480F0A37405
:10AA600001F09044C27420F09044C07404F0740863
:10AA7000F090609E7406F09044C27440F090609C28
:10AA80007450F07EB57F109197F1BDF1D7900A31E7
:10AA9000E014600C047012906009E054FEF0801025
:10AAA000906009E04401F08007906009E04401F003
:10AAB0009060287403F09060087480F0E47F01FED9
:10AAC000FDFC124D009060127404F022124D3B9078
:10AAD0000A31EFF09043A5E04401F09043B5E04423
:10AAE00001F090609D7401F090600904F090601096
:10AAF000E0547FF0E4FFFE124C7C904394E054F964
:10AB0000F0906012E054DFF0904394E04401F07F55
:10AB1000017E00124C7C7F287E00124C7C9051F804
:10AB2000E0547FF0E054BFF0904394E04402F07FA3
:10AB3000027E00124C7C904394E04404F0906084C8
:10AB4000E4F0A3F0FFFEC3EF9409EE9400502174EB
:10AB5000072FF582740B3EF58374FFF074112FF507
:10AB600082740B3EF58374FFF00FEF70010E80D6F8
:10AB7000900A31E0FF124CE87D057F17913E7CC9B9
:10AB80007D4D7F1771D87D057F18913E7CB77D8202
:10AB90007F1871D87D057F15913E7CC97D4C7F154E
:10ABA00071D87D057F02913E7CC87DAC7F0271D853
:10ABB0007D057F03913E7CC87DFC7F0371D8E4FD59
:10ABC0007F16913E7CB67D327F1671D87D057F0C55
:10ABD000913E7CB17D5B7F0C900A37ECF0A3EDF0E9
:10ABE000900A36EFF0D3941F50028001C340047FD7
:10ABF000009183900A36E0541F25E0FFE433FEE421
:10AC00002FFFEE3444FAA9077B01124D77900A39E1
:10AC1000EEF0A3EFF0900A36E075F002A42400FFF6
:10AC2000E5F03444FAA9077B01A3E0FEA3E0FFFDB1
:10AC3000AC06124D86900A39E0FEA3E0FF22900A8E
:10AC400036EFF0A3EDF0D3940750028001C3400427
:10AC50007F009183900A36E0D3941F50028001C395
:10AC600040047F009183900A37E0540775F020A4D8
:10AC7000FF900A36E0541F2480F582E43444F583C3
:10AC8000EFF02290FFFF12476BEFF09046EA74015D
:10AC9000F090000102476B900A32EEF0A3EFF0F162
:10ACA000AC900A32E0FEA3E0FFF1CA7F05F1B39059
:10ACB00044C07402F0229049D67402F09049C874DE
:10ACC00081F09049CA7437F09049DB7403F0A3E433
:10ACD000F09044C97480F07D077F0F913E7CAC7D7D
:10ACE000F97F0F71D8900CEE7410F0E4900CCBF05B
:10ACF000900CC6F0900CC7F022C0E0C0F0C083C03A
:10AD000082C085C084C086758600C093759300C0DC
:10AD1000D075D000C000C001C002C003C004C0058F
:10AD2000C006C0079049D7E0900A6FF0900CEEE0A3
:10AD300054407002E17B900A6FE0FF54017002E121
:10AD40004B900CEEE024BA7002C13924FD600B1464
:10AD50007002C1E424056002E147EF54DF900A6FFE
:10AD6000F0540AFD7C0064087076900CEEE06445B7
:10AD70007061900CCAE0D394004026900CC3E0FBB5
:10AD8000A3E0FAA3E0F91244779049D8F09049D7AC
:10AD90007404F0900CC77401F0900CEE7446F0E16E
:10ADA0004B900CC8E054026015900CCBE0440AF0C4
:10ADB000900CEE7460F09044C97480F0E14B9049BF
:10ADC000D6E04410F09049D97410F09049D774043B
:10ADD000F0E14B9049D7E4F0900CEE744AF0E14B6F
:10ADE000ED640A4C704D900CCBE044A0F0900CC880
:10ADF000E054026029900CCBE0FF900CEEE0540888
:10AE000060047E0180027E02EE44084F900CCBF07D
:10AE1000900CEE7460F09044C97480F0E14B90495E
:10AE2000D6E04410F09049D97410F09049D77404DA
:10AE3000F0E14B7F009183E14B900A6FE054027088
:10AE40006A900CCAE0FF900CC7E0C39F502B900C97
:10AE5000C3E0FBA3E0FAA3E0F9900CC7E0FFE92F01
:10AE6000F9E43AFA1244779049D8F09049D774043B
:10AE7000F0900CC7E004F0E14B900CC8E054026085
:10AE800015900CCBE0440AF0900CEE7460F0904406
:10AE9000C97480F0E14B9049D6E04410F09049D954
:10AEA0007410F09049D77404F0E14B900CC8E05452
:10AEB000026015900CCBE0449AF0900CEE7460F0B8
:10AEC0009044C97480F0E14B9049D6E04410F09072
:10AED00049D97410F09049D77404F0900CCBE04439
:10AEE00090F080679049D8E0FF900CCCE0FBA3E0A5
:10AEF000FAA3E0F9900CC6E0FEE92EF9E43AFAEF85
:10AF0000124490900CC6E004F0900CC9E0FF900C45
:10AF1000C6E0C39F50089049D77410F0802D900C64
:10AF2000C8E054026015900CCBE04409F0900CEEA0
:10AF30007460F09044C97480F080109049D6E04469
:10AF400010F0A3E4F080047F009183900A6FE05436
:10AF5000206036900CCBE0FF900CEEE054086004CB
:10AF60007E0180027E02EF4E900CCBF09049D6E03D
:10AF700054EFF0900CEE7410F0800E900CEEE05454
:10AF8000107006900CEE7410F0D007D006D005D0EB
:10AF900004D003D002D001D000D0D0D093D086D03E
:10AFA00084D085D082D083D0F0D0E0329044C87471
:10AFB00002F022EFC43354E0904481F022124D3B62
:10AFC000906595E04410F0024CE87B027A447902E7
:10AFD000AD07AC06024D86124D3B90659AE04410D9
:10AFE000F0024CE8E490092DF0900922F09009302D
:10AFF000F090091EF0900927F090092FF090091F9A
:10B00000F09060287403F09060087480F0227F094B
:10B01000117A124D3B906008E0547FF0906012E08E
:10B0200054FBF09043A5E054FEF09043B5E054FE8D
:10B03000F09051F8E04480F0E04440F0124CE89089
:10B0400044CA7480F0A37401F09044CA7420F09054
:10B0500044C87404F07408F031489044D97410F076
:10B06000E4900922F0900930F090091EF090092731
:10B07000F090092FF0900B10F022900A3CEFF0C3F3
:10B0800094095004E0FF80027F01900A3DEFF090A8
:10B090000A3DE0FF2407F582E4340BF583E0F46019
:10B0A0003074232FF582E4340BF583E0FF12603710
:10B0B000900A3DE02407F582E4340BF583E0FF318C
:10B0C0000A900A3DE02407F582E4340BF58374FF0F
:10B0D000F0900A3DE02411F582E4340BF583E0FFA3
:10B0E000F46012310A900A3DE02411F582E4340B39
:10B0F000F58374FFF0900A3DE004F0E0C39409503A
:10B1000008900A3CE06409608622900A3EEFF0C392
:10B1100094805033124D3B900A3FEFF0900CD3E0F7
:10B12000FF900A3EE0FE75F008A42400F582E5F0E9
:10B130003478F583EFF0900CD3EEF0A3E004F090B8
:10B140000A3FE0FF124CE82290458FE054407E0019
:10B150007806CEC313CE13D8F9FF22C0E0C0F0C0EA
:10B1600083C082C085C084C086758600C0937593F5
:10B1700000C0D075D000C000C001C002C003C00430
:10B18000C005C006C0073148D007D006D005D0049E
:10B19000D003D002D001D000D0D0D093D086D084BC
:10B1A000D085D082D083D0F0D0E032900A2FEFF05B
:10B1B000E4A3F0A3F0A3F0A3F0EF24FD602F04704C
:10B1C00056900A30E0FAA3E0FBA3E0FFA3E0900A68
:10B1D00038CFF0A3EFF07D017F205194900A2FE04B
:10B1E0002423F582E4340BF583EFF0802A900A30B3
:10B1F000E0FAA3E0FBA3E0FFA3E0900A38CFF0A3BE
:10B20000EFF07D017F20514B900A2FE02423F5823F
:10B21000E4340BF583EFF0900A2FE0FFD394004065
:10B2200029EF94095024126E61900A2FE02407F54B
:10B2300082E4340BF583EFF0126E61900A2FE02464
:10B2400011F582E4340BF583EFF022900A36EAF030
:10B25000A3EBF0AE05900CFC7402F0AD07AF06ABAB
:10B2600007900A40F0E4A3F0A3F07F0251DD900CB8
:10B27000FCE0FF900A36E0FCA3E0FDA3E0FAA3E0C7
:10B28000FB126FD3900CFCE0FF7D02126D24900C3A
:10B29000FCE0FF22900A36EAF0A3EBF0AE05900C3A
:10B2A000FD7401F0AD07AF06AB07900A40F0E4A3D0
:10B2B000F0A3F07F0151DD900CFDE0FF900A36E035
:10B2C000FCA3E0FDA3E0FAA3E0FB126FD3900CFD1A
:10B2D000E0FF7D02126D24900CFDE0FF22AC077AA6
:10B2E00001ECC39418506CEB540175F080A4FFED91
:10B2F000547F4FFF75F008ECA42400F582E5F0348C
:10B3000076F583EFF0900A41E0540F75F010A4FF3A
:10B31000900A40E0540F4FFF75F008ECA42401F5AB
:10B3200082E5F03476F583EFF0900A42E0540FFFA7
:10B3300075F008ECA42402F582E5F03476F583EF8D
:10B34000F075F008ECA42403F582E5F03476F5837B
:10B35000E4F01AAF0222900A39EAF0A3EBF0AE054E
:10B36000900CF97407F0AD07AF06AB07E4900A4004
:10B37000F0A3F0A3F07F0751DD900CF9E0FF900AF5
:10B3800039E0FCA3E0FDA3E0FAA3E0FB126FD39049
:10B390000CF9E0FF7D01126D24900CF9E0FF229082
:10B3A0000A6CEFF0ED60028158E0FD2407F582E4BD
:10B3B000340BF583E075F008A42400FEE5F0347842
:10B3C000900A6DF0A3CEF0ED25E024F5F582E4348B
:10B3D0000AF583E0FEA3E024E0FDEE34FFFC900AD2
:10B3E0006DE0FEA3E0AA06F97B01124D86900A6C7F
:10B3F000E0FD2407F582E4340BF583E075F008A442
:10B400002404FEE5F03478900A6DF0A3CEF0ED75DB
:10B41000F003A424DAF582E4340AF583E0FBA3E028
:10B42000FAA3E0F92420FFE43AFEE43BFDE433FC18
:10B43000EFEEE4AD07AC06900A6DE0FEA3E0AA06CD
:10B44000F97B01124D86900A6CE0241AF582E434EF
:10B450000BF5837401F081E4900A6CE02407F58217
:10B46000E4340BF583E075F008A42400FEE5F03425
:10B4700078900A6DF0A3CEF0900A6DE0FEA3E0AAEA
:10B4800006F97B017D027C00124D86900A6CE0FD7E
:10B490002407F582E4340BF583E075F008A4240456
:10B4A000FEE5F03478900A6DF0A3CEF0ED75F00370
:10B4B000A424DAF582E4340AF583E0FBA3E0FAA3DE
:10B4C000E0F9241EFFE43AFEE43BFDE433FCEFEE3A
:10B4D000E4AD07AC06900A6DE0FEA3E0AA06F97B96
:10B4E00001124D86900A6CE0FF2407F582E4340BCC
:10B4F000F583E0FE74232FF582E4340BF583E075C9
:10B50000F010A42419F582E5F03470F583EEF022F2
:10B51000C0E0C0F0C083C082C085C084C08675868C
:10B5200000C093759300C0D075D000C000C001C0AA
:10B5300002C003C004C005C006C007900A6B7401B6
:10B54000F0D126EF547F900A6AF0D12CEF5403908B
:10B550000A69F0900A69E07002C103900A6AE0FF8C
:10B560007002A1E75401606FA3E0FF75F010A424FE
:10B5700072F582E5F03460F583E0FE540170587492
:10B580001A2FF582E4340BF583E0704B900A6BE0E0
:10B5900075F010A42475F582E5F03460F583E4F0CD
:10B5A000EFC43354E024FEFE900A6BE0FF75F01008
:10B5B000A42474F582E5F03460F583EEF07D01712A
:10B5C0009F900A6BE075F010A42470F582E5F034CA
:10B5D00060F583E04401F0900A6BE004F0900A6AA1
:10B5E000E0FFC313F0A15B900A69E0FFC313F070A2
:10B5F00002A153900A6B7408F0900A69E05401A309
:10B60000F0A153D007D006D005D004D003D002D08B
:10B6100001D000D0D0D093D086D084D085D082D035
:10B6200083D0F0D0E032906565E0FF2290656AE05B
:10B63000FF22C0E0C0F0C083C082C085C084C08645
:10B64000758600C093759300C0D075D000C000C04F
:10B6500001C002C003C004C005C006C007900A654F
:10B660007401F090609FE0900A63F0900A63E0FF3D
:10B670007002E15054017002E140900A65E0FF75EC
:10B68000F010A42471F582E5F03460F583E0FE75D6
:10B69000F010EFA42472F582E5F03460F583E05EEB
:10B6A000900A64F0E020E002E129A3E0FF75F00BCE
:10B6B000A42439F582E43409F583E05480606A906B
:10B6C0000A65E0FE75F010A42470F582E5F03460A0
:10B6D000F583E054FEF0EE25E024F5F582E4340A2B
:10B6E000F583E0FCA3E0D39420EC94004006E4FD55
:10B6F000719F8010900A65E0241AF582E4340BF5FE
:10B70000837401F0900A65E0FF75F00BA4243AF50C
:10B7100082E43409F583E0FE75F010EFA424FEF511
:10B7200082E5F0345FF583EEF0900A64E0FFA3E079
:10B7300075F010A42472F582E5F03460F583EFF023
:10B74000900A65E004F0900A63E0FFC313F0C16B58
:10B75000D007D006D005D004D003D002D001D0004D
:10B76000D0D0D093D086D084D085D082D083D0F072
:10B77000D0E032905111E0548060047F0180027F5C
:10B780000022C0E0C0F0C083C082C085C084C086F3
:10B79000758600C093759300C0D075D000C000C0FE
:10B7A00001C002C003C004C005C006C007906028E5
:10B7B000E0900A0AF0E0FF5410700302B864A3742A
:10B7C00001F0EF54806021900A0AE0540F64016098
:10B7D00005A3E4F0803112B9FC900931E054806097
:10B7E00026900A0BE4F0801F900A0AE0544060059E
:10B7F00012B8878012900A0AE05420600512B953EB
:10B800008005900A0BE4F0900A0BE06057906028E6
:10B81000E0900A0AF0E05480704A900934E0FF900A
:10B82000092CE04F900A0AF0E0FF906029F0E0FE5A
:10B83000EF6E7030900931E0900A0BF0906028E0D4
:10B840005480900A0AF0E0700F900931E09060286F
:10B85000F0E0540F900A0BF0900931E0FF900A0BD2
:10B86000E0B507D0D007D006D005D004D003D00271
:10B87000D001D000D0D0D093D086D084D085D082D3
:10B88000D083D0F0D0E03290092DE024FC600A246F
:10B89000FE6008240470068005214331DA22E4FDAD
:10B8A00090091FE0FF900933E02FF0900932E03457
:10B8B00000F0D3900917E09400900916E09400403E
:10B8C0004BED94085046900918E0FBA3E0FAA3E082
:10B8D000F9124477FFE42DF582E43460F583EFF04C
:10B8E000900918E0FBA3E0FAA3E02401F9E43AFA96
:10B8F000900918EBF0A3EAF0A3E9F00D900917E026
:10B9000024FFF0900916E034FFF080A690091FE0B4
:10B9100064086006EDD39400401590092CE0648023
:10B92000F0900931740FF090092D7402F0800A90A4
:10B9300009317402F090092DF0900934EDF090096E
:10B940001FF022E490092DF07F01319590093174A8
:10B9500003F02290092DE024FC600A24FE600924F3
:10B9600004700F800E02C1BE7F03319590093174BF
:10B9700003F02290091FE0FF900933E02FF09009B7
:10B9800032E03400F0E490092DF07F013195900908
:10B99000317403F02290091BE0FBA3E0FAA3E04A14
:10B9A0004B603690091BE0FBA3E0FAA3E0F9EF122D
:10B9B0004490900932E0FEA3E0FF90091BE0FBA356
:10B9C000E0FAA3E02401F9E43AFAEE8FF01244E041
:10B9D00090091BE4F0A3F0A3F022900927E0600C8B
:10B9E000E04480906008F0E4900927F0E490092D8D
:10B9F000F07F0131959009317403F022906028E0C6
:10BA0000900A0CF0E0906028F0E0900A0CF0E0FF63
:10BA100054806006900931EFF0227F0231959060EA
:10BA200000E0546024E0601124E060162440701CA3
:10BA3000515E900A0CEFF08018D1E0900A0CEFF004
:10BA4000800F129686900A0CEFF08005E4900A0CA5
:10BA5000F0900A0CE070069009317403F022E49033
:10BA60000A0DF0906000E0900A0FF0A3E4F0A3F05C
:10BA7000A3F0900916F0A3F0900A0FE054806480C0
:10BA8000600281D5906001E07002810624F87002A6
:10BA9000818824FE700281AA24046002C16A906039
:10BAA00003E0B40137F1BF900A13EEF0A3EFF0F515
:10BAB000828E83A3E493F9740193FA74029390093C
:10BAC00018C9F0A3EAF0A3E9F0900916E4F0A37412
:10BAD00012F0129D3E900A0DEFF0C16A906003E0F3
:10BAE00064027072906002E0FFD188900A13EEF059
:10BAF000A3EFF04E7002C16A900A13E0FEA3E0F5D6
:10BB0000828E83A3E493F9740193FA7402939009EB
:10BB100018C9F0A3EAF0A3E9F0900918E0FBA3E04C
:10BB2000FAA3E02403F9E43AFA124477FE900918E4
:10BB3000E0FBA3E0FAA3E02402F9E43AFA12447726
:10BB4000FDEEEDFF900916EEF0A3EFF0129D3E9092
:10BB50000A0DEFF0C16A906003E06403600261FDCA
:10BB6000FF900A1074FFF0A37458F0A3748DF09046
:10BB70006002E0D39F402B900A10E0FBA3E0FAA301
:10BB8000E0F9124477601B124477FEFD7C00E92D3A
:10BB9000F9EC3AFA900A10EBF0A3EAF0A3E9F00FFF
:10BBA00080CD906002E0FF60219057D4E493FEEFD7
:10BBB000B506177B017A0C791B12C99E900A107486
:10BBC00001F0A3740CF0A3741BF0900A10E0FBA327
:10BBD000E0FAA3E0F91244777002C16A124477FFD9
:10BBE000900916E4F0A3EFF0900918EBF0A3EAF047
:10BBF000A3E9F0129D3E900A0DEFF0C16AD1E090EA
:10BC00000A0DEFF0C16A900A0FE05403604724FE6A
:10BC10006002C16A900916E4F0A37402F090600417
:10BC2000E0547F75F00BA42437F582E43409F583E2
:10BC3000E0900CF2F0E4A3F07B017A0C79F2900929
:10BC40001804F0A3740CF0A374F2F0129D3E900A55
:10BC50000DEFF0C16A900916E4F0A37402F09009A8
:10BC60002FE0900CF2F0E4A3F07B017A0C79F290D3
:10BC7000091804F0A3740CF0A374F2F0129D3E9026
:10BC80000A0DEFF0C16AC16A900916E4F0A304F04E
:10BC90007A097930900918F0A37409F0A37430F090
:10BCA000129D3E900A0DEFF0C16A900916E4F0A3D0
:10BCB00004F0906004E02412F9E43409FA900918C1
:10BCC0007401F0A3EAF0A3E9F0129D3E900A0DEF93
:10BCD000F0C16AC16A906001E0147002A19624FE6E
:10BCE0007002C10624FA601B24FE606F2406600205
:10BCF000C16A906002E0900927F0D170900A0DEFC0
:10BD0000F0C16A906002E0900A0EF0D39400400DFA
:10BD1000E014FFD188900A13EEF0A3EFF0900A0E22
:10BD2000E0FFD39400400A900A13E07002A3E07091
:10BD300005EF6002C16A900930E0FF900A0EE0FE54
:10BD40006F600F900930EEF09009227401F0FF123D
:10BD5000CB67D170900A0DEFF0C16AF14DEF700220
:10BD6000C16A906004E0FE90091EF074122EF58204
:10BD7000E43409F583E0FF74232EF582E43409F5F9
:10BD800083E06F60089009227401F0F1DDD17090BA
:10BD90000A0DEFF0C16A900A0FE05403601A1460B4
:10BDA00031146002C16A906002E06002C16A12CF81
:10BDB0009D900A0DEFF0C16A906002E0640160029C
:10BDC000C16A90092FE054FDF0D170900A0DEFF098
:10BDD000C16A906004E0FFC394044002C16A742801
:10BDE0002FF582E43409F583C083C082E0FF9060C0
:10BDF00002E0F4FEEF5ED082D083F0D170900A0DA5
:10BE0000EFF080668064900A0FE0540360161460BF
:10BE10002B147056906002E0705012CF0C900A0DF7
:10BE2000EFF08046906002E06401703E90092FE0E0
:10BE30004402F0D170900A0DEFF0802E906004E083
:10BE4000FFC39404502474282FF582E43409F58349
:10BE5000C083C082E0FF906002E0F4FEEF5ED0821B
:10BE6000D083F0D170900A0DEFF0900A0DE0FF2220
:10BE700090092D7406F0900931F090092C7480F02F
:10BE8000E4900934F07F0122900A1DEFF090092E12
:10BE9000E025E025E0249FF582E4345AF583E4931D
:10BEA000740193FA740293AE02FF2408FFE43EFE8D
:10BEB0008F82F583E493FD900A1DE0FCC39D40054D
:10BEC000E4FEFF801A8F828E8375F004EC1246FF29
:10BED000A3E493740193FA740293AC02AE04FF22BC
:10BEE000E4900A16F0906000E0540324FE600D0414
:10BEF0007024906004E0900A15F0801F906004E0C8
:10BF0000547F75F00BA4243FF582E43409F583E0F7
:10BF1000900A15F08005E4900A15F0900A15E0FFEC
:10BF2000D394045022900920E0FCA3E02FF582E492
:10BF30003CF583E49314700A129D7E900A16EFF08C
:10BF40008005E4900A16F0900A16E0FF22E4900AB9
:10BF500015F0906004E0900A16F0900930E014FFAC
:10BF6000D1888F828E83A3E493FB740193FA7402C9
:10BF7000932404F9E43AFA124477FF900A16E0FE9B
:10BF8000D39F4006EED39404502F74122EF582E412
:10BF90003409F583E0FF74232EF582E43409F58338
:10BFA000EFF0906002E0FF74122EF582E43409F5A0
:10BFB00083EFF0900A157401F0900A15E0FF2290CB
:10BFC000092EE025E025E0249FF582E4345AF5832C
:10BFD000E493740193FA740293AE02FF2290093045
:10BFE000E0D39400500302C1BDE014FFD188EF24D8
:10BFF00004FFE43EFE8F82F583E493900A15F08FF0
:10C00000828E83A3E493740193FA740293AE02FDCB
:10C01000AC0690091EE0900A16F0E4FB900A15E0C9
:10C02000FFEBC39F400221BD8D828C83E493FF9080
:10C030000A16E0FE6F600221B38D828C830493FFA9
:10C0400074122EF582E43409F583E06F600221B3A7
:10C050008D828C83740293547FFA7403935403F992
:10C06000EA75F00BA42438F582E43409F583E4F092
:10C070008D828C83740293FFEA75F00BA42439F54A
:10C0800082E43409F583EFF08D828C83740393FF8F
:10C09000EA75F00BA42435F582E43409F583EFF05A
:10C0A0008D828C83740493FE740593FFEA75F00B04
:10C0B000A4243DF582E43409F583EEF0A3EFF08D7E
:10C0C000828C837402935480602DE9B401047F074D
:10C0D00080027F0DEA75F00BA4243AF582E434095E
:10C0E000F583EFF0EA75F00BA42436F582E4340909
:10C0F000F5837401F0802AE9B401047F0580027F92
:10C1000009EA75F00BA4243AF582E43409F583EFCB
:10C11000F0EA75F00BA42436F582E43409F583E4E3
:10C12000F075F010EAA424FEF582E5F0345FF583A3
:10C130007401F075F010EAA42470F582E5F0346023
:10C14000F583E054FEF0EA24FFFFE434FFFEEF2520
:10C15000E0FFEE33906014EFF0E04401F0906014E3
:10C16000E030E4F98D828C837402935480602090D7
:10C17000608FC083C082E0FFEA14FE7401A8060845
:10C180008002C333D8FCF45FD082D083F0801D904E
:10C19000608FC083C082E0FFEA14FE7401A8060825
:10C1A0008002C333D8FC4FD082D083F0906014E07B
:10C1B00054FEF0ED2407FDE43CFC0B011C22E4FFDF
:10C1C000906029E0540F24FEFEFD900933E02DF02D
:10C1D000900932E03400F0D3900917E09400900900
:10C1E00016E09400404DEED394004047E42FF582D2
:10C1F000E43460F583E0FD900918E0FBA3E0FAA3C6
:10C20000E0F9ED124490900918E0FBA3E0FAA3E0F6
:10C210002401F9E43AFA900918EBF0A3EAF0A3E953
:10C22000F00F1E900917E024FFF0900916E034FF8C
:10C23000F080A4AF06900934EEF090092CE0648001
:10C24000F0900931740BF022124D3B9043A5E0446D
:10C2500004F09043B5E04404F0024CE89044C97403
:10C2600080F09049CAE0900CD8F09049DBE0900C47
:10C27000D9F09049DCE0900CDAF09049DCE0FE90D7
:10C2800049DBE0FDEEED2401FFE43E900A37F0A328
:10C29000EFF09049D6E054FEF0900A37E0FEA3E0BC
:10C2A000FFE4FCFD124D00124D3B900A36EFF0907A
:10C2B00043A5E054FBF09043B5E054FBF0900A3600
:10C2C000E0FF124CE89049D6E04402F0900CD8E030
:10C2D000FF9049CAF0EFF0900CD9E09049DBF09064
:10C2E0000CDAE09049DCF09049D6E054EFF090444D
:10C2F000D97480F0900CEE7410F022900A5EEBF08E
:10C30000A3EAF0A3E9F0AC077D02900A5EE0FBA38C
:10C31000E0FAA3E04A4B700261A7900CEEE0B41083
:10C320000F9049D9E054087003FD801A7D018016F2
:10C33000900CEEE0B4600FE4FD9044D97480F0906E
:10C340000CCBE054F7F0ED705E900CEE7445F0E429
:10C35000900CC7F0900A61E0900CCAF0900A5EE081
:10C36000F9A3E0FAA3E0900CC3C9F0A3EAF0A3E9B3
:10C37000F0900A62E0FF900CC8F0900CCBE054FD06
:10C38000F0AE04EE25E09049D8F0EF5401600CA324
:10C390007412F09049D77404F080069049D9740162
:10C3A000F09044C17480F0AF0522900A4AEBF0A3EC
:10C3B000EAF0A3E9F0AC077D02900A4AE0FBA3E0B3
:10C3C000FAA3E04A4B70028158900CEEE0B4100FD3
:10C3D0009049D9E054087003FD801A7D01801690C1
:10C3E0000CEEE0B4600FE4FD9044D97480F0900C42
:10C3F000CBE054F7F0ED7060900CEE7449F0E490EF
:10C400000CC6F0900A4DE0900CC9F0900A4AE0F991
:10C41000A3E0FAA3E0900CCCC9F0A3EAF0A3E9F002
:10C42000900A4EE0FF900CC8F0900CCBE054FEF068
:10C43000AE04EE25E044019049D8F0EF5401600CC1
:10C44000A37412F09049D77404F080069049D9740F
:10C4500001F09044C17480F0AF05229044C974800B
:10C46000F0900CCBE0FFE4F09044C17480F0221215
:10C470004D3B906499E04420F0124CE890657BE0DD
:10C480004404F022900CF4E070089194900CF47441
:10C4900001F080DB906587E054F8F0E0F090658B68
:10C4A000E054F8F0E0F02290657BE054FEF0124D8D
:10C4B0003B906597E054EFF0024CE8124D3B9064DE
:10C4C00097E04403F0E054FCF0024CE8124D3B903E
:10C4D000659BE04410F0124CE890657BE04402F06C
:10C4E0002290657BE054FDF0124D3B90659BE0543B
:10C4F000EFF0024CE8124D3B90659BE04403F0E006
:10C5000054FCF0024CE8900CD3747FF0A304F07F4D
:10C510007FEF601614FE75F008EFA42400F582E5A5
:10C52000F03478F583EEF01F80E775F008EFA4246F
:10C5300000F582E5F03478F583E4F0227E01EFC364
:10C540009418501A75F010EFA42414F582E5F03415
:10C5500070F583E0FFED5407FDEF4DF0E41EAF06EC
:10C5600022904210E0548060047F0180027F00220C
:10C5700080FE32E4900A25F0900A25E0FFD3941F54
:10C580005020EF75F002A42400FFE5F03444FAA92E
:10C59000077B017CC57D70124D86900A25E004F072
:10C5A00080D622900A22EBF0A3EAF0A3E9F07B0CFC
:10C5B0007A017903124D93E4FCFDFE900A22E0FB20
:10C5C000A3E0FAA3E0F91246A4900A22E0FBA3E05C
:10C5D000FAA3E0F9C003C002C001124684C004C03F
:10C5E00005C006C0077B0C7A017904124D93E4FC68
:10C5F000FDFE7808124671A804A905AA06AB07D06B
:10C6000007D006D005D004EF4BFFEE4AFEED49FD02
:10C61000EC48FCD001D002D0031246A4900A22E0DC
:10C62000FBA3E0FAA3E0F9C003C002C001124684F4
:10C63000C004C005C006C0077B007A4679EC124DE5
:10C6400093E4FCFDFE7810124671A804A905AA0621
:10C65000AB07D007D006D005D004EF4BFFEE4AFE63
:10C66000ED49FDEC48FCD001D002D0031246A49065
:10C670000A22E0FBA3E0FAA3E0F9C003C002C00174
:10C68000124684C004C005C006C0077B0C7A01793D
:10C6900002124D93E4FCFDFE7818124671A804A91D
:10C6A00005AA06AB07D007D006D005D004EF4BFF94
:10C6B000EE4AFEED49FDEC48FCD001D002D0031259
:10C6C00046A47B0C7A017901124D93E4FCFDFE90A7
:10C6D0000A22E0FBA3E0FAA3E02404F9E43AFA1208
:10C6E00046A4900A22E0FBA3E0FAA3E02404F9E4C4
:10C6F0003AFAC003C002C001124684C004C005C09B
:10C7000006C0077B0C7A017900124D93E4FCFDFE14
:10C710007808124671A804A905AA06AB07D007D06D
:10C7200006D005D004EF4BFFEE4AFEED49FDEC4884
:10C73000FCD001D002D0031246A4900A22E0FBA351
:10C74000E0FAA3E02404F9E43AFAC003C002C0010D
:10C75000124684C004C005C006C0077B0C7A01796C
:10C7600005124D93E4FCFDFE7810124671A804A951
:10C7700005AA06AB07D007D006D005D004EF4BFFC3
:10C78000EE4AFEED49FDEC48FCD001D002D0031288
:10C7900046A4900A22E0FBA3E0FAA3E02404F9E413
:10C7A0003AFAC003C002C001124684C004C005C0EA
:10C7B00006C0077B0C7A017906124D93E4FCFDFE5E
:10C7C0007818124671A804A905AA06AB07D007D0AD
:10C7D00006D005D004EF4BFFEE4AFEED49FDEC48D4
:10C7E000FCD001D002D0030246A4904F00E05401D7
:10C7F000F0904F02E054FCF0904F00E04404F090C1
:10C800004F0BE054CFF0E04430F0E054F0F0E0445F
:10C810000FF0904F01E04401F07F317E00112D7F39
:10C82000317E00113A7F08904F03EFF0227B027AAD
:10C830004F7904AD07AC06024D867B027A4F79062C
:10C84000AD07AC06024D869043A3E04401F090434F
:10C85000B3E04401F0904F00E04401F022900CFB63
:10C86000E0700912C7EA900CFB7401F080D9900ABD
:10C8700036EEF0A3EFF0118D900A36E0FEA3E0FF54
:10C88000119E7F0611949044C07401F0229044C818
:10C890007401F022EFC43354E0904480F0227B0214
:10C8A0007A447900AD07AC06024D8632C0E0C08301
:10C8B000C082C085C084C086758600C09375930011
:10C8C000C0D075D000C00790600B7402F090601E5D
:10C8D000E0FF90094BE054036401600790094EE0CB
:10C8E0006480F090094C7401F0D007D0D0D093D080
:10C8F00086D084D085D082D083D0E032C0E0C0839F
:10C90000C082C085C084C086758600C093759300C0
:10C91000C0D075D000C00790600B7404F090602EFA
:10C92000E0FF900956E0540364016007900959E064
:10C930006480F09009577401F0D007D0D0D093D024
:10C9400086D084D085D082D083D0E03232C0E0C09F
:10C95000F0C083C082C085C084C086758600C09345
:10C96000759300C0D075D000C000C001C002C003E4
:10C97000C004C005C006C00712AFE4D007D006D07F
:10C9800005D004D003D002D001D000D0D0D093D0B5
:10C9900086D084D085D082D083D0F0D0E032900A87
:10C9A00015EBF0A3EAF0A3E9F0E4900A19F0900A7D
:10C9B00015E0FBA3E0FAA3E04A4B7002419B900A0A
:10C9C00015E0A3E0A3E0F97422124490900A15E068
:10C9D000FBA3E0FAA3E02401F9E43AFA7403124459
:10C9E000907B017A0A791A12C5A3900A187402F092
:10C9F000900A18E0FFC394224002419BA3E0241A4E
:10CA0000F582E4340AF583E0FEC4540F905AA293F1
:10CA1000FE900A15E0FBA3E0FAA3E02FF9E43AFA4E
:10CA2000EE1244907E00EF2401FDEE33FC900A15D7
:10CA3000E0FBA3E0FAA3E02DF9EA3CFAE41244900B
:10CA4000900A19E0241AF582E4340AF583E0540FC1
:10CA5000905AA293FDEF2402FFEE33FE900A15E0F8
:10CA6000FBA3E0FAA3E02FF9EA3EFAED124490901E
:10CA70000A18E02403FFE433FE900A15E0FBA3E06C
:10CA8000FAA3E02FF9EA3EFAE4124490900A19E082
:10CA900004F0900A18E02404F021F022E4FF7E0163
:10CAA000EEC394094002613D75F010EEA42470F5C8
:10CAB00082E5F03460F583740CF075F010EEA42478
:10CAC00071F582E5F03460F583741DF0EE75F00BBE
:10CAD000A4243AF582E43409F583E0604BEE75F066
:10CAE0000BA42439F582E43409F583E05480601402
:10CAF00075F010EEA424FEF582E5F0345FF5837442
:10CB00000CF0803675F010EEA424FEF582E5F034CA
:10CB10005FF5837408F0EE14FD7401A80508800227
:10CB2000C333D8FC4FFF801275F010EEA424FEF53D
:10CB300082E5F0345FF5837480F00E41A090608C44
:10CB40007455F09060BC7420F0A3E4F090608E7493
:10CB500006F0A3EFF090609CE04480F0E0547FF09A
:10CB600090600A74FFF022E4900A15F0900A15E034
:10CB7000FEC39409507AEE75F00BA42435F582E4D7
:10CB80003409F583E4F0EE75F00BA42437F582E464
:10CB90003409F583E4F0EE75F00BA42438F582E453
:10CBA0003409F583E4F0EE75F00BA4243DF582E43E
:10CBB0003409F583E4F0A3F0EE75F00BA4243FF5FF
:10CBC00082E43409F583E4F0EE75F00BA42436F525
:10CBD00082E43409F583E4F0EE75F00BA4243AF511
:10CBE00082E43409F583E4F0900A15E004F0616C06
:10CBF000EF602FE4900A16F0900A16E0FFC3940449
:10CC0000502074122FF582E43409F583E4F0742384
:10CC10002FF582E43409F583E4F0900A16E004F07D
:10CC200080D6900930E0D394005002C1A2E014FFF6
:10CC300012BE88900A17EEF0A3EFF0900A17E0FCFE
:10CC4000A3E0FDF5828C83A3E493FB740193FA7453
:10CC50000293F92407F9E43AFA1244775440600940
:10CC600090092FE04401F0800790092FE054FEF076
:10CC7000ED2404FFE43CFE900A17F0A3EFF0F582E8
:10CC80008E83E493900A15F0A37401F0900A16E0E5
:10CC9000C394094002C130A3E0FEA3E0F5828E8375
:10CCA000A3E493740193FA740293FF900A19EAF0D3
:10CCB000A3EFF0E4FF900A15E0FEEFC39E4002C12F
:10CCC00028900A19E0FCA3E0F5828C837402935447
:10CCD0007FFD900A16E0FE6D7001E46002C11790BE
:10CCE0000A19E0A3E0F5828C83740493FC74059325
:10CCF000FDEE75F00BA4243DF582E43409F583E0E4
:10CD0000FAA3E0C39DEA9C5029900A19E0FCA3E035
:10CD1000F5828C83740493FC740593FD900A16E0ED
:10CD200075F00BA4243DF582E43409F583ECF0A3FF
:10CD3000EDF0900A19E0FCA3E0FDF5828C83E4930A
:10CD40002412F582E43409F583E0FE8D828C83742D
:10CD50000193FDEE6D6002C117900A19E0A3E0FD9A
:10CD6000F5828C83740293FE900A16E0FB75F00B3B
:10CD7000A42439F582E43409F583EEF08D828C83A6
:10CD8000740393FEEB75F00BA42435F582E43409AB
:10CD9000F583EEF0900A19E0FCA3E0F5828C837431
:10CDA00003935403FE900A19E0A3E0F5828C837488
:10CDB000029354806031EEB401047D0780027D0D42
:10CDC000900A16E0FC75F00BA4243AF582E43409CD
:10CDD000F583EDF0EC75F00BA42436F582E434090C
:10CDE000F5837401F08041EEB401047E0580027E7B
:10CDF00009900A16E0FD75F00BA4243AF582E4349C
:10CE000009F583EEF0ED75F00BA42436F582E434D9
:10CE100009F583E4F08011900A1AE02407F0900AE3
:10CE200019E03400F00F81B5900A16E004F0818C0F
:10CE3000900A17E0FEA3E0F5828E83A3E4937401C9
:10CE400093FA740293FF900A19EAF0A3EFF0E490CA
:10CE50000A16F0900A15E0FFA3E0C39F5038900A2D
:10CE600019E0FEA3E0F5828E83E493FD74029354EF
:10CE70007F75F00BA4243FF582E43409F583EDF0CF
:10CE8000900A1AE02407F0900A19E03400F0900AA2
:10CE900016E004F080BDD1A3900920EEF0A3EFF0DE
:10CEA000519C22900930E014FF12BE88AD07AC06F9
:10CEB000ED4C60488D828C83A3E493FB740193FA5C
:10CEC0007402932404F9E43AFA1244772402FFE44A
:10CED00033FEEF7802C333CE33CED8F92DFDEE3CCE
:10CEE000FCAF058D82F583A3E493740193FA740279
:10CEF00093FF900A1BEAF0A3EFF08007E4900A1B6F
:10CF0000F0A3F0900A1BE0FEA3E0FF22E4900A15D4
:10CF1000F0906004E0547FFFD39400407AEF9409CE
:10CF20005075EF75F00BA42437F582E43409F583CE
:10CF3000E04401F0EF75F00BA42438F582E43409E5
:10CF4000F583E4F0EF75F00BA42436F582E43409A0
:10CF5000F583E04402F0EF75F00BA42439F582E488
:10CF60003409F583E05480601475F010EFA424FEBA
:10CF7000F582E5F0345FF583748DF0801275F01062
:10CF8000EFA424FEF582E5F0345FF5837489F01296
:10CF9000BE70900A15EFF0900A15E0FF22E4900AA7
:10CFA00015F0906004E0547FFFD39400500302D04A
:10CFB0008DEF9409400302D08DEF75F00BA4243758
:10CFC000F582E43409F583E054FEF0EF75F00BA42C
:10CFD0002438F582E43409F583E4F075F010EFA409
:10CFE00024FCF582E5F0345FF583E0547FF0EF75C3
:10CFF000F00BA42436F582E43409F583E054FDF007
:10D00000EF75F00BA42439F582E43409F583E0547C
:10D0100080603AEF75F00BA42436F582E43409F50C
:10D0200083E0B4011475F010EFA424FEF582E5F05E
:10D03000345FF583740CF0804C75F010EFA424FE7F
:10D04000F582E5F0345FF583740DF08038EF75F00C
:10D050000BA42436F582E43409F583E0B401147599
:10D06000F010EFA424FEF582E5F0345FF583740838
:10D07000F0801275F010EFA424FEF582E5F0345F25
:10D08000F5837409F012BE70900A15EFF0900A153E
:10D09000E0FF2232900A3AEBF0A3EAF0A3E9F0A312
:10D0A000EDF0E4A3F0900A3DE0FFA3E0C39F503E03
:10D0B000904722E054016003D38001C340097F01FF
:10D0C0007E00124C7C80E9904720E0FF900A3AE015
:10D0D000FBA3E0FAA3E0F9900A3EE0FEE92EF9E4B2
:10D0E0003AFAEF124490900A3EE004F080B7900ABA
:10D0F0003EE0FF22900A3FEBF0A3EAF0A3E9F090B4
:10D100000A447407F0904722E05402604E90472092
:10D1100074B6F074D5F07402F0904722E0540270B7
:10D1200032904720EFF0E4FFFED3900A43E09F9057
:10D130000A42E09E402B900A3FE0FBA3E0FAA3E006
:10D140002FF9EA3EFA124477904720F00FEF700172
:10D150000E80D6900A447409F08006900A44740444
:10D16000F0900A44E0FF22900A3FECF0A3EDF0AC0F
:10D17000077D07904722E05402603B90472074B639
:10D18000F074D8F07405F0904722E05402702390B8
:10D190004720ECF0900A3FE0904720F0900A3FE0F3
:10D1A000A3E0904720F0EBF0900A42E0904720F097
:0BD1B00080067D0980027D04AF05228F
:00000001FF
