:400000000204AE008F828E83E0540100000070F82278FFE4F6D8FD020513BB010689828A83E0225002E722BBFE02E32289828A83E49322BB010689828A83F0225002F722EC
:40004000BBFE01F322C5F0F8A3E028F0C5F0F8E582158270021583E038F022BB010A89828A83E0F5F0A3E022500687F009E71922BBFE07E3F5F009E3192289828A83E4930C
:40008000F5F074019322BB010A89828A83F0E5F0A3F0225006F709A7F01922BBFE06F3E5F009F31922EF2BFFEE3AFEED39FDEC38FC22C3EF9BFFEE9AFEED99FDEC98FC2258
:4000C000E88FF0A4CC8BF0A42CFCE98EF0A42CFC8AF0EDA42CFCEA8EF0A4CDA8F08BF0A42DCC3825F0FDE98FF0A42CCD35F0FCEB8EF0A4FEA9F0EB8FF0A4CFC5F02ECD3919
:40010000FEE43CFCEAA42DCE35F0FDE43CFC2275F008758200EF2FFFEE33FECD33CDCC33CCC58233C5829BED9AEC99E58298400CF582EE9BFEED9AFDEC99FC0FD5F0D6E440
:40014000CEFBE4CDFAE4CCF9A88222B800C1B90059BA002DEC8BF084CFCECDFCE5F0CBF97818EF2FFFEE33FEED33FDEC33FCEB33FB10D703994004EB99FB0FD8E5E4F9FAB4
:40018000227818EF2FFFEE33FEED33FDEC33FCC933C910D7059BE99A4007EC9BFCE99AF90FD8E0E4C9FAE4CCFB2275F010EF2FFFEE33FEED33FDCC33CCC833C810D7079BE4
:4001C000EC9AE899400AED9BFDEC9AFCE899F80FD5F0DAE4CDFBE4CCFAE4C8F922EF4BFFEE4AFEED49FDEC48FC22C3E49FFFE49EFEE49DFDE49CFC22EB9FF5F0EA9E42F065
:40020000E99D42F0E89C45F022E8600FECC313FCED13FDEE13FEEF13FFD8F122E8600FEFC333FFEE33FEED33FDEC33FCD8F122BB010789828A830202695005E9F802046CC1
:40024000BBFE05E9F802047889828A83020275BB010789828A830202915005E9F8020484BBFE05E9F802049022E0FCA3E0FDA3E0FEA3E0FF22E493FC740193FD740293FE49
:40028000740393FF22E0F8A3E0F9A3E0FAA3E0FB22ECF0A3EDF0A3EEF0A3EFF022A42582F582E5F03583F58322E0FBA3E0FAA3E0F922EBF0A3EAF0A3E9F022E493FB740165
:4002C00093FA740293F922BB010789828A830202A95005E9F802049CBBFE05E9F80204A589828A830202BBD083D082F8E4937012740193700DA3A393F8740193F582888356
:40030000E4737402936860EFA3A3A380DFE5092582F582E5083583F583B508048582092210AF06858209F50822858209F508D2AF22EC8EF0A4CCC5F0CCCDF8EFA4CEC5F068
:400340002DFDE43CFCE8A42EC8C5F03DFDE43CFCEFA4FFE5F028FEE43DFDE43CFC22EF4E6012EF60010EEDBB010B89828A83F0A3DFFCDEFA2289F05007F709DFFCA9F0221A
:40038000BBFEFCF309DFFCA9F022E709F608DFFA8046E709F208DFFA803E88828C83E709F0A3DFFA8032E309F608DFFA806EE309F208DFFA806688828C83E309F0A3DFFAFA
:4003C000805A89828A83E0A3F608DFFA804E89828A83E0A3F208DFFA804280D280FA80C680D4805580F28029801080A680EA809A80A880DA80E280CA802988848C85898224
:400400008A83E493A30586F0A30586DFF5DEF3800B89828A83E493A3F608DFF9ECFAA9F0EDFB2288848C8589828A83E0A30586F0A30586DFF6DEF480E389828A83E493A38E
:40044000F208DFF980D688F0EF60010E4E60CD88F0ED2402B4040050C3F582EB2402B4040050B923234582239003DA73E6FC08E6FD08E6FE08E6FF22E2FC08E2FD08E2FEDF
:4004800008E2FF22ECF608EDF608EEF608EFF622ECF208EDF208EEF208EFF222E6FB08E6FA08E6F922E2FB08E2FA08E2F92275930078007583467582E8E04401F000904691
:4004C000ECE0F99046FAE0FA9003E0F0B903225420B40012B8001AEA901FFFF07401901FFEF09046F6F0901FFEE06005901FFFE0FA90480074C0F07581591217F990000073
:4005000078007920E4F0A3D8FCD9FAEA9003E0F002001175081F7509FD12259912148402055D020B10E493A3F8E493A34003F68001F208DFF48029E493A3F85407240CC859
:40054000C333C4540F4420C8834004F456800146F6DFE4800B01020408102040809005A2E47E019360BCA3FF543F30E509541FFEE493A360010ECF54C025E060A840B8E4B5
:4005800093A3FAE493A3F8E493A3C8C582C8CAC583CAF0A3C8C582C8CAC583CADFE9DEE780BE4103E5004103E6004203F209D04203F409D14103FD004403DC016E36004458
:4005C00003D700005DC04103DB184403E12EE000004103FE004303ED0000004103FF004104000000EC4D6011ED60010C8B938A838982E4F0A3DDFCDCFA759300220221C726
:40060000EC4D4E700D78FCEF24E950032840FD2200007BF178DA0000EF28FF78FFEE38FEED38FDEC38FC50E7EF2BFFEE38FEED38FDEC38FC40F22205020304758600EF4E6B
:400640006027EF60010E759300900005E0F595A3E0F585A3E0F5848B938A838982E0A30586F0A31586DFF6DEF4E4F593F59522ACEAADA08E838F82E493F9601CA3E493F564
:40068000EAA3E493F5A0A3E49360F1FAA3E493F8A3E493F2DAF6D9E48DA08CEA22323200EEFA9003DBE0F88FF0A4FFAEF0E88AF0A42EFEE5F03400FDEF24C9FF78FFEE38CA
:4006C000FEED38FDE438FC500302060022758600EF4E601BEF60010E8C838D828B958A858984E493A30586F0A31586DFF5DEF3E4F59522EF54016004D2AF8002C2AFEF5473
:4007000002FF9044F4E054FD4FF0229044F4E0F84402F0E85402FF10AF012274014FFF228B938A838982E0FFA3E0FE759300228B938A838982EDF0A3ECF075930022900375
:40074000E0E0FA8E838F827400758101738B938A838982E0759300FF228B938A838982EDF0759300221201000200000008B4041DB701300203800109022900010100C002EB
:400780000904000002030000030921110100012224000705010340000107058203400001040309040C03410045003900520042002C034300790070007200650073007300F0
:4007C0002000530065006D00690063006F006E0064007500630074006F0072002203500053006F0043003300200042006F006F0074006C006F006100640065007200000A98
:40080000033000300030003100240005010900A1000900A1000900150025FF7508954091020900150025FF750895408102C0C00000240005010900A1000900A1000900151C
:400840000025FF7508954091020900150025FF750895408102C0C00000004101028E0102D200410102D50102CF00FF085900FF08610000000001FF083101FF078901FF08AD
:400880006900000103004003000082030040030301FF077702FF088101FF087D00FF088F01FF07650000000001FF089001FF08A00001010001000000400000080800080093
:4008C000C000006F0B00400000000040600060000000170045017E02004F010A4B00520509400C20102011207C400064017D01010501EE010109019C80010B039C80AA40FE
:40090000B401010C05B880BE41D804DB04DF01010D0618011A80588068028802D608011701EE0A0119029C80EE0A011B01B080014004320433803640CC700141039608A6B6
:4009400040A78001420A12805B0296089B02A640A780AB02C410D640EE80014303A640A780AE8401450464048804D801E401014603A102B502EC0801470408080F40A1021F
:40098000C20C014803AE40AF80EE50014C070F406102A102AC08AF40C204D802014D02B340EA04015101003A004F00000C005100001000513000400100001000011400086D
:4009C000000140000A00014C000200015000002036000040006930091E033C010144E342830143009481424400C0E0C0F0C083C082C085C084C086758600C093759300C0F0
:400A0000D075D000C000C001C002C003C004C005C006C0079003E6E014604814607414700241C12403600241E19003EA1202A99003E5E0FF04F0E92FF9E43AFA12001A90EB
:400A400003E7F0E0FE5407A3F0EE70179003E5F09003E97402F09003E8E4F09003E67403F0807E9003E7E0FF30E7089003E97403F080069003E97401F0EF25E09003E7F0C4
:400A8000A3E014F0710AEF54FEFF71049003E67402F09003E9E070219003E67403F09003E8E07006A37402F080059003E9E4F0710AEF4401FF710480089003E9E014F08099
:400AC000209003E9E070149003E8E070069003E6F0800E9003E67401F080069003E9E014F0D007D006D005D004D003D002D001D000D0D0D093D086D084D085D082D083D057
:400B0000F0D0E03290647DEFF02290647DE0FF227BFF7A0979DD9003EA1202B21222C1EF30E01E12230EEF600E7BFF7A0979E49003EA1202B2800AE4FF7156EF7003FF91F4
:400B4000DD7E097FE9B1ECB1C8D2AF9044F474FDF0B14180FE228F46AD467F0312181AEF2401FFE43EFEE43DFDE43CFCE4FB7A01F9F81200C0C004C005C006C007AD467FB7
:400B80000412181AD003D002D001D0001200A58F4E8E4D8D4C8C4BC201E4F54FAD467F0312181AEF2401FFE43EFEE43DFDE43CFCE4FB7A01F9F81200C08F4A8E498D488C49
:400BC00047AF4EAE4DAD4CAC4BAB4AAA49A948A847C31201F85032854A82854983E493F5506005F46002D201E550254FF54FAF4AAE49AD48AC47E47B01FAF9F81200A58F6C
:400C00004A8E498D488C4780B8AD467F0312181AEF2401FFE43EFEE43DFDE43CFCE4FB7A01F9F81200C078031202098F4A8E498D488C47E47FC07EFFFDFCAB4EAA4DA94C02
:400C4000A84BC31201F87007FF7E20FDFC800DAF4EAE4DAD4CAC4B78031202098F4E8E4D8D4C8C4BAF4EAE4DAD4CAC4BAB4AAA49A948A847C31201F85039E4254AFFE435BF
:400C800049FEE5483408FDE43547A907AA06AB0512074DEF254FF54FAF4AAE49AD48AC47E47B01FAF9F81200A58F4A8E498D488C4780B1E54FF404F54FAD467F0112181A80
:400CC000A804A905AA06AB07AF4FE4FCFDFEC31201F870032001037F06227F00228F21E521B402079046FAE4F0804EAF217156EF7042F522E522C394015031AF227E007CD3
:400D0000017D00120331C374D09FFF74FF9EFE74109DFDE49CFCE522B521047B0180027B00900004EBF0D148052280C89046FA7480F080059046FAE4F09046F6E04401F092
:400D400022752106E4FF7156EF7002F521E4F54DF54CF54BF54A9003F4E0FEA3E0F5828E831202758F518E508D4F8C4EE4FFFE7D10FC1217949003F2E0FCA3E0F5828C83B0
:400D8000E493FEC3EF9EFFF404FFB506129003F4E0FEA3E0F5828E83120275EF4E70057F0012231D9046FAE054C064406004E52160099046FAE4F0FF121BB3E4FF121BB3AE
:400DC0009046FA7480F0A1399003FDE07008D10E9003FD7401F09043A3E04401F09043B3E04401F0904F00E04401F022900000EEF0A3EFF01222DE900000E0FEA3E0FF1269
:400E000022C77F071222D49044C07404F022904F00E05401F0904F02E054FCF0904F01E04401F0904F0BE054CFF0E04430F0E054F0F0E0440FF07FF01223017FF01222E59E
:400E4000E4FF904F03EFF022900000120291900000120269E42FFFE43EFEED34F0FDEC34FFFC900005120291E4FBFA7901F890000512026912014B900109EFF090000512FA
:400E80000269EFEEE4FDFCFB7A01F9F812014B90010AEEF0A3EFF0900000120269EFFBE4FAF9F89000001202691200B290010C120291E4FBC3EA9401502590010C120269C4
:400EC000EF2BFFEE3A8F82F583E493FF74092BF58274003AF583EFF00BEB70010A80D5900000120269EFE4FE74092FF582EE3400F583E0FD900004E0FCED6C601F74092F5C
:400F0000F582EE3400F583ECF0900109E0FFA3E0FCA3E0FD7B017A007909F11D22900110EFF0D3943F40067E007F1080047E017F00900111EEF0A3EFF0900111E0FFA3E0A3
:400F4000900265CFF0A3EFF0900110E0FF900260ECF0A3EDF0A31202B290025FEFF0E4900267F0EFD3943F500E90025FE0940140069002677401F090025FE0FFD3947F4072
:400F8000069002677401F0EFC39440400CEFD3944140069002677401F0EFD3943F501E900260E0FEA3E0FFE4FCFDFB7A01F9F8C31201F8502F9002677401F08027D3900270
:400FC00061E09480900260E0940040069002677401F0900265E07004A3E0641060069002677401F09002621202A9E94A4B700590026704F0900267E060030210C712118B38
:40100000EF600201C1900260E0FCA3E0FDA31202A9900265E0FFA3E090026ECFF0A3EFF090025FE0FF51B1900267EFF06407600201BD904722E0540270087F01FE1206A043
:4010400080F0904722E054026009E0FF1313543FFF80027FFFEF7006900267F0800690026774FFF0900267E0705390025FE0FFA3E0FCA3E0FD9003F0E0FBA3E090026CF067
:401080005107900267EFF064077032904722E0540270087F01FE1206A080F0904722E054026009E0FF1313543FFF80027FFFEF7006900267F0800690026774FFF011CD80E9
:4010C000069002677404F0900267E0FF2212070BE4900400F00206F331AA318BEF703931BE900260EFF06407702A904722E0540270087F01FE1206A080F0904722E0540298
:401100006009E0FF1313543FFF80027FFFEF7004900260F011CD80069002607404F0900260E0FF2211D890025FEFF07007313A90025FEFF090025FE0FF2231AA900260741B
:40114000FFF0318BEF70387F0131D9EF6407702B7B017A0379F07D02515BEFB40215E4900260F0904722E0540270107F01FE1206A080F0904722E0540260D511CD800690F4
:4011800002607404F0900260E0FF229002687404F012070B900400E0700704F0E4900268F01206F3900268E0FF2212070B9043A0E04408F09043B0E04408F00206F37F0766
:4011C000904722E05402600E90472074B6F074E0F0740DF080027F04227E07904722E05402601F90472074B6F074E1F0740EF0904722E054027007904720EFF080067E09E1
:4012000080027E04AF0622900269ECF0A3EDF0AC077D07904722E05402603B90472074B6F074D8F07405F0904722E054027023904720ECF0900269E0904720F0900269E093
:40124000A3E0904720F0EBF090026CE0904720F080067D0980027D04AF05229002611202B2900264EDF0E4A3F0900264E0FFA3E0C39F5037904722E054016003D38001C393
:4012800040097F017E001206A080E9904720E0FF9002611202A9900265E029F9E43AFAEF120033900265E004F080BE900265E0FF22900268EFF0A3ECF0A3EDF0A31202B2B9
:4012C0009002707407F0904722E05402700261BD90472074B6F074D5F07402F0904722E05402600261B5900268E0904720F0E4900271F0A3F090026EE0FEA3E0FF900271DD
:40130000E0FCA3E0FDC39FEC9E501F90026B1202A9E92DF9EA3CFA12001A904720F0900271E475F00112004580CB90026EE064017002A3E0600261C3900268E0FFD3943FCC
:40134000400261C37E007C207D00120331E42FFFE43EFEED3408FDE43CFCC004A905AA06AB07A3E0FEA3E0FF7C007D20120331D0001200A5900273120291E4900271F0A3D5
:40138000F0900271E0FEA3E0FFC39420EE94005032E4FCFDA31202851200A5A907AA06AB0512074D904720EFF0900271E475F00112004580CC9002707409F080069002705C
:4013C0007404F0900270E0FF227B007A4079807DBF7C5D12072F9040827419F09043007406F07B007A4279127D177C3312072F9042107405F0E0FFE47FC87E32FDFC900010
:4014000000120291900000120269D3EF9400EE94004029904210E054806021E47FE07E01FDFC12060090000012026974FFFBFAF9F81200A590000012029180C890420074EF
:4014400052F07B0C7A01790F12074D9046A1EFF07B007A407904E4FDFC12072F9040047407F0904006E4F09040087448F0904004E4F0904009F09040017402F09043A2E0A3
:401480004401F0227B007A4679E812074DEF4405FD7B007A4679E8120759E4F523E523C39408502CE52375F005A424A8F582E43409AF82F5218F22F5831202BB8F82852141
:4014C00083740393FC740493FD1205E4052380CD7E087FD212066F7B017A50790312074DEF4402FD7B017A5079031207597B017A50791312074DEF4402FD7B017A507913C3
:401500001207599043A0E04440F09043C2E04410F07C087DB07B007A5179C27F087E001206CD7C087DB87B007A5179F07F0A7E001206CD7C087DC27B007A5179127F087EB0
:40154000001206CD7C087DCA7B007A5179227F087E001206CD9044F47401F0904322E04408F09046ECE0C394055006904689743AF090480074F1F071C990480074B1F0B15C
:40158000A27B007A4379A0C00179B09000051202B2D0017F0E7E0012063B9043B0E054FDF0227B0C7A0179CF12074DEF540790586EF0EFC4540FA3F09058767444F0228B62
:4015C0004E8A4F89508C518D5274FFF553F554855157855258E552455170086354FF6353FFC16BC3E5589552FFE5579551FEAB4EE5502FF9E54F3EFA12001A755500F556EA
:40160000E4FDEDC39408503DE5565401FFE5545401FBE4EB6F6015E553C313FEE55413FFEE6484F553EF6408F554800BE553C313F553E55413F554E555C313F555E55613EE
:40164000F5560D80BDE552155270021551E552455170906354FF6353FF855355855456E554FCE555FFECF553EFF554AE53AF54228B478A4889497401120033AB472549F942
:40168000E43548FAEF120033E54BAB47E5492402F9E43548FAE54B120033E54AFFAB47E5492403F9E43548FAEF120033AB47AA48A949E54B2404FDE4354AFCB1BF8E4C8FFC
:4016C0004DEFAB47E54B2404FDE4354AFCE5492DF9E5483CFAEF120033E54CFFAB47E54B2405FDE4354AFCE5492DF9E5483CFAEF120033AB47E54B2406FFE4354AFEE54981
:401700002FF9E5483EFA7417120033E54B2407FDE4354AFC75530075540075554A755696AB47AA48A9498C518D52E55675F00AA485F058F559900263E4F0A37440F07F0203
:401740001227F97F02F183EF7019E55945586013E47F01FEFDFC122331E55915597002155880E07F02F183EF70057557108011AB53AA54A955E5518552F0120086E4F5574B
:40178000AF5722EF75F00BA42431F582E43403F583E0FF228F498E488D478C46E4F552D3E5519400E5509400404CAF51AE50AD4FAC4E74FFFBFAF9F81200A58F518E508DDE
:4017C0004F8C4EE549254DFFE548354CFEE547354BFDE546354AFCEF2551FFEE3550FEED354FFDEC354EA907AA06AB0512074DEF2552F55280A9AF52229046FAE054C064DD
:40180000807016F521F0AD217F02111AEF4E6009AD217F02111A12073E2290025FEDF0AB079002647402F0E4FFFEFDFCA3120291EB1202E7185C0118880218AC0318D004DB
:4018400018F405191E06196C0719480819900919B40A19DE0B1A080C00001A3290025FE0FF7E007C017D001203311201EAEF24C0FFEE34FFFEED3410FDE43CFCA312029112
:401880009002647401F0413D90025FE0FF7E007C017D00120331C374C39FFF74FF9EFE74109DFDE49CFCA3120291413D90025FE0FF7E007C017D00120331C374C79FFF741C
:4018C000FF9EFE74109DFDE49CFCA3120291413D90025FE0FF7E007C017D00120331C374CB9FFF74FF9EFE74109DFDE49CFCA3120291413D90025FE0FF7E007C017D0012F6
:401900000331C374D09FFF74FF9EFE74109DFDE49CFCA31202919002647401F0413D90025FE0FF7E007C017D00120331C374D19FFF74FF9EFE74109DFDE49CFCA3120291DF
:401940009002647401F0413D90025FE0FF7E007C017D00120331C374D69FFF74FF9EFE74109DFDE49CFCA3120291413D90025FE0FF7E007C017D00120331C374D29FFF743D
:40198000FF9EFE74109DFDE49CFCA3120291413D90025FE0FF7E007C017D00120331C374D49FFF74FF9EFE74109DFDE49CFCA3120291413D90025FE0FF7E007C017D00122C
:4019C0000331C374D89FFF74FF9EFE74109DFDE49CFCA31202919002647404F0805F90025FE0FF7E007C017D00120331C374DC9FFF74FF9EFE74109DFDE49CFCA3120291A8
:401A00009002647401F0803590025FE0FF7E007C017D00120331C374E09FFF74FF9EFE74109DFDE49CFCA31202919002647404F0800BE4FFFEFDFC90026012029190026412
:401A4000E0B40119900260120269A907AA06AB0512074DE4FCFDFE900265120291900264E06402705C900260120269EF2401FFE43EFEE43DFDE43CA907AA06AB0512074DFE
:401A8000E4FCFDFE900265120291900265120285C000C001C002C003900260120269A907AA06AB0512074DE4FCFDFE780812021CD003D002D001D0001201DD900265120268
:401AC00091900264E06404600261AD900260120269EF2403FFE43EFEE43DFDE43CA907AA06AB0512074DE4FCFDFE900265120291900265120285C000C001C002C0039002B0
:401B000060120269EF2402FFE43EFEE43DFDE43CA907AA06AB0512074DE4FCFDFE780812021CD003D002D001D0001201DD900265120291900265120285C000C001C002C0F0
:401B400003900260120269EF2401FFE43EFEE43DFDE43CA907AA06AB0512074DE4FCFDFE781012021CD003D002D001D0001201DD900265120291900265120285C000C00196
:401B8000C002C003900260120269A907AA06AB0512074DE4FCFDFE781812021CD003D002D001D0001201DD900265120291900265020269900000EFF0E4F541F54275430A68
:401BC000C200F544F545121124EF60057F0012231D1227ADD2AF9044F474FDF0E4F53D754B00754C00754D39900000E0FF70067EFF7FFF80008F4E7B017A0079017D2C7C50
:401C0000011223958F40900000E060021543E5436004E54070C9E54060030221B7C3E53A9407E53994004008900001E064016005753D0481BB900004E0FE900003E0FDEE20
:401C4000F541EDF542E5422407FFE43541FED3EF953AEE95395008EF942CEE94014005753D03805774062542F58274003541F583E0FE74052542F58274003541F583E0FD8B
:401C8000EEF53EEDF53F74072542F58274003541F583E064176005753D04801F7B017A007901E5422404FDE43541FC1215BFEF653F7003EE653E6003753D08E4F53BF53C21
:401CC000E53D60030221A6900005E0F538753D04900002E01202E71CF6311D23321DA9341F4A351F58371FA4381DA9391FE63A218D3B000021A32000030221A6E542454157
:401D000060030221A6FF120B56EF70047F0180027F00900005EFF0753B00753C01E4F53D0221A62000030221A6E5426401454160030221A6E538C3940140030221A690032E
:401D4000F4E0FEA3E0F5828E83120275E4FBFA7901F812014B8F24E538B5241E9003F4E0FEA3E0F5828E83120275E4FB7A01F9F812014B7522008F238014E538D395244025
:401D800007E4F522F5238006752201752300E523900005F0E522A3F0A374FFF0E4A3F0F53B753C04F53D0221A6900002E06434703C2000030221A6E54264034541600302B4
:401DC00021A6E538C39440400FE538D3947F50087544007545108006754401754520AE44AF457D007B017A01792D12035E2000030221A6C3E5429403E54194005003022111
:401E0000A6E54224FDFFE54134FFFE742D2545F974013544A801FC7D017B017A007908120446E54224FDFFE54134FFFEEF2545F545EE3544F544E538C39440401BE538D3A6
:401E4000947F501412222E754100754210900259E4F0A37480F0800F7541017542209002597401F0A3E4F0E54565427004E54465416002E13F900007E0FE900006E0FDEE76
:401E8000F544EDF545D390025AE09545900259E0954440047F0080027F0A8F3DE53D60030221A6E538D3943F506FE5387F00FEEF2545FFE5443E90025BF0A3EFF09003F4FC
:401EC000E0FEA3E0F5828E83120275E4FB7A01F9F812014B90025DEEF0A3EFF09003F4E0FEA3E0F5828E83120275EFE4EF600A90025DE475F00112004590025DE0FEA3E073
:401F0000FFC390025CE09F90025BE09E500B753D0AE4F544F5450221A67B017A01792D900265E541F0A3E542F0AD45AC44AF38120F4DEF60047F0A80027F008F3D80037594
:401F40003D03E4F544F5450221A62000030221A6E4F544F5450221B72000030221A6E5452542FFE5443541FED3EF942CEE9401502DE4F53DAE41AF42742D2545F9740135A5
:401F800044A801FC7D017B017A007905120446E5422545F545E5413544F5440221A6753D030221A6E5424541703678257C00FD7BFF7A0979D5FE7F08120446D200753B00E9
:401FC000753C08E4F544F545AE3BAF3C78057C007D01FB7A007925120446E4F53D0221A6753D040221A62000030221A6E5426403454160030221A6900007E0FE900006E0A2
:40200000FDEEF52FEDF530E538C394404057E538D3947F5050512EAE2FAF307C007D101203318F368E358D348C33C3E5309480E52F940050047F0080027F0A8F3DE53D603F
:402040000221A685364D85354C85344B85334AE4755110F550F54FF54EFF7E80FDFC1217948F378069AE2FAF307C017D00120331C004C005C006C007AF38E4FCFDFEFBFAD2
:402080007901F81200C0D003D002D001D0001200A58F368E358D348C33C3E52F940150047F0080027F0A8F3DE53D600221A685364D85354C85344B85334AE4F55175500172
:4020C000F54FF54EFFFE7D10FC1217948F37E538D3943F5072AF387E007C207D00120331E42FFFE43EFEED3408FDE43CFCC004A905AA06AB07AE2FAF307C007D20120331A4
:40210000D0001200A58F368E358D348C33E4F52DF52EC3E52E9420E52D9400502AE4E52E2536FFE52D3535FEE43534FDE43533A907AA06AB0512074DEF2537F537052EE5D7
:402140002E7002052D80CB852F31853032E538702AAE31AF32FCFD7BFFFAF9F8C31201F87019FD7F0512181AC3E5379FF537E4FD7F0612181AC3E5379FF537E537F40490E3
:402180000005F0E4F53DF53B753C018019E4FF120B56EF70069046FA7480F01205FD120D398003753D057B017A007901853B4A853C4BAF3D121670900000E07003021BDC9E
:4021C000300003021BDC2212070B906008E0547FF0906012E054FBF09043A5E054FEF09043B5E054FEF09051F8E04480F0E04440F01206F39044CA7480F0A37401F0904443
:40220000CA7420F09044C87401F004F0515E9044D97410F0E4900323F090032BF090031FF0900325F090032AF09003FFF02212070B9043A0E04408F09043B0E04408F090D6
:40224000470174C8F09043ACE04410F09043BCE04410F0904700E0542060F80206F390458FE054407E007806CEC313CE13D8F9FF22C0E0C0F0C083C082C085C084C08675B2
:402280008600C093759300C0D075D000C000C001C002C003C004C005C006C007515ED007D006D005D004D003D002D001D000D0D0D093D086D084D085D082D083D0F0D0E0EA
:4022C0003290646DE0FF227B027A447904AD07AC06020731EFC43354E0904482F0229044C87404F0229043A3E04401F07B027A4F7906EFFD7C001207319043A3E054FEF0B0
:40230000227B027A4F7904EFFD7C00020731904210E0548060047F0180027F002290FFFF12030DEFF09046EA7401F090000102030D90FFFC12030D120291850883850982B0
:40234000120269D3EF9400EE9480402E9003E1120269120600850883850982C083C082120269E42FFFEE3480FEED34FFFDEC34FFFCD082D08312029180C09003D712026994
:402380008508838509821202851200C012060090000402030D8B468A4789488C498D4AE54E75F00AA485F050F551D3E54A9440E54994004006754900754A409003FEE060F8
:4023C0002D9167EF7018E55145506012E47F01FEFDFC7131E55115517002155080E39167EF601791A7916DE49003FEF0800C91A7EF60079167EF6002916DE54E75F00AA491
:4024000085F050F5517F01121783EF64016018E55145506012E47F01FEFDFC7131E55115517002155080DE7F01121783EFB40125AB46AA47A948900263E549F0A3E54AF0F1
:402440007F0191B4AB4BAA4CA94DEE8FF0120086E4F54F800FAB4BAA4CA94DE4F5F0120086754F10AF4F2290032BE0FF227F01EFD394004031EF9409502CEF75F00BA4248D
:4024800031F582E43403F583E4F0EF75F00BA42435F582E43403F583E0FE75F010EF905FFE12029DEEF022E4FF900323E06004E0FFE4F02290025FEFF0A31202B2900260EA
:4024C0001202A9E94A4B7002A14E90025FE0FFD39400407AEF94095075B15ED3900264E09F900263E09E400990025FE0FFB15E8008900263E0FEA3E0FF900263EEF0A3EFCA
:40250000F0E4A3F0A3F0900263E0FEA3E0FFA3E0FCA3E0FDC39FEC9E502B90025FE075F01090607812029DE0FF9002601202A9E92DF9EA3CFAEF120033900265E475F00155
:4025400012004580C190025FE0FF916F8007E4900263F0A3F0900263E0FEA3E0FF22E4FDFCEFD39400402AEF9409502575F010EF905FFC12029DE0540FFD75F010EF905F68
:40258000FD12029DE0FBEDFCEBFD24FEFD74FF3CFCAE04AF052280FE32E4900000F0900000E0FFD3941F5020EF75F002A42400FFE5F03444FAA9077B017C257D9612073168
:4025C000900000E004F080D622900263ECF0A3EDF0900262EFF0541F25E0FFE433FEE42FFFEE3444FAA9077B01120722900265EEF0A3EFF0900262E075F002A42400FFE538
:40260000F03444FAA9077B01A3E0FEA3E0FFFDAC06120731900265E0FEA3E0FF2212070B900261EFF09043A5E04401F09043B5E04401F090609D7401F090600904F09060A8
:4026400010E0547FF0E4FFFE1206A0904394E054F9F0906012E054DFF0904394E04401F07F017E001206A07F287E001206A09051F8E0547FF0E054BFF0904394E04402F09A
:402680007F027E001206A0904394E04404F0906084E4F0A3F0900261E0FF1206F37D077F17D1F17C377D937F17B1C97D077F18D1F17C297D1F7F18B1C97D077F15D1F17CF8
:4026C000067D9E7F15B1C97D07E4FFD1F17C367DF3E4FFB1C97D077F01D1F17C377D437F01B1C97D077F0CD1F17C227D717F0CA1C9AC07ED540775F020A4FFEC541F248058
:40270000F582E43444F583EFF02290025FEFF0A3EDF09003FFE07008D11D9003FF7401F090025FE0FFA3E0FDE4FE7E019003F87401F0A3DEFC7E01900329EFF0E490032857
:40274000F0900323F090032BF090031FF0900325F090032AF0900320F09044C27480F0A37401F09044C27420F09044C07401F004F0ED14600C047012906009E054FEF08064
:4027800010906009E04401F08007906009E04401F09060287403F09060087480F0E47F01FEFDFC1206009060127404F022D2AF9044F474FDF07D02E4FFF10A9003FE7401FF
:4027C000F022E4FF7F019003F87401F0A3DFFCE4900328F0900323F090032BF090031FF0900325F090032AF0900320F09060287403F09060087480F0229002601202B290B4
:40280000025FEFF0D394005002211EE0FF94094002211EEF75F00BA42436F582E43403F583E0FEA3E0FFC3E49FFF74029EFED3900264E09F900263E09E402490025FE075E0
:40284000F00BA42436F582E43403F583E0FEA3E0FFC3E49F900264F074029E900263F0900263E0FCA3E0FDECFF90025FE0FE75F00BA42433F582E43403F583E04FFF75F0BD
:4028800010EE905FFC12029DEFF0ED90025FE075F010905FFD12029DEDF09002601202A9E94A4B6046E4900265F0A3F0900263E0FEA3E0FFA3E0FCA3E0FDC39FEC9E502B06
:4028C0009002601202A9E92DF9EA3CFA12001AFF90025FE075F01090607812029DEFF0900265E475F00112004580C190025FE0FF75F00BA42431F582E43403F583E4F0EFB2
:4029000075F00BA42435F582E43403F583E0FF90025FE075F010905FFE12029DEFF022C0E0C0F0C083C082C085C084C086758600C093759300C0D075D000C000C001C0024A
:40294000C003C004C005C006C007906028E0900277F0E0FF5410700221FEA37401F0EF54806020900277E0540F64016005A3E4F0802FD1DB90032CE054806025900278E4A0
:40298000F0801E900277E05440600451218012900277E05420600512301A8005900278E4F0900278E06057906028E0900277F0E05480704A90032FE0FF900327E04F900207
:4029C00077F0E0FF906029F0E0FEEF6E703090032CE0900278F0906028E05480900277F0E0700F90032CE0906028F0E0540F900278F090032CE0FF900278E0B507D0D00721
:402A0000D006D005D004D003D002D001D000D0D0D093D086D084D085D082D083D0F0D0E032900328E024FC600A24FE6008240470068005E1ABF1BB22E4FD900320E0FF9059
:402A4000032DE48FF0120045D3900318E09400900317E09400403AED940850359003191202A912001AFFE42DF582E43460F583EFF09003191202A9E92401F9E43AFA9003CE
:402A8000191202B20D90031774FFF5F012004580B7900320E064086006EDD394004015900327E06480F090032C740FF09003287402F0800A90032C7402F0900328F09003DE
:402AC0002FEDF0900320F0221202B2900317E07002A3E070051230CE802F9003287402F0E4900327F01235FA906007E0FE906006E0FDEEEDFFD3900318E09F900317E09EF5
:402B00004005EEF0A3EFF051387F0122E490027AF0906000E090027CF07B007A007900A31202B2E4900317F0A3F090027CE0548064806002A125906001E07002817424F80D
:402B4000700281E624FE7002A10224046002C1BD906003E0B4012B123E55900280EEF0A3EFF0F5828E83A31202BB9003191202B2900317E4F0A37412F051CB90027AEFF069
:402B8000C1BD906003E064027060906002E0FF123432900280EEF0A3EFF04E7002C1BD900280E0FEA3E0F5828E83A31202BB9003191202B29003191202A9E92403F9E43A26
:402BC000FA12001AFE9003191202A9E92402F9E43AFA12001AFDEEEDFF900317EEF0A3EFF051CB90027AEFF0C1BD906003E064037079FF7BFF7A0779A090027D1202B290FB
:402C00006002E0D39F401F90027D1202A912001A601412001AFE7C0029F9EC3AFA90027D1202B20F80D9906002E0FF6016900775E493FEEFB5060C7BFF7A0779FF90027DF0
:402C40001202B290027D1202A912001A7002C1BD12001AFF900317E4F0A3EFF09003191202B251CB90027AEFF0C1BDF13D90027AEFF0C1BD90027CE05403603F24FE600285
:402C8000C1BD900317E4F0A37402F0906004E0547F75F00BA42432F582E43403F583E09003FBF0E4A3F07B017A0379FB9003191202B251CB90027AEFF0C1BD900317E4F03D
:402CC000A37402F090032AE09003FBF0E4A3F07B017A0379FB9003191202B251CB90027AEFF0C1BDC1BD900317E4F0A304F0FB7A03792B9003191202B251CB90027AEFF0AD
:402D0000C1BD900317E4F0A304F0906004E02416F9E43403FA7B0190031951C890027AEFF0C1BDC1BD906001E0147002A1E924FE7002C15924FA601B24FE60702406600216
:402D4000C1BD906002E0900325F0D1C390027AEFF0C1BD906002E090027BF0D39400400EE014FF123432900280EEF0A3EFF090027BE0FFD39400400A900280E07002A3E079
:402D80007005EF6002C1BD90032BE0FF90027BE0FE6F600F90032BEEF09003237401F0FF1238CAD1C390027AEFF0C1BD123687EF7002C1BD906004E0FE90031FF074162EC8
:402DC000F582E43403F583E0FF74242EF582E43403F583E06F60099003237401F0123C52D1C390027AEFF0C1BD90027CE05403601A146031146002C1BD906002E06002C15D
:402E0000BD123EF590027AEFF0C1BD906002E064016002C1BD90032AE054FDF0D1C390027AEFF0C1BD906004E0FFC394014002C1BD74262FF582E43403F583C083C082E012
:402E4000FF906002E0F4FEEF5ED082D083F0D1C390027AEFF08066806490027CE05403601614602B147056906002E07050123E6E90027AEFF08046906002E06401703E90BA
:402E8000032AE04402F0D1C390027AEFF0802E906004E0FFC39401502474262FF582E43403F583C083C082E0FF906002E0F4FEEF5ED082D083F0D1C390027AEFF090027A9B
:402EC000E0FF229003287406F090032CF09003277480F0E490032FF07F0122906028E0900279F0E0906028F0E0900279F0E0FF5480600690032CEFF0227F02F1DD90600059
:402F0000E0546024E0601124E060162440701C710C900279EFF08018F13D900279EFF0800F123FD0900279EFF08005E4900279F0900279E0700690032C7403F022E49002EA
:402F400083F0906000E0540324FE600D047024906004E0900282F0801F906004E0547F75F00BA4243AF582E43403F583E0900282F08005E4900282F0900282E0FFD394014A
:402F80005023900321E0FCA3E02FF582E43CF583E49324FD700A123122900283EFF08005E4900283F0900283E0FF22E4900328F07F01F1DD90032C7403F022900325E06041
:402FC0000CE04480906008F0E4900325F0E4900328F07F01F1DD90032C7403F02290031C1202A9E94A4B603190031C1202A9EF12003390032DE0FEA3E0FF90031C1202A9E1
:40300000E92401F9E43AFAEE8FF01200867B007A00790090031C1202B222900328E024FC600A24FE60082404700F800E802B7F03122FDD90032C7403F022900320E0FF90CE
:40304000032DE48FF0120045E4900328F07F01122FDD90032C7403F022E4FF906029E0540F24FEFEFD90032DE48DF0120045D3900318E09400900317E09400403CEED3943C
:40308000004036E42FF582E43460F583E0FD9003191202A9ED1200339003191202A9E92401F9E43AFA9003191202B20F1E90031774FFF5F012004580B5AF0690032FEEF09E
:4030C000900327E06480F090032C740BF0229003287402F09003277480F090032C740FF0E4900320F090032FF07F01229003287404F09003277480F0B1FA906007E0FE9075
:403100006006E0FDEEEDFFD3900318E09F900317E09E4005EEF0A3EFF090032C740BF07F0122E4900284F0906004E0900285F0906000E0548070024107A3E014604F1460FB
:403140006414700221D724FD600241DD906003E0B42118917F900317E07002A3E0700241DD122ACB900284EFF041DD906003E06422600241DDB128900317E07002A3E07032
:403180000241DD122ACB900284EFF041DD51E3900317E07002A3E0700241DD122ACB900284EFF041DD900285E0FFC39401400241DD906002E0600241DD900317F0A304F047
:4031C00074F72FF9E43403FA7B01900319122AC8900284EFF041DD900285E0FFC39401400241DD900317E4F0A304F074F82FF9E43403FA7B019003191202B2122ACB9002F5
:4032000084EFF041DD41DD906001E024F6602214700241B62402600241DD51E3900317E07002A3E0700241DD11EC900284EFF041DD900285E0FFC39401400241DD9060026C
:40324000E0600241DDA3E0FE74F72FF582E43403F583EEF074F62FF582E43403F583E0FE74F72FF582E43403F583E0C39E5011900285E024F6F582E43403F583E4F0802C89
:40328000900285E0FF24F6F582E43403F583E0D39401401874F72FF582E43403F583E0FE74F62FF582E43403F583EEF0122EC3900284EFF08027900285E0FFC39401501DF7
:4032C000906002E0FE9401501474F82FF582E43403F583EEF0122EC3900284EFF0900284E0FF22E4900317F0A3F090032BE014FF9132900286EEF0A3EFF0906003E0900211
:403300008BF0906004E090028CF02402FFE433FEEF7802C333CE33CED8F9FF900287E02FFF900286E03EFEF0A3EFF0F5828E83A31202BBAF01900286EAF0A3EFF090028CEF
:40334000E0FFC394014002813174162FF582E43403F583E075F004A4FFAEF0900287E02FF0900286E03EF0E0FEA3E0F5828E83A31202BBAF01900286EAF0A3EFF090028BFB
:40338000E0FFC3940150028131EFD3940340028131EF24FFFFE434FFFEEF7802C333CE33CED8F9FF900287E02FFF900286E03EFEF0A3EFF0906002E0FD90028BF08F828E19
:4033C00083E493C39D406A900286E0FEA3E0F5828E83A31202BB9002881202B290028BE075F008A4FF9002881202A9E92FF9EA35F0FA9002881202B29002881202A9E924B4
:4034000002F9E43AFA1202C79003191202B29002881202A912005BFF900317E5F0F0A3EFF0E92405F9E43AFA1202C790031C1202B22290028DEFF0900329E025E025E0249B
:40344000ADF582E43408F5831202BBAE02AF01EF2408FFE43EFE8F82F583E493FD90028DE0FCC39D4005E4FEFF80138F828E8375F004EC12029DA31202BBAE02AF0122906A
:40348000032BE014FF9132900286EEF0A3EFF0906004E0900288F02402FFE433FEEF7802C333CE33CED8F9FF900287E02FFF900286E03EFEF0A3EFF0F5828E83A31202BBD3
:4034C000AF01900286EAF0A3EFF0A3E02416F582E43403F583E075F004A4FFAEF0900287E02FF0900286E03EF0E0FEA3E0F5828E83A31202BBAE02AF01900286EEF0A3EFD6
:40350000F02410FFE43EFE900286F0A3EFF0F5828E83A31202BB12001AFF900317E4F0A3EFF09003190202B290032BE014FF9132900286EEF0A3EFF0906004E090028BF06A
:403540002402FFE433FEEF7802C333CE33CED8F9FF900287E02FFF900286E03EFEF0A3EFF0F5828E83A31202BBAF01900286EAF0A3EFF090028BE02416F582E43403F583E7
:40358000E075F004A4FFAEF0900287E02FF0900286E03EF0E0FEA3E0F5828E83A31202BBAE02AF01900286EEF0A3EFF0240CFFE43EFE900286F0A3EFF0F5828E83A31202F8
:4035C000BB9002881202B29002881202A9E92401F9E43AFA12001AFE9002881202A912001AFDEEEDFF900317EEF0A3EFF0E92402F9E43AFA9003190202B2E490032DF0A373
:40360000F090031C1202A9E94A4B601D90031C1202A9E412003390031C1202A9E92401F9E43AFAE4F5F01200862290032BE014FF9132AD07AC06ED4C603D8D828C83A3120D
:4036400002BBE92404F9E43AFA12001A2402FFE433FEEF7802C333CE33CED8F92DFDEE3CFCAF058D82F583A31202BBAF0190028AEAF0A3EFF08007E490028AF0A3F0900245
:403680008AE0FEA3E0FF22E4900282F0906004E0900283F090032BE014FF91328F828E83A31202BBE92404F9E43AFA12001AFF900283E0FED39F4006EED39401502F7416DE
:4036C0002EF582E43403F583E0FF74242EF582E43403F583EFF0906002E0FF74162EF582E43403F583EFF09002827401F0900282E0FF22C0E0C083C082C085C084C086759B
:403700008600C093759300C0D075D000C00790600B7401F090600EE0FF90033BE054036401600790033EE06480F090033C7401F0D007D0D0D093D086D084D085D082D083C7
:40374000D0E032C0E0C083C082C085C084C086758600C093759300C0D075D000C00790600B7402F090601EE0FF900346E0540364016007900349E06480F09003477401F088
:40378000D007D0D0D093D086D084D085D082D083D0E032C0E0C0F0C083C082C085C084C086758600C093759300C0D075D000C000C001C002C003C004C005C006C007122785
:4037C000C2D007D006D005D004D003D002D001D000D0D0D093D086D084D085D082D083D0F0D0E0327D01EDC3940940030238C375F010ED90607012029D740CF0ED75F00BD7
:40380000A42435F582E43403F583E06031ED75F00BA42434F582E43403F583E05480600F75F010ED905FFE12029D740CF0801C75F010ED905FFE12029D7408F0800D75F020
:4038400010ED905FFE12029D7480F0ED75F00BA42436F582E43403F583E0A3E0FF75F010ED90607612029DEFF0ED75F00BA42436F582E43403F583E0FF75F010ED9060779D
:4038800012029DEFF0ED75F00BA42436F582E43403F583E0A3E0FF75F010ED90607412029DEFF0ED75F00BA42436F582E43403F583E0FF75F010ED90607512029DEFF00DB3
:4038C0000237E690600A74FFF022E4900284F0A3F0900282F0900282E0FEC39409507AEE75F00BA42430F582E43403F583E4F0EE75F00BA42432F582E43403F583E4F0EE35
:4039000075F00BA42433F582E43403F583E4F0EE75F00BA42438F582E43403F583E4F0A3F0EE75F00BA4243AF582E43403F583E4F0EE75F00BA42431F582E43403F583E4EC
:40394000F0EE75F00BA42435F582E43403F583E4F0900282E004F001D5EF602FE4900283F0900283E0FFC39401502074162FF582E43403F583E4F074242FF582E43403F558
:4039800083E4F0900283E004F080D690032BE0D3940050028151E014FF123432900286EEF0A3EFF0900286E0FCA3E0FDF5828C83A31202BBE92407F9E43AFA12001A544014
:4039C000600990032AE04401F0800790032AE054FEF0ED2404FFE43CFE900286F0A3EFF0F5828E83E493900282F0A37401F0900283E0C394094002618D900286E0FEA3E061
:403A0000F5828E83A31202BBAF01900288EAF0A3EFF0E4FF900282E0FEEFC39E40026185900288E0FCA3E0F5828C83740293547FFD900283E0FE6D7001E4600261749002C3
:403A400088E0A3E0F5828C83740493FC740593FDEE75F00BA42438F582E43403F583E0FAA3E0C39DEA9C5029900288E0FCA3E0F5828C83740493FC740593FD900283E07528
:403A8000F00BA42438F582E43403F583ECF0A3EDF0900288E0FCA3E0FDF5828C83E4932416F582E43403F583E0FE8D828C83740193FDEE6D60026174900288E0A3E0FDF5EC
:403AC000828C83740293FE900283E0FB75F00BA42434F582E43403F583EEF08D828C83740393FEEB75F00BA42430F582E43403F583EEF0900288E0FCA3E0F5828C83740313
:403B0000935403FE900288E0A3E0F5828C8374029354806031EEB401047D0780027D0D900283E0FC75F00BA42435F582E43403F583EDF0EC75F00BA42431F582E43403F5D4
:403B4000837401F0802EEEB401047E0580027E09900283E0FD75F00BA42435F582E43403F583EEF0ED75F00BA42431F582E43403F583E4F0900289E02407F0900288E034BD
:403B800000F00F4114900283E004F021EE900286E0FEA3E0F5828E83A31202BBAF01900288EAF0A3EFF0E4900283F0900282E0FFA3E0C39F5038900288E0FEA3E0F5828E57
:403BC00083E493FD740293547F75F00BA4243AF582E43403F583EDF0900289E02407F0900288E03400F0900283E004F080BD12362A900321EEF0A3EFF0E4900284F0A3F03C
:403C000090028204F0900282E0FFC39409503F900284E0FCA3E0FDEF75F00BA42436F582E43403F583ECF0A3EDF0EF75F00BA42438F582E43403F583E0FEA3E0FF90028486
:403C4000EE8FF0120045900282E004F080B71237E42290032BE0D394005002C154E014FF123432EF2404FFE43EFE8F82F583E493900282F08F828E83A31202BBAD01AC0211
:403C800090031FE0900283F0E4FB900282E0FFEBC39F4002C1548D828C83E493FF900283E0FE6F6002C14A8D828C830493FF74162EF582E43403F583E06F6002C14A8D8253
:403CC0008C83740293547FFA7403935403F9EA75F00BA42433F582E43403F583E4F08D828C83740293FFEA75F00BA42434F582E43403F583EFF08D828C83740393FFEA7567
:403D0000F00BA42430F582E43403F583EFF08D828C83740493FE740593FFEA75F00BA42438F582E43403F583EEF0A3EFF08D828C837402935480602DE9B401047F0780027F
:403D40007F0DEA75F00BA42435F582E43403F583EFF0EA75F00BA42431F582E43403F5837401F0802AE9B401047F0580027F09EA75F00BA42435F582E43403F583EFF0EAB1
:403D800075F00BA42431F582E43403F583E4F075F010EA905FFE12029D7401F0EA75F00BA42438F582E43403F583E0FF75F010EA905FFC12029DEFF0EA75F00BA42438F5EE
:403DC00082E43403F583E0A3E0FF75F010EA905FFD12029DEFF0EA75F00BA42436F582E43403F583E0A3E0FF75F010EA90607612029DEFF0EA75F00BA42436F582E434036E
:403E0000F583E0FF75F010EA90607712029DEFF0EA75F00BA42436F582E43403F583E0A3E0FF75F010EA90607412029DEFF0EA75F00BA42436F582E43403F583E0FF75F018
:403E400010EA90607512029DEFF0ED2407FDE43CFC0B818A22900329E025E025E024ADF582E43408F5831202BBAE02AF0122E4900282F0906004E0547FFFD394004070EF7F
:403E80009409506BEF75F00BA42432F582E43403F583E04401F0EF75F00BA42433F582E43403F583E4F0EF75F00BA42431F582E43403F583E04402F0EF75F00BA42434F532
:403EC00082E43403F583E05480600F75F010EF905FFE12029D748DF0800D75F010EF905FFE12029D7489F0122EC3900282EFF0900282E0FF22E4900282F0906004E0547F81
:403F0000FFD394005002E1CAEF94094002E1CAEF75F00BA42432F582E43403F583E054FEF0EF75F00BA42433F582E43403F583E4F075F010EF905FFC12029DE0547FF0EF56
:403F400075F00BA42431F582E43403F583E054FDF0EF75F00BA42434F582E43403F583E054806030EF75F00BA42431F582E43403F583E0B4010F75F010EF905FFE12029DFC
:403F8000740CF0803D75F010EF905FFE12029D740DF0802EEF75F00BA42431F582E43403F583E0B4010F75F010EF905FFE12029D7408F0800D75F010EF905FFE12029D743C
:403FC00009F0122EC3900282EFF0900282E0FF22E4FF906000E054806005A3E0FE8000220000000000000000000000000000000000000000000000000000000000000000AE
:404000000000000000000000000000000000000000000000000000000000000000000000000000000000000000000000000000000000000000000000000000000000000080
:404040000000000000000000000000000000000000000000000000000000000000000000000000000000000000000000000000000000000000000000000000000000000040
:404080000000000000000000000000000000000000000000000000000000000000000000000000000000000000000000000000000000000000000000000000000000000000
:4040C00000000000000000000000000000000000000000000000000000000000000000000000000000000000000000000000000000000000000000000000000000000000C0
:40410000000000000000000000000000000000000000000000000000000000000000000000000000000000000000000000000000000000000000000000000000000000007F
:40414000000000000000000000000000000000000000000000000000000000000000000000000000000000000000000000000000000000000000000000000000000000003F
:4041800000000000000000000000000000000000000000000000000000000000000000000000000000000000000000000000000000000000000000000000000000000000FF
:4041C00000000000000000000000000000000000000000000000000000000000000000000000000000000000000000000000000000000000000000000000000000000000BF
:40420000000000000000000000000000000000000000000000000000000000000000000000000000000000000000000000000000000000000000000000000000000000007E
:40424000000000000000000000000000000000000000000000000000000000000000000000000000000000000000000000000000000000000000000000000000000000003E
:4042800000000000000000000000000000000000000000000000000000000000000000000000000000000000000000000000000000000000000000000000000000000000FE
:4042C00000000000000000000000000000000000000000000000000000000000000000000000000000000000000000000000000000000000000000000000000000000000BE
:40430000000000000000000000000000000000000000000000000000000000000000000000000000000000000000000000000000000000000000000000000000000000007D
:40434000000000000000000000000000000000000000000000000000000000000000000000000000000000000000000000000000000000000000000000000000000000003D
:4043800000000000000000000000000000000000000000000000000000000000000000000000000000000000000000000000000000000000000000000000000000000000FD
:4043C00000000000000000000000000000000000000000000000000000000000000000000000000000000000000000000000000000000000000000000000000000000000BD
:40440000000000000000000000000000000000000000000000000000000000000000000000000000000000000000000000000000000000000000000000000000000000007C
:40444000000000000000000000000000000000000000000000000000000000000000000000000000000000000000000000000000000000000000000000000000000000003C
:4044800000000000000000000000000000000000000000000000000000000000000000000000000000000000000000000000000000000000000000000000000000000000FC
:4044C00000000000000000000000000000000000000000000000000000000000000000000000000000000000000000000000000000000000000000000000000000000000BC
:40450000000000000000000000000000000000000000000000000000000000000000000000000000000000000000000000000000000000000000000000000000000000007B
:40454000000000000000000000000000000000000000000000000000000000000000000000000000000000000000000000000000000000000000000000000000000000003B
:4045800000000000000000000000000000000000000000000000000000000000000000000000000000000000000000000000000000000000000000000000000000000000FB
:4045C00000000000000000000000000000000000000000000000000000000000000000000000000000000000000000000000000000000000000000000000000000000000BB
:40460000000000000000000000000000000000000000000000000000000000000000000000000000000000000000000000000000000000000000000000000000000000007A
:40464000000000000000000000000000000000000000000000000000000000000000000000000000000000000000000000000000000000000000000000000000000000003A
:4046800000000000000000000000000000000000000000000000000000000000000000000000000000000000000000000000000000000000000000000000000000000000FA
:4046C00000000000000000000000000000000000000000000000000000000000000000000000000000000000000000000000000000000000000000000000000000000000BA
:404700000000000000000000000000000000000000000000000000000000000000000000000000000000000000000000000000000000000000000000000000000000000079
:404740000000000000000000000000000000000000000000000000000000000000000000000000000000000000000000000000000000000000000000000000000000000039
:4047800000000000000000000000000000000000000000000000000000000000000000000000000000000000000000000000000000000000000000000000000000000000F9
:4047C00000000000000000000000000000000000000000000000000000000000000000000000000000000000000000000000000000000000000000000000000000000000B9
:404800000000000000000000000000000000000000000000000000000000000000000000000000000000000000000000000000000000000000000000000000000000000078
:404840000000000000000000000000000000000000000000000000000000000000000000000000000000000000000000000000000000000000000000000000000000000038
:4048800000000000000000000000000000000000000000000000000000000000000000000000000000000000000000000000000000000000000000000000000000000000F8
:4048C00000000000000000000000000000000000000000000000000000000000000000000000000000000000000000000000000000000000000000000000000000000000B8
:404900000000000000000000000000000000000000000000000000000000000000000000000000000000000000000000000000000000000000000000000000000000000077
:404940000000000000000000000000000000000000000000000000000000000000000000000000000000000000000000000000000000000000000000000000000000000037
:4049800000000000000000000000000000000000000000000000000000000000000000000000000000000000000000000000000000000000000000000000000000000000F7
:4049C00000000000000000000000000000000000000000000000000000000000000000000000000000000000000000000000000000000000000000000000000000000000B7
:404A00000000000000000000000000000000000000000000000000000000000000000000000000000000000000000000000000000000000000000000000000000000000076
:404A40000000000000000000000000000000000000000000000000000000000000000000000000000000000000000000000000000000000000000000000000000000000036
:404A800000000000000000000000000000000000000000000000000000000000000000000000000000000000000000000000000000000000000000000000000000000000F6
:404AC00000000000000000000000000000000000000000000000000000000000000000000000000000000000000000000000000000000000000000000000000000000000B6
:404B00000000000000000000000000000000000000000000000000000000000000000000000000000000000000000000000000000000000000000000000000000000000075
:404B40000000000000000000000000000000000000000000000000000000000000000000000000000000000000000000000000000000000000000000000000000000000035
:404B800000000000000000000000000000000000000000000000000000000000000000000000000000000000000000000000000000000000000000000000000000000000F5
:404BC00000000000000000000000000000000000000000000000000000000000000000000000000000000000000000000000000000000000000000000000000000000000B5
:404C00000000000000000000000000000000000000000000000000000000000000000000000000000000000000000000000000000000000000000000000000000000000074
:404C40000000000000000000000000000000000000000000000000000000000000000000000000000000000000000000000000000000000000000000000000000000000034
:404C800000000000000000000000000000000000000000000000000000000000000000000000000000000000000000000000000000000000000000000000000000000000F4
:404CC00000000000000000000000000000000000000000000000000000000000000000000000000000000000000000000000000000000000000000000000000000000000B4
:404D00000000000000000000000000000000000000000000000000000000000000000000000000000000000000000000000000000000000000000000000000000000000073
:404D40000000000000000000000000000000000000000000000000000000000000000000000000000000000000000000000000000000000000000000000000000000000033
:404D800000000000000000000000000000000000000000000000000000000000000000000000000000000000000000000000000000000000000000000000000000000000F3
:404DC00000000000000000000000000000000000000000000000000000000000000000000000000000000000000000000000000000000000000000000000000000000000B3
:404E00000000000000000000000000000000000000000000000000000000000000000000000000000000000000000000000000000000000000000000000000000000000072
:404E40000000000000000000000000000000000000000000000000000000000000000000000000000000000000000000000000000000000000000000000000000000000032
:404E800000000000000000000000000000000000000000000000000000000000000000000000000000000000000000000000000000000000000000000000000000000000F2
:404EC00000000000000000000000000000000000000000000000000000000000000000000000000000000000000000000000000000000000000000000000000000000000B2
:404F00000000000000000000000000000000000000000000000000000000000000000000000000000000000000000000000000000000000000000000000000000000000071
:404F40000000000000000000000000000000000000000000000000000000000000000000000000000000000000000000000000000000000000000000000000000000000031
:404F800000000000000000000000000000000000000000000000000000000000000000000000000000000000000000000000000000000000000000000000000000000000F1
:404FC00000000000000000000000000000000000000000000000000000000000000000000000000000000000000000000000000000000000000000000000000000000000B1
:405000000000000000000000000000000000000000000000000000000000000000000000000000000000000000000000000000000000000000000000000000000000000070
:405040000000000000000000000000000000000000000000000000000000000000000000000000000000000000000000000000000000000000000000000000000000000030
:4050800000000000000000000000000000000000000000000000000000000000000000000000000000000000000000000000000000000000000000000000000000000000F0
:4050C00000000000000000000000000000000000000000000000000000000000000000000000000000000000000000000000000000000000000000000000000000000000B0
:40510000000000000000000000000000000000000000000000000000000000000000000000000000000000000000000000000000000000000000000000000000000000006F
:40514000000000000000000000000000000000000000000000000000000000000000000000000000000000000000000000000000000000000000000000000000000000002F
:4051800000000000000000000000000000000000000000000000000000000000000000000000000000000000000000000000000000000000000000000000000000000000EF
:4051C00000000000000000000000000000000000000000000000000000000000000000000000000000000000000000000000000000000000000000000000000000000000AF
:40520000000000000000000000000000000000000000000000000000000000000000000000000000000000000000000000000000000000000000000000000000000000006E
:40524000000000000000000000000000000000000000000000000000000000000000000000000000000000000000000000000000000000000000000000000000000000002E
:4052800000000000000000000000000000000000000000000000000000000000000000000000000000000000000000000000000000000000000000000000000000000000EE
:4052C00000000000000000000000000000000000000000000000000000000000000000000000000000000000000000000000000000000000000000000000000000000000AE
:40530000000000000000000000000000000000000000000000000000000000000000000000000000000000000000000000000000000000000000000000000000000000006D
:40534000000000000000000000000000000000000000000000000000000000000000000000000000000000000000000000000000000000000000000000000000000000002D
:4053800000000000000000000000000000000000000000000000000000000000000000000000000000000000000000000000000000000000000000000000000000000000ED
:4053C00000000000000000000000000000000000000000000000000000000000000000000000000000000000000000000000000000000000000000000000000000000000AD
:40540000000000000000000000000000000000000000000000000000000000000000000000000000000000000000000000000000000000000000000000000000000000006C
:40544000000000000000000000000000000000000000000000000000000000000000000000000000000000000000000000000000000000000000000000000000000000002C
:4054800000000000000000000000000000000000000000000000000000000000000000000000000000000000000000000000000000000000000000000000000000000000EC
:4054C00000000000000000000000000000000000000000000000000000000000000000000000000000000000000000000000000000000000000000000000000000000000AC
:40550000000000000000000000000000000000000000000000000000000000000000000000000000000000000000000000000000000000000000000000000000000000006B
:40554000000000000000000000000000000000000000000000000000000000000000000000000000000000000000000000000000000000000000000000000000000000002B
:4055800000000000000000000000000000000000000000000000000000000000000000000000000000000000000000000000000000000000000000000000000000000000EB
:4055C00000000000000000000000000000000000000000000000000000000000000000000000000000000000000000000000000000000000000000000000000000000000AB
:40560000000000000000000000000000000000000000000000000000000000000000000000000000000000000000000000000000000000000000000000000000000000006A
:40564000000000000000000000000000000000000000000000000000000000000000000000000000000000000000000000000000000000000000000000000000000000002A
:4056800000000000000000000000000000000000000000000000000000000000000000000000000000000000000000000000000000000000000000000000000000000000EA
:4056C00000000000000000000000000000000000000000000000000000000000000000000000000000000000000000000000000000000000000000000000000000000000AA
:405700000000000000000000000000000000000000000000000000000000000000000000000000000000000000000000000000000000000000000000000000000000000069
:405740000000000000000000000000000000000000000000000000000000000000000000000000000000000000000000000000000000000000000000000000000000000029
:4057800000000000000000000000000000000000000000000000000000000000000000000000000000000000000000000000000000000000000000000000000000000000E9
:4057C00000000000000000000000000000000000000000000000000000000000000000000000000000000000000000000000000000000000000000000000000000000000A9
:405800000000000000000000000000000000000000000000000000000000000000000000000000000000000000000000000000000000000000000000000000000000000068
:405840000000000000000000000000000000000000000000000000000000000000000000000000000000000000000000000000000000000000000000000000000000000028
:4058800000000000000000000000000000000000000000000000000000000000000000000000000000000000000000000000000000000000000000000000000000000000E8
:4058C00000000000000000000000000000000000000000000000000000000000000000000000000000000000000000000000000000000000000000000000000000000000A8
:405900000000000000000000000000000000000000000000000000000000000000000000000000000000000000000000000000000000000000000000000000000000000067
:405940000000000000000000000000000000000000000000000000000000000000000000000000000000000000000000000000000000000000000000000000000000000027
:4059800000000000000000000000000000000000000000000000000000000000000000000000000000000000000000000000000000000000000000000000000000000000E7
:4059C00000000000000000000000000000000000000000000000000000000000000000000000000000000000000000000000000000000000000000000000000000000000A7
:405A00000000000000000000000000000000000000000000000000000000000000000000000000000000000000000000000000000000000000000000000000000000000066
:405A40000000000000000000000000000000000000000000000000000000000000000000000000000000000000000000000000000000000000000000000000000000000026
:405A800000000000000000000000000000000000000000000000000000000000000000000000000000000000000000000000000000000000000000000000000000000000E6
:405AC00000000000000000000000000000000000000000000000000000000000000000000000000000000000000000000000000000000000000000000000000000000000A6
:405B00000000000000000000000000000000000000000000000000000000000000000000000000000000000000000000000000000000000000000000000000000000000065
:405B40000000000000000000000000000000000000000000000000000000000000000000000000000000000000000000000000000000000000000000000000000000000025
:405B800000000000000000000000000000000000000000000000000000000000000000000000000000000000000000000000000000000000000000000000000000000000E5
:405BC00000000000000000000000000000000000000000000000000000000000000000000000000000000000000000000000000000000000000000000000000000000000A5
:405C00000000000000000000000000000000000000000000000000000000000000000000000000000000000000000000000000000000000000000000000000000000000064
:405C40000000000000000000000000000000000000000000000000000000000000000000000000000000000000000000000000000000000000000000000000000000000024
:405C800000000000000000000000000000000000000000000000000000000000000000000000000000000000000000000000000000000000000000000000000000000000E4
:405CC00000000000000000000000000000000000000000000000000000000000000000000000000000000000000000000000000000000000000000000000000000000000A4
:405D00000000000000000000000000000000000000000000000000000000000000000000000000000000000000000000000000000000000000000000000000000000000063
:405D40000000000000000000000000000000000000000000000000000000000000000000000000000000000000000000000000000000000000000000000000000000000023
:405D800000000000000000000000000000000000000000000000000000000000000000000000000000000000000000000000000000000000000000000000000000000000E3
:405DC00000000000000000000000000000000000000000000000000000000000000000000000000000000000000000000000000000000000000000000000000000000000A3
:405E00000000000000000000000000000000000000000000000000000000000000000000000000000000000000000000000000000000000000000000000000000000000062
:405E40000000000000000000000000000000000000000000000000000000000000000000000000000000000000000000000000000000000000000000000000000000000022
:405E800000000000000000000000000000000000000000000000000000000000000000000000000000000000000000000000000000000000000000000000000000000000E2
:405EC00000000000000000000000000000000000000000000000000000000000000000000000000000000000000000000000000000000000000000000000000000000000A2
:405F00000000000000000000000000000000000000000000000000000000000000000000000000000000000000000000000000000000000000000000000000000000000061
:405F40000000000000000000000000000000000000000000000000000000000000000000000000000000000000000000000000000000000000000000000000000000000021
:405F800000000000000000000000000000000000000000000000000000000000000000000000000000000000000000000000000000000000000000000000000000000000E1
:405FC00000000000000000000000000000000000000000000000000000000000000000000000000000000000000000000000000000000000000000000000000000000000A1
:406000000000000000000000000000000000000000000000000000000000000000000000000000000000000000000000000000000000000000000000000000000000000060
:406040000000000000000000000000000000000000000000000000000000000000000000000000000000000000000000000000000000000000000000000000000000000020
:4060800000000000000000000000000000000000000000000000000000000000000000000000000000000000000000000000000000000000000000000000000000000000E0
:4060C00000000000000000000000000000000000000000000000000000000000000000000000000000000000000000000000000000000000000000000000000000000000A0
:40610000000000000000000000000000000000000000000000000000000000000000000000000000000000000000000000000000000000000000000000000000000000005F
:40614000000000000000000000000000000000000000000000000000000000000000000000000000000000000000000000000000000000000000000000000000000000001F
:4061800000000000000000000000000000000000000000000000000000000000000000000000000000000000000000000000000000000000000000000000000000000000DF
:4061C000000000000000000000000000000000000000000000000000000000000000000000000000000000000000000000000000000000000000000000000000000000009F
:40620000000000000000000000000000000000000000000000000000000000000000000000000000000000000000000000000000000000000000000000000000000000005E
:40624000000000000000000000000000000000000000000000000000000000000000000000000000000000000000000000000000000000000000000000000000000000001E
:4062800000000000000000000000000000000000000000000000000000000000000000000000000000000000000000000000000000000000000000000000000000000000DE
:4062C000000000000000000000000000000000000000000000000000000000000000000000000000000000000000000000000000000000000000000000000000000000009E
:40630000000000000000000000000000000000000000000000000000000000000000000000000000000000000000000000000000000000000000000000000000000000005D
:40634000000000000000000000000000000000000000000000000000000000000000000000000000000000000000000000000000000000000000000000000000000000001D
:4063800000000000000000000000000000000000000000000000000000000000000000000000000000000000000000000000000000000000000000000000000000000000DD
:4063C000000000000000000000000000000000000000000000000000000000000000000000000000000000000000000000000000000000000000000000000000000000009D
:40640000000000000000000000000000000000000000000000000000000000000000000000000000000000000000000000000000000000000000000000000000000000005C
:40644000000000000000000000000000000000000000000000000000000000000000000000000000000000000000000000000000000000000000000000000000000000001C
:4064800000000000000000000000000000000000000000000000000000000000000000000000000000000000000000000000000000000000000000000000000000000000DC
:4064C000000000000000000000000000000000000000000000000000000000000000000000000000000000000000000000000000000000000000000000000000000000009C
:40650000000000000000000000000000000000000000000000000000000000000000000000000000000000000000000000000000000000000000000000000000000000005B
:40654000000000000000000000000000000000000000000000000000000000000000000000000000000000000000000000000000000000000000000000000000000000001B
:4065800000000000000000000000000000000000000000000000000000000000000000000000000000000000000000000000000000000000000000000000000000000000DB
:4065C000000000000000000000000000000000000000000000000000000000000000000000000000000000000000000000000000000000000000000000000000000000009B
:40660000000000000000000000000000000000000000000000000000000000000000000000000000000000000000000000000000000000000000000000000000000000005A
:40664000000000000000000000000000000000000000000000000000000000000000000000000000000000000000000000000000000000000000000000000000000000001A
:4066800000000000000000000000000000000000000000000000000000000000000000000000000000000000000000000000000000000000000000000000000000000000DA
:4066C000000000000000000000000000000000000000000000000000000000000000000000000000000000000000000000000000000000000000000000000000000000009A
:406700000000000000000000000000000000000000000000000000000000000000000000000000000000000000000000000000000000000000000000000000000000000059
:406740000000000000000000000000000000000000000000000000000000000000000000000000000000000000000000000000000000000000000000000000000000000019
:4067800000000000000000000000000000000000000000000000000000000000000000000000000000000000000000000000000000000000000000000000000000000000D9
:4067C0000000000000000000000000000000000000000000000000000000000000000000000000000000000000000000000000000000000000000000000000000000000099
:406800000000000000000000000000000000000000000000000000000000000000000000000000000000000000000000000000000000000000000000000000000000000058
:406840000000000000000000000000000000000000000000000000000000000000000000000000000000000000000000000000000000000000000000000000000000000018
:4068800000000000000000000000000000000000000000000000000000000000000000000000000000000000000000000000000000000000000000000000000000000000D8
:4068C0000000000000000000000000000000000000000000000000000000000000000000000000000000000000000000000000000000000000000000000000000000000098
:406900000000000000000000000000000000000000000000000000000000000000000000000000000000000000000000000000000000000000000000000000000000000057
:406940000000000000000000000000000000000000000000000000000000000000000000000000000000000000000000000000000000000000000000000000000000000017
:4069800000000000000000000000000000000000000000000000000000000000000000000000000000000000000000000000000000000000000000000000000000000000D7
:4069C0000000000000000000000000000000000000000000000000000000000000000000000000000000000000000000000000000000000000000000000000000000000097
:406A00000000000000000000000000000000000000000000000000000000000000000000000000000000000000000000000000000000000000000000000000000000000056
:406A40000000000000000000000000000000000000000000000000000000000000000000000000000000000000000000000000000000000000000000000000000000000016
:406A800000000000000000000000000000000000000000000000000000000000000000000000000000000000000000000000000000000000000000000000000000000000D6
:406AC0000000000000000000000000000000000000000000000000000000000000000000000000000000000000000000000000000000000000000000000000000000000096
:406B00000000000000000000000000000000000000000000000000000000000000000000000000000000000000000000000000000000000000000000000000000000000055
:406B40000000000000000000000000000000000000000000000000000000000000000000000000000000000000000000000000000000000000000000000000000000000015
:406B800000000000000000000000000000000000000000000000000000000000000000000000000000000000000000000000000000000000000000000000000000000000D5
:406BC0000000000000000000000000000000000000000000000000000000000000000000000000000000000000000000000000000000000000000000000000000000000095
:406C00000000000000000000000000000000000000000000000000000000000000000000000000000000000000000000000000000000000000000000000000000000000054
:406C40000000000000000000000000000000000000000000000000000000000000000000000000000000000000000000000000000000000000000000000000000000000014
:406C800000000000000000000000000000000000000000000000000000000000000000000000000000000000000000000000000000000000000000000000000000000000D4
:406CC0000000000000000000000000000000000000000000000000000000000000000000000000000000000000000000000000000000000000000000000000000000000094
:406D00000000000000000000000000000000000000000000000000000000000000000000000000000000000000000000000000000000000000000000000000000000000053
:406D40000000000000000000000000000000000000000000000000000000000000000000000000000000000000000000000000000000000000000000000000000000000013
:406D800000000000000000000000000000000000000000000000000000000000000000000000000000000000000000000000000000000000000000000000000000000000D3
:406DC0000000000000000000000000000000000000000000000000000000000000000000000000000000000000000000000000000000000000000000000000000000000093
:406E00000000000000000000000000000000000000000000000000000000000000000000000000000000000000000000000000000000000000000000000000000000000052
:406E40000000000000000000000000000000000000000000000000000000000000000000000000000000000000000000000000000000000000000000000000000000000012
:406E800000000000000000000000000000000000000000000000000000000000000000000000000000000000000000000000000000000000000000000000000000000000D2
:406EC0000000000000000000000000000000000000000000000000000000000000000000000000000000000000000000000000000000000000000000000000000000000092
:406F00000000000000000000000000000000000000000000000000000000000000000000000000000000000000000000000000000000000000000000000000000000000051
:406F40000000000000000000000000000000000000000000000000000000000000000000000000000000000000000000000000000000000000000000000000000000000011
:406F800000000000000000000000000000000000000000000000000000000000000000000000000000000000000000000000000000000000000000000000000000000000D1
:406FC0000000000000000000000000000000000000000000000000000000000000000000000000000000000000000000000000000000000000000000000000000000000091
:407000000000000000000000000000000000000000000000000000000000000000000000000000000000000000000000000000000000000000000000000000000000000050
:407040000000000000000000000000000000000000000000000000000000000000000000000000000000000000000000000000000000000000000000000000000000000010
:4070800000000000000000000000000000000000000000000000000000000000000000000000000000000000000000000000000000000000000000000000000000000000D0
:4070C0000000000000000000000000000000000000000000000000000000000000000000000000000000000000000000000000000000000000000000000000000000000090
:40710000000000000000000000000000000000000000000000000000000000000000000000000000000000000000000000000000000000000000000000000000000000004F
:40714000000000000000000000000000000000000000000000000000000000000000000000000000000000000000000000000000000000000000000000000000000000000F
:4071800000000000000000000000000000000000000000000000000000000000000000000000000000000000000000000000000000000000000000000000000000000000CF
:4071C000000000000000000000000000000000000000000000000000000000000000000000000000000000000000000000000000000000000000000000000000000000008F
:40720000000000000000000000000000000000000000000000000000000000000000000000000000000000000000000000000000000000000000000000000000000000004E
:40724000000000000000000000000000000000000000000000000000000000000000000000000000000000000000000000000000000000000000000000000000000000000E
:4072800000000000000000000000000000000000000000000000000000000000000000000000000000000000000000000000000000000000000000000000000000000000CE
:4072C000000000000000000000000000000000000000000000000000000000000000000000000000000000000000000000000000000000000000000000000000000000008E
:40730000000000000000000000000000000000000000000000000000000000000000000000000000000000000000000000000000000000000000000000000000000000004D
:40734000000000000000000000000000000000000000000000000000000000000000000000000000000000000000000000000000000000000000000000000000000000000D
:4073800000000000000000000000000000000000000000000000000000000000000000000000000000000000000000000000000000000000000000000000000000000000CD
:4073C000000000000000000000000000000000000000000000000000000000000000000000000000000000000000000000000000000000000000000000000000000000008D
:40740000000000000000000000000000000000000000000000000000000000000000000000000000000000000000000000000000000000000000000000000000000000004C
:40744000000000000000000000000000000000000000000000000000000000000000000000000000000000000000000000000000000000000000000000000000000000000C
:4074800000000000000000000000000000000000000000000000000000000000000000000000000000000000000000000000000000000000000000000000000000000000CC
:4074C000000000000000000000000000000000000000000000000000000000000000000000000000000000000000000000000000000000000000000000000000000000008C
:40750000000000000000000000000000000000000000000000000000000000000000000000000000000000000000000000000000000000000000000000000000000000004B
:40754000000000000000000000000000000000000000000000000000000000000000000000000000000000000000000000000000000000000000000000000000000000000B
:4075800000000000000000000000000000000000000000000000000000000000000000000000000000000000000000000000000000000000000000000000000000000000CB
:4075C000000000000000000000000000000000000000000000000000000000000000000000000000000000000000000000000000000000000000000000000000000000008B
:40760000000000000000000000000000000000000000000000000000000000000000000000000000000000000000000000000000000000000000000000000000000000004A
:40764000000000000000000000000000000000000000000000000000000000000000000000000000000000000000000000000000000000000000000000000000000000000A
:4076800000000000000000000000000000000000000000000000000000000000000000000000000000000000000000000000000000000000000000000000000000000000CA
:4076C000000000000000000000000000000000000000000000000000000000000000000000000000000000000000000000000000000000000000000000000000000000008A
:407700000000000000000000000000000000000000000000000000000000000000000000000000000000000000000000000000000000000000000000000000000000000049
:407740000000000000000000000000000000000000000000000000000000000000000000000000000000000000000000000000000000000000000000000000000000000009
:4077800000000000000000000000000000000000000000000000000000000000000000000000000000000000000000000000000000000000000000000000000000000000C9
:4077C0000000000000000000000000000000000000000000000000000000000000000000000000000000000000000000000000000000000000000000000000000000000089
:407800000000000000000000000000000000000000000000000000000000000000000000000000000000000000000000000000000000000000000000000000000000000048
:407840000000000000000000000000000000000000000000000000000000000000000000000000000000000000000000000000000000000000000000000000000000000008
:4078800000000000000000000000000000000000000000000000000000000000000000000000000000000000000000000000000000000000000000000000000000000000C8
:4078C0000000000000000000000000000000000000000000000000000000000000000000000000000000000000000000000000000000000000000000000000000000000088
:407900000000000000000000000000000000000000000000000000000000000000000000000000000000000000000000000000000000000000000000000000000000000047
:407940000000000000000000000000000000000000000000000000000000000000000000000000000000000000000000000000000000000000000000000000000000000007
:4079800000000000000000000000000000000000000000000000000000000000000000000000000000000000000000000000000000000000000000000000000000000000C7
:4079C0000000000000000000000000000000000000000000000000000000000000000000000000000000000000000000000000000000000000000000000000000000000087
:407A00000000000000000000000000000000000000000000000000000000000000000000000000000000000000000000000000000000000000000000000000000000000046
:407A40000000000000000000000000000000000000000000000000000000000000000000000000000000000000000000000000000000000000000000000000000000000006
:407A800000000000000000000000000000000000000000000000000000000000000000000000000000000000000000000000000000000000000000000000000000000000C6
:407AC0000000000000000000000000000000000000000000000000000000000000000000000000000000000000000000000000000000000000000000000000000000000086
:407B00000000000000000000000000000000000000000000000000000000000000000000000000000000000000000000000000000000000000000000000000000000000045
:407B40000000000000000000000000000000000000000000000000000000000000000000000000000000000000000000000000000000000000000000000000000000000005
:407B800000000000000000000000000000000000000000000000000000000000000000000000000000000000000000000000000000000000000000000000000000000000C5
:407BC0000000000000000000000000000000000000000000000000000000000000000000000000000000000000000000000000000000000000000000000000000000000085
:407C00000000000000000000000000000000000000000000000000000000000000000000000000000000000000000000000000000000000000000000000000000000000044
:407C40000000000000000000000000000000000000000000000000000000000000000000000000000000000000000000000000000000000000000000000000000000000004
:407C800000000000000000000000000000000000000000000000000000000000000000000000000000000000000000000000000000000000000000000000000000000000C4
:407CC0000000000000000000000000000000000000000000000000000000000000000000000000000000000000000000000000000000000000000000000000000000000084
:407D00000000000000000000000000000000000000000000000000000000000000000000000000000000000000000000000000000000000000000000000000000000000043
:407D40000000000000000000000000000000000000000000000000000000000000000000000000000000000000000000000000000000000000000000000000000000000003
:407D800000000000000000000000000000000000000000000000000000000000000000000000000000000000000000000000000000000000000000000000000000000000C3
:407DC0000000000000000000000000000000000000000000000000000000000000000000000000000000000000000000000000000000000000000000000000000000000083
:407E00000000000000000000000000000000000000000000000000000000000000000000000000000000000000000000000000000000000000000000000000000000000042
:407E40000000000000000000000000000000000000000000000000000000000000000000000000000000000000000000000000000000000000000000000000000000000002
:407E800000000000000000000000000000000000000000000000000000000000000000000000000000000000000000000000000000000000000000000000000000000000C2
:407EC0000000000000000000000000000000000000000000000000000000000000000000000000000000000000000000000000000000000000000000000000000000000082
:407F00000000000000000000000000000000000000000000000000000000000000000000000000000000000000000000000000000000000000000000000000000000000041
:407F40000000000000000000000000000000000000000000000000000000000000000000000000000000000000000000000000000000000000000000000000000000000001
:407F800000000000000000000000000000000000000000000000000000000000000000000000000000000000000000000000000000000000000000000000000000000000C1
:407FC0000000000000000000000000000000000000000000000000000000000000000000000000000000000000000000000000000000000000000000000000000000000081
:408000000000000000000000000000000000000000000000000000000000000000000000000000000000000000000000000000000000000000000000000000000000000040
:408040000000000000000000000000000000000000000000000000000000000000000000000000000000000000000000000000000000000000000000000000000000000000
:4080800000000000000000000000000000000000000000000000000000000000000000000000000000000000000000000000000000000000000000000000000000000000C0
:4080C0000000000000000000000000000000000000000000000000000000000000000000000000000000000000000000000000000000000000000000000000000000000080
:40810000000000000000000000000000000000000000000000000000000000000000000000000000000000000000000000000000000000000000000000000000000000003F
:4081400000000000000000000000000000000000000000000000000000000000000000000000000000000000000000000000000000000000000000000000000000000000FF
:4081800000000000000000000000000000000000000000000000000000000000000000000000000000000000000000000000000000000000000000000000000000000000BF
:4081C000000000000000000000000000000000000000000000000000000000000000000000000000000000000000000000000000000000000000000000000000000000007F
:40820000000000000000000000000000000000000000000000000000000000000000000000000000000000000000000000000000000000000000000000000000000000003E
:4082400000000000000000000000000000000000000000000000000000000000000000000000000000000000000000000000000000000000000000000000000000000000FE
:4082800000000000000000000000000000000000000000000000000000000000000000000000000000000000000000000000000000000000000000000000000000000000BE
:4082C000000000000000000000000000000000000000000000000000000000000000000000000000000000000000000000000000000000000000000000000000000000007E
:40830000000000000000000000000000000000000000000000000000000000000000000000000000000000000000000000000000000000000000000000000000000000003D
:4083400000000000000000000000000000000000000000000000000000000000000000000000000000000000000000000000000000000000000000000000000000000000FD
:4083800000000000000000000000000000000000000000000000000000000000000000000000000000000000000000000000000000000000000000000000000000000000BD
:4083C000000000000000000000000000000000000000000000000000000000000000000000000000000000000000000000000000000000000000000000000000000000007D
:40840000000000000000000000000000000000000000000000000000000000000000000000000000000000000000000000000000000000000000000000000000000000003C
:4084400000000000000000000000000000000000000000000000000000000000000000000000000000000000000000000000000000000000000000000000000000000000FC
:4084800000000000000000000000000000000000000000000000000000000000000000000000000000000000000000000000000000000000000000000000000000000000BC
:4084C000000000000000000000000000000000000000000000000000000000000000000000000000000000000000000000000000000000000000000000000000000000007C
:40850000000000000000000000000000000000000000000000000000000000000000000000000000000000000000000000000000000000000000000000000000000000003B
:4085400000000000000000000000000000000000000000000000000000000000000000000000000000000000000000000000000000000000000000000000000000000000FB
:4085800000000000000000000000000000000000000000000000000000000000000000000000000000000000000000000000000000000000000000000000000000000000BB
:4085C000000000000000000000000000000000000000000000000000000000000000000000000000000000000000000000000000000000000000000000000000000000007B
:40860000000000000000000000000000000000000000000000000000000000000000000000000000000000000000000000000000000000000000000000000000000000003A
:4086400000000000000000000000000000000000000000000000000000000000000000000000000000000000000000000000000000000000000000000000000000000000FA
:4086800000000000000000000000000000000000000000000000000000000000000000000000000000000000000000000000000000000000000000000000000000000000BA
:4086C000000000000000000000000000000000000000000000000000000000000000000000000000000000000000000000000000000000000000000000000000000000007A
:408700000000000000000000000000000000000000000000000000000000000000000000000000000000000000000000000000000000000000000000000000000000000039
:4087400000000000000000000000000000000000000000000000000000000000000000000000000000000000000000000000000000000000000000000000000000000000F9
:4087800000000000000000000000000000000000000000000000000000000000000000000000000000000000000000000000000000000000000000000000000000000000B9
:4087C0000000000000000000000000000000000000000000000000000000000000000000000000000000000000000000000000000000000000000000000000000000000079
:408800000000000000000000000000000000000000000000000000000000000000000000000000000000000000000000000000000000000000000000000000000000000038
:4088400000000000000000000000000000000000000000000000000000000000000000000000000000000000000000000000000000000000000000000000000000000000F8
:4088800000000000000000000000000000000000000000000000000000000000000000000000000000000000000000000000000000000000000000000000000000000000B8
:4088C0000000000000000000000000000000000000000000000000000000000000000000000000000000000000000000000000000000000000000000000000000000000078
:408900000000000000000000000000000000000000000000000000000000000000000000000000000000000000000000000000000000000000000000000000000000000037
:4089400000000000000000000000000000000000000000000000000000000000000000000000000000000000000000000000000000000000000000000000000000000000F7
:4089800000000000000000000000000000000000000000000000000000000000000000000000000000000000000000000000000000000000000000000000000000000000B7
:4089C0000000000000000000000000000000000000000000000000000000000000000000000000000000000000000000000000000000000000000000000000000000000077
:408A00000000000000000000000000000000000000000000000000000000000000000000000000000000000000000000000000000000000000000000000000000000000036
:408A400000000000000000000000000000000000000000000000000000000000000000000000000000000000000000000000000000000000000000000000000000000000F6
:408A800000000000000000000000000000000000000000000000000000000000000000000000000000000000000000000000000000000000000000000000000000000000B6
:408AC0000000000000000000000000000000000000000000000000000000000000000000000000000000000000000000000000000000000000000000000000000000000076
:408B00000000000000000000000000000000000000000000000000000000000000000000000000000000000000000000000000000000000000000000000000000000000035
:408B400000000000000000000000000000000000000000000000000000000000000000000000000000000000000000000000000000000000000000000000000000000000F5
:408B800000000000000000000000000000000000000000000000000000000000000000000000000000000000000000000000000000000000000000000000000000000000B5
:408BC0000000000000000000000000000000000000000000000000000000000000000000000000000000000000000000000000000000000000000000000000000000000075
:408C00000000000000000000000000000000000000000000000000000000000000000000000000000000000000000000000000000000000000000000000000000000000034
:408C400000000000000000000000000000000000000000000000000000000000000000000000000000000000000000000000000000000000000000000000000000000000F4
:408C800000000000000000000000000000000000000000000000000000000000000000000000000000000000000000000000000000000000000000000000000000000000B4
:408CC0000000000000000000000000000000000000000000000000000000000000000000000000000000000000000000000000000000000000000000000000000000000074
:408D00000000000000000000000000000000000000000000000000000000000000000000000000000000000000000000000000000000000000000000000000000000000033
:408D400000000000000000000000000000000000000000000000000000000000000000000000000000000000000000000000000000000000000000000000000000000000F3
:408D800000000000000000000000000000000000000000000000000000000000000000000000000000000000000000000000000000000000000000000000000000000000B3
:408DC0000000000000000000000000000000000000000000000000000000000000000000000000000000000000000000000000000000000000000000000000000000000073
:408E00000000000000000000000000000000000000000000000000000000000000000000000000000000000000000000000000000000000000000000000000000000000032
:408E400000000000000000000000000000000000000000000000000000000000000000000000000000000000000000000000000000000000000000000000000000000000F2
:408E800000000000000000000000000000000000000000000000000000000000000000000000000000000000000000000000000000000000000000000000000000000000B2
:408EC0000000000000000000000000000000000000000000000000000000000000000000000000000000000000000000000000000000000000000000000000000000000072
:408F00000000000000000000000000000000000000000000000000000000000000000000000000000000000000000000000000000000000000000000000000000000000031
:408F400000000000000000000000000000000000000000000000000000000000000000000000000000000000000000000000000000000000000000000000000000000000F1
:408F800000000000000000000000000000000000000000000000000000000000000000000000000000000000000000000000000000000000000000000000000000000000B1
:408FC0000000000000000000000000000000000000000000000000000000000000000000000000000000000000000000000000000000000000000000000000000000000071
:409000000000000000000000000000000000000000000000000000000000000000000000000000000000000000000000000000000000000000000000000000000000000030
:4090400000000000000000000000000000000000000000000000000000000000000000000000000000000000000000000000000000000000000000000000000000000000F0
:4090800000000000000000000000000000000000000000000000000000000000000000000000000000000000000000000000000000000000000000000000000000000000B0
:4090C0000000000000000000000000000000000000000000000000000000000000000000000000000000000000000000000000000000000000000000000000000000000070
:40910000000000000000000000000000000000000000000000000000000000000000000000000000000000000000000000000000000000000000000000000000000000002F
:4091400000000000000000000000000000000000000000000000000000000000000000000000000000000000000000000000000000000000000000000000000000000000EF
:4091800000000000000000000000000000000000000000000000000000000000000000000000000000000000000000000000000000000000000000000000000000000000AF
:4091C000000000000000000000000000000000000000000000000000000000000000000000000000000000000000000000000000000000000000000000000000000000006F
:40920000000000000000000000000000000000000000000000000000000000000000000000000000000000000000000000000000000000000000000000000000000000002E
:4092400000000000000000000000000000000000000000000000000000000000000000000000000000000000000000000000000000000000000000000000000000000000EE
:4092800000000000000000000000000000000000000000000000000000000000000000000000000000000000000000000000000000000000000000000000000000000000AE
:4092C000000000000000000000000000000000000000000000000000000000000000000000000000000000000000000000000000000000000000000000000000000000006E
:40930000000000000000000000000000000000000000000000000000000000000000000000000000000000000000000000000000000000000000000000000000000000002D
:4093400000000000000000000000000000000000000000000000000000000000000000000000000000000000000000000000000000000000000000000000000000000000ED
:4093800000000000000000000000000000000000000000000000000000000000000000000000000000000000000000000000000000000000000000000000000000000000AD
:4093C000000000000000000000000000000000000000000000000000000000000000000000000000000000000000000000000000000000000000000000000000000000006D
:40940000000000000000000000000000000000000000000000000000000000000000000000000000000000000000000000000000000000000000000000000000000000002C
:4094400000000000000000000000000000000000000000000000000000000000000000000000000000000000000000000000000000000000000000000000000000000000EC
:4094800000000000000000000000000000000000000000000000000000000000000000000000000000000000000000000000000000000000000000000000000000000000AC
:4094C000000000000000000000000000000000000000000000000000000000000000000000000000000000000000000000000000000000000000000000000000000000006C
:40950000000000000000000000000000000000000000000000000000000000000000000000000000000000000000000000000000000000000000000000000000000000002B
:4095400000000000000000000000000000000000000000000000000000000000000000000000000000000000000000000000000000000000000000000000000000000000EB
:4095800000000000000000000000000000000000000000000000000000000000000000000000000000000000000000000000000000000000000000000000000000000000AB
:4095C000000000000000000000000000000000000000000000000000000000000000000000000000000000000000000000000000000000000000000000000000000000006B
:40960000000000000000000000000000000000000000000000000000000000000000000000000000000000000000000000000000000000000000000000000000000000002A
:4096400000000000000000000000000000000000000000000000000000000000000000000000000000000000000000000000000000000000000000000000000000000000EA
:4096800000000000000000000000000000000000000000000000000000000000000000000000000000000000000000000000000000000000000000000000000000000000AA
:4096C000000000000000000000000000000000000000000000000000000000000000000000000000000000000000000000000000000000000000000000000000000000006A
:409700000000000000000000000000000000000000000000000000000000000000000000000000000000000000000000000000000000000000000000000000000000000029
:4097400000000000000000000000000000000000000000000000000000000000000000000000000000000000000000000000000000000000000000000000000000000000E9
:4097800000000000000000000000000000000000000000000000000000000000000000000000000000000000000000000000000000000000000000000000000000000000A9
:4097C0000000000000000000000000000000000000000000000000000000000000000000000000000000000000000000000000000000000000000000000000000000000069
:409800000000000000000000000000000000000000000000000000000000000000000000000000000000000000000000000000000000000000000000000000000000000028
:4098400000000000000000000000000000000000000000000000000000000000000000000000000000000000000000000000000000000000000000000000000000000000E8
:4098800000000000000000000000000000000000000000000000000000000000000000000000000000000000000000000000000000000000000000000000000000000000A8
:4098C0000000000000000000000000000000000000000000000000000000000000000000000000000000000000000000000000000000000000000000000000000000000068
:409900000000000000000000000000000000000000000000000000000000000000000000000000000000000000000000000000000000000000000000000000000000000027
:4099400000000000000000000000000000000000000000000000000000000000000000000000000000000000000000000000000000000000000000000000000000000000E7
:4099800000000000000000000000000000000000000000000000000000000000000000000000000000000000000000000000000000000000000000000000000000000000A7
:4099C0000000000000000000000000000000000000000000000000000000000000000000000000000000000000000000000000000000000000000000000000000000000067
:409A00000000000000000000000000000000000000000000000000000000000000000000000000000000000000000000000000000000000000000000000000000000000026
:409A400000000000000000000000000000000000000000000000000000000000000000000000000000000000000000000000000000000000000000000000000000000000E6
:409A800000000000000000000000000000000000000000000000000000000000000000000000000000000000000000000000000000000000000000000000000000000000A6
:409AC0000000000000000000000000000000000000000000000000000000000000000000000000000000000000000000000000000000000000000000000000000000000066
:409B00000000000000000000000000000000000000000000000000000000000000000000000000000000000000000000000000000000000000000000000000000000000025
:409B400000000000000000000000000000000000000000000000000000000000000000000000000000000000000000000000000000000000000000000000000000000000E5
:409B800000000000000000000000000000000000000000000000000000000000000000000000000000000000000000000000000000000000000000000000000000000000A5
:409BC0000000000000000000000000000000000000000000000000000000000000000000000000000000000000000000000000000000000000000000000000000000000065
:409C00000000000000000000000000000000000000000000000000000000000000000000000000000000000000000000000000000000000000000000000000000000000024
:409C400000000000000000000000000000000000000000000000000000000000000000000000000000000000000000000000000000000000000000000000000000000000E4
:409C800000000000000000000000000000000000000000000000000000000000000000000000000000000000000000000000000000000000000000000000000000000000A4
:409CC0000000000000000000000000000000000000000000000000000000000000000000000000000000000000000000000000000000000000000000000000000000000064
:409D00000000000000000000000000000000000000000000000000000000000000000000000000000000000000000000000000000000000000000000000000000000000023
:409D400000000000000000000000000000000000000000000000000000000000000000000000000000000000000000000000000000000000000000000000000000000000E3
:409D800000000000000000000000000000000000000000000000000000000000000000000000000000000000000000000000000000000000000000000000000000000000A3
:409DC0000000000000000000000000000000000000000000000000000000000000000000000000000000000000000000000000000000000000000000000000000000000063
:409E00000000000000000000000000000000000000000000000000000000000000000000000000000000000000000000000000000000000000000000000000000000000022
:409E400000000000000000000000000000000000000000000000000000000000000000000000000000000000000000000000000000000000000000000000000000000000E2
:409E800000000000000000000000000000000000000000000000000000000000000000000000000000000000000000000000000000000000000000000000000000000000A2
:409EC0000000000000000000000000000000000000000000000000000000000000000000000000000000000000000000000000000000000000000000000000000000000062
:409F00000000000000000000000000000000000000000000000000000000000000000000000000000000000000000000000000000000000000000000000000000000000021
:409F400000000000000000000000000000000000000000000000000000000000000000000000000000000000000000000000000000000000000000000000000000000000E1
:409F800000000000000000000000000000000000000000000000000000000000000000000000000000000000000000000000000000000000000000000000000000000000A1
:409FC0000000000000000000000000000000000000000000000000000000000000000000000000000000000000000000000000000000000000000000000000000000000061
:40A000000000000000000000000000000000000000000000000000000000000000000000000000000000000000000000000000000000000000000000000000000000000020
:40A0400000000000000000000000000000000000000000000000000000000000000000000000000000000000000000000000000000000000000000000000000000000000E0
:40A0800000000000000000000000000000000000000000000000000000000000000000000000000000000000000000000000000000000000000000000000000000000000A0
:40A0C0000000000000000000000000000000000000000000000000000000000000000000000000000000000000000000000000000000000000000000000000000000000060
:40A10000000000000000000000000000000000000000000000000000000000000000000000000000000000000000000000000000000000000000000000000000000000001F
:40A1400000000000000000000000000000000000000000000000000000000000000000000000000000000000000000000000000000000000000000000000000000000000DF
:40A18000000000000000000000000000000000000000000000000000000000000000000000000000000000000000000000000000000000000000000000000000000000009F
:40A1C000000000000000000000000000000000000000000000000000000000000000000000000000000000000000000000000000000000000000000000000000000000005F
:40A20000000000000000000000000000000000000000000000000000000000000000000000000000000000000000000000000000000000000000000000000000000000001E
:40A2400000000000000000000000000000000000000000000000000000000000000000000000000000000000000000000000000000000000000000000000000000000000DE
:40A28000000000000000000000000000000000000000000000000000000000000000000000000000000000000000000000000000000000000000000000000000000000009E
:40A2C000000000000000000000000000000000000000000000000000000000000000000000000000000000000000000000000000000000000000000000000000000000005E
:40A30000000000000000000000000000000000000000000000000000000000000000000000000000000000000000000000000000000000000000000000000000000000001D
:40A3400000000000000000000000000000000000000000000000000000000000000000000000000000000000000000000000000000000000000000000000000000000000DD
:40A38000000000000000000000000000000000000000000000000000000000000000000000000000000000000000000000000000000000000000000000000000000000009D
:40A3C000000000000000000000000000000000000000000000000000000000000000000000000000000000000000000000000000000000000000000000000000000000005D
:40A40000000000000000000000000000000000000000000000000000000000000000000000000000000000000000000000000000000000000000000000000000000000001C
:40A4400000000000000000000000000000000000000000000000000000000000000000000000000000000000000000000000000000000000000000000000000000000000DC
:40A48000000000000000000000000000000000000000000000000000000000000000000000000000000000000000000000000000000000000000000000000000000000009C
:40A4C000000000000000000000000000000000000000000000000000000000000000000000000000000000000000000000000000000000000000000000000000000000005C
:40A50000000000000000000000000000000000000000000000000000000000000000000000000000000000000000000000000000000000000000000000000000000000001B
:40A5400000000000000000000000000000000000000000000000000000000000000000000000000000000000000000000000000000000000000000000000000000000000DB
:40A58000000000000000000000000000000000000000000000000000000000000000000000000000000000000000000000000000000000000000000000000000000000009B
:40A5C000000000000000000000000000000000000000000000000000000000000000000000000000000000000000000000000000000000000000000000000000000000005B
:40A60000000000000000000000000000000000000000000000000000000000000000000000000000000000000000000000000000000000000000000000000000000000001A
:40A6400000000000000000000000000000000000000000000000000000000000000000000000000000000000000000000000000000000000000000000000000000000000DA
:40A68000000000000000000000000000000000000000000000000000000000000000000000000000000000000000000000000000000000000000000000000000000000009A
:40A6C000000000000000000000000000000000000000000000000000000000000000000000000000000000000000000000000000000000000000000000000000000000005A
:40A700000000000000000000000000000000000000000000000000000000000000000000000000000000000000000000000000000000000000000000000000000000000019
:40A7400000000000000000000000000000000000000000000000000000000000000000000000000000000000000000000000000000000000000000000000000000000000D9
:40A780000000000000000000000000000000000000000000000000000000000000000000000000000000000000000000000000000000000000000000000000000000000099
:40A7C0000000000000000000000000000000000000000000000000000000000000000000000000000000000000000000000000000000000000000000000000000000000059
:40A800000000000000000000000000000000000000000000000000000000000000000000000000000000000000000000000000000000000000000000000000000000000018
:40A8400000000000000000000000000000000000000000000000000000000000000000000000000000000000000000000000000000000000000000000000000000000000D8
:40A880000000000000000000000000000000000000000000000000000000000000000000000000000000000000000000000000000000000000000000000000000000000098
:40A8C0000000000000000000000000000000000000000000000000000000000000000000000000000000000000000000000000000000000000000000000000000000000058
:40A900000000000000000000000000000000000000000000000000000000000000000000000000000000000000000000000000000000000000000000000000000000000017
:40A9400000000000000000000000000000000000000000000000000000000000000000000000000000000000000000000000000000000000000000000000000000000000D7
:40A980000000000000000000000000000000000000000000000000000000000000000000000000000000000000000000000000000000000000000000000000000000000097
:40A9C0000000000000000000000000000000000000000000000000000000000000000000000000000000000000000000000000000000000000000000000000000000000057
:40AA00000000000000000000000000000000000000000000000000000000000000000000000000000000000000000000000000000000000000000000000000000000000016
:40AA400000000000000000000000000000000000000000000000000000000000000000000000000000000000000000000000000000000000000000000000000000000000D6
:40AA80000000000000000000000000000000000000000000000000000000000000000000000000000000000000000000000000000000000000000000000000000000000096
:40AAC0000000000000000000000000000000000000000000000000000000000000000000000000000000000000000000000000000000000000000000000000000000000056
:40AB00000000000000000000000000000000000000000000000000000000000000000000000000000000000000000000000000000000000000000000000000000000000015
:40AB400000000000000000000000000000000000000000000000000000000000000000000000000000000000000000000000000000000000000000000000000000000000D5
:40AB80000000000000000000000000000000000000000000000000000000000000000000000000000000000000000000000000000000000000000000000000000000000095
:40ABC0000000000000000000000000000000000000000000000000000000000000000000000000000000000000000000000000000000000000000000000000000000000055
:40AC00000000000000000000000000000000000000000000000000000000000000000000000000000000000000000000000000000000000000000000000000000000000014
:40AC400000000000000000000000000000000000000000000000000000000000000000000000000000000000000000000000000000000000000000000000000000000000D4
:40AC80000000000000000000000000000000000000000000000000000000000000000000000000000000000000000000000000000000000000000000000000000000000094
:40ACC0000000000000000000000000000000000000000000000000000000000000000000000000000000000000000000000000000000000000000000000000000000000054
:40AD00000000000000000000000000000000000000000000000000000000000000000000000000000000000000000000000000000000000000000000000000000000000013
:40AD400000000000000000000000000000000000000000000000000000000000000000000000000000000000000000000000000000000000000000000000000000000000D3
:40AD80000000000000000000000000000000000000000000000000000000000000000000000000000000000000000000000000000000000000000000000000000000000093
:40ADC0000000000000000000000000000000000000000000000000000000000000000000000000000000000000000000000000000000000000000000000000000000000053
:40AE00000000000000000000000000000000000000000000000000000000000000000000000000000000000000000000000000000000000000000000000000000000000012
:40AE400000000000000000000000000000000000000000000000000000000000000000000000000000000000000000000000000000000000000000000000000000000000D2
:40AE80000000000000000000000000000000000000000000000000000000000000000000000000000000000000000000000000000000000000000000000000000000000092
:40AEC0000000000000000000000000000000000000000000000000000000000000000000000000000000000000000000000000000000000000000000000000000000000052
:40AF00000000000000000000000000000000000000000000000000000000000000000000000000000000000000000000000000000000000000000000000000000000000011
:40AF400000000000000000000000000000000000000000000000000000000000000000000000000000000000000000000000000000000000000000000000000000000000D1
:40AF80000000000000000000000000000000000000000000000000000000000000000000000000000000000000000000000000000000000000000000000000000000000091
:40AFC0000000000000000000000000000000000000000000000000000000000000000000000000000000000000000000000000000000000000000000000000000000000051
:40B000000000000000000000000000000000000000000000000000000000000000000000000000000000000000000000000000000000000000000000000000000000000010
:40B0400000000000000000000000000000000000000000000000000000000000000000000000000000000000000000000000000000000000000000000000000000000000D0
:40B080000000000000000000000000000000000000000000000000000000000000000000000000000000000000000000000000000000000000000000000000000000000090
:40B0C0000000000000000000000000000000000000000000000000000000000000000000000000000000000000000000000000000000000000000000000000000000000050
:40B10000000000000000000000000000000000000000000000000000000000000000000000000000000000000000000000000000000000000000000000000000000000000F
:40B1400000000000000000000000000000000000000000000000000000000000000000000000000000000000000000000000000000000000000000000000000000000000CF
:40B18000000000000000000000000000000000000000000000000000000000000000000000000000000000000000000000000000000000000000000000000000000000008F
:40B1C000000000000000000000000000000000000000000000000000000000000000000000000000000000000000000000000000000000000000000000000000000000004F
:40B20000000000000000000000000000000000000000000000000000000000000000000000000000000000000000000000000000000000000000000000000000000000000E
:40B2400000000000000000000000000000000000000000000000000000000000000000000000000000000000000000000000000000000000000000000000000000000000CE
:40B28000000000000000000000000000000000000000000000000000000000000000000000000000000000000000000000000000000000000000000000000000000000008E
:40B2C000000000000000000000000000000000000000000000000000000000000000000000000000000000000000000000000000000000000000000000000000000000004E
:40B30000000000000000000000000000000000000000000000000000000000000000000000000000000000000000000000000000000000000000000000000000000000000D
:40B3400000000000000000000000000000000000000000000000000000000000000000000000000000000000000000000000000000000000000000000000000000000000CD
:40B38000000000000000000000000000000000000000000000000000000000000000000000000000000000000000000000000000000000000000000000000000000000008D
:40B3C000000000000000000000000000000000000000000000000000000000000000000000000000000000000000000000000000000000000000000000000000000000004D
:40B40000000000000000000000000000000000000000000000000000000000000000000000000000000000000000000000000000000000000000000000000000000000000C
:40B4400000000000000000000000000000000000000000000000000000000000000000000000000000000000000000000000000000000000000000000000000000000000CC
:40B48000000000000000000000000000000000000000000000000000000000000000000000000000000000000000000000000000000000000000000000000000000000008C
:40B4C000000000000000000000000000000000000000000000000000000000000000000000000000000000000000000000000000000000000000000000000000000000004C
:40B50000000000000000000000000000000000000000000000000000000000000000000000000000000000000000000000000000000000000000000000000000000000000B
:40B5400000000000000000000000000000000000000000000000000000000000000000000000000000000000000000000000000000000000000000000000000000000000CB
:40B58000000000000000000000000000000000000000000000000000000000000000000000000000000000000000000000000000000000000000000000000000000000008B
:40B5C000000000000000000000000000000000000000000000000000000000000000000000000000000000000000000000000000000000000000000000000000000000004B
:40B60000000000000000000000000000000000000000000000000000000000000000000000000000000000000000000000000000000000000000000000000000000000000A
:40B6400000000000000000000000000000000000000000000000000000000000000000000000000000000000000000000000000000000000000000000000000000000000CA
:40B68000000000000000000000000000000000000000000000000000000000000000000000000000000000000000000000000000000000000000000000000000000000008A
:40B6C000000000000000000000000000000000000000000000000000000000000000000000000000000000000000000000000000000000000000000000000000000000004A
:40B700000000000000000000000000000000000000000000000000000000000000000000000000000000000000000000000000000000000000000000000000000000000009
:40B7400000000000000000000000000000000000000000000000000000000000000000000000000000000000000000000000000000000000000000000000000000000000C9
:40B780000000000000000000000000000000000000000000000000000000000000000000000000000000000000000000000000000000000000000000000000000000000089
:40B7C0000000000000000000000000000000000000000000000000000000000000000000000000000000000000000000000000000000000000000000000000000000000049
:40B800000000000000000000000000000000000000000000000000000000000000000000000000000000000000000000000000000000000000000000000000000000000008
:40B8400000000000000000000000000000000000000000000000000000000000000000000000000000000000000000000000000000000000000000000000000000000000C8
:40B880000000000000000000000000000000000000000000000000000000000000000000000000000000000000000000000000000000000000000000000000000000000088
:40B8C0000000000000000000000000000000000000000000000000000000000000000000000000000000000000000000000000000000000000000000000000000000000048
:40B900000000000000000000000000000000000000000000000000000000000000000000000000000000000000000000000000000000000000000000000000000000000007
:40B9400000000000000000000000000000000000000000000000000000000000000000000000000000000000000000000000000000000000000000000000000000000000C7
:40B980000000000000000000000000000000000000000000000000000000000000000000000000000000000000000000000000000000000000000000000000000000000087
:40B9C0000000000000000000000000000000000000000000000000000000000000000000000000000000000000000000000000000000000000000000000000000000000047
:40BA00000000000000000000000000000000000000000000000000000000000000000000000000000000000000000000000000000000000000000000000000000000000006
:40BA400000000000000000000000000000000000000000000000000000000000000000000000000000000000000000000000000000000000000000000000000000000000C6
:40BA80000000000000000000000000000000000000000000000000000000000000000000000000000000000000000000000000000000000000000000000000000000000086
:40BAC0000000000000000000000000000000000000000000000000000000000000000000000000000000000000000000000000000000000000000000000000000000000046
:40BB00000000000000000000000000000000000000000000000000000000000000000000000000000000000000000000000000000000000000000000000000000000000005
:40BB400000000000000000000000000000000000000000000000000000000000000000000000000000000000000000000000000000000000000000000000000000000000C5
:40BB80000000000000000000000000000000000000000000000000000000000000000000000000000000000000000000000000000000000000000000000000000000000085
:40BBC0000000000000000000000000000000000000000000000000000000000000000000000000000000000000000000000000000000000000000000000000000000000045
:40BC00000000000000000000000000000000000000000000000000000000000000000000000000000000000000000000000000000000000000000000000000000000000004
:40BC400000000000000000000000000000000000000000000000000000000000000000000000000000000000000000000000000000000000000000000000000000000000C4
:40BC80000000000000000000000000000000000000000000000000000000000000000000000000000000000000000000000000000000000000000000000000000000000084
:40BCC0000000000000000000000000000000000000000000000000000000000000000000000000000000000000000000000000000000000000000000000000000000000044
:40BD00000000000000000000000000000000000000000000000000000000000000000000000000000000000000000000000000000000000000000000000000000000000003
:40BD400000000000000000000000000000000000000000000000000000000000000000000000000000000000000000000000000000000000000000000000000000000000C3
:40BD80000000000000000000000000000000000000000000000000000000000000000000000000000000000000000000000000000000000000000000000000000000000083
:40BDC0000000000000000000000000000000000000000000000000000000000000000000000000000000000000000000000000000000000000000000000000000000000043
:40BE00000000000000000000000000000000000000000000000000000000000000000000000000000000000000000000000000000000000000000000000000000000000002
:40BE400000000000000000000000000000000000000000000000000000000000000000000000000000000000000000000000000000000000000000000000000000000000C2
:40BE80000000000000000000000000000000000000000000000000000000000000000000000000000000000000000000000000000000000000000000000000000000000082
:40BEC0000000000000000000000000000000000000000000000000000000000000000000000000000000000000000000000000000000000000000000000000000000000042
:40BF00000000000000000000000000000000000000000000000000000000000000000000000000000000000000000000000000000000000000000000000000000000000001
:40BF400000000000000000000000000000000000000000000000000000000000000000000000000000000000000000000000000000000000000000000000000000000000C1
:40BF80000000000000000000000000000000000000000000000000000000000000000000000000000000000000000000000000000000000000000000000000000000000081
:40BFC0000000000000000000000000000000000000000000000000000000000000000000000000000000000000000000000000000000000000000000000000000000000041
:40C000000000000000000000000000000000000000000000000000000000000000000000000000000000000000000000000000000000000000000000000000000000000000
:40C0400000000000000000000000000000000000000000000000000000000000000000000000000000000000000000000000000000000000000000000000000000000000C0
:40C080000000000000000000000000000000000000000000000000000000000000000000000000000000000000000000000000000000000000000000000000000000000080
:40C0C0000000000000000000000000000000000000000000000000000000000000000000000000000000000000000000000000000000000000000000000000000000000040
:40C1000000000000000000000000000000000000000000000000000000000000000000000000000000000000000000000000000000000000000000000000000000000000FF
:40C1400000000000000000000000000000000000000000000000000000000000000000000000000000000000000000000000000000000000000000000000000000000000BF
:40C18000000000000000000000000000000000000000000000000000000000000000000000000000000000000000000000000000000000000000000000000000000000007F
:40C1C000000000000000000000000000000000000000000000000000000000000000000000000000000000000000000000000000000000000000000000000000000000003F
:40C2000000000000000000000000000000000000000000000000000000000000000000000000000000000000000000000000000000000000000000000000000000000000FE
:40C2400000000000000000000000000000000000000000000000000000000000000000000000000000000000000000000000000000000000000000000000000000000000BE
:40C28000000000000000000000000000000000000000000000000000000000000000000000000000000000000000000000000000000000000000000000000000000000007E
:40C2C000000000000000000000000000000000000000000000000000000000000000000000000000000000000000000000000000000000000000000000000000000000003E
:40C3000000000000000000000000000000000000000000000000000000000000000000000000000000000000000000000000000000000000000000000000000000000000FD
:40C3400000000000000000000000000000000000000000000000000000000000000000000000000000000000000000000000000000000000000000000000000000000000BD
:40C38000000000000000000000000000000000000000000000000000000000000000000000000000000000000000000000000000000000000000000000000000000000007D
:40C3C000000000000000000000000000000000000000000000000000000000000000000000000000000000000000000000000000000000000000000000000000000000003D
:40C4000000000000000000000000000000000000000000000000000000000000000000000000000000000000000000000000000000000000000000000000000000000000FC
:40C4400000000000000000000000000000000000000000000000000000000000000000000000000000000000000000000000000000000000000000000000000000000000BC
:40C48000000000000000000000000000000000000000000000000000000000000000000000000000000000000000000000000000000000000000000000000000000000007C
:40C4C000000000000000000000000000000000000000000000000000000000000000000000000000000000000000000000000000000000000000000000000000000000003C
:40C5000000000000000000000000000000000000000000000000000000000000000000000000000000000000000000000000000000000000000000000000000000000000FB
:40C5400000000000000000000000000000000000000000000000000000000000000000000000000000000000000000000000000000000000000000000000000000000000BB
:40C58000000000000000000000000000000000000000000000000000000000000000000000000000000000000000000000000000000000000000000000000000000000007B
:40C5C000000000000000000000000000000000000000000000000000000000000000000000000000000000000000000000000000000000000000000000000000000000003B
:40C6000000000000000000000000000000000000000000000000000000000000000000000000000000000000000000000000000000000000000000000000000000000000FA
:40C6400000000000000000000000000000000000000000000000000000000000000000000000000000000000000000000000000000000000000000000000000000000000BA
:40C68000000000000000000000000000000000000000000000000000000000000000000000000000000000000000000000000000000000000000000000000000000000007A
:40C6C000000000000000000000000000000000000000000000000000000000000000000000000000000000000000000000000000000000000000000000000000000000003A
:40C7000000000000000000000000000000000000000000000000000000000000000000000000000000000000000000000000000000000000000000000000000000000000F9
:40C7400000000000000000000000000000000000000000000000000000000000000000000000000000000000000000000000000000000000000000000000000000000000B9
:40C780000000000000000000000000000000000000000000000000000000000000000000000000000000000000000000000000000000000000000000000000000000000079
:40C7C0000000000000000000000000000000000000000000000000000000000000000000000000000000000000000000000000000000000000000000000000000000000039
:40C8000000000000000000000000000000000000000000000000000000000000000000000000000000000000000000000000000000000000000000000000000000000000F8
:40C8400000000000000000000000000000000000000000000000000000000000000000000000000000000000000000000000000000000000000000000000000000000000B8
:40C880000000000000000000000000000000000000000000000000000000000000000000000000000000000000000000000000000000000000000000000000000000000078
:40C8C0000000000000000000000000000000000000000000000000000000000000000000000000000000000000000000000000000000000000000000000000000000000038
:40C9000000000000000000000000000000000000000000000000000000000000000000000000000000000000000000000000000000000000000000000000000000000000F7
:40C9400000000000000000000000000000000000000000000000000000000000000000000000000000000000000000000000000000000000000000000000000000000000B7
:40C980000000000000000000000000000000000000000000000000000000000000000000000000000000000000000000000000000000000000000000000000000000000077
:40C9C0000000000000000000000000000000000000000000000000000000000000000000000000000000000000000000000000000000000000000000000000000000000037
:40CA000000000000000000000000000000000000000000000000000000000000000000000000000000000000000000000000000000000000000000000000000000000000F6
:40CA400000000000000000000000000000000000000000000000000000000000000000000000000000000000000000000000000000000000000000000000000000000000B6
:40CA80000000000000000000000000000000000000000000000000000000000000000000000000000000000000000000000000000000000000000000000000000000000076
:40CAC0000000000000000000000000000000000000000000000000000000000000000000000000000000000000000000000000000000000000000000000000000000000036
:40CB000000000000000000000000000000000000000000000000000000000000000000000000000000000000000000000000000000000000000000000000000000000000F5
:40CB400000000000000000000000000000000000000000000000000000000000000000000000000000000000000000000000000000000000000000000000000000000000B5
:40CB80000000000000000000000000000000000000000000000000000000000000000000000000000000000000000000000000000000000000000000000000000000000075
:40CBC0000000000000000000000000000000000000000000000000000000000000000000000000000000000000000000000000000000000000000000000000000000000035
:40CC000000000000000000000000000000000000000000000000000000000000000000000000000000000000000000000000000000000000000000000000000000000000F4
:40CC400000000000000000000000000000000000000000000000000000000000000000000000000000000000000000000000000000000000000000000000000000000000B4
:40CC80000000000000000000000000000000000000000000000000000000000000000000000000000000000000000000000000000000000000000000000000000000000074
:40CCC0000000000000000000000000000000000000000000000000000000000000000000000000000000000000000000000000000000000000000000000000000000000034
:40CD000000000000000000000000000000000000000000000000000000000000000000000000000000000000000000000000000000000000000000000000000000000000F3
:40CD400000000000000000000000000000000000000000000000000000000000000000000000000000000000000000000000000000000000000000000000000000000000B3
:40CD80000000000000000000000000000000000000000000000000000000000000000000000000000000000000000000000000000000000000000000000000000000000073
:40CDC0000000000000000000000000000000000000000000000000000000000000000000000000000000000000000000000000000000000000000000000000000000000033
:40CE000000000000000000000000000000000000000000000000000000000000000000000000000000000000000000000000000000000000000000000000000000000000F2
:40CE400000000000000000000000000000000000000000000000000000000000000000000000000000000000000000000000000000000000000000000000000000000000B2
:40CE80000000000000000000000000000000000000000000000000000000000000000000000000000000000000000000000000000000000000000000000000000000000072
:40CEC0000000000000000000000000000000000000000000000000000000000000000000000000000000000000000000000000000000000000000000000000000000000032
:40CF000000000000000000000000000000000000000000000000000000000000000000000000000000000000000000000000000000000000000000000000000000000000F1
:40CF400000000000000000000000000000000000000000000000000000000000000000000000000000000000000000000000000000000000000000000000000000000000B1
:40CF80000000000000000000000000000000000000000000000000000000000000000000000000000000000000000000000000000000000000000000000000000000000071
:40CFC0000000000000000000000000000000000000000000000000000000000000000000000000000000000000000000000000000000000000000000000000000000000031
:40D0000000000000000000000000000000000000000000000000000000000000000000000000000000000000000000000000000000000000000000000000000000000000F0
:40D0400000000000000000000000000000000000000000000000000000000000000000000000000000000000000000000000000000000000000000000000000000000000B0
:40D080000000000000000000000000000000000000000000000000000000000000000000000000000000000000000000000000000000000000000000000000000000000070
:40D0C0000000000000000000000000000000000000000000000000000000000000000000000000000000000000000000000000000000000000000000000000000000000030
:40D1000000000000000000000000000000000000000000000000000000000000000000000000000000000000000000000000000000000000000000000000000000000000EF
:40D1400000000000000000000000000000000000000000000000000000000000000000000000000000000000000000000000000000000000000000000000000000000000AF
:40D18000000000000000000000000000000000000000000000000000000000000000000000000000000000000000000000000000000000000000000000000000000000006F
:40D1C000000000000000000000000000000000000000000000000000000000000000000000000000000000000000000000000000000000000000000000000000000000002F
:40D2000000000000000000000000000000000000000000000000000000000000000000000000000000000000000000000000000000000000000000000000000000000000EE
:40D2400000000000000000000000000000000000000000000000000000000000000000000000000000000000000000000000000000000000000000000000000000000000AE
:40D28000000000000000000000000000000000000000000000000000000000000000000000000000000000000000000000000000000000000000000000000000000000006E
:40D2C000000000000000000000000000000000000000000000000000000000000000000000000000000000000000000000000000000000000000000000000000000000002E
:40D3000000000000000000000000000000000000000000000000000000000000000000000000000000000000000000000000000000000000000000000000000000000000ED
:40D3400000000000000000000000000000000000000000000000000000000000000000000000000000000000000000000000000000000000000000000000000000000000AD
:40D38000000000000000000000000000000000000000000000000000000000000000000000000000000000000000000000000000000000000000000000000000000000006D
:40D3C000000000000000000000000000000000000000000000000000000000000000000000000000000000000000000000000000000000000000000000000000000000002D
:40D4000000000000000000000000000000000000000000000000000000000000000000000000000000000000000000000000000000000000000000000000000000000000EC
:40D4400000000000000000000000000000000000000000000000000000000000000000000000000000000000000000000000000000000000000000000000000000000000AC
:40D48000000000000000000000000000000000000000000000000000000000000000000000000000000000000000000000000000000000000000000000000000000000006C
:40D4C000000000000000000000000000000000000000000000000000000000000000000000000000000000000000000000000000000000000000000000000000000000002C
:40D5000000000000000000000000000000000000000000000000000000000000000000000000000000000000000000000000000000000000000000000000000000000000EB
:40D5400000000000000000000000000000000000000000000000000000000000000000000000000000000000000000000000000000000000000000000000000000000000AB
:40D58000000000000000000000000000000000000000000000000000000000000000000000000000000000000000000000000000000000000000000000000000000000006B
:40D5C000000000000000000000000000000000000000000000000000000000000000000000000000000000000000000000000000000000000000000000000000000000002B
:40D6000000000000000000000000000000000000000000000000000000000000000000000000000000000000000000000000000000000000000000000000000000000000EA
:40D6400000000000000000000000000000000000000000000000000000000000000000000000000000000000000000000000000000000000000000000000000000000000AA
:40D68000000000000000000000000000000000000000000000000000000000000000000000000000000000000000000000000000000000000000000000000000000000006A
:40D6C000000000000000000000000000000000000000000000000000000000000000000000000000000000000000000000000000000000000000000000000000000000002A
:40D7000000000000000000000000000000000000000000000000000000000000000000000000000000000000000000000000000000000000000000000000000000000000E9
:40D7400000000000000000000000000000000000000000000000000000000000000000000000000000000000000000000000000000000000000000000000000000000000A9
:40D780000000000000000000000000000000000000000000000000000000000000000000000000000000000000000000000000000000000000000000000000000000000069
:40D7C0000000000000000000000000000000000000000000000000000000000000000000000000000000000000000000000000000000000000000000000000000000000029
:40D8000000000000000000000000000000000000000000000000000000000000000000000000000000000000000000000000000000000000000000000000000000000000E8
:40D8400000000000000000000000000000000000000000000000000000000000000000000000000000000000000000000000000000000000000000000000000000000000A8
:40D880000000000000000000000000000000000000000000000000000000000000000000000000000000000000000000000000000000000000000000000000000000000068
:40D8C0000000000000000000000000000000000000000000000000000000000000000000000000000000000000000000000000000000000000000000000000000000000028
:40D9000000000000000000000000000000000000000000000000000000000000000000000000000000000000000000000000000000000000000000000000000000000000E7
:40D9400000000000000000000000000000000000000000000000000000000000000000000000000000000000000000000000000000000000000000000000000000000000A7
:40D980000000000000000000000000000000000000000000000000000000000000000000000000000000000000000000000000000000000000000000000000000000000067
:40D9C0000000000000000000000000000000000000000000000000000000000000000000000000000000000000000000000000000000000000000000000000000000000027
:40DA000000000000000000000000000000000000000000000000000000000000000000000000000000000000000000000000000000000000000000000000000000000000E6
:40DA400000000000000000000000000000000000000000000000000000000000000000000000000000000000000000000000000000000000000000000000000000000000A6
:40DA80000000000000000000000000000000000000000000000000000000000000000000000000000000000000000000000000000000000000000000000000000000000066
:40DAC0000000000000000000000000000000000000000000000000000000000000000000000000000000000000000000000000000000000000000000000000000000000026
:40DB000000000000000000000000000000000000000000000000000000000000000000000000000000000000000000000000000000000000000000000000000000000000E5
:40DB400000000000000000000000000000000000000000000000000000000000000000000000000000000000000000000000000000000000000000000000000000000000A5
:40DB80000000000000000000000000000000000000000000000000000000000000000000000000000000000000000000000000000000000000000000000000000000000065
:40DBC0000000000000000000000000000000000000000000000000000000000000000000000000000000000000000000000000000000000000000000000000000000000025
:40DC000000000000000000000000000000000000000000000000000000000000000000000000000000000000000000000000000000000000000000000000000000000000E4
:40DC400000000000000000000000000000000000000000000000000000000000000000000000000000000000000000000000000000000000000000000000000000000000A4
:40DC80000000000000000000000000000000000000000000000000000000000000000000000000000000000000000000000000000000000000000000000000000000000064
:40DCC0000000000000000000000000000000000000000000000000000000000000000000000000000000000000000000000000000000000000000000000000000000000024
:40DD000000000000000000000000000000000000000000000000000000000000000000000000000000000000000000000000000000000000000000000000000000000000E3
:40DD400000000000000000000000000000000000000000000000000000000000000000000000000000000000000000000000000000000000000000000000000000000000A3
:40DD80000000000000000000000000000000000000000000000000000000000000000000000000000000000000000000000000000000000000000000000000000000000063
:40DDC0000000000000000000000000000000000000000000000000000000000000000000000000000000000000000000000000000000000000000000000000000000000023
:40DE000000000000000000000000000000000000000000000000000000000000000000000000000000000000000000000000000000000000000000000000000000000000E2
:40DE400000000000000000000000000000000000000000000000000000000000000000000000000000000000000000000000000000000000000000000000000000000000A2
:40DE80000000000000000000000000000000000000000000000000000000000000000000000000000000000000000000000000000000000000000000000000000000000062
:40DEC0000000000000000000000000000000000000000000000000000000000000000000000000000000000000000000000000000000000000000000000000000000000022
:40DF000000000000000000000000000000000000000000000000000000000000000000000000000000000000000000000000000000000000000000000000000000000000E1
:40DF400000000000000000000000000000000000000000000000000000000000000000000000000000000000000000000000000000000000000000000000000000000000A1
:40DF80000000000000000000000000000000000000000000000000000000000000000000000000000000000000000000000000000000000000000000000000000000000061
:40DFC0000000000000000000000000000000000000000000000000000000000000000000000000000000000000000000000000000000000000000000000000000000000021
:40E0000000000000000000000000000000000000000000000000000000000000000000000000000000000000000000000000000000000000000000000000000000000000E0
:40E0400000000000000000000000000000000000000000000000000000000000000000000000000000000000000000000000000000000000000000000000000000000000A0
:40E080000000000000000000000000000000000000000000000000000000000000000000000000000000000000000000000000000000000000000000000000000000000060
:40E0C0000000000000000000000000000000000000000000000000000000000000000000000000000000000000000000000000000000000000000000000000000000000020
:40E1000000000000000000000000000000000000000000000000000000000000000000000000000000000000000000000000000000000000000000000000000000000000DF
:40E14000000000000000000000000000000000000000000000000000000000000000000000000000000000000000000000000000000000000000000000000000000000009F
:40E18000000000000000000000000000000000000000000000000000000000000000000000000000000000000000000000000000000000000000000000000000000000005F
:40E1C000000000000000000000000000000000000000000000000000000000000000000000000000000000000000000000000000000000000000000000000000000000001F
:40E2000000000000000000000000000000000000000000000000000000000000000000000000000000000000000000000000000000000000000000000000000000000000DE
:40E24000000000000000000000000000000000000000000000000000000000000000000000000000000000000000000000000000000000000000000000000000000000009E
:40E28000000000000000000000000000000000000000000000000000000000000000000000000000000000000000000000000000000000000000000000000000000000005E
:40E2C000000000000000000000000000000000000000000000000000000000000000000000000000000000000000000000000000000000000000000000000000000000001E
:40E3000000000000000000000000000000000000000000000000000000000000000000000000000000000000000000000000000000000000000000000000000000000000DD
:40E34000000000000000000000000000000000000000000000000000000000000000000000000000000000000000000000000000000000000000000000000000000000009D
:40E38000000000000000000000000000000000000000000000000000000000000000000000000000000000000000000000000000000000000000000000000000000000005D
:40E3C000000000000000000000000000000000000000000000000000000000000000000000000000000000000000000000000000000000000000000000000000000000001D
:40E4000000000000000000000000000000000000000000000000000000000000000000000000000000000000000000000000000000000000000000000000000000000000DC
:40E44000000000000000000000000000000000000000000000000000000000000000000000000000000000000000000000000000000000000000000000000000000000009C
:40E48000000000000000000000000000000000000000000000000000000000000000000000000000000000000000000000000000000000000000000000000000000000005C
:40E4C000000000000000000000000000000000000000000000000000000000000000000000000000000000000000000000000000000000000000000000000000000000001C
:40E5000000000000000000000000000000000000000000000000000000000000000000000000000000000000000000000000000000000000000000000000000000000000DB
:40E54000000000000000000000000000000000000000000000000000000000000000000000000000000000000000000000000000000000000000000000000000000000009B
:40E58000000000000000000000000000000000000000000000000000000000000000000000000000000000000000000000000000000000000000000000000000000000005B
:40E5C000000000000000000000000000000000000000000000000000000000000000000000000000000000000000000000000000000000000000000000000000000000001B
:40E6000000000000000000000000000000000000000000000000000000000000000000000000000000000000000000000000000000000000000000000000000000000000DA
:40E64000000000000000000000000000000000000000000000000000000000000000000000000000000000000000000000000000000000000000000000000000000000009A
:40E68000000000000000000000000000000000000000000000000000000000000000000000000000000000000000000000000000000000000000000000000000000000005A
:40E6C000000000000000000000000000000000000000000000000000000000000000000000000000000000000000000000000000000000000000000000000000000000001A
:40E7000000000000000000000000000000000000000000000000000000000000000000000000000000000000000000000000000000000000000000000000000000000000D9
:40E740000000000000000000000000000000000000000000000000000000000000000000000000000000000000000000000000000000000000000000000000000000000099
:40E780000000000000000000000000000000000000000000000000000000000000000000000000000000000000000000000000000000000000000000000000000000000059
:40E7C0000000000000000000000000000000000000000000000000000000000000000000000000000000000000000000000000000000000000000000000000000000000019
:40E8000000000000000000000000000000000000000000000000000000000000000000000000000000000000000000000000000000000000000000000000000000000000D8
:40E840000000000000000000000000000000000000000000000000000000000000000000000000000000000000000000000000000000000000000000000000000000000098
:40E880000000000000000000000000000000000000000000000000000000000000000000000000000000000000000000000000000000000000000000000000000000000058
:40E8C0000000000000000000000000000000000000000000000000000000000000000000000000000000000000000000000000000000000000000000000000000000000018
:40E9000000000000000000000000000000000000000000000000000000000000000000000000000000000000000000000000000000000000000000000000000000000000D7
:40E940000000000000000000000000000000000000000000000000000000000000000000000000000000000000000000000000000000000000000000000000000000000097
:40E980000000000000000000000000000000000000000000000000000000000000000000000000000000000000000000000000000000000000000000000000000000000057
:40E9C0000000000000000000000000000000000000000000000000000000000000000000000000000000000000000000000000000000000000000000000000000000000017
:40EA000000000000000000000000000000000000000000000000000000000000000000000000000000000000000000000000000000000000000000000000000000000000D6
:40EA40000000000000000000000000000000000000000000000000000000000000000000000000000000000000000000000000000000000000000000000000000000000096
:40EA80000000000000000000000000000000000000000000000000000000000000000000000000000000000000000000000000000000000000000000000000000000000056
:40EAC0000000000000000000000000000000000000000000000000000000000000000000000000000000000000000000000000000000000000000000000000000000000016
:40EB000000000000000000000000000000000000000000000000000000000000000000000000000000000000000000000000000000000000000000000000000000000000D5
:40EB40000000000000000000000000000000000000000000000000000000000000000000000000000000000000000000000000000000000000000000000000000000000095
:40EB80000000000000000000000000000000000000000000000000000000000000000000000000000000000000000000000000000000000000000000000000000000000055
:40EBC0000000000000000000000000000000000000000000000000000000000000000000000000000000000000000000000000000000000000000000000000000000000015
:40EC000000000000000000000000000000000000000000000000000000000000000000000000000000000000000000000000000000000000000000000000000000000000D4
:40EC40000000000000000000000000000000000000000000000000000000000000000000000000000000000000000000000000000000000000000000000000000000000094
:40EC80000000000000000000000000000000000000000000000000000000000000000000000000000000000000000000000000000000000000000000000000000000000054
:40ECC0000000000000000000000000000000000000000000000000000000000000000000000000000000000000000000000000000000000000000000000000000000000014
:40ED000000000000000000000000000000000000000000000000000000000000000000000000000000000000000000000000000000000000000000000000000000000000D3
:40ED40000000000000000000000000000000000000000000000000000000000000000000000000000000000000000000000000000000000000000000000000000000000093
:40ED80000000000000000000000000000000000000000000000000000000000000000000000000000000000000000000000000000000000000000000000000000000000053
:40EDC0000000000000000000000000000000000000000000000000000000000000000000000000000000000000000000000000000000000000000000000000000000000013
:40EE000000000000000000000000000000000000000000000000000000000000000000000000000000000000000000000000000000000000000000000000000000000000D2
:40EE40000000000000000000000000000000000000000000000000000000000000000000000000000000000000000000000000000000000000000000000000000000000092
:40EE80000000000000000000000000000000000000000000000000000000000000000000000000000000000000000000000000000000000000000000000000000000000052
:40EEC0000000000000000000000000000000000000000000000000000000000000000000000000000000000000000000000000000000000000000000000000000000000012
:40EF000000000000000000000000000000000000000000000000000000000000000000000000000000000000000000000000000000000000000000000000000000000000D1
:40EF40000000000000000000000000000000000000000000000000000000000000000000000000000000000000000000000000000000000000000000000000000000000091
:40EF80000000000000000000000000000000000000000000000000000000000000000000000000000000000000000000000000000000000000000000000000000000000051
:40EFC0000000000000000000000000000000000000000000000000000000000000000000000000000000000000000000000000000000000000000000000000000000000011
:40F0000000000000000000000000000000000000000000000000000000000000000000000000000000000000000000000000000000000000000000000000000000000000D0
:40F040000000000000000000000000000000000000000000000000000000000000000000000000000000000000000000000000000000000000000000000000000000000090
:40F080000000000000000000000000000000000000000000000000000000000000000000000000000000000000000000000000000000000000000000000000000000000050
:40F0C0000000000000000000000000000000000000000000000000000000000000000000000000000000000000000000000000000000000000000000000000000000000010
:40F1000000000000000000000000000000000000000000000000000000000000000000000000000000000000000000000000000000000000000000000000000000000000CF
:40F14000000000000000000000000000000000000000000000000000000000000000000000000000000000000000000000000000000000000000000000000000000000008F
:40F18000000000000000000000000000000000000000000000000000000000000000000000000000000000000000000000000000000000000000000000000000000000004F
:40F1C000000000000000000000000000000000000000000000000000000000000000000000000000000000000000000000000000000000000000000000000000000000000F
:40F2000000000000000000000000000000000000000000000000000000000000000000000000000000000000000000000000000000000000000000000000000000000000CE
:40F24000000000000000000000000000000000000000000000000000000000000000000000000000000000000000000000000000000000000000000000000000000000008E
:40F28000000000000000000000000000000000000000000000000000000000000000000000000000000000000000000000000000000000000000000000000000000000004E
:40F2C000000000000000000000000000000000000000000000000000000000000000000000000000000000000000000000000000000000000000000000000000000000000E
:40F3000000000000000000000000000000000000000000000000000000000000000000000000000000000000000000000000000000000000000000000000000000000000CD
:40F34000000000000000000000000000000000000000000000000000000000000000000000000000000000000000000000000000000000000000000000000000000000008D
:40F38000000000000000000000000000000000000000000000000000000000000000000000000000000000000000000000000000000000000000000000000000000000004D
:40F3C000000000000000000000000000000000000000000000000000000000000000000000000000000000000000000000000000000000000000000000000000000000000D
:40F4000000000000000000000000000000000000000000000000000000000000000000000000000000000000000000000000000000000000000000000000000000000000CC
:40F44000000000000000000000000000000000000000000000000000000000000000000000000000000000000000000000000000000000000000000000000000000000008C
:40F48000000000000000000000000000000000000000000000000000000000000000000000000000000000000000000000000000000000000000000000000000000000004C
:40F4C000000000000000000000000000000000000000000000000000000000000000000000000000000000000000000000000000000000000000000000000000000000000C
:40F5000000000000000000000000000000000000000000000000000000000000000000000000000000000000000000000000000000000000000000000000000000000000CB
:40F54000000000000000000000000000000000000000000000000000000000000000000000000000000000000000000000000000000000000000000000000000000000008B
:40F58000000000000000000000000000000000000000000000000000000000000000000000000000000000000000000000000000000000000000000000000000000000004B
:40F5C000000000000000000000000000000000000000000000000000000000000000000000000000000000000000000000000000000000000000000000000000000000000B
:40F6000000000000000000000000000000000000000000000000000000000000000000000000000000000000000000000000000000000000000000000000000000000000CA
:40F64000000000000000000000000000000000000000000000000000000000000000000000000000000000000000000000000000000000000000000000000000000000008A
:40F68000000000000000000000000000000000000000000000000000000000000000000000000000000000000000000000000000000000000000000000000000000000004A
:40F6C000000000000000000000000000000000000000000000000000000000000000000000000000000000000000000000000000000000000000000000000000000000000A
:40F7000000000000000000000000000000000000000000000000000000000000000000000000000000000000000000000000000000000000000000000000000000000000C9
:40F740000000000000000000000000000000000000000000000000000000000000000000000000000000000000000000000000000000000000000000000000000000000089
:40F780000000000000000000000000000000000000000000000000000000000000000000000000000000000000000000000000000000000000000000000000000000000049
:40F7C0000000000000000000000000000000000000000000000000000000000000000000000000000000000000000000000000000000000000000000000000000000000009
:40F8000000000000000000000000000000000000000000000000000000000000000000000000000000000000000000000000000000000000000000000000000000000000C8
:40F840000000000000000000000000000000000000000000000000000000000000000000000000000000000000000000000000000000000000000000000000000000000088
:40F880000000000000000000000000000000000000000000000000000000000000000000000000000000000000000000000000000000000000000000000000000000000048
:40F8C0000000000000000000000000000000000000000000000000000000000000000000000000000000000000000000000000000000000000000000000000000000000008
:40F9000000000000000000000000000000000000000000000000000000000000000000000000000000000000000000000000000000000000000000000000000000000000C7
:40F940000000000000000000000000000000000000000000000000000000000000000000000000000000000000000000000000000000000000000000000000000000000087
:40F980000000000000000000000000000000000000000000000000000000000000000000000000000000000000000000000000000000000000000000000000000000000047
:40F9C0000000000000000000000000000000000000000000000000000000000000000000000000000000000000000000000000000000000000000000000000000000000007
:40FA000000000000000000000000000000000000000000000000000000000000000000000000000000000000000000000000000000000000000000000000000000000000C6
:40FA40000000000000000000000000000000000000000000000000000000000000000000000000000000000000000000000000000000000000000000000000000000000086
:40FA80000000000000000000000000000000000000000000000000000000000000000000000000000000000000000000000000000000000000000000000000000000000046
:40FAC0000000000000000000000000000000000000000000000000000000000000000000000000000000000000000000000000000000000000000000000000000000000006
:40FB000000000000000000000000000000000000000000000000000000000000000000000000000000000000000000000000000000000000000000000000000000000000C5
:40FB40000000000000000000000000000000000000000000000000000000000000000000000000000000000000000000000000000000000000000000000000000000000085
:40FB80000000000000000000000000000000000000000000000000000000000000000000000000000000000000000000000000000000000000000000000000000000000045
:40FBC0000000000000000000000000000000000000000000000000000000000000000000000000000000000000000000000000000000000000000000000000000000000005
:40FC000000000000000000000000000000000000000000000000000000000000000000000000000000000000000000000000000000000000000000000000000000000000C4
:40FC40000000000000000000000000000000000000000000000000000000000000000000000000000000000000000000000000000000000000000000000000000000000084
:40FC80000000000000000000000000000000000000000000000000000000000000000000000000000000000000000000000000000000000000000000000000000000000044
:40FCC0000000000000000000000000000000000000000000000000000000000000000000000000000000000000000000000000000000000000000000000000000000000004
:40FD000000000000000000000000000000000000000000000000000000000000000000000000000000000000000000000000000000000000000000000000000000000000C3
:40FD40000000000000000000000000000000000000000000000000000000000000000000000000000000000000000000000000000000000000000000000000000000000083
:40FD80000000000000000000000000000000000000000000000000000000000000000000000000000000000000000000000000000000000000000000000000000000000043
:40FDC0000000000000000000000000000000000000000000000000000000000000000000000000000000000000000000000000000000000000000000000000000000000003
:40FE000000000000000000000000000000000000000000000000000000000000000000000000000000000000000000000000000000000000000000000000000000000000C2
:40FE40000000000000000000000000000000000000000000000000000000000000000000000000000000000000000000000000000000000000000000000000000000000082
:40FE80000000000000000000000000000000000000000000000000000000000000000000000000000000000000000000000000000000000000000000000000000000000042
:40FEC0000000000000000000000000000000000000000000000000000000000000000000000000000000000000000000000000000000000000000000000000000000000002
:40FF000000000000000000000000000000000000000000000000000000000000000000000000000000000000000000000000000000000000000000000000000000000000C1
:40FF40000000000000000000000000000000000000000000000000000000000000000000000000000000000000000000000000000000000000000000000000000000000081
:40FF80000000000000000000000000000000000000000000000000000000000000000000000000000000000000000000000000000000000000000000000000000000000041
:40FFC00000000000000000000000000000000000000000000101010000000000000000000000000000000000000000000000000000000000000000000000000000000000FE
:0200000480007A
:4000000000000000000000000000000000000000000000000000000000000000000000000000000000000000000000000000000000000000000000000000000000000000C0
:400040000000000000000000000000000000000000000000000000000000000000000000000000000000000000000000000000000000000000000000000000000000000080
:400080000000000000000000000000000000000000000000000000000000000000000000000000000000000000000000000000000000000000000000000000000000000040
:4000C0000000000000000000000000000000000000000000000000000000000000000000000000000000000000000000000000000000000000000000000000000000000000
:4001000000000000000000000000000000000000000000000000000000000000000000000000000000000000000000000000000000000000000000000000000000000000BF
:40014000000000000000000000000000000000000000000000000000000000000000000000000000000000000000000000000000000000000000000000000000000000007F
:40018000000000000000000000000000000000000000000000000000000000000000000000000000000000000000000000000000000000000000000000000000000000003F
:4001C00000000000000000000000000000000000000000000000000000000000000000000000000000000000000000000000000000000000000000000000000000000000FF
:4002000000000000000000000000000000000000000000000000000000000000000000000000000000000000000000000000000000000000000000000000000000000000BE
:40024000000000000000000000000000000000000000000000000000000000000000000000000000000000000000000000000000000000000000000000000000000000007E
:40028000000000000000000000000000000000000000000000000000000000000000000000000000000000000000000000000000000000000000000000000000000000003E
:4002C00000000000000000000000000000000000000000000000000000000000000000000000000000000000000000000000000000000000000000000000000000000000FE
:4003000000000000000000000000000000000000000000000000000000000000000000000000000000000000000000000000000000000000000000000000000000000000BD
:40034000000000000000000000000000000000000000000000000000000000000000000000000000000000000000000000000000000000000000000000000000000000007D
:40038000000000000000000000000000000000000000000000000000000000000000000000000000000000000000000000000000000000000000000000000000000000003D
:4003C00000000000000000000000000000000000000000000000000000000000000000000000000000000000000000000000000000000000000000000000000000000000FD
:4004000000000000000000000000000000000000000000000000000000000000000000000000000000000000000000000000000000000000000000000000000000000000BC
:40044000000000000000000000000000000000000000000000000000000000000000000000000000000000000000000000000000000000000000000000000000000000007C
:40048000000000000000000000000000000000000000000000000000000000000000000000000000000000000000000000000000000000000000000000000000000000003C
:4004C00000000000000000000000000000000000000000000000000000000000000000000000000000000000000000000000000000000000000000000000000000000000FC
:4005000000000000000000000000000000000000000000000000000000000000000000000000000000000000000000000000000000000000000000000000000000000000BB
:40054000000000000000000000000000000000000000000000000000000000000000000000000000000000000000000000000000000000000000000000000000000000007B
:40058000000000000000000000000000000000000000000000000000000000000000000000000000000000000000000000000000000000000000000000000000000000003B
:4005C00000000000000000000000000000000000000000000000000000000000000000000000000000000000000000000000000000000000000000000000000000000000FB
:4006000000000000000000000000000000000000000000000000000000000000000000000000000000000000000000000000000000000000000000000000000000000000BA
:40064000000000000000000000000000000000000000000000000000000000000000000000000000000000000000000000000000000000000000000000000000000000007A
:40068000000000000000000000000000000000000000000000000000000000000000000000000000000000000000000000000000000000000000000000000000000000003A
:4006C00000000000000000000000000000000000000000000000000000000000000000000000000000000000000000000000000000000000000000000000000000000000FA
:4007000000000000000000000000000000000000000000000000000000000000000000000000000000000000000000000000000000000000000000000000000000000000B9
:400740000000000000000000000000000000000000000000000000000000000000000000000000000000000000000000000000000000000000000000000000000000000079
:400780000000000000000000000000000000000000000000000000000000000000000000000000000000000000000000000000000000000000000000000000000000000039
:4007C00000000000000000000000000000000000000000000000000000000000000000000000000000000000000000000000000000000000000000000000000000000000F9
:4008000000000000000000000000000000000000000000000000000000000000000000000000000000000000000000000000000000000000000000000000000000000000B8
:400840000000000000000000000000000000000000000000000000000000000000000000000000000000000000000000000000000000000000000000000000000000000078
:400880000000000000000000000000000000000000000000000000000000000000000000000000000000000000000000000000000000000000000000000000000000000038
:4008C00000000000000000000000000000000000000000000000000000000000000000000000000000000000000000000000000000000000000000000000000000000000F8
:4009000000000000000000000000000000000000000000000000000000000000000000000000000000000000000000000000000000000000000000000000000000000000B7
:400940000000000000000000000000000000000000000000000000000000000000000000000000000000000000000000000000000000000000000000000000000000000077
:400980000000000000000000000000000000000000000000000000000000000000000000000000000000000000000000000000000000000000000000000000000000000037
:4009C00000000000000000000000000000000000000000000000000000000000000000000000000000000000000000000000000000000000000000000000000000000000F7
:400A000000000000000000000000000000000000000000000000000000000000000000000000000000000000000000000000000000000000000000000000000000000000B6
:400A40000000000000000000000000000000000000000000000000000000000000000000000000000000000000000000000000000000000000000000000000000000000076
:400A80000000000000000000000000000000000000000000000000000000000000000000000000000000000000000000000000000000000000000000000000000000000036
:400AC00000000000000000000000000000000000000000000000000000000000000000000000000000000000000000000000000000000000000000000000000000000000F6
:400B000000000000000000000000000000000000000000000000000000000000000000000000000000000000000000000000000000000000000000000000000000000000B5
:400B40000000000000000000000000000000000000000000000000000000000000000000000000000000000000000000000000000000000000000000000000000000000075
:400B80000000000000000000000000000000000000000000000000000000000000000000000000000000000000000000000000000000000000000000000000000000000035
:400BC00000000000000000000000000000000000000000000000000000000000000000000000000000000000000000000000000000000000000000000000000000000000F5
:400C000000000000000000000000000000000000000000000000000000000000000000000000000000000000000000000000000000000000000000000000000000000000B4
:400C40000000000000000000000000000000000000000000000000000000000000000000000000000000000000000000000000000000000000000000000000000000000074
:400C80000000000000000000000000000000000000000000000000000000000000000000000000000000000000000000000000000000000000000000000000000000000034
:400CC00000000000000000000000000000000000000000000000000000000000000000000000000000000000000000000000000000000000000000000000000000000000F4
:400D000000000000000000000000000000000000000000000000000000000000000000000000000000000000000000000000000000000000000000000000000000000000B3
:400D40000000000000000000000000000000000000000000000000000000000000000000000000000000000000000000000000000000000000000000000000000000000073
:400D80000000000000000000000000000000000000000000000000000000000000000000000000000000000000000000000000000000000000000000000000000000000033
:400DC00000000000000000000000000000000000000000000000000000000000000000000000000000000000000000000000000000000000000000000000000000000000F3
:400E000000000000000000000000000000000000000000000000000000000000000000000000000000000000000000000000000000000000000000000000000000000000B2
:400E40000000000000000000000000000000000000000000000000000000000000000000000000000000000000000000000000000000000000000000000000000000000072
:400E80000000000000000000000000000000000000000000000000000000000000000000000000000000000000000000000000000000000000000000000000000000000032
:400EC00000000000000000000000000000000000000000000000000000000000000000000000000000000000000000000000000000000000000000000000000000000000F2
:400F000000000000000000000000000000000000000000000000000000000000000000000000000000000000000000000000000000000000000000000000000000000000B1
:400F40000000000000000000000000000000000000000000000000000000000000000000000000000000000000000000000000000000000000000000000000000000000071
:400F80000000000000000000000000000000000000000000000000000000000000000000000000000000000000000000000000000000000000000000000000000000000031
:400FC00000000000000000000000000000000000000000000000000000000000000000000000000000000000000000000000000000000000000000000000000000000000F1
:4010000000000000000000000000000000000000000000000000000000000000000000000000000000000000000000000000000000000000000000000000000000000000B0
:401040000000000000000000000000000000000000000000000000000000000000000000000000000000000000000000000000000000000000000000000000000000000070
:401080000000000000000000000000000000000000000000000000000000000000000000000000000000000000000000000000000000000000000000000000000000000030
:4010C00000000000000000000000000000000000000000000000000000000000000000000000000000000000000000000000000000000000000000000000000000000000F0
:4011000000000000000000000000000000000000000000000000000000000000000000000000000000000000000000000000000000000000000000000000000000000000AF
:40114000000000000000000000000000000000000000000000000000000000000000000000000000000000000000000000000000000000000000000000000000000000006F
:40118000000000000000000000000000000000000000000000000000000000000000000000000000000000000000000000000000000000000000000000000000000000002F
:4011C00000000000000000000000000000000000000000000000000000000000000000000000000000000000000000000000000000000000000000000000000000000000EF
:4012000000000000000000000000000000000000000000000000000000000000000000000000000000000000000000000000000000000000000000000000000000000000AE
:40124000000000000000000000000000000000000000000000000000000000000000000000000000000000000000000000000000000000000000000000000000000000006E
:40128000000000000000000000000000000000000000000000000000000000000000000000000000000000000000000000000000000000000000000000000000000000002E
:4012C00000000000000000000000000000000000000000000000000000000000000000000000000000000000000000000000000000000000000000000000000000000000EE
:4013000000000000000000000000000000000000000000000000000000000000000000000000000000000000000000000000000000000000000000000000000000000000AD
:40134000000000000000000000000000000000000000000000000000000000000000000000000000000000000000000000000000000000000000000000000000000000006D
:40138000000000000000000000000000000000000000000000000000000000000000000000000000000000000000000000000000000000000000000000000000000000002D
:4013C00000000000000000000000000000000000000000000000000000000000000000000000000000000000000000000000000000000000000000000000000000000000ED
:4014000000000000000000000000000000000000000000000000000000000000000000000000000000000000000000000000000000000000000000000000000000000000AC
:40144000000000000000000000000000000000000000000000000000000000000000000000000000000000000000000000000000000000000000000000000000000000006C
:40148000000000000000000000000000000000000000000000000000000000000000000000000000000000000000000000000000000000000000000000000000000000002C
:4014C00000000000000000000000000000000000000000000000000000000000000000000000000000000000000000000000000000000000000000000000000000000000EC
:4015000000000000000000000000000000000000000000000000000000000000000000000000000000000000000000000000000000000000000000000000000000000000AB
:40154000000000000000000000000000000000000000000000000000000000000000000000000000000000000000000000000000000000000000000000000000000000006B
:40158000000000000000000000000000000000000000000000000000000000000000000000000000000000000000000000000000000000000000000000000000000000002B
:4015C00000000000000000000000000000000000000000000000000000000000000000000000000000000000000000000000000000000000000000000000000000000000EB
:4016000000000000000000000000000000000000000000000000000000000000000000000000000000000000000000000000000000000000000000000000000000000000AA
:40164000000000000000000000000000000000000000000000000000000000000000000000000000000000000000000000000000000000000000000000000000000000006A
:40168000000000000000000000000000000000000000000000000000000000000000000000000000000000000000000000000000000000000000000000000000000000002A
:4016C00000000000000000000000000000000000000000000000000000000000000000000000000000000000000000000000000000000000000000000000000000000000EA
:4017000000000000000000000000000000000000000000000000000000000000000000000000000000000000000000000000000000000000000000000000000000000000A9
:401740000000000000000000000000000000000000000000000000000000000000000000000000000000000000000000000000000000000000000000000000000000000069
:401780000000000000000000000000000000000000000000000000000000000000000000000000000000000000000000000000000000000000000000000000000000000029
:4017C00000000000000000000000000000000000000000000000000000000000000000000000000000000000000000000000000000000000000000000000000000000000E9
:4018000000000000000000000000000000000000000000000000000000000000000000000000000000000000000000000000000000000000000000000000000000000000A8
:401840000000000000000000000000000000000000000000000000000000000000000000000000000000000000000000000000000000000000000000000000000000000068
:401880000000000000000000000000000000000000000000000000000000000000000000000000000000000000000000000000000000000000000000000000000000000028
:4018C00000000000000000000000000000000000000000000000000000000000000000000000000000000000000000000000000000000000000000000000000000000000E8
:4019000000000000000000000000000000000000000000000000000000000000000000000000000000000000000000000000000000000000000000000000000000000000A7
:401940000000000000000000000000000000000000000000000000000000000000000000000000000000000000000000000000000000000000000000000000000000000067
:401980000000000000000000000000000000000000000000000000000000000000000000000000000000000000000000000000000000000000000000000000000000000027
:4019C00000000000000000000000000000000000000000000000000000000000000000000000000000000000000000000000000000000000000000000000000000000000E7
:401A000000000000000000000000000000000000000000000000000000000000000000000000000000000000000000000000000000000000000000000000000000000000A6
:401A40000000000000000000000000000000000000000000000000000000000000000000000000000000000000000000000000000000000000000000000000000000000066
:401A80000000000000000000000000000000000000000000000000000000000000000000000000000000000000000000000000000000000000000000000000000000000026
:401AC00000000000000000000000000000000000000000000000000000000000000000000000000000000000000000000000000000000000000000000000000000000000E6
:401B000000000000000000000000000000000000000000000000000000000000000000000000000000000000000000000000000000000000000000000000000000000000A5
:401B40000000000000000000000000000000000000000000000000000000000000000000000000000000000000000000000000000000000000000000000000000000000065
:401B80000000000000000000000000000000000000000000000000000000000000000000000000000000000000000000000000000000000000000000000000000000000025
:401BC00000000000000000000000000000000000000000000000000000000000000000000000000000000000000000000000000000000000000000000000000000000000E5
:401C000000000000000000000000000000000000000000000000000000000000000000000000000000000000000000000000000000000000000000000000000000000000A4
:401C40000000000000000000000000000000000000000000000000000000000000000000000000000000000000000000000000000000000000000000000000000000000064
:401C80000000000000000000000000000000000000000000000000000000000000000000000000000000000000000000000000000000000000000000000000000000000024
:401CC00000000000000000000000000000000000000000000000000000000000000000000000000000000000000000000000000000000000000000000000000000000000E4
:401D000000000000000000000000000000000000000000000000000000000000000000000000000000000000000000000000000000000000000000000000000000000000A3
:401D40000000000000000000000000000000000000000000000000000000000000000000000000000000000000000000000000000000000000000000000000000000000063
:401D80000000000000000000000000000000000000000000000000000000000000000000000000000000000000000000000000000000000000000000000000000000000023
:401DC00000000000000000000000000000000000000000000000000000000000000000000000000000000000000000000000000000000000000000000000000000000000E3
:401E000000000000000000000000000000000000000000000000000000000000000000000000000000000000000000000000000000000000000000000000000000000000A2
:401E40000000000000000000000000000000000000000000000000000000000000000000000000000000000000000000000000000000000000000000000000000000000062
:401E80000000000000000000000000000000000000000000000000000000000000000000000000000000000000000000000000000000000000000000000000000000000022
:401EC00000000000000000000000000000000000000000000000000000000000000000000000000000000000000000000000000000000000000000000000000000000000E2
:401F000000000000000000000000000000000000000000000000000000000000000000000000000000000000000000000000000000000000000000000000000000000000A1
:401F40000000000000000000000000000000000000000000000000000000000000000000000000000000000000000000000000000000000000000000000000000000000061
:401F80000000000000000000000000000000000000000000000000000000000000000000000000000000000000000000000000000000000000000000000000000000000021
:401FC00000000000000000000000000000000000000000000000000000000000000000000000000000000000000000000000000000000000000000000000000000000000E1
:0200000490006A
:040000000800C0052F
:0200000490105A
:04000000BC90ACAF55
:0200000490303A
:020000007E037D
:0200000490501A
:0C00000000011E09306903011E27AE6CD0
:0200000490402A
:4000000000000000000000000000000000000000000000000000000000000000000000000000000000000000000000000000000000000000000000000000000000000000C0
:00000001FF
